distribution,n,repetition,method,lower,upper,empty,width,scaled_width,normalized_width
"Beta(1,5)",50,0,Chronological GE,0.10921993432566524,0.27230310114100575,False,0.16308316681534052,1.1531721315250423,1.5891406292372767
"Beta(1,5)",50,0,Permutation-integrated GE (randomized),0.12296131053487883,0.2719452128929696,False,0.14898390235809075,1.0534752764504045,1.4517523602398594
"Beta(1,5)",50,1,Chronological GE,0.1306910696439445,0.27298662764951587,False,0.14229555800557137,1.0061815399846323,1.3865787438545878
"Beta(1,5)",50,1,Permutation-integrated GE (randomized),0.1320796858188637,0.2737355291639266,False,0.14165584334506293,1.0016580742399326,1.3803451357024736
"Beta(1,5)",50,2,Chronological GE,0.13610043609514832,0.25485893385484815,False,0.11875849775969982,0.8397493908941116,1.1572252216000667
"Beta(1,5)",50,2,Permutation-integrated GE (randomized),0.12198672471839428,0.2698550357317686,False,0.14786831101337433,1.0455868544015845,1.4408816396981026
"Beta(1,5)",50,3,Chronological GE,0.12828931445255876,0.24212597543373704,False,0.11383666098117828,0.8049467492742522,1.1092650859958864
"Beta(1,5)",50,3,Permutation-integrated GE (randomized),0.1264905220228792,0.24124942727771398,False,0.11475890525483479,0.811468001072382,1.1182517636154623
"Beta(1,5)",50,4,Chronological GE,0.1309222993440926,0.2731179413385689,False,0.14219564199447632,1.0054750270946882,1.385605126553409
"Beta(1,5)",50,4,Permutation-integrated GE (randomized),0.13440613397881218,0.27346512119287836,False,0.13905898721406618,0.983295528439996,1.3550404419892126
"Beta(1,5)",50,5,Chronological GE,0.10774613777175546,0.24413846945390105,False,0.1363923316821456,0.9644394263428995,1.3290555979816538
"Beta(1,5)",50,5,Permutation-integrated GE (randomized),0.10872820422047028,0.2444833452129322,False,0.13575514099246191,0.9599338077670568,1.322846584302795
"Beta(1,5)",50,6,Chronological GE,0.13449916103854775,0.2968979771248996,False,0.16239881608635187,1.148333041113264,1.5824720712903033
"Beta(1,5)",50,6,Permutation-integrated GE (randomized),0.14131376560847508,0.29531516190979223,False,0.15400139630131715,1.0889543163685826,1.5006446134247724
"Beta(1,5)",50,7,Chronological GE,0.13656372530385852,0.22311311261728406,False,0.08654938731342554,0.6119965867686414,0.8433681446172415
"Beta(1,5)",50,7,Permutation-integrated GE (randomized),0.1411975925645573,0.22238717928603624,False,0.08118958672147894,0.5740970733249103,0.7911403331784514
"Beta(1,5)",50,8,Chronological GE,0.13913664547726512,0.28485512593761086,False,0.14571848046034575,1.030385256777099,1.4199329228899369
"Beta(1,5)",50,8,Permutation-integrated GE (randomized),0.12834644664684247,0.2849913038497951,False,0.15664485720295263,1.107646407662062,1.5264034406699272
"Beta(1,5)",50,9,Chronological GE,0.0958988475613296,0.24496482172980905,False,0.14906597416847944,1.0540556117871054,1.4525520972755732
"Beta(1,5)",50,9,Permutation-integrated GE (randomized),0.08505542994421914,0.24183435326075964,False,0.1567789233165405,1.1085943982425153,1.527709828767895
"Beta(1,5)",50,10,Chronological GE,0.11971450923010707,0.25557791581377387,False,0.1358634065836668,0.9606993611041582,1.3239015628949564
"Beta(1,5)",50,10,Permutation-integrated GE (randomized),0.10265427854300324,0.26686647217505965,False,0.1642121936320564,1.161155556707455,1.600142269817222
"Beta(1,5)",50,11,Chronological GE,0.11959364311769605,0.2312527080066502,False,0.11165906488895416,0.7895488196392823,1.0880458118562077
"Beta(1,5)",50,11,Permutation-integrated GE (randomized),0.12285730109282213,0.23025136204498342,False,0.1073940609521613,0.7593906875843467,1.0464860900764064
"Beta(1,5)",50,12,Chronological GE,0.1298632468096912,0.29459588089957833,False,0.16473263408988714,1.1648356264768143,1.60521362753481
"Beta(1,5)",50,12,Permutation-integrated GE (randomized),0.1327063030511852,0.293627319499672,False,0.16092101644848683,1.13788341966157,1.5680718637626765
"Beta(1,5)",50,13,Chronological GE,0.12944361893460155,0.2334183626808226,False,0.10397474374622107,0.7352124637508649,1.0131670418734586
"Beta(1,5)",50,13,Permutation-integrated GE (randomized),0.12270008163254245,0.2319213206059504,False,0.10922123897340794,0.7723107872769318,1.0642907653664084
"Beta(1,5)",50,14,Chronological GE,0.09187535149976611,0.2305703074671328,False,0.1386949559673667,0.9807214388089461,1.3514931914928014
"Beta(1,5)",50,14,Permutation-integrated GE (randomized),0.09112688040672312,0.22949265078931436,False,0.13836577038259124,0.9783937452163102,1.3482854895727236
"Beta(1,5)",50,15,Chronological GE,0.09813181171193719,0.22132951160892844,False,0.12319769989699125,0.8711392902374775,1.2004823928675012
"Beta(1,5)",50,15,Permutation-integrated GE (randomized),0.1088557732097766,0.22001106767757223,False,0.11115529446779562,0.7859866248296582,1.0831368929303353
"Beta(1,5)",50,16,Chronological GE,0.10868362290784717,0.17467386974021792,False,0.06599024683237076,0.4666215102734345,0.6430325362363052
"Beta(1,5)",50,16,Permutation-integrated GE (randomized),0.10390797636011351,0.17503364735637233,False,0.07112567099625883,0.5029344427789796,0.6930739436149221
"Beta(1,5)",50,17,Chronological GE,0.08611717959865928,0.23469679383561015,False,0.14857961423695087,1.0506165277302926,1.44781283237952
"Beta(1,5)",50,17,Permutation-integrated GE (randomized),0.09169300825517912,0.23537113603192905,False,0.14367812777674993,1.0159577845912713,1.4000509975459998
"Beta(1,5)",50,18,Chronological GE,0.10329242283478379,0.2128847143612802,False,0.10959229152649641,0.7749345250415862,1.0679064339802193
"Beta(1,5)",50,18,Permutation-integrated GE (randomized),0.11361674265404004,0.21232112698137812,False,0.09870438432733808,0.6979453949070394,0.9618107771725546
"Beta(1,5)",50,19,Chronological GE,0.15226619457826018,0.28500628052279353,False,0.13274008594453335,0.9386141490666465,1.2934668109661913
"Beta(1,5)",50,19,Permutation-integrated GE (randomized),0.150593127331462,0.28662868506250927,False,0.13603555773104728,0.9619166535411761,1.3255790651658186
"Beta(1,5)",50,20,Chronological GE,0.10304822726175189,0.27084168745204806,False,0.16779346019029617,1.1864789353931344,1.635039410355777
"Beta(1,5)",50,20,Permutation-integrated GE (randomized),0.08365677251505307,0.2687291990505816,False,0.18507242653552855,1.308659678139214,1.8034118303096027
"Beta(1,5)",50,21,Chronological GE,0.09382887789979577,0.18613424943760037,False,0.0923053715378046,0.6526975415432538,0.8994565108835579
"Beta(1,5)",50,21,Permutation-integrated GE (randomized),0.07199140106840403,0.18419675080039674,False,0.11220534973199271,0.7934116368090022,1.0933690064946344
"Beta(1,5)",50,22,Chronological GE,0.06908719008788466,0.20078470977023244,False,0.13169751968234777,0.9312420923283693,1.2833076729124944
"Beta(1,5)",50,22,Permutation-integrated GE (randomized),0.07280291379752815,0.2032764852333671,False,0.13047357143583896,0.9225874712790916,1.271381084015596
"Beta(1,5)",50,23,Chronological GE,0.11958199879154563,0.23981571523472667,False,0.12023371644318104,0.8501807622423382,1.1716002793862845
"Beta(1,5)",50,23,Permutation-integrated GE (randomized),0.13221076702135076,0.24039006079243722,False,0.10817929377108645,0.7649431220950688,1.0541376791418642
"Beta(1,5)",50,24,Chronological GE,0.07875474216416478,0.19779930030927062,False,0.11904455814510584,0.841772143277606,1.160012696173569
"Beta(1,5)",50,24,Permutation-integrated GE (randomized),0.08578845447664962,0.19825404364347088,False,0.11246558916682126,0.7952518074999964,1.0959048725027065
"Beta(1,5)",50,25,Chronological GE,0.11810591304674745,0.26732637779787183,False,0.14922046475112438,1.0551480251732823,1.454057508695463
"Beta(1,5)",50,25,Permutation-integrated GE (randomized),0.12525206199046213,0.2682468975759556,False,0.14299483558549347,1.0111261791715789,1.3933927543687892
"Beta(1,5)",50,26,Chronological GE,0.11514891078695655,0.24360615899786353,False,0.12845724821090698,0.9083299130249584,1.2517333102999784
"Beta(1,5)",50,26,Permutation-integrated GE (randomized),0.09378098842708499,0.2580155902702065,False,0.1642346018431215,1.1613140066874388,1.6003606234298446
"Beta(1,5)",50,27,Chronological GE,0.1379760461859405,0.2654354400001466,False,0.12745939381420612,0.9012740169195184,1.2420098606342262
"Beta(1,5)",50,27,Permutation-integrated GE (randomized),0.13505116610135565,0.27562670664247535,False,0.1405755405411197,0.9940191798559017,1.3698182793067488
"Beta(1,5)",50,28,Chronological GE,0.11223627766594291,0.27378744864836335,False,0.16155117098242044,1.142339285102969,1.5742123146266573
"Beta(1,5)",50,28,Permutation-integrated GE (randomized),0.09570190594783728,0.2767349789989756,False,0.1810330730511383,1.2800971357349953,1.7640509271382527
"Beta(1,5)",50,29,Chronological GE,0.1082710581831634,0.24608496902510524,False,0.13781391084194183,0.9744915089817534,1.3429079730895468
"Beta(1,5)",50,29,Permutation-integrated GE (randomized),0.09629035677269646,0.24530293647376689,False,0.14901257970107043,1.0536780558872778,1.4520318025131331
"Beta(1,5)",50,30,Chronological GE,0.10285831661894917,0.2512658485211432,False,0.14840753190219402,1.0493997218720028,1.4461360006434418
"Beta(1,5)",50,30,Permutation-integrated GE (randomized),0.10126839842797852,0.2545514210828961,False,0.15328302265491756,1.083874647600634,1.4936445240178775
"Beta(1,5)",50,31,Chronological GE,0.1189684928394854,0.2269711564294994,False,0.10800266359001398,0.7636941581070832,1.052416531566838
"Beta(1,5)",50,31,Permutation-integrated GE (randomized),0.10865858854844102,0.22747866607508072,False,0.1188200775266397,0.8401848256019824,1.1578252768448483
"Beta(1,5)",50,32,Chronological GE,0.07887817965820432,0.2271761200390756,False,0.1482979403808713,1.0486247927931243,1.445068101714602
"Beta(1,5)",50,32,Permutation-integrated GE (randomized),0.08942379503482178,0.22722119024675777,False,0.13779739521193599,0.9743747258420263,1.3427470388915406
"Beta(1,5)",50,33,Chronological GE,0.12378510786220431,0.2712902300991118,False,0.14750512223690748,1.043018721934679,1.4373425985325603
"Beta(1,5)",50,33,Permutation-integrated GE (randomized),0.12558089453614482,0.2724265620151207,False,0.1468456674789759,1.0383556726224874,1.4309166358201761
"Beta(1,5)",50,34,Chronological GE,0.1357601103372872,0.18339671613648534,False,0.04763660579919815,0.3368416699332343,0.4641881022593986
"Beta(1,5)",50,34,Permutation-integrated GE (randomized),0.13653856550435095,0.18180945868998488,False,0.04527089318563393,0.3201135556193362,0.4411357535423122
"Beta(1,5)",50,35,Chronological GE,0.1435431339778006,0.28267352981492877,False,0.13913039583712816,0.9838004636560193,1.3557362731188238
"Beta(1,5)",50,35,Permutation-integrated GE (randomized),0.14311442467771973,0.28458670145957554,False,0.1414722767818558,1.000360062623504,1.3785563975423165
"Beta(1,5)",50,36,Chronological GE,0.10708902170881629,0.22620250703766942,False,0.11911348532885313,0.8422595320679639,1.1606843472721506
"Beta(1,5)",50,36,Permutation-integrated GE (randomized),0.10134599680370113,0.22905161193396953,False,0.1277056151302684,0.9030150645421215,1.2444091290858985
"Beta(1,5)",50,37,Chronological GE,0.10608908208087087,0.2590511296875775,False,0.15296204760670662,1.0816050112688176,1.4905168284988117
"Beta(1,5)",50,37,Permutation-integrated GE (randomized),0.1303162937905526,0.2576583609728714,False,0.12734206718231883,0.9004443923493056,1.2408665880251362
"Beta(1,5)",50,38,Chronological GE,0.10266460897400975,0.23083649342879653,False,0.12817188445478678,0.9063120865543837,1.2489526239310664
"Beta(1,5)",50,38,Permutation-integrated GE (randomized),0.09679941965514163,0.23094912472560888,False,0.13414970507046725,0.9485816614950278,1.307202643232117
"Beta(1,5)",50,39,Chronological GE,0.1247051483951509,0.24496813071891665,False,0.12026298232376575,0.8503877032685266,1.171885456580202
"Beta(1,5)",50,39,Permutation-integrated GE (randomized),0.11657650712601182,0.24493815819736156,False,0.12836165107134972,0.9076539391685285,1.250801777625724
"Beta(1,5)",50,40,Chronological GE,0.10612197825685143,0.24779671477153897,False,0.14167473651468754,1.0017916691235293,1.3805292374957603
"Beta(1,5)",50,40,Permutation-integrated GE (randomized),0.10532490043810208,0.2514090237664306,False,0.1460841233283285,1.0329707422915302,1.4234958775997888
"Beta(1,5)",50,41,Chronological GE,0.08433691831305623,0.25781778851523995,False,0.17348087020218372,1.226694997261074,1.690459565001506
"Beta(1,5)",50,41,Permutation-integrated GE (randomized),0.09536398022289182,0.25677413292377005,False,0.16141015270087822,1.1413421352714712,1.572838182120893
"Beta(1,5)",50,42,Chronological GE,0.14959013974294066,0.26932942448183894,False,0.11973928473889828,0.8466846021330185,1.1667823602533525
"Beta(1,5)",50,42,Permutation-integrated GE (randomized),0.14549729998243216,0.2681385171580909,False,0.12264121717565873,0.8672043631788038,1.1950598264603909
"Beta(1,5)",50,43,Chronological GE,0.11364201596006751,0.2656596484594047,False,0.1520176324993372,1.0749269880020582,1.4813141103563219
"Beta(1,5)",50,43,Permutation-integrated GE (randomized),0.10344440681488618,0.2646025745555415,False,0.1611581677406553,1.1395603325301649,1.5703827506617996
"Beta(1,5)",50,44,Chronological GE,0.12924268981441855,0.25988201377913356,False,0.130639323964715,0.9237595186507623,1.272996235862224
"Beta(1,5)",50,44,Permutation-integrated GE (randomized),0.13109409116742216,0.27672956719588787,False,0.14563547602846572,1.02979832681059,1.4191240980572877
"Beta(1,5)",50,45,Chronological GE,0.1312952903099358,0.271663271356374,False,0.14036798104643822,0.9925515125940124,1.3677957454522538
"Beta(1,5)",50,45,Permutation-integrated GE (randomized),0.12473932243040167,0.27220765080671844,False,0.14746832837631677,1.0427585500513816,1.4369840660125401
"Beta(1,5)",50,46,Chronological GE,0.08289900748059154,0.23167359409853816,False,0.14877458661794662,1.0519951906577545,1.4497127129022618
"Beta(1,5)",50,46,Permutation-integrated GE (randomized),0.08152382124299948,0.2310376686315017,False,0.14951384738850224,1.0572225536970052,1.4569163339076192
"Beta(1,5)",50,47,Chronological GE,0.10232940362766385,0.26102435728535056,False,0.1586949536576867,1.1221427787143519,1.54638031280022
"Beta(1,5)",50,47,Permutation-integrated GE (randomized),0.09478331960663802,0.2592400527777423,False,0.1644567331711043,1.1628847123707449,1.602525150432951
"Beta(1,5)",50,48,Chronological GE,0.12429561791941524,0.2605373137630522,False,0.136241695843637,0.9633742701139079,1.327587748565507
"Beta(1,5)",50,48,Permutation-integrated GE (randomized),0.11254466661034068,0.27350529335344165,False,0.16096062674310097,1.1381635067408344,1.568457840621825
"Beta(1,5)",50,49,Chronological GE,0.11366698378697038,0.27680173283442855,False,0.16313474904745817,1.1535368729862334,1.5896432649317238
"Beta(1,5)",50,49,Permutation-integrated GE (randomized),0.12840367812691217,0.27579691969872255,False,0.14739324157181038,1.0422276061649407,1.4362523933691225
"Beta(1,5)",50,50,Chronological GE,0.13727198401466012,0.23119391268119216,False,0.09392192866653204,0.66412832662224,0.9152088209650314
"Beta(1,5)",50,50,Permutation-integrated GE (randomized),0.13710277438052004,0.2298365579334649,False,0.09273378355294487,0.6557268719537285,0.9036311105838671
"Beta(1,5)",50,51,Chronological GE,0.12810823461040854,0.2419167780317366,False,0.11380854342132807,0.8047479281018473,1.1089910984493754
"Beta(1,5)",50,51,Permutation-integrated GE (randomized),0.12534792069556275,0.24685046918462322,False,0.12150254848906047,0.8591527596806197,1.1839642320563255
"Beta(1,5)",50,52,Chronological GE,0.11314281867817044,0.2499677841551602,False,0.13682496547698975,0.9674986092439471,1.3332713362113782
"Beta(1,5)",50,52,Permutation-integrated GE (randomized),0.11764725420285575,0.24988610042776704,False,0.13223884622491128,0.9350698490191984,1.2885825521000334
"Beta(1,5)",50,53,Chronological GE,0.1320063821040094,0.2826694301329553,False,0.15066304802894592,1.0653486293550216,1.46811455543187
"Beta(1,5)",50,53,Permutation-integrated GE (randomized),0.13125461938136726,0.2808885116121863,False,0.14963389223081905,1.0580713989174921,1.4580860937300542
"Beta(1,5)",50,54,Chronological GE,0.12962464010342956,0.2241035089828074,False,0.09447886887937784,0.6680664886344274,0.9206358453328588
"Beta(1,5)",50,54,Permutation-integrated GE (randomized),0.12562423169495446,0.22195678441869557,False,0.09633255272374111,0.6811740127996796,0.9386988028309428
"Beta(1,5)",50,55,Chronological GE,0.10021383641287684,0.2749359509907663,False,0.17472211457788944,1.2354719204127855,1.7025546935593152
"Beta(1,5)",50,55,Permutation-integrated GE (randomized),0.11101866720654316,0.27301000328156433,False,0.16199133607502117,1.1454517223211649,1.5785014405118314
"Beta(1,5)",50,56,Chronological GE,0.10969660291448236,0.2577628497965634,False,0.14806624688208103,1.04698647235161,1.4428103975036297
"Beta(1,5)",50,56,Permutation-integrated GE (randomized),0.09921037604533951,0.2582754643233792,False,0.15906508827803972,1.124760025714387,1.5499870367495794
"Beta(1,5)",50,57,Chronological GE,0.08230242831632495,0.225044431630522,False,0.14274200331419706,1.0093383850362139,1.3909290664079437
"Beta(1,5)",50,57,Permutation-integrated GE (randomized),0.08331021549109976,0.22567450095995295,False,0.14236428546885319,1.0066675165380357,1.387248448805616
"Beta(1,5)",50,58,Chronological GE,0.1423402144573629,0.28368379594758153,False,0.14134358149021864,0.9994500494892699,1.3773023446518442
"Beta(1,5)",50,58,Permutation-integrated GE (randomized),0.15894436025736153,0.28386624238554886,False,0.12492188212818733,0.8833310997142785,1.2172834403901136
"Beta(1,5)",50,59,Chronological GE,0.10071251774206758,0.23733124462887645,False,0.13661872688680887,0.9660402821873546,1.3312616737221517
"Beta(1,5)",50,59,Permutation-integrated GE (randomized),0.08990267555197565,0.23682021980506723,False,0.1469175442530916,1.0388639181663575,1.4316170287808738
"Beta(1,5)",50,60,Chronological GE,0.10453317174687982,0.2605830975808203,False,0.1560499258339405,1.1034396076083715,1.5206062169063281
"Beta(1,5)",50,60,Permutation-integrated GE (randomized),0.10572337144065642,0.25814189003943566,False,0.15241851859877925,1.0777616807960473,1.4852204877020672
"Beta(1,5)",50,61,Chronological GE,0.11700269160792232,0.24318680679425597,False,0.12618411518633366,0.8922564352628094,1.229583090166586
"Beta(1,5)",50,61,Permutation-integrated GE (randomized),0.11829032585545618,0.24466892658226613,False,0.12637860072680995,0.8936316557079447,1.2314782267414113
"Beta(1,5)",50,62,Chronological GE,0.13442533230409026,0.20070798741653562,False,0.06628265511244535,0.46868914905059295,0.6458818669628669
"Beta(1,5)",50,62,Permutation-integrated GE (randomized),0.13255680399217257,0.19952302849981773,False,0.06696622450764517,0.4735227145981667,0.6525428113143167
"Beta(1,5)",50,63,Chronological GE,0.14806877775117755,0.2865942674688995,False,0.13852548971772194,0.9795231314658855,1.3498418518244966
"Beta(1,5)",50,63,Permutation-integrated GE (randomized),0.157867011722975,0.28687398676970277,False,0.12900697504672778,0.9122170687590494,1.257090044945523
"Beta(1,5)",50,64,Chronological GE,0.07472370890900493,0.2411438305862248,False,0.16642012167721987,1.1767679656385253,1.6216571093406327
"Beta(1,5)",50,64,Permutation-integrated GE (randomized),0.055829174910680096,0.23965414546151426,False,0.18382497055083416,1.2998388322791223,1.7912561736150787
"Beta(1,5)",50,65,Chronological GE,0.1024262704886496,0.2179388883523643,False,0.1155126178637147,0.8167975540404299,1.1255962084955136
"Beta(1,5)",50,65,Permutation-integrated GE (randomized),0.0984220610415529,0.2159804053387417,False,0.11755834429718878,0.8312630243760509,1.1455304975777179
"Beta(1,5)",50,66,Chronological GE,0.11019648471847177,0.25786693720147014,False,0.14767045248299837,1.04418778331614,1.4389536355048944
"Beta(1,5)",50,66,Permutation-integrated GE (randomized),0.11558362594556029,0.2580578264984513,False,0.14247420055289103,1.007444733550814,1.3883195006451252
"Beta(1,5)",50,67,Chronological GE,0.13453581044450402,0.25604972848668694,False,0.12151391804218292,0.8592331545617391,1.184075021043049
"Beta(1,5)",50,67,Permutation-integrated GE (randomized),0.12505102889917444,0.2536513676828136,False,0.12860033878363916,0.9093417161679862,1.2531276359513006
"Beta(1,5)",50,68,Chronological GE,0.11902761133387685,0.27846620650961995,False,0.1594385951757431,1.1274011183162471,1.5536266213739869
"Beta(1,5)",50,68,Permutation-integrated GE (randomized),0.1251778382568878,0.27623649107593806,False,0.15105865281905026,1.0681459776525484,1.4719694698129941
"Beta(1,5)",50,69,Chronological GE,0.08008743682876229,0.2159272967837751,False,0.1358398599550128,0.960532861296205,1.3236721161347154
"Beta(1,5)",50,69,Permutation-integrated GE (randomized),0.0921066806254334,0.21873074125410497,False,0.12662406062867157,0.895367319319102,1.233870075701142
"Beta(1,5)",50,70,Chronological GE,0.1269929646514356,0.24158683558925986,False,0.11459387093782425,0.8103010322255156,1.1166436102817903
"Beta(1,5)",50,70,Permutation-integrated GE (randomized),0.11702969979265838,0.24121281868651837,False,0.12418311889385998,0.8781072547874367,1.2100846675554797
"Beta(1,5)",50,71,Chronological GE,0.09379334980621934,0.24234631890431046,False,0.14855296909809113,1.050428118146559,1.4475531926290754
"Beta(1,5)",50,71,Permutation-integrated GE (randomized),0.05939207332327977,0.24197496470183727,False,0.1825828913785575,1.2910560062242482,1.7791529105013002
"Beta(1,5)",50,72,Chronological GE,0.06592189939692616,0.21189757203683257,False,0.1459756726399064,1.032203880119454,1.4224390953542276
"Beta(1,5)",50,72,Permutation-integrated GE (randomized),0.06231900384530387,0.2109912688413687,False,0.14867226499606484,1.0512716675308083,1.448715654470315
"Beta(1,5)",50,73,Chronological GE,0.15009210677817464,0.27282059052959085,False,0.1227284837514162,0.8678214310536941,1.19591018314538
"Beta(1,5)",50,73,Permutation-integrated GE (randomized),0.1554270880530053,0.2730161661925058,False,0.11758907813950048,0.8314803454591561,1.1458299791150452
"Beta(1,5)",50,74,Chronological GE,0.12517241248860955,0.2999786655418575,False,0.17480625305324793,1.2360668692776324,1.7033745689166884
"Beta(1,5)",50,74,Permutation-integrated GE (randomized),0.13901170132020058,0.30329118927283977,False,0.1642794879526392,1.1616313994116492,1.6007980097138852
"Beta(1,5)",50,75,Chronological GE,0.11357227759435773,0.24466203479096293,False,0.1310897571966052,0.9269445625781756,1.277385418164318
"Beta(1,5)",50,75,Permutation-integrated GE (randomized),0.11905010656565909,0.24329685240149057,False,0.12424674583583148,0.8785571652087788,1.2107046712050014
"Beta(1,5)",50,76,Chronological GE,0.10859220707789063,0.26853871112689376,False,0.15994650404900312,1.130992576401317,1.5585758668553527
"Beta(1,5)",50,76,Permutation-integrated GE (randomized),0.12019585992415369,0.26616875202394075,False,0.14597289209978706,1.0321842187317165,1.4224120007781218
"Beta(1,5)",50,77,Chronological GE,0.1075482745654881,0.18807609705254436,False,0.08052782248705626,0.5694176935478403,0.7846918661022145
"Beta(1,5)",50,77,Permutation-integrated GE (randomized),0.09963022524119103,0.18578505735056944,False,0.08615483210937841,0.6092066601652998,0.8395234577775613
"Beta(1,5)",50,78,Chronological GE,0.14860700583085418,0.2960873111151159,False,0.1474803052842617,1.0428432395796368,1.4371007732815955
"Beta(1,5)",50,78,Permutation-integrated GE (randomized),0.14504976736373315,0.29665517979609424,False,0.1516054124323611,1.0720121519550585,1.4772972907825372
"Beta(1,5)",50,79,Chronological GE,0.10598899284377694,0.2546232924796641,False,0.14863429963588715,1.0510032118944899,1.4483457064398704
"Beta(1,5)",50,79,Permutation-integrated GE (randomized),0.11753351307701723,0.2554539724585829,False,0.1379204593815657,0.9752449209306889,1.3439462201177879
"Beta(1,5)",50,80,Chronological GE,0.0812045936472714,0.19382510101422668,False,0.11262050736695528,0.7963472445984361,1.0974144507801509
"Beta(1,5)",50,80,Permutation-integrated GE (randomized),0.08781393725684628,0.19500076748661396,False,0.10718683022976769,0.7579253450935997,1.0444667598965187
"Beta(1,5)",50,81,Chronological GE,0.11468854220584035,0.2691122875548899,False,0.15442374534904957,1.0919407751253754,1.504760133405024
"Beta(1,5)",50,81,Permutation-integrated GE (randomized),0.10719631542859953,0.26898252114145405,False,0.16178620571285451,1.1440012316200119,1.576502576992224
"Beta(1,5)",50,82,Chronological GE,0.13117234548553824,0.2541470960713923,False,0.12297475058585405,0.8695628005398176,1.1983098951443625
"Beta(1,5)",50,82,Permutation-integrated GE (randomized),0.12698207661785582,0.25709615298131616,False,0.13011407636346034,0.9200454572442709,1.2678780356220463
"Beta(1,5)",50,83,Chronological GE,0.12373375846073031,0.24525301763787866,False,0.12151925917714834,0.8592709220892719,1.184127066969956
"Beta(1,5)",50,83,Permutation-integrated GE (randomized),0.1133525712671137,0.24954142081337405,False,0.13618884954626034,0.9630005903615516,1.3270727953676638
"Beta(1,5)",50,84,Chronological GE,0.11806949088349938,0.2356905690394342,False,0.11762107815593481,0.831706619745344,1.1461417987052893
"Beta(1,5)",50,84,Permutation-integrated GE (randomized),0.10731336104587522,0.2331851017441358,False,0.12587174069826057,0.8900476140749479,1.2265392015775436
"Beta(1,5)",50,85,Chronological GE,0.12208102038130164,0.2669738228432834,False,0.14489280246198177,1.024546831659902,1.4118872215493858
"Beta(1,5)",50,85,Permutation-integrated GE (randomized),0.12158853910751363,0.265804274471386,False,0.14421573536387236,1.0197592442959873,1.4052896379033448
"Beta(1,5)",50,86,Chronological GE,0.13677712669596076,0.2573193986900151,False,0.12054227199405432,0.8523625794662907,1.1746069548871634
"Beta(1,5)",50,86,Permutation-integrated GE (randomized),0.1374692705321276,0.2575226033462168,False,0.1200533328140892,0.8489052573688793,1.169842556873061
"Beta(1,5)",50,87,Chronological GE,0.09169595269486308,0.18091255286708474,False,0.08921660017222166,0.6308566297618684,0.8693584194169477
"Beta(1,5)",50,87,Permutation-integrated GE (randomized),0.09393907440932149,0.18639453308980408,False,0.09245545868048259,0.6537588179068189,0.9009190136115419
"Beta(1,5)",50,88,Chronological GE,0.08559607667848468,0.23536386201158166,False,0.14976778533309698,1.0590181661232403,1.4593907959440193
"Beta(1,5)",50,88,Permutation-integrated GE (randomized),0.09014504768764038,0.2364048190022201,False,0.14625977131457973,1.0342127611133303,1.4252074543176458
"Beta(1,5)",50,89,Chronological GE,0.07412218814715743,0.19583805045112967,False,0.12171586230397224,0.8606611161310685,1.1860428380625343
"Beta(1,5)",50,89,Permutation-integrated GE (randomized),0.08312565345714057,0.19632225388201213,False,0.11319660042487156,0.8004208376769071,1.103028107311563
"Beta(1,5)",50,90,Chronological GE,0.1059203133918345,0.23342548171058297,False,0.12750516831874847,0.9015976915451919,1.2424559037567138
"Beta(1,5)",50,90,Permutation-integrated GE (randomized),0.09678838716550717,0.23599501598692835,False,0.13920662882142118,0.9843395122574561,1.3564791145474873
"Beta(1,5)",50,91,Chronological GE,0.1290539470501244,0.27262922329828143,False,0.14357527624815702,1.015230514458037,1.3990487755137824
"Beta(1,5)",50,91,Permutation-integrated GE (randomized),0.13351818216323083,0.2777582946384637,False,0.14424011247523286,1.0199316165034749,1.4055271771837188
"Beta(1,5)",50,92,Chronological GE,0.11330747744068503,0.23728606989607215,False,0.12397859245538712,0.8766610344716758,1.208091688884061
"Beta(1,5)",50,92,Permutation-integrated GE (randomized),0.10779788498041512,0.23746502227822391,False,0.1296671372978088,0.916885120803277,1.2635229017238652
"Beta(1,5)",50,93,Chronological GE,0.14223316544666886,0.29437555046752095,False,0.1521423850208521,1.0758091215413912,1.482529743486402
"Beta(1,5)",50,93,Permutation-integrated GE (randomized),0.15887522813838684,0.30033743540336866,False,0.14146220726498182,1.0002888603868554,1.3784582765731588
"Beta(1,5)",50,94,Chronological GE,0.11247012065723538,0.2383847371675074,False,0.12591461651027203,0.8903507918491697,1.226956998804624
"Beta(1,5)",50,94,Permutation-integrated GE (randomized),0.10038592005841399,0.23707052481324287,False,0.13668460475482888,0.9665061090594252,1.3319036111990996
"Beta(1,5)",50,95,Chronological GE,0.12248575454577804,0.2560174879617989,False,0.13353173341602087,0.9442119420206266,1.3011809066974709
"Beta(1,5)",50,95,Permutation-integrated GE (randomized),0.11530816061604843,0.25277026654587176,False,0.13746210592982333,0.972003872591616,1.3394798603644253
"Beta(1,5)",50,96,Chronological GE,0.10406062891706824,0.2391141806729138,False,0.13505355175584555,0.9549728226988675,1.3160100481800627
"Beta(1,5)",50,96,Permutation-integrated GE (randomized),0.09832695766791216,0.23984587446056393,False,0.14151891679265177,1.0006898573025884,1.3790108744668899
"Beta(1,5)",50,97,Chronological GE,0.14082420757040381,0.28149709152057767,False,0.14067288395017385,0.9947075017023618,1.3707668282547318
"Beta(1,5)",50,97,Permutation-integrated GE (randomized),0.14023542327249236,0.28288645312185623,False,0.14265102984936387,1.008695105497298,1.3900425884717345
"Beta(1,5)",50,98,Chronological GE,0.07689497852697968,0.21305963629856706,False,0.13616465777158737,0.9628295286823496,1.3268370620741736
"Beta(1,5)",50,98,Permutation-integrated GE (randomized),0.09647752396838154,0.21537896734163614,False,0.1189014433732546,0.8407601690209662,1.1586181347173865
"Beta(1,5)",50,99,Chronological GE,0.12307842681184411,0.2810054593719542,False,0.1579270325601101,1.1167127565592254,1.538897415331168
"Beta(1,5)",50,99,Permutation-integrated GE (randomized),0.12738174638449073,0.279866454119864,False,0.15248470773537326,1.0782297086693124,1.4858654582911826
"Beta(1,5)",200,0,Chronological GE,0.13421414652839303,0.1814408884383738,False,0.047226741909980774,0.6678869891578866,0.9203884842465996
"Beta(1,5)",200,0,Permutation-integrated GE (randomized),0.126838404674661,0.18508971900787982,False,0.05825131433321881,0.8237979875609631,1.1352432273798858
"Beta(1,5)",200,1,Chronological GE,0.13080812944099307,0.19003864051774144,False,0.05923051107674837,0.8376459207102739,1.1543265130377074
"Beta(1,5)",200,1,Permutation-integrated GE (randomized),0.1324842031490962,0.19382499465268882,False,0.06134079150359262,0.8674897927108101,1.1954531655410843
"Beta(1,5)",200,2,Chronological GE,0.14029588317498565,0.1920718844048679,False,0.05177600122988224,0.7322232314474552,1.0090476997789746
"Beta(1,5)",200,2,Permutation-integrated GE (randomized),0.14098902527731713,0.1940151173393871,False,0.05302609206206996,0.7499021855382365,1.0334103629582583
"Beta(1,5)",200,3,Chronological GE,0.13867235044017434,0.19463172694668174,False,0.0559593765065074,0.7913850919744511,1.0905763056952342
"Beta(1,5)",200,3,Permutation-integrated GE (randomized),0.14281128323395648,0.19428747837070548,False,0.051476195136749,0.727983333017544,1.0032048644601046
"Beta(1,5)",200,4,Chronological GE,0.13267500745132565,0.19176643760874867,False,0.05909143015742302,0.8356790194865015,1.1516160047250763
"Beta(1,5)",200,4,Permutation-integrated GE (randomized),0.13473759390859963,0.18961104919771404,False,0.054873455289114415,0.7760278468413926,1.0694130972487859
"Beta(1,5)",200,5,Chronological GE,0.1446449696086347,0.2054297118447721,False,0.06078474223613739,0.859626068556982,1.1846164801856758
"Beta(1,5)",200,5,Permutation-integrated GE (randomized),0.15036709557501876,0.20351645695252207,False,0.05314936137750331,0.7516454769153396,1.0358127234387267
"Beta(1,5)",200,6,Chronological GE,0.14818065939471126,0.21225725347176194,False,0.06407659407705069,0.9061798837444062,1.2487704404990434
"Beta(1,5)",200,6,Permutation-integrated GE (randomized),0.1515432541509969,0.21027741700146912,False,0.05873416285047223,0.8306264967776783,1.1446533242221089
"Beta(1,5)",200,7,Chronological GE,0.12802316853776574,0.17558262357488275,False,0.047559455037117004,0.6725922633256428,0.9268726353522923
"Beta(1,5)",200,7,Permutation-integrated GE (randomized),0.12310557116851861,0.1733148788302874,False,0.05020930766176879,0.7100668385263678,0.9785148563068717
"Beta(1,5)",200,8,Chronological GE,0.130834246519953,0.18967516021803021,False,0.0588409136980772,0.8321361817424561,1.146733761001052
"Beta(1,5)",200,8,Permutation-integrated GE (randomized),0.13144567888423714,0.1890207199914688,False,0.05757504110723166,0.8142340398803548,1.1220635316348502
"Beta(1,5)",200,9,Chronological GE,0.1292931060306728,0.1747102285735309,False,0.045417122542858124,0.6422951066407079,0.8851213292617389
"Beta(1,5)",200,9,Permutation-integrated GE (randomized),0.1310572864056762,0.17527749880316734,False,0.04422021239749113,0.6253682410355084,0.8617950892985098
"Beta(1,5)",200,10,Chronological GE,0.15568714449182153,0.2093168622814119,False,0.05362971778959036,0.7584387424428033,1.045174252355154
"Beta(1,5)",200,10,Permutation-integrated GE (randomized),0.15085990947736908,0.21142282254484146,False,0.060562913067472385,0.8564889303684219,1.180293314876105
"Beta(1,5)",200,11,Chronological GE,0.12582999421283603,0.17285226890817285,False,0.04702227469533682,0.6649953860777853,0.916403681100048
"Beta(1,5)",200,11,Permutation-integrated GE (randomized),0.12230395785381387,0.17290405828383065,False,0.05060010043001678,0.7155934828557041,0.9861309049495643
"Beta(1,5)",200,12,Chronological GE,0.14202287746593356,0.2009769002906978,False,0.05895402282476425,0.8337357863523461,1.148938112464983
"Beta(1,5)",200,12,Permutation-integrated GE (randomized),0.1404488156127927,0.20631413519815295,False,0.06586531958536024,0.9314762824765469,1.2836304010371709
"Beta(1,5)",200,13,Chronological GE,0.1341562489978969,0.18986462289467454,False,0.05570837389677763,0.7878353790257423,1.0856845875252306
"Beta(1,5)",200,13,Permutation-integrated GE (randomized),0.1386767787128779,0.19124759144733833,False,0.05257081273446043,0.7434635635405016,1.024537554178731
"Beta(1,5)",200,14,Chronological GE,0.13316984148696065,0.19635514309629798,False,0.06318530160933733,0.893575104785594,1.2314002961655055
"Beta(1,5)",200,14,Permutation-integrated GE (randomized),0.13368778368673795,0.1966679456391988,False,0.06298016195246084,0.8906739919362411,1.227402387984346
"Beta(1,5)",200,15,Chronological GE,0.15895886393263936,0.21516000153496861,False,0.056201137602329254,0.7948041101801057,1.0952879186402351
"Beta(1,5)",200,15,Permutation-integrated GE (randomized),0.15376030556785586,0.21415633335920353,False,0.06039602779134767,0.8541288161598625,1.1770409353952536
"Beta(1,5)",200,16,Chronological GE,0.14985757926478982,0.20740066235885024,False,0.05754308309406042,0.8137820853238221,1.1214407110439595
"Beta(1,5)",200,16,Permutation-integrated GE (randomized),0.1521472666124892,0.2050875906156891,False,0.052940324003199896,0.748689242017512,1.0317388537558945
"Beta(1,5)",200,17,Chronological GE,0.1443241541273892,0.1977355987764895,False,0.053411444649100304,0.7553518940869753,1.0409203894630172
"Beta(1,5)",200,17,Permutation-integrated GE (randomized),0.14070558211817746,0.1968622111892751,False,0.05615662907109764,0.7941746644950151,1.0944205045875275
"Beta(1,5)",200,18,Chronological GE,0.13580767484381795,0.1926470478065312,False,0.05683937296271324,0.8038301212065168,1.1077263052868533
"Beta(1,5)",200,18,Permutation-integrated GE (randomized),0.13646139199433177,0.19258234800391555,False,0.05612095600958378,0.7936701712209724,1.0937252824805745
"Beta(1,5)",200,19,Chronological GE,0.15003090118989348,0.2017582398839295,False,0.05172733869403601,0.731535039265723,1.0080993295167937
"Beta(1,5)",200,19,Permutation-integrated GE (randomized),0.14862798569776306,0.1994156695690416,False,0.05078768387127855,0.7182463133227942,0.9897866650589907
"Beta(1,5)",200,20,Chronological GE,0.1498556607402861,0.20339467423036695,False,0.05353901349008083,0.7571559899374841,1.04340654216885
"Beta(1,5)",200,20,Permutation-integrated GE (randomized),0.15201192060877688,0.2023954877035381,False,0.05038356709476122,0.7125312390614611,0.9819109486247218
"Beta(1,5)",200,21,Chronological GE,0.14953099517151713,0.20268179243430495,False,0.05315079726278782,0.7516657833997731,1.0358407069969209
"Beta(1,5)",200,21,Permutation-integrated GE (randomized),0.1489704627170535,0.20399965706258927,False,0.05502919434553577,0.7782303296992152,1.0724482512374065
"Beta(1,5)",200,22,Chronological GE,0.14862010581418872,0.20519118895754218,False,0.05657108314335346,0.8000359301946645,1.1024976816259195
"Beta(1,5)",200,22,Permutation-integrated GE (randomized),0.15220881422988802,0.2068870591593719,False,0.054678244929483866,0.77326715546034,1.06560869830566
"Beta(1,5)",200,23,Chronological GE,0.12698653852567077,0.17957902932539582,False,0.052592490799725056,0.743770137679534,1.0249600318010141
"Beta(1,5)",200,23,Permutation-integrated GE (randomized),0.12990191842808135,0.17950037773839006,False,0.04959845931030871,0.7014281382944868,0.9666102072549315
"Beta(1,5)",200,24,Chronological GE,0.13562694983556867,0.19522800156846642,False,0.05960105173289776,0.8428861569236448,1.1615478740520908
"Beta(1,5)",200,24,Permutation-integrated GE (randomized),0.14215807463952468,0.19364423538600184,False,0.05148616074647716,0.7281242680218928,1.0033990813817328
"Beta(1,5)",200,25,Chronological GE,0.14894779352471232,0.21107508381828666,False,0.06212729029357433,0.8786125652666317,1.210781015820336
"Beta(1,5)",200,25,Permutation-integrated GE (randomized),0.14990607046952664,0.21086215722351104,False,0.060956086753984395,0.862049245966757,1.1879557645548107
"Beta(1,5)",200,26,Chronological GE,0.1521942219696939,0.2135090813972056,False,0.06131485942751169,0.8671230577738687,1.194947782717027
"Beta(1,5)",200,26,Permutation-integrated GE (randomized),0.15254828165019413,0.21475548275963652,False,0.06220720110944239,0.8797426748624407,1.2123383748867713
"Beta(1,5)",200,27,Chronological GE,0.15286102565005422,0.20630338275805116,False,0.05344235710799694,0.7557890622731546,1.0415228335452797
"Beta(1,5)",200,27,Permutation-integrated GE (randomized),0.15378268796536132,0.212991521479278,False,0.059208833513916675,0.8373393536767161,1.1539040452071962
"Beta(1,5)",200,28,Chronological GE,0.1350188455544412,0.18417060980573297,False,0.04915176425129175,0.6951109161874185,0.957904694834178
"Beta(1,5)",200,28,Permutation-integrated GE (randomized),0.13579373791488475,0.18510059651337457,False,0.04930685859848982,0.6973042814799677,0.9609272842688873
"Beta(1,5)",200,29,Chronological GE,0.13320711301639676,0.19306452805176377,False,0.05985741503536701,0.8465116815161124,1.1665440652317804
"Beta(1,5)",200,29,Permutation-integrated GE (randomized),0.1323763782191753,0.19609306213944605,False,0.06371668392027074,0.901089985494866,1.2417562542506027
"Beta(1,5)",200,30,Chronological GE,0.13549204589799047,0.18831056216731668,False,0.05281851626932621,0.746966620525051,1.0293649776209877
"Beta(1,5)",200,30,Permutation-integrated GE (randomized),0.14204842336894896,0.1893571235194972,False,0.04730870015054825,0.6690460537114742,0.9219857449882193
"Beta(1,5)",200,31,Chronological GE,0.14672960387542844,0.20004145754501224,False,0.0533118536695838,0.7539434649477527,1.0389794893082585
"Beta(1,5)",200,31,Permutation-integrated GE (randomized),0.1459358469091364,0.19678826376385783,False,0.050852416854721416,0.719161775953972,0.9910482276843632
"Beta(1,5)",200,32,Chronological GE,0.1410513953305781,0.19689257303252816,False,0.05584117770195007,0.7897135084498386,1.0882727629529965
"Beta(1,5)",200,32,Permutation-integrated GE (randomized),0.1334672713918083,0.2015402480384022,False,0.0680729766465939,0.9626972680472007,1.3266547989555826
"Beta(1,5)",200,33,Chronological GE,0.13252038741484284,0.19512111181393266,False,0.06260072439908981,0.8853079345957314,1.2200076378811298
"Beta(1,5)",200,33,Permutation-integrated GE (randomized),0.13925594339045727,0.19524789205278986,False,0.05599194866233259,0.7918457318196883,1.0912110951368972
"Beta(1,5)",200,34,Chronological GE,0.1558307041414082,0.214916015509516,False,0.059085311368107796,0.8355924867381526,1.1514967573877521
"Beta(1,5)",200,34,Permutation-integrated GE (randomized),0.1560156939639306,0.21350496626458812,False,0.05748927230065751,0.8130210857854976,1.120392007860695
"Beta(1,5)",200,35,Chronological GE,0.15490011824294925,0.20244539948180318,False,0.04754528123885393,0.6723918155483031,0.9265964062462441
"Beta(1,5)",200,35,Permutation-integrated GE (randomized),0.15304795525298598,0.20484784373062587,False,0.05179988847763989,0.7325610481449215,1.0095132315278805
"Beta(1,5)",200,36,Chronological GE,0.14885317580774426,0.20893647288903594,False,0.060083297081291676,0.8497061360445449,1.1709462159086872
"Beta(1,5)",200,36,Permutation-integrated GE (randomized),0.1500972061846914,0.21265715838175847,False,0.06255995219706706,0.8847313285850474,1.2192130400812085
"Beta(1,5)",200,37,Chronological GE,0.1537344274111092,0.2084570568986237,False,0.054722629487514496,0.7738948478996085,1.0664736962800627
"Beta(1,5)",200,37,Permutation-integrated GE (randomized),0.15333799136868864,0.2097619241332826,False,0.056423932764593954,0.7979549095811641,1.0996299099231641
"Beta(1,5)",200,38,Chronological GE,0.14200674975290895,0.1978920209221542,False,0.05588527116924524,0.7903370842444474,1.0891320879431965
"Beta(1,5)",200,38,Permutation-integrated GE (randomized),0.14281865539816985,0.20191443329369796,False,0.05909577789552811,0.8357405057884402,1.1517007365512115
"Beta(1,5)",200,39,Chronological GE,0.15286309039220214,0.20875978330150247,False,0.05589669290930033,0.7904986120413654,1.0893546829728684
"Beta(1,5)",200,39,Permutation-integrated GE (randomized),0.1553677441838649,0.2073325230555973,False,0.0519647788717324,0.7348929504612282,1.012726733322582
"Beta(1,5)",200,40,Chronological GE,0.1560020432807505,0.20959891891106963,False,0.05359687563031912,0.7579742841722132,1.044534200893449
"Beta(1,5)",200,40,Permutation-integrated GE (randomized),0.15752055712408358,0.20981097703550655,False,0.05229041991142297,0.739498210209185,1.0190730585359662
"Beta(1,5)",200,41,Chronological GE,0.14873425336554646,0.20712770381942391,False,0.05839345045387745,0.8258080958563485,1.1380132776386789
"Beta(1,5)",200,41,Permutation-integrated GE (randomized),0.14384589003801146,0.20823870177145629,False,0.06439281173344483,0.9106518767277505,1.254933116086857
"Beta(1,5)",200,42,Chronological GE,0.12535901786759496,0.18510618014261127,False,0.05974716227501631,0.844952472026342,1.1643953806755472
"Beta(1,5)",200,42,Permutation-integrated GE (randomized),0.1252780190369028,0.18493916027099372,False,0.059661141234090914,0.8437359507990807,1.1627189411781635
"Beta(1,5)",200,43,Chronological GE,0.1461948766373098,0.20557977864518762,False,0.05938490200787783,0.8398293381973807,1.1573353937975641
"Beta(1,5)",200,43,Permutation-integrated GE (randomized),0.14100914175577609,0.20280442573975255,False,0.06179528398397646,0.8739172870083642,1.2043106396797685
"Beta(1,5)",200,44,Chronological GE,0.1521793589927256,0.20251127192750573,False,0.05033191293478012,0.7118007389254786,0.9809042754542403
"Beta(1,5)",200,44,Permutation-integrated GE (randomized),0.15157847297221846,0.20329265493902687,False,0.05171418196680841,0.7313489750449059,1.0078429218176614
"Beta(1,5)",200,45,Chronological GE,0.14572681253775954,0.19946620194241405,False,0.0537393894046545,0.7599897332971141,1.0473116111368832
"Beta(1,5)",200,45,Permutation-integrated GE (randomized),0.13883914838744588,0.19893723648918588,False,0.06009808810174,0.8499153126617385,1.1712344738816136
"Beta(1,5)",200,46,Chronological GE,0.1289267591200769,0.19460847275331616,False,0.06568171363323927,0.9288797022003279,1.2800521570775645
"Beta(1,5)",200,46,Permutation-integrated GE (randomized),0.13434244852191157,0.19568480780898562,False,0.061342359287074044,0.867511964517433,1.1954837196255657
"Beta(1,5)",200,47,Chronological GE,0.1513781496323645,0.21215575886890292,False,0.06077760923653841,0.8595251927092491,1.1844774671938085
"Beta(1,5)",200,47,Permutation-integrated GE (randomized),0.1498522450186589,0.21274931965671495,False,0.06289707463805605,0.889498959867317,1.2257831230451954
"Beta(1,5)",200,48,Chronological GE,0.15054807113483548,0.20496831322088838,False,0.054420242086052895,0.769618444257231,1.060580554580451
"Beta(1,5)",200,48,Permutation-integrated GE (randomized),0.15073924024782448,0.20681150126899583,False,0.056072261021171355,0.7929815200906478,1.0927762797596003
"Beta(1,5)",200,49,Chronological GE,0.13091520546004176,0.18501951498910785,False,0.054104309529066086,0.7651504831883714,1.054423435213557
"Beta(1,5)",200,49,Permutation-integrated GE (randomized),0.13077658517579305,0.18288069402059573,False,0.05210410884480268,0.736863373836839,1.0154420953725138
"Beta(1,5)",200,50,Chronological GE,0.1271874918602407,0.184103783685714,False,0.05691629182547331,0.8049179181956928,1.1092253550337248
"Beta(1,5)",200,50,Permutation-integrated GE (randomized),0.12943044449282273,0.18350745321468095,False,0.05407700872185822,0.7647643914702005,1.053891377579502
"Beta(1,5)",200,51,Chronological GE,0.1217426317743957,0.16688141925260425,False,0.04513878747820854,0.6383588544075935,0.8796969366844613
"Beta(1,5)",200,51,Permutation-integrated GE (randomized),0.12058619261176584,0.1658431923575704,False,0.04525699974580455,0.6400306283283251,0.8820007418040148
"Beta(1,5)",200,52,Chronological GE,0.13725576410070062,0.18934253184124827,False,0.05208676774054766,0.7366181335885991,1.0151041395446299
"Beta(1,5)",200,52,Permutation-integrated GE (randomized),0.14394152948919625,0.19313030292509664,False,0.04918877343590039,0.6956343050954776,0.9586259562625035
"Beta(1,5)",200,53,Chronological GE,0.15134413866326213,0.1967390519566834,False,0.04539491329342127,0.6419810204230706,0.8846884995428393
"Beta(1,5)",200,53,Permutation-integrated GE (randomized),0.1502376716393553,0.1948239298281374,False,0.04458625818878209,0.630544910260441,0.8689288511754842
"Beta(1,5)",200,54,Chronological GE,0.13322431733831763,0.1843480090610683,False,0.051123691722750664,0.7229981819289513,0.9963350261062307
"Beta(1,5)",200,54,Permutation-integrated GE (randomized),0.13416328949460465,0.1858120593736764,False,0.05164876987907174,0.7304239084287026,1.006568124322672
"Beta(1,5)",200,55,Chronological GE,0.14155359333381057,0.19413990108296275,False,0.052586307749152184,0.743682696139764,1.0248395320943937
"Beta(1,5)",200,55,Permutation-integrated GE (randomized),0.14325578338097233,0.1958349313930911,False,0.05257914801211877,0.7435814421676072,1.024699998024304
"Beta(1,5)",200,56,Chronological GE,0.14947917917743325,0.19402256282046437,False,0.04454338364303112,0.6299385726196249,0.8680932813991123
"Beta(1,5)",200,56,Permutation-integrated GE (randomized),0.15224379398894616,0.1941951888358946,False,0.04195139484694843,0.5932823155302325,0.8175787520725288
"Beta(1,5)",200,57,Chronological GE,0.16648385347798467,0.2338277348317206,False,0.06734388135373592,0.9523863035329794,1.3124456690362676
"Beta(1,5)",200,57,Permutation-integrated GE (randomized),0.16652729389656945,0.23107266492074713,False,0.06454537102417768,0.9128093909079547,1.257906300530175
"Beta(1,5)",200,58,Chronological GE,0.15558201121166348,0.20651367539539933,False,0.05093166418373585,0.7202825024287125,0.9925926562450124
"Beta(1,5)",200,58,Permutation-integrated GE (randomized),0.15602791291406148,0.20484522207761294,False,0.04881730916355145,0.6903810069765484,0.951386595155809
"Beta(1,5)",200,59,Chronological GE,0.15917982580140233,0.2159593370743096,False,0.05677951127290726,0.8029835490706149,1.106559677911838
"Beta(1,5)",200,59,Permutation-integrated GE (randomized),0.15796138722111042,0.21798949272477794,False,0.06002810550366752,0.8489256092684965,1.1698706030161126
"Beta(1,5)",200,60,Chronological GE,0.14678505947813392,0.20244124671444297,False,0.05565618723630905,0.7870973481956461,1.0846675366048406
"Beta(1,5)",200,60,Permutation-integrated GE (randomized),0.1480483812562942,0.20396649844466347,False,0.05591811718836928,0.7908015971015993,1.08977221462847
"Beta(1,5)",200,61,Chronological GE,0.13315741950646043,0.19103684509173036,False,0.05787942558526993,0.8185386864505305,1.1279955937894623
"Beta(1,5)",200,61,Permutation-integrated GE (randomized),0.13621069497466198,0.1925596197525684,False,0.05634892477790643,0.7968941364605662,1.098168100694289
"Beta(1,5)",200,62,Chronological GE,0.14670213451609015,0.19347085198387504,False,0.04676871746778488,0.6614095453773686,0.9114621767129547
"Beta(1,5)",200,62,Permutation-integrated GE (randomized),0.14303680020430054,0.19287836969390965,False,0.049841569489609105,0.7048662354216626,0.9713481121025223
"Beta(1,5)",200,63,Chronological GE,0.1307245292700827,0.19076821999624372,False,0.060043690726161,0.8491460175987252,1.170174338965858
"Beta(1,5)",200,63,Permutation-integrated GE (randomized),0.12895685056558742,0.19157509161980607,False,0.06261824105421865,0.8855556575082375,1.2203490149698528
"Beta(1,5)",200,64,Chronological GE,0.14455858105793595,0.21145183918997645,False,0.0668932581320405,0.9460135288165601,1.3036636017750296
"Beta(1,5)",200,64,Permutation-integrated GE (randomized),0.14999501220174896,0.2095519987248709,False,0.05955698652312194,0.8422629807507069,1.1606890997646142
"Beta(1,5)",200,65,Chronological GE,0.15436428831890225,0.20670125959441066,False,0.052336971275508404,0.740156545913551,1.0199802847746906
"Beta(1,5)",200,65,Permutation-integrated GE (randomized),0.1524249827211963,0.20800220564223998,False,0.05557722292104367,0.785980624139728,1.0831286236183126
"Beta(1,5)",200,66,Chronological GE,0.14465475967153907,0.20326492888852954,False,0.05861016921699047,0.8288729619965001,1.1422368477140736
"Beta(1,5)",200,66,Permutation-integrated GE (randomized),0.14835822927989284,0.20136154495358466,False,0.05300331567369182,0.7495800787647742,1.0329664804305174
"Beta(1,5)",200,67,Chronological GE,0.13861626153811812,0.19368736119940877,False,0.055071099661290646,0.7788229603579759,1.0732649319672147
"Beta(1,5)",200,67,Permutation-integrated GE (randomized),0.13653503602098696,0.19294866402602173,False,0.05641362800503477,0.7978091782739083,1.0994290834073466
"Beta(1,5)",200,68,Chronological GE,0.14450245955958962,0.20109582925215364,False,0.05659336969256401,0.800351109596185,1.1029320178180304
"Beta(1,5)",200,68,Permutation-integrated GE (randomized),0.1421816679863076,0.20226498466363013,False,0.06008331667732253,0.8497064131742709,1.1709465978101354
"Beta(1,5)",200,69,Chronological GE,0.14997265068814158,0.21000237250700593,False,0.060029721818864346,0.8489484674172206,1.1699021029213337
"Beta(1,5)",200,69,Permutation-integrated GE (randomized),0.15357270498806508,0.20956801493112942,False,0.05599530994306434,0.7918932675076662,1.091276602177034
"Beta(1,5)",200,70,Chronological GE,0.1507014581002295,0.20677309529855847,False,0.05607163719832897,0.7929726979034057,1.0927641222544007
"Beta(1,5)",200,70,Permutation-integrated GE (randomized),0.14984043311051684,0.2081291841121367,False,0.05828875100161987,0.8243274220027915,1.1359728199177443
"Beta(1,5)",200,71,Chronological GE,0.13004943309351802,0.17978424159809947,False,0.04973480850458145,0.7033564070920784,0.9692674777582438
"Beta(1,5)",200,71,Permutation-integrated GE (randomized),0.1290450997818083,0.1782426796684639,False,0.0491975798866556,0.6957588471164216,0.9587975826659855
"Beta(1,5)",200,72,Chronological GE,0.1554629527963698,0.20737182023003697,False,0.05190886743366718,0.7341022433211921,1.011637091275477
"Beta(1,5)",200,72,Permutation-integrated GE (randomized),0.1536745027190487,0.20602124849656067,False,0.05234674577751197,0.7402947782465398,1.0201707772524582
"Beta(1,5)",200,73,Chronological GE,0.1276115351356566,0.186748371925205,False,0.0591368367895484,0.8363211662362354,1.152500921609588
"Beta(1,5)",200,73,Permutation-integrated GE (randomized),0.1278973948500069,0.1878321031634259,False,0.059934708313419016,0.8476047735371266,1.1680504118513362
"Beta(1,5)",200,74,Chronological GE,0.1350188492797315,0.19008140312507749,False,0.055062553845345974,0.778702104269871,1.0730983850011133
"Beta(1,5)",200,74,Permutation-integrated GE (randomized),0.13287288059451963,0.1918722974727068,False,0.05899941687818716,0.8343777552123638,1.1498227842067548
"Beta(1,5)",200,75,Chronological GE,0.15161751909181476,0.21022483566775918,False,0.058607316575944424,0.8288326195599411,1.1421812534074949
"Beta(1,5)",200,75,Permutation-integrated GE (randomized),0.1522793385801122,0.21316343645125185,False,0.06088409787113966,0.861031169422166,1.1865527937784153
"Beta(1,5)",200,76,Chronological GE,0.14171921415254474,0.19388155499473214,False,0.052162340842187405,0.7376868986414944,1.0165769621374015
"Beta(1,5)",200,76,Permutation-integrated GE (randomized),0.13662222790258438,0.19402435465479245,False,0.05740212675220807,0.8117886616203212,1.1186936531573555
"Beta(1,5)",200,77,Chronological GE,0.13763553136959672,0.1950272493995726,False,0.05739171802997589,0.811641460058844,1.1184908005426974
"Beta(1,5)",200,77,Permutation-integrated GE (randomized),0.13514048699031203,0.19508624078626136,False,0.059945753795949325,0.8477609802490998,1.168265674105574
"Beta(1,5)",200,78,Chronological GE,0.1443031351082027,0.1914398823864758,False,0.047136747278273106,0.666614272870869,0.9186346045733917
"Beta(1,5)",200,78,Permutation-integrated GE (randomized),0.13826978920157806,0.19073727278465227,False,0.05246748358307421,0.7420022686677126,1.0225238018600948
"Beta(1,5)",200,79,Chronological GE,0.14779546344652772,0.21005749749019742,False,0.0622620340436697,0.8805181296549305,1.2134069982806204
"Beta(1,5)",200,79,Permutation-integrated GE (randomized),0.14928583276446816,0.2086965555700444,False,0.059410722805576244,0.8401944994203446,1.157838607949008
"Beta(1,5)",200,80,Chronological GE,0.14385739946737885,0.19730797922238708,False,0.05345057975500822,0.7559053480623741,1.0416830823643415
"Beta(1,5)",200,80,Permutation-integrated GE (randomized),0.14365055207775476,0.19848643446507336,False,0.054835882387318596,0.7754964857684189,1.0686808496972073
"Beta(1,5)",200,81,Chronological GE,0.12910272413864732,0.18707996746525168,False,0.057977243326604366,0.8199220382148892,1.1299019358117606
"Beta(1,5)",200,81,Permutation-integrated GE (randomized),0.125219182274041,0.18925258308597737,False,0.06403340081193637,0.9055690387311277,1.2479286592920313
"Beta(1,5)",200,82,Chronological GE,0.11536902701482177,0.17178329592570662,False,0.05641426891088486,0.7978182420513622,1.0994415738384042
"Beta(1,5)",200,82,Permutation-integrated GE (randomized),0.12502825883294916,0.1730174686412069,False,0.04798920980825774,0.6786699135840606,0.9352480033410879
"Beta(1,5)",200,83,Chronological GE,0.1575272143818438,0.21458240738138556,False,0.05705519299954176,0.8068822774376643,1.1119323603423825
"Beta(1,5)",200,83,Permutation-integrated GE (randomized),0.15675477128455773,0.21396595731566476,False,0.05721118603110703,0.8090883520464173,1.1149724639800431
"Beta(1,5)",200,84,Chronological GE,0.13478723401203752,0.19274061871692538,False,0.05795338470488787,0.8195846263507791,1.1294369619475944
"Beta(1,5)",200,84,Permutation-integrated GE (randomized),0.13462400888346399,0.19325234521794354,False,0.05862833633447956,0.829129883835923,1.1425909014779514
"Beta(1,5)",200,85,Chronological GE,0.16851874208077788,0.2321326364763081,False,0.06361389439553022,0.8996363220952867,1.2397530185615373
"Beta(1,5)",200,85,Permutation-integrated GE (randomized),0.16714740483885077,0.23008303191306706,False,0.0629356270742163,0.8900441736481204,1.2265344604622288
"Beta(1,5)",200,86,Chronological GE,0.15106095792725682,0.20581208681687713,False,0.054751128889620304,0.7742978903093841,1.0670291129877427
"Beta(1,5)",200,86,Permutation-integrated GE (randomized),0.14628795052953952,0.20684200534592773,False,0.0605540548163882,0.8563636557802004,1.180120678950807
"Beta(1,5)",200,87,Chronological GE,0.14640809828415513,0.20329343480989337,False,0.05688533652573824,0.8044801441485662,1.1086220760385979
"Beta(1,5)",200,87,Permutation-integrated GE (randomized),0.14823772076427977,0.2028392516041458,False,0.05460153083986602,0.7721822544007134,1.0641136393240707
"Beta(1,5)",200,88,Chronological GE,0.14144949289038777,0.20466237934306264,False,0.06321288645267487,0.8939652133812328,1.2319378892985657
"Beta(1,5)",200,88,Permutation-integrated GE (randomized),0.14218966022553653,0.20414989571528372,False,0.06196023548974719,0.8762500535743125,1.2075253324625121
"Beta(1,5)",200,89,Chronological GE,0.14936723420396447,0.2029486051760614,False,0.05358137097209692,0.7577550151928354,1.0442320350377758
"Beta(1,5)",200,89,Permutation-integrated GE (randomized),0.14966584117511358,0.20805981780701785,False,0.058393976631904265,0.825815537137366,1.1380235321719572
"Beta(1,5)",200,90,Chronological GE,0.15468698041513562,0.2098058103583753,False,0.05511882994323969,0.7794979684786583,1.0741951337994622
"Beta(1,5)",200,90,Permutation-integrated GE (randomized),0.1560713052114793,0.20973529630415577,False,0.05366399109267647,0.7589234401433204,1.0458421949699055
"Beta(1,5)",200,91,Chronological GE,0.14765194291248918,0.20762091549113393,False,0.05996897257864475,0.8480893434229965,1.1687181783298082
"Beta(1,5)",200,91,Permutation-integrated GE (randomized),0.1458652198471703,0.20751087478872118,False,0.06164565494155089,0.8718012127971327,1.2013945620087774
"Beta(1,5)",200,92,Chronological GE,0.14080695109441876,0.19514505611732602,False,0.05433810502290726,0.7684568507704904,1.0589798088166804
"Beta(1,5)",200,92,Permutation-integrated GE (randomized),0.140668436546717,0.19473910767182392,False,0.05407067112510691,0.764674764317415,1.0537678659665515
"Beta(1,5)",200,93,Chronological GE,0.14018274517729878,0.19664320023730397,False,0.05646045506000519,0.7984714128361597,1.1003416825069858
"Beta(1,5)",200,93,Permutation-integrated GE (randomized),0.14266332061982165,0.1941932682457948,False,0.051529947625973155,0.7287435080102651,1.004252431369882
"Beta(1,5)",200,94,Chronological GE,0.13261442491784692,0.18813457479700446,False,0.05552014987915754,0.7851734894409156,1.0820163434061176
"Beta(1,5)",200,94,Permutation-integrated GE (randomized),0.13202587841476043,0.18753197823700762,False,0.05550609982224719,0.7849747916305682,1.0817425258599496
"Beta(1,5)",200,95,Chronological GE,0.14014131808653474,0.19899773923680186,False,0.058856421150267124,0.8323554902345045,1.1470359813075641
"Beta(1,5)",200,95,Permutation-integrated GE (randomized),0.14166511358850037,0.19656032630393572,False,0.05489521271543535,0.7763355433152466,1.0698371215160283
"Beta(1,5)",200,96,Chronological GE,0.14017443777993321,0.193927560467273,False,0.05375312268733978,0.7601839512434083,1.0475792551606553
"Beta(1,5)",200,96,Permutation-integrated GE (randomized),0.1322408044985231,0.19232926749011994,False,0.06008846299159684,0.8497791930487005,1.1710468928591442
"Beta(1,5)",200,97,Chronological GE,0.12488227197900414,0.17635860620066524,False,0.05147633422166109,0.727985299975234,1.003207575046231
"Beta(1,5)",200,97,Permutation-integrated GE (randomized),0.1296366599331103,0.17704984976370047,False,0.047413189830590174,0.6705237609379073,0.9240221145183578
"Beta(1,5)",200,98,Chronological GE,0.14221652457490563,0.19566522864624858,False,0.053448704071342945,0.7558788218895925,1.041646527701119
"Beta(1,5)",200,98,Permutation-integrated GE (randomized),0.14834509235158377,0.19755357508710322,False,0.04920848273551945,0.695913036683739,0.9590100651734361
"Beta(1,5)",200,99,Chronological GE,0.14353532018139958,0.19060944532975554,False,0.04707412514835596,0.6657286622165339,0.9174141797694831
"Beta(1,5)",200,99,Permutation-integrated GE (randomized),0.14456574784698076,0.19074728902672963,False,0.046181541179748875,0.6531056186769244,0.9000188657439039
"Beta(1,5)",1000,0,Chronological GE,0.16519682900980115,0.18905714666470885,False,0.023860317654907703,0.754529494846358,1.0397870737931436
"Beta(1,5)",1000,0,Permutation-integrated GE (randomized),0.16459642983877912,0.1886917456809012,False,0.024095315842122073,0.7619607900224387,1.0500278459808543
"Beta(1,5)",1000,1,Chronological GE,0.15887633198872209,0.1819133055396378,False,0.023036973550915718,0.728493068179506,1.003907310204222
"Beta(1,5)",1000,1,Permutation-integrated GE (randomized),0.15753310142245214,0.18276149828991256,False,0.025228396867460423,0.7977919581583202,1.0994053530512504
"Beta(1,5)",1000,2,Chronological GE,0.15322823217138648,0.17727315472438931,False,0.024044922553002834,0.7603672142983969,1.0478318026846192
"Beta(1,5)",1000,2,Permutation-integrated GE (randomized),0.1524637327447606,0.17652548620151703,False,0.02406175345675643,0.7608994542078014,1.0485652613257133
"Beta(1,5)",1000,3,Chronological GE,0.1590323499403894,0.1831177999265492,False,0.0240854499861598,0.7616488042633593,1.0495979108203153
"Beta(1,5)",1000,3,Permutation-integrated GE (randomized),0.1594170712703014,0.1828635599536809,False,0.02344648868337948,0.7414430737284164,1.021753197564859
"Beta(1,5)",1000,4,Chronological GE,0.15330701926723123,0.17465525167062879,False,0.02134823240339756,0.6750903841334681,0.9303151962362499
"Beta(1,5)",1000,4,Permutation-integrated GE (randomized),0.15307822853048714,0.17546232288570845,False,0.022384094355221318,0.707847215226175,0.9754560817566463
"Beta(1,5)",1000,5,Chronological GE,0.16480071609839797,0.18854938866570592,False,0.02374867256730795,0.7509989671825156,1.0349217941008235
"Beta(1,5)",1000,5,Permutation-integrated GE (randomized),0.16520684349619774,0.18908714174832827,False,0.023880298252130533,0.7551613368087038,1.0406577900601877
"Beta(1,5)",1000,6,Chronological GE,0.1556732556782663,0.17788892285898328,False,0.02221566718071699,0.7025210803131718,0.9681163471622463
"Beta(1,5)",1000,6,Permutation-integrated GE (randomized),0.15540346511608252,0.17707403056564064,False,0.021670565449558116,0.6852834500435436,0.9443618547804282
"Beta(1,5)",1000,7,Chronological GE,0.154817430768162,0.1772571480832994,False,0.022439717315137386,0.7096061676615252,0.977880024118325
"Beta(1,5)",1000,7,Permutation-integrated GE (randomized),0.154152178445492,0.17724802267460135,False,0.023095844229109347,0.7303547224844127,1.0064727819257846
"Beta(1,5)",1000,8,Chronological GE,0.14753334550186992,0.16499833716079593,False,0.01746499165892601,0.552291529580488,0.7610909809962705
"Beta(1,5)",1000,8,Permutation-integrated GE (randomized),0.14693329555546758,0.16551389596310706,False,0.01858060040763948,0.5875701758159381,0.809707079620767
"Beta(1,5)",1000,9,Chronological GE,0.15927652595564723,0.18501612124964595,False,0.025739595293998718,0.8139574717998729,1.1216824041679014
"Beta(1,5)",1000,9,Permutation-integrated GE (randomized),0.16042428862745578,0.18457878004986716,False,0.024154491422411384,0.7638320861782025,1.05260660475343
"Beta(1,5)",1000,10,Chronological GE,0.15350748179480433,0.17644958989694715,False,0.02294210810214281,0.7254931592857419,0.9997732551253967
"Beta(1,5)",1000,10,Permutation-integrated GE (randomized),0.1528928887500016,0.17642516961433705,False,0.023532280864335453,0.7441560607009584,1.0254918569607954
"Beta(1,5)",1000,11,Chronological GE,0.15028159180656075,0.17442188085988164,False,0.024140289053320885,0.7633829678332391,1.0519876926328489
"Beta(1,5)",1000,11,Permutation-integrated GE (randomized),0.15045062142324728,0.1741230176151624,False,0.023672396191915135,0.7485868964034824,1.0315978153375764
"Beta(1,5)",1000,12,Chronological GE,0.15969404904171824,0.18257807521149516,False,0.022884026169776917,0.7236564473139411,0.997242155440621
"Beta(1,5)",1000,12,Permutation-integrated GE (randomized),0.1592105688354672,0.1822236589052766,False,0.023013090069809394,0.7277378061920101,1.0028665137114547
"Beta(1,5)",1000,13,Chronological GE,0.161524950992316,0.1855508708395064,False,0.02402591984719038,0.7597662959776622,1.047003701057614
"Beta(1,5)",1000,13,Permutation-integrated GE (randomized),0.16069138452459342,0.1852714998239216,False,0.024580115299328187,0.7772914949542852,1.0711544804320585
"Beta(1,5)",1000,14,Chronological GE,0.1529805543832481,0.17544378293678164,False,0.022463228553533554,0.7103496583009561,0.9789045989847109
"Beta(1,5)",1000,14,Permutation-integrated GE (randomized),0.15300060139288724,0.17518144881732484,False,0.0221808474244376,0.7014199829390235,0.9665989686840727
"Beta(1,5)",1000,15,Chronological GE,0.15093326335772872,0.17404191428795457,False,0.02310865093022585,0.7307597059328244,1.0070308735015745
"Beta(1,5)",1000,15,Permutation-integrated GE (randomized),0.15137636080047742,0.17495308205149587,False,0.02357672125101845,0.7455613891211273,1.027428484138005
"Beta(1,5)",1000,16,Chronological GE,0.15599317708984017,0.18131479201838374,False,0.025321614928543568,0.8007397720791946,1.1034676181208178
"Beta(1,5)",1000,16,Permutation-integrated GE (randomized),0.15532051522322482,0.18156312198006463,False,0.026242606756839815,0.8298640909173831,1.1436026830424946
"Beta(1,5)",1000,17,Chronological GE,0.144165710080415,0.16822894802317023,False,0.024063237942755222,0.7609463977769095,1.0486299523903964
"Beta(1,5)",1000,17,Permutation-integrated GE (randomized),0.14419732707798363,0.16740156844106371,False,0.02320424136308008,0.733782540836232,1.0111965220020536
"Beta(1,5)",1000,18,Chronological GE,0.15470072394236922,0.17707378743216395,False,0.02237306348979473,0.7074983886330668,0.9749753777086447
"Beta(1,5)",1000,18,Permutation-integrated GE (randomized),0.15513724898785125,0.1759738223532798,False,0.020836573365428546,0.6589103046795415,0.9080180725531464
"Beta(1,5)",1000,19,Chronological GE,0.1560583976097405,0.18060129834339023,False,0.02454290073364973,0.7761146670575066,1.0695327407339987
"Beta(1,5)",1000,19,Permutation-integrated GE (randomized),0.1558385581053781,0.18045164400459174,False,0.024613085899213627,0.778334116868886,1.0725912762061935
"Beta(1,5)",1000,20,Chronological GE,0.15475702797994018,0.17678087251260877,False,0.02202384453266859,0.6964551155667938,0.959757082512621
"Beta(1,5)",1000,20,Permutation-integrated GE (randomized),0.15384957890042766,0.17647401008982713,False,0.02262443118939947,0.7154473332425465,0.9859295019830281
"Beta(1,5)",1000,21,Chronological GE,0.1564360703341663,0.18049400253221393,False,0.024057932198047638,0.760778615397316,1.048398738169212
"Beta(1,5)",1000,21,Permutation-integrated GE (randomized),0.1548594325150786,0.1800359099809522,False,0.025176477465873592,0.7961501225206467,1.097142804688322
"Beta(1,5)",1000,22,Chronological GE,0.15658267261460423,0.18024980323389173,False,0.02366713061928749,0.7484203843765985,1.0313683517389134
"Beta(1,5)",1000,22,Permutation-integrated GE (randomized),0.1570228370256963,0.1805001758975,False,0.0234773388718037,0.7424186423450754,1.02309758985718
"Beta(1,5)",1000,23,Chronological GE,0.1597110559232533,0.1829637954942882,False,0.02325273957103491,0.7353161888319695,1.013309981280463
"Beta(1,5)",1000,23,Permutation-integrated GE (randomized),0.1583820758519247,0.18420961413599662,False,0.025827538284071916,0.8167384733286418,1.1255147917174455
"Beta(1,5)",1000,24,Chronological GE,0.15479817101731896,0.17929224716499448,False,0.024494076147675514,0.7745706980825744,1.0674050585248371
"Beta(1,5)",1000,24,Permutation-integrated GE (randomized),0.1564815069970774,0.17892530470345003,False,0.022443797706372615,0.7097352009620043,0.9780578397754245
"Beta(1,5)",1000,25,Chronological GE,0.15316502610221505,0.17532997531816363,False,0.02216494921594858,0.7009172374436083,0.9659061551213015
"Beta(1,5)",1000,25,Permutation-integrated GE (randomized),0.15407512275948834,0.1747939774358963,False,0.020718854676407966,0.6551877128748007,0.9028881169105695
"Beta(1,5)",1000,26,Chronological GE,0.15471171913668513,0.1785510224290192,False,0.02383930329233408,0.7538649623532655,1.038871308006448
"Beta(1,5)",1000,26,Permutation-integrated GE (randomized),0.15475934596843746,0.18022994358799604,False,0.025470597619558583,0.80545101843468,1.109959999260784
"Beta(1,5)",1000,27,Chronological GE,0.16132462723180652,0.18471349077299237,False,0.023388863541185856,0.7396208067301873,1.0192420039233907
"Beta(1,5)",1000,27,Permutation-integrated GE (randomized),0.16070223691033275,0.18435584580682282,False,0.02365360889649007,0.7479927899573058,1.0307791008838527
"Beta(1,5)",1000,28,Chronological GE,0.15245644142851233,0.17576492065563798,False,0.023308479227125645,0.7370788315243816,1.0157390090385616
"Beta(1,5)",1000,28,Permutation-integrated GE (randomized),0.1527904005089295,0.1767369020529012,False,0.02394650154397171,0.7572548687168934,1.0435428030803247
"Beta(1,5)",1000,29,Chronological GE,0.14994068956002593,0.17255912767723203,False,0.022618438117206097,0.7152578156594178,0.985668335342705
"Beta(1,5)",1000,29,Permutation-integrated GE (randomized),0.14803167026754696,0.1743756742203067,False,0.026344003952759737,0.833070551791996,1.1480213791873348
"Beta(1,5)",1000,30,Chronological GE,0.15277091274037957,0.1759438938461244,False,0.02317298110574484,0.7327940047020085,1.00983425968976
"Beta(1,5)",1000,30,Permutation-integrated GE (randomized),0.15225141794935856,0.1750149102025617,False,0.02276349225320315,0.7198448301972028,0.9919895175579361
"Beta(1,5)",1000,31,Chronological GE,0.14903382444754243,0.1743455515243113,False,0.025311727076768875,0.8004270907514529,1.103036724424782
"Beta(1,5)",1000,31,Permutation-integrated GE (randomized),0.1489892077735415,0.17480328725702654,False,0.025814079483485047,0.8163128686843566,1.1249282828921487
"Beta(1,5)",1000,32,Chronological GE,0.1559468056075275,0.18004377046599984,False,0.024096964858472347,0.762012936498096,1.050099706964027
"Beta(1,5)",1000,32,Permutation-integrated GE (randomized),0.1553808909563918,0.18078753222450017,False,0.025406641268108376,0.8034285410205114,1.1071729036115685
"Beta(1,5)",1000,33,Chronological GE,0.1528170765377581,0.17596556479111314,False,0.023148488253355026,0.7320194727025474,1.0087669079602657
"Beta(1,5)",1000,33,Permutation-integrated GE (randomized),0.1527884549878752,0.17533545236342468,False,0.022546997375549493,0.7129986610457524,0.9825550842623509
"Beta(1,5)",1000,34,Chronological GE,0.15244081756100059,0.17760529229417443,False,0.025164474733173847,0.7957705627858729,1.0966197485206761
"Beta(1,5)",1000,34,Permutation-integrated GE (randomized),0.15269525208853696,0.17760714197311475,False,0.024911889884577793,0.7877831285457497,1.085612583217822
"Beta(1,5)",1000,35,Chronological GE,0.15625203726813197,0.17862729402258992,False,0.02237525675445795,0.7075677457515401,0.9750709559938632
"Beta(1,5)",1000,35,Permutation-integrated GE (randomized),0.15661440560817724,0.17844629859791972,False,0.021831892989742474,0.6903850748064927,0.9513922008703946
"Beta(1,5)",1000,36,Chronological GE,0.15644906228408217,0.17745403619483113,False,0.02100497391074896,0.6642355975038107,0.9153566466985692
"Beta(1,5)",1000,36,Permutation-integrated GE (randomized),0.156427343914587,0.1777928442783653,False,0.021365500363778295,0.6756364449869549,0.9310677009704427
"Beta(1,5)",1000,37,Chronological GE,0.15327213844284415,0.17590780602768064,False,0.022635667584836483,0.7158026592652594,0.9864191626363529
"Beta(1,5)",1000,37,Permutation-integrated GE (randomized),0.15406597265322103,0.17680565020741423,False,0.022739677554193205,0.719091743290575,0.9909517184575657
"Beta(1,5)",1000,38,Chronological GE,0.1547175026498735,0.1777735915966332,False,0.0230560889467597,0.729097550071933,1.00474032264758
"Beta(1,5)",1000,38,Permutation-integrated GE (randomized),0.15534266678656172,0.17763650123676866,False,0.02229383445020694,0.704992946413816,0.9715227274789238
"Beta(1,5)",1000,39,Chronological GE,0.1530065997503698,0.17766199121251702,False,0.024655391462147236,0.779671936234544,1.0744348718415961
"Beta(1,5)",1000,39,Permutation-integrated GE (randomized),0.15382144330177377,0.1765802925943412,False,0.022758849292567412,0.7196980068902485,0.9917871862007852
"Beta(1,5)",1000,40,Chronological GE,0.15629400266334414,0.17981665721163154,False,0.02352265454828739,0.7438516498590734,1.0250723604922325
"Beta(1,5)",1000,40,Permutation-integrated GE (randomized),0.15431676326081922,0.1788886160161639,False,0.02457185275534468,0.7770302103717333,1.0707944145454702
"Beta(1,5)",1000,41,Chronological GE,0.16134902788326144,0.18663601810112596,False,0.025286990217864513,0.7996448425884929,1.1019587393573993
"Beta(1,5)",1000,41,Permutation-integrated GE (randomized),0.16291511039716317,0.18639465700231547,False,0.023479546605152307,0.7424884570035545,1.0231937986600745
"Beta(1,5)",1000,42,Chronological GE,0.15585111686959863,0.17884817952290177,False,0.022997062653303146,0.7272309747803309,1.0021680695100605
"Beta(1,5)",1000,42,Permutation-integrated GE (randomized),0.1556946435947038,0.17927260680584733,False,0.023577963211143527,0.7456006633487108,1.0274826063882994
"Beta(1,5)",1000,43,Chronological GE,0.1572159961797297,0.18157134531065822,False,0.024355349130928516,0.770183764623366,1.06135960008268
"Beta(1,5)",1000,43,Permutation-integrated GE (randomized),0.15785271972880371,0.18108894039759832,False,0.023236220668794605,0.7347938152767194,1.0125901190694422
"Beta(1,5)",1000,44,Chronological GE,0.15553096355870366,0.17934730043634772,False,0.023816336877644062,0.7531387005521815,1.0378704755166448
"Beta(1,5)",1000,44,Permutation-integrated GE (randomized),0.15546196935253276,0.18045649467973257,False,0.024994525327199812,0.7903962906871672,1.0892136779860588
"Beta(1,5)",1000,45,Chronological GE,0.1564292530529201,0.18012065580114722,False,0.02369140274822712,0.7491879364877037,1.0324260847619973
"Beta(1,5)",1000,45,Permutation-integrated GE (randomized),0.15508683126359873,0.17929226657023017,False,0.02420543530663144,0.7654430732481154,1.0548266419326053
"Beta(1,5)",1000,46,Chronological GE,0.15961658721789718,0.18354671588167548,False,0.023930128663778305,0.7567371127842112,1.0428293042312275
"Beta(1,5)",1000,46,Permutation-integrated GE (randomized),0.15984441811041522,0.1825505852213915,False,0.022706167110976283,0.7180320500309029,0.9894913973420641
"Beta(1,5)",1000,47,Chronological GE,0.14609519252553582,0.16947735892608762,False,0.023382166400551796,0.7394090245480462,1.0189501553250868
"Beta(1,5)",1000,47,Permutation-integrated GE (randomized),0.14726316797372313,0.17057343953213827,False,0.02331027155841514,0.7371355100163455,1.0158171154130755
"Beta(1,5)",1000,48,Chronological GE,0.1537473159842193,0.17751979874446988,False,0.02377248276025057,0.751751911594783,1.035959396835386
"Beta(1,5)",1000,48,Permutation-integrated GE (randomized),0.15489533480712753,0.1771666372154024,False,0.02227130240827488,0.7042804206854187,0.9705408241243261
"Beta(1,5)",1000,49,Chronological GE,0.16135856648907065,0.18544652359560132,False,0.024087957106530666,0.7617280863707608,1.049707166337856
"Beta(1,5)",1000,49,Permutation-integrated GE (randomized),0.16133009267589266,0.18664424783410158,False,0.025314155158208923,0.8005038734284022,1.1031425355766702
"Beta(1,5)",1000,50,Chronological GE,0.15350449969992042,0.17788493679836392,False,0.024380437098443508,0.7709771158154829,1.0624528857927495
"Beta(1,5)",1000,50,Permutation-integrated GE (randomized),0.154420514797185,0.17810304695722967,False,0.023682532160044678,0.7489074238592848,1.0320395214704918
"Beta(1,5)",1000,51,Chronological GE,0.15954563720151782,0.1816543028689921,False,0.02210866566747427,0.6991373953638551,0.963453425571879
"Beta(1,5)",1000,51,Permutation-integrated GE (randomized),0.1592721393543588,0.1816203539503246,False,0.02234821459596581,0.7067125976147158,0.9738925103732194
"Beta(1,5)",1000,52,Chronological GE,0.15671885339543223,0.1781572070904076,False,0.021438353694975376,0.6779402696040886,0.9342425100051378
"Beta(1,5)",1000,52,Permutation-integrated GE (randomized),0.15561880429275698,0.17757309476333466,False,0.021954290470577675,0.6942556229995531,0.9567260493244661
"Beta(1,5)",1000,53,Chronological GE,0.1520246476866305,0.17597854090854526,False,0.023953893221914768,0.7574886140971984,1.0438649182880932
"Beta(1,5)",1000,53,Permutation-integrated GE (randomized),0.15272365319302134,0.17545784110582135,False,0.02273418791280002,0.7189181455871749,0.9907124903700376
"Beta(1,5)",1000,54,Chronological GE,0.15538165671750903,0.17873936472460628,False,0.023357708007097244,0.738635582235797,1.0178843052501798
"Beta(1,5)",1000,54,Permutation-integrated GE (randomized),0.15624131426784438,0.178606517163821,False,0.022365202895976627,0.7072498148308003,0.9746328280426003
"Beta(1,5)",1000,55,Chronological GE,0.1557235079817474,0.17908623488619924,False,0.023362726904451847,0.7387942937056283,1.0181030192115563
"Beta(1,5)",1000,55,Permutation-integrated GE (randomized),0.15611713698078028,0.17986633763626272,False,0.023749200655482444,0.7510156667968836,1.0349448071748992
"Beta(1,5)",1000,56,Chronological GE,0.15314435167238116,0.17763656983152032,False,0.024492218159139156,0.7745119433261606,1.0673240909329005
"Beta(1,5)",1000,56,Permutation-integrated GE (randomized),0.15515620811270675,0.17912405530010939,False,0.023967847187402636,0.7579298772305287,1.044473005454085
"Beta(1,5)",1000,57,Chronological GE,0.15421727625653148,0.17729199724271894,False,0.023074720986187458,0.7296867468923908,1.0055522713414566
"Beta(1,5)",1000,57,Permutation-integrated GE (randomized),0.15462856149914814,0.17903878654412064,False,0.024410225044972506,0.7719190933939922,1.0637509876119984
"Beta(1,5)",1000,58,Chronological GE,0.15707487845793366,0.18008189788088202,False,0.02300701942294836,0.727545835482496,1.0026019665152708
"Beta(1,5)",1000,58,Permutation-integrated GE (randomized),0.157064388299685,0.18113966339792015,False,0.02407527509823515,0.761327046055571,1.0491545086370604
"Beta(1,5)",1000,59,Chronological GE,0.15011555375531316,0.17397088231518865,False,0.02385532855987549,0.7543717258087097,1.0395696585600587
"Beta(1,5)",1000,59,Permutation-integrated GE (randomized),0.14902199727108278,0.17289716451135712,False,0.02387516724027433,0.7549990799670345,1.040434190362953
"Beta(1,5)",1000,60,Chronological GE,0.1564880874939263,0.17863964242860675,False,0.022151554934680462,0.7004936730793264,0.9653224579246937
"Beta(1,5)",1000,60,Permutation-integrated GE (randomized),0.1569017434538107,0.17864353552953982,False,0.021741792075729127,0.6875358337310411,0.9474657751168483
"Beta(1,5)",1000,61,Chronological GE,0.15282258624210954,0.17658290779218078,False,0.02376032155007124,0.751367340362076,1.0354294345218478
"Beta(1,5)",1000,61,Permutation-integrated GE (randomized),0.15290890377982708,0.17636611749473108,False,0.023457213714904,0.7417822290043624,1.0222205739555053
"Beta(1,5)",1000,62,Chronological GE,0.15393988555297256,0.1790340687148273,False,0.025094183161854744,0.7935477481290676,1.0935565760888883
"Beta(1,5)",1000,62,Permutation-integrated GE (randomized),0.1542196145553385,0.17899624766926248,False,0.024776633113923974,0.7835059339034989,1.079718351472759
"Beta(1,5)",1000,63,Chronological GE,0.15476299030706286,0.179238875862211,False,0.024475885555148125,0.7739954610388284,1.0666123472437814
"Beta(1,5)",1000,63,Permutation-integrated GE (randomized),0.15363815602392145,0.17955334345283205,False,0.025915187428910608,0.8195101826552044,1.1293343740528696
"Beta(1,5)",1000,64,Chronological GE,0.15454564848914742,0.1766603202559054,False,0.022114671766757965,0.6993273248997509,0.9637151599079187
"Beta(1,5)",1000,64,Permutation-integrated GE (randomized),0.153587269348458,0.17630826480251016,False,0.02272099545405215,0.7185009634113642,0.9901375882134119
"Beta(1,5)",1000,65,Chronological GE,0.1561578311957419,0.17946643894538283,False,0.02330860774964094,0.7370828957631711,1.0157446098043197
"Beta(1,5)",1000,65,Permutation-integrated GE (randomized),0.15546077458094093,0.17938291423230046,False,0.02392213965135953,0.7564844780292242,1.042481158327826
"Beta(1,5)",1000,66,Chronological GE,0.1552376332692802,0.17906137136742473,False,0.02382373809814453,0.7533727476946476,1.0381930065708405
"Beta(1,5)",1000,66,Permutation-integrated GE (randomized),0.15502089219849552,0.1791147890267462,False,0.024093896828250694,0.7619159168637893,1.0499660080664421
"Beta(1,5)",1000,67,Chronological GE,0.15972853498533368,0.18311369651928544,False,0.02338516153395176,0.7395037389824456,1.0190806775184043
"Beta(1,5)",1000,67,Permutation-integrated GE (randomized),0.16069540912847874,0.18462454245080512,False,0.02392913332232638,0.7567056373238346,1.0427859291517045
"Beta(1,5)",1000,68,Chronological GE,0.15631021978333592,0.1806000010110438,False,0.024289781227707863,0.7681103254675784,1.058502276085129
"Beta(1,5)",1000,68,Permutation-integrated GE (randomized),0.15626758370405364,0.18074193062825125,False,0.024474346924197615,0.773946805256008,1.0665452966455111
"Beta(1,5)",1000,69,Chronological GE,0.1593499411828816,0.18172346195206046,False,0.022373520769178867,0.7075128490768758,0.9749953050708707
"Beta(1,5)",1000,69,Permutation-integrated GE (randomized),0.1581563957367671,0.1818614142001152,False,0.023705018463348104,0.7496185032052467,1.0330194316230075
"Beta(1,5)",1000,70,Chronological GE,0.15507734892889857,0.1786819533444941,False,0.02360460441559553,0.7464431322054963,1.0286435791976356
"Beta(1,5)",1000,70,Permutation-integrated GE (randomized),0.1549084468326101,0.17950327236881247,False,0.024594825536202375,0.7777566734887155,1.071795524460702
"Beta(1,5)",1000,71,Chronological GE,0.15173014579340816,0.17556812101975083,False,0.023837975226342678,0.7538229652191072,1.0388134334269485
"Beta(1,5)",1000,71,Permutation-integrated GE (randomized),0.15207695111988792,0.17551256513990013,False,0.023435614020012208,0.7410991866781347,1.0212793005042802
"Beta(1,5)",1000,72,Chronological GE,0.1473026112653315,0.16968757892027497,False,0.022384967654943466,0.7078748313881947,0.9754941384906667
"Beta(1,5)",1000,72,Permutation-integrated GE (randomized),0.14740350947275194,0.16921996272910278,False,0.021816453256350843,0.6898968275666596,0.9507193667767493
"Beta(1,5)",1000,73,Chronological GE,0.15583009319379926,0.1781099014915526,False,0.022279808297753334,0.7045494005281946,0.9709114945428313
"Beta(1,5)",1000,73,Permutation-integrated GE (randomized),0.15458034500024773,0.1782994943504449,False,0.023719149350197172,0.7500653610832585,1.0336352286840276
"Beta(1,5)",1000,74,Chronological GE,0.1426122230477631,0.16414324240759015,False,0.02153101935982704,0.6808706152223393,0.9382807027019308
"Beta(1,5)",1000,74,Permutation-integrated GE (randomized),0.14295104255993812,0.16520298669142136,False,0.022251944131483237,0.7036682582230431,0.9696972273931351
"Beta(1,5)",1000,75,Chronological GE,0.15692029567435384,0.18013736652210355,False,0.02321707084774971,0.7341882447638545,1.0117556064415756
"Beta(1,5)",1000,75,Permutation-integrated GE (randomized),0.1566826298698842,0.17982969284424183,False,0.02314706297435762,0.7319744014232173,1.0087047970236265
"Beta(1,5)",1000,76,Chronological GE,0.15229122387245297,0.17497459752485156,False,0.022683373652398586,0.7173112575823206,0.988498101949316
"Beta(1,5)",1000,76,Permutation-integrated GE (randomized),0.1519238391520103,0.17598097450994932,False,0.02405713535793902,0.7607534171005739,1.0483640133991228
"Beta(1,5)",1000,77,Chronological GE,0.1475912262685597,0.17218089057132602,False,0.024589664302766323,0.7775934609567781,1.0715706077647364
"Beta(1,5)",1000,77,Permutation-integrated GE (randomized),0.14757498890371923,0.17120397525658063,False,0.023628986352861397,0.7472141567607711,1.0297060974578596
"Beta(1,5)",1000,78,Chronological GE,0.15444876486435533,0.17729480797424912,False,0.0228460431098938,0.7224553174966089,0.99558692623283
"Beta(1,5)",1000,78,Permutation-integrated GE (randomized),0.1545256973688128,0.17781127862742596,False,0.02328558125861316,0.7363547341814788,1.0147411593024536
"Beta(1,5)",1000,79,Chronological GE,0.15232453355565667,0.17538954550400376,False,0.02306501194834709,0.7293797201577475,1.0051291700151712
"Beta(1,5)",1000,79,Permutation-integrated GE (randomized),0.15230662785585003,0.175741750297426,False,0.023435122441575973,0.7410836416030634,1.0212578784548696
"Beta(1,5)",1000,80,Chronological GE,0.1615012655965984,0.18412009486928582,False,0.022618829272687435,0.7152701850818206,0.9856853811515336
"Beta(1,5)",1000,80,Permutation-integrated GE (randomized),0.1616954719564866,0.18363455932639156,False,0.021939087369904964,0.6937748587433271,0.9560635272327787
"Beta(1,5)",1000,81,Chronological GE,0.15656673861667514,0.181163449306041,False,0.024596710689365864,0.7778162872660644,1.0718776758352089
"Beta(1,5)",1000,81,Permutation-integrated GE (randomized),0.15692632797930184,0.18128600836836,False,0.02435968038905817,0.7703207310316043,1.0615483480399206
"Beta(1,5)",1000,82,Chronological GE,0.1547587555833161,0.17626399686560035,False,0.02150524128228426,0.680055440834983,0.9371573433148562
"Beta(1,5)",1000,82,Permutation-integrated GE (randomized),0.15447451302757226,0.17657038823312338,False,0.02209587520555112,0.6987329254438269,0.962896041669121
"Beta(1,5)",1000,83,Chronological GE,0.15778737561777234,0.1783526516519487,False,0.02056527603417635,0.6503311297807203,0.896195452994157
"Beta(1,5)",1000,83,Permutation-integrated GE (randomized),0.15895213964635874,0.17776419586539582,False,0.018812056219037088,0.5948894512329261,0.8197934818357869
"Beta(1,5)",1000,84,Chronological GE,0.15248506469652057,0.1758383703418076,False,0.023353305645287037,0.738496367331753,1.017692458730338
"Beta(1,5)",1000,84,Permutation-integrated GE (randomized),0.15162063868729223,0.1752154140345389,False,0.023594775347246688,0.7461323097728981,1.028215247171031
"Beta(1,5)",1000,85,Chronological GE,0.15797955030575395,0.1820866991765797,False,0.024107148870825768,0.762334983245657,1.0505435067724616
"Beta(1,5)",1000,85,Permutation-integrated GE (randomized),0.15796464813324634,0.18269313853128302,False,0.02472849039803668,0.7819835275539966,1.0776203838597165
"Beta(1,5)",1000,86,Chronological GE,0.15237241564318538,0.17698047077283263,False,0.024608055129647255,0.778175029966754,1.072372044876502
"Beta(1,5)",1000,86,Permutation-integrated GE (randomized),0.15288173292316676,0.17700669555956866,False,0.024124962636401903,0.7628983039749059,1.0513197966546641
"Beta(1,5)",1000,87,Chronological GE,0.15105141745880246,0.17427444970235229,False,0.023223032243549824,0.7343767606514756,1.0120153926851776
"Beta(1,5)",1000,87,Permutation-integrated GE (randomized),0.15087143337632458,0.17447062321518114,False,0.02359918983885656,0.7462719082548871,1.028407622284376
"Beta(1,5)",1000,88,Chronological GE,0.15510151581838727,0.17888613557443023,False,0.023784619756042957,0.7521357171013413,1.0364883039321868
"Beta(1,5)",1000,88,Permutation-integrated GE (randomized),0.15605187343662702,0.17862423457646953,False,0.02257236113984251,0.7138007336977683,0.9836603886692766
"Beta(1,5)",1000,89,Chronological GE,0.16062656650319695,0.1851760013960302,False,0.024549434892833233,0.7763212953136465,1.0698174869119572
"Beta(1,5)",1000,89,Permutation-integrated GE (randomized),0.16081442756230374,0.18485615235934977,False,0.024041724797046027,0.7602660923761482,1.0476924505872531
"Beta(1,5)",1000,90,Chronological GE,0.14585659326985478,0.17024372844025493,False,0.024387135170400143,0.7711889274486295,1.0627447749763126
"Beta(1,5)",1000,90,Permutation-integrated GE (randomized),0.14594317841156207,0.16968326079229057,False,0.0237400823807285,0.7507273216313469,1.034547450175652
"Beta(1,5)",1000,91,Chronological GE,0.16629877826198936,0.18928102822974324,False,0.022982249967753887,0.7267625565343357,1.001522560963819
"Beta(1,5)",1000,91,Permutation-integrated GE (randomized),0.1655495850342017,0.18970909280451592,False,0.024159507770314226,0.7639907170272905,1.052825207614568
"Beta(1,5)",1000,92,Chronological GE,0.15123266587033868,0.17300866590812802,False,0.021776000037789345,0.6886175844732703,0.9489564927713848
"Beta(1,5)",1000,92,Permutation-integrated GE (randomized),0.1513235695128489,0.17291318454268345,False,0.021589615029834558,0.682723573004813,0.940834190091967
"Beta(1,5)",1000,93,Chronological GE,0.14882463263347745,0.1737698637880385,False,0.024945231154561043,0.7888374720780466,1.0870655320868956
"Beta(1,5)",1000,93,Permutation-integrated GE (randomized),0.15042890187928026,0.17353727396676796,False,0.0231083720874877,0.7307508881512089,1.0070187220675935
"Beta(1,5)",1000,94,Chronological GE,0.15688281087204814,0.18166390573605895,False,0.02478109486401081,0.7836470268297475,1.0799127860202737
"Beta(1,5)",1000,94,Permutation-integrated GE (randomized),0.15734208340718916,0.1819324365164169,False,0.024590353109227747,0.7776152429296295,1.0716006246348087
"Beta(1,5)",1000,95,Chronological GE,0.15771700209006667,0.18103920994326472,False,0.02332220785319805,0.7375129687997173,1.0163372763431922
"Beta(1,5)",1000,95,Permutation-integrated GE (randomized),0.157498585414571,0.1814996750314159,False,0.024001089616844884,0.7589810951504782,1.045921647041152
"Beta(1,5)",1000,96,Chronological GE,0.1577853518538177,0.18285092944279313,False,0.02506557758897543,0.7926431604883418,1.0923099998551373
"Beta(1,5)",1000,96,Permutation-integrated GE (randomized),0.15915823723614253,0.18323328302714056,False,0.024075045790998034,0.7613197947240385,1.049144515865609
"Beta(1,5)",1000,97,Chronological GE,0.15767511678859591,0.1810654723085463,False,0.02339035551995039,0.7396679872413525,1.0193070215084947
"Beta(1,5)",1000,97,Permutation-integrated GE (randomized),0.1576175817657551,0.18163454304198917,False,0.024016961276234067,0.7594830010896404,1.0466133036448573
"Beta(1,5)",1000,98,Chronological GE,0.15376386372372508,0.17838351847603917,False,0.02461965475231409,0.7785418422430113,1.072877534278793
"Beta(1,5)",1000,98,Permutation-integrated GE (randomized),0.1545528479901086,0.17876169687623666,False,0.024208848886128065,0.7655510201099494,1.0549753992076463
"Beta(1,5)",1000,99,Chronological GE,0.1573295001871884,0.18092688964679837,False,0.023597389459609985,0.7462149752641744,1.028329165195263
"Beta(1,5)",1000,99,Permutation-integrated GE (randomized),0.15723064589958197,0.18107081356190632,False,0.023840167662324357,0.7538922961323693,1.038908975599808
"Beta(1,5)",5000,0,Chronological GE,0.16067922906950116,0.1710796463303268,False,0.010400417260825634,0.7354205572299424,1.0134538072168457
"Beta(1,5)",5000,0,Permutation-integrated GE (randomized),0.16105448506457662,0.17127790175463467,False,0.010223416690058051,0.7229047268435776,0.9962062393716955
"Beta(1,5)",5000,1,Chronological GE,0.16264983313158154,0.17290891939774156,False,0.010259086266160011,0.7254269467579523,0.999682010275475
"Beta(1,5)",5000,1,Permutation-integrated GE (randomized),0.162584160441054,0.17279673484843075,False,0.010212574407376745,0.7221380616828283,0.9951497286196049
"Beta(1,5)",5000,2,Chronological GE,0.16156225884333253,0.17176167713478208,False,0.010199418291449547,0.7212077838042086,0.9938677496912378
"Beta(1,5)",5000,2,Permutation-integrated GE (randomized),0.16156262168740282,0.17152384499520001,False,0.009961223307797196,0.7043648549856889,0.9706571796738511
"Beta(1,5)",5000,3,Chronological GE,0.15797804715111852,0.16847167490050197,False,0.01049362774938345,0.7420115340836366,1.0225365701611049
"Beta(1,5)",5000,3,Permutation-integrated GE (randomized),0.15788005979380146,0.16839761744851248,False,0.010517557654711018,0.7437036339166643,1.0248683856116168
"Beta(1,5)",5000,4,Chronological GE,0.1631508688442409,0.17343398788943887,False,0.010283119045197964,0.7271263208608016,1.0020238501077818
"Beta(1,5)",5000,4,Permutation-integrated GE (randomized),0.163225894960435,0.17371135385370695,False,0.01048545889327196,0.7414339087285394,1.0217405676432079
"Beta(1,5)",5000,5,Chronological GE,0.162110046017915,0.17214597528800368,False,0.010035929270088673,0.7096473642388259,0.9779367954822735
"Beta(1,5)",5000,5,Permutation-integrated GE (randomized),0.16223090526479828,0.17210351551456976,False,0.009872610249771485,0.6980989655625233,0.962022406782234
"Beta(1,5)",5000,6,Chronological GE,0.15566411754116416,0.16566133731976151,False,0.009997219778597355,0.7069101898458465,0.9741648043646605
"Beta(1,5)",5000,6,Permutation-integrated GE (randomized),0.15564835874271654,0.1657514439996839,False,0.010103085256967348,0.7143960096107445,0.9844807147186633
"Beta(1,5)",5000,7,Chronological GE,0.16109012765809894,0.17117770621553063,False,0.010087578557431698,0.7132995203711965,0.9829696865274229
"Beta(1,5)",5000,7,Permutation-integrated GE (randomized),0.16109141676525143,0.17123564608586933,False,0.010144229320617898,0.717305334252032,0.9884899392435371
"Beta(1,5)",5000,8,Chronological GE,0.1624872419051826,0.17278805980458856,False,0.010300817899405956,0.728377818843772,1.0037484896804678
"Beta(1,5)",5000,8,Permutation-integrated GE (randomized),0.16235280045825423,0.17265013181711647,False,0.010297331358862238,0.7281312831976375,1.0034087487162897
"Beta(1,5)",5000,9,Chronological GE,0.15935628255829215,0.16930163418874145,False,0.009945351630449295,0.7032425579175383,0.969110586740918
"Beta(1,5)",5000,9,Permutation-integrated GE (randomized),0.15946315549276302,0.1693425998851043,False,0.009879444392341286,0.6985822124179933,0.9626883500451562
"Beta(1,5)",5000,10,Chronological GE,0.16209478257223964,0.17228714982047677,False,0.010192367248237133,0.7207091997572148,0.9931806708549503
"Beta(1,5)",5000,10,Permutation-integrated GE (randomized),0.1620442394545608,0.17237078847741852,False,0.010326549022857706,0.7301972840318001,1.0062558222587832
"Beta(1,5)",5000,11,Chronological GE,0.16113037383183837,0.1715860445983708,False,0.010455670766532421,0.7393275700869023,1.0188379061732924
"Beta(1,5)",5000,11,Permutation-integrated GE (randomized),0.16090576616575386,0.17142018868722111,False,0.010514422521467254,0.7434819465190053,1.0245628870299404
"Beta(1,5)",5000,12,Chronological GE,0.161975194234401,0.1722287512384355,False,0.01025355700403452,0.7250359688835629,0.9991432192239575
"Beta(1,5)",5000,12,Permutation-integrated GE (randomized),0.16188450506364238,0.1720823409291936,False,0.01019783586555123,0.721095889395866,0.9937135524594277
"Beta(1,5)",5000,13,Chronological GE,0.16011625668033957,0.17048953427001834,False,0.010373277589678764,0.7335014926792299,1.0108092207199166
"Beta(1,5)",5000,13,Permutation-integrated GE (randomized),0.16027146284309016,0.17061062492364276,False,0.010339162080552605,0.7310891618945561,1.0074848836532417
"Beta(1,5)",5000,14,Chronological GE,0.15837311604991555,0.16866849223151803,False,0.010295376181602478,0.7279930312877577,1.0032182292603877
"Beta(1,5)",5000,14,Permutation-integrated GE (randomized),0.1583000905885253,0.16850654450651537,False,0.010206453917990077,0.7217052777278791,0.9945533262719499
"Beta(1,5)",5000,15,Chronological GE,0.1628456092439592,0.17301695747300982,False,0.010171348229050636,0.7192229306571486,0.9911325025474388
"Beta(1,5)",5000,15,Permutation-integrated GE (randomized),0.1628571462532519,0.17294786901633363,False,0.010090722763081733,0.713521849284855,0.983276069156772
"Beta(1,5)",5000,16,Chronological GE,0.16159458504989743,0.17195122549310327,False,0.010356640443205833,0.7323250687701696,1.009188037741256
"Beta(1,5)",5000,16,Permutation-integrated GE (randomized),0.1616691847751472,0.17200468827131418,False,0.010335503496166992,0.730830460911695,1.0071283781225848
"Beta(1,5)",5000,17,Chronological GE,0.16346778767183423,0.1740527073852718,False,0.010584919713437557,0.7484668507686865,1.0314323852249319
"Beta(1,5)",5000,17,Permutation-integrated GE (randomized),0.16372941179028544,0.17424787175154283,False,0.010518459961257387,0.7437674366244289,1.0249563095844498
"Beta(1,5)",5000,18,Chronological GE,0.16245819767937064,0.17258094204589725,False,0.010122744366526604,0.7157861185788884,0.986396368574626
"Beta(1,5)",5000,18,Permutation-integrated GE (randomized),0.1621066801776082,0.17236104312392492,False,0.010254362946316709,0.7250929576088609,0.9992217531186848
"Beta(1,5)",5000,19,Chronological GE,0.1623245091177523,0.17272966960445046,False,0.01040516048669815,0.735755953947858,1.013916004088225
"Beta(1,5)",5000,19,Permutation-integrated GE (randomized),0.16235004401759928,0.17279222665583235,False,0.010442182638233072,0.7383738153883038,1.0175235747734654
"Beta(1,5)",5000,20,Chronological GE,0.16018587118014693,0.17036011861637235,False,0.010174247436225414,0.7194279355624836,0.9914150116502471
"Beta(1,5)",5000,20,Permutation-integrated GE (randomized),0.16041151368741102,0.1704015335905079,False,0.009990019903096864,0.7064010817668369,0.9734632227786078
"Beta(1,5)",5000,21,Chronological GE,0.1638707029633224,0.17452625697478652,False,0.010655554011464119,0.7534614498805797,1.0383152435237752
"Beta(1,5)",5000,21,Permutation-integrated GE (randomized),0.16378194587205952,0.17447690374736918,False,0.010694957875309663,0.7562477238135933,1.0421548967638175
"Beta(1,5)",5000,22,Chronological GE,0.1640050238929689,0.17442248435691,False,0.010417460463941097,0.7366256936795508,1.015114557805151
"Beta(1,5)",5000,22,Permutation-integrated GE (randomized),0.16399757700873102,0.17442822784699888,False,0.010430650838267858,0.7375583939928348,1.0163998749943393
"Beta(1,5)",5000,23,Chronological GE,0.16181454388424754,0.1719993376173079,False,0.01018479373306036,0.7201736713633232,0.9924426804842345
"Beta(1,5)",5000,23,Permutation-integrated GE (randomized),0.16189991102793452,0.17213718278025958,False,0.010237271752325056,0.7238844276918537,0.9975563261279846
"Beta(1,5)",5000,24,Chronological GE,0.1636605910025537,0.17415906535461545,False,0.010498474352061749,0.7423542406455909,1.0230088404376918
"Beta(1,5)",5000,24,Permutation-integrated GE (randomized),0.16375655457690438,0.174153784609329,False,0.010397230032424626,0.7351951861483881,1.0131432322969685
"Beta(1,5)",5000,25,Chronological GE,0.16052004089578986,0.17064576363191009,False,0.010125722736120224,0.7159967211125413,0.9866865915462872
"Beta(1,5)",5000,25,Permutation-integrated GE (randomized),0.1604125540328098,0.17047087740319222,False,0.010058323370382427,0.7112308662564545,0.980118956604538
"Beta(1,5)",5000,26,Chronological GE,0.1636687838472426,0.17402444360777736,False,0.010355659760534763,0.732255724033479,1.00909247651888
"Beta(1,5)",5000,26,Permutation-integrated GE (randomized),0.16360691011802625,0.173929575640712,False,0.010322665522685737,0.7299226791011661,1.0058774001305255
"Beta(1,5)",5000,27,Chronological GE,0.16225604014471173,0.17239519720897079,False,0.010139157064259052,0.7169466715653063,0.9879956804663037
"Beta(1,5)",5000,27,Permutation-integrated GE (randomized),0.16209145361970478,0.17241156085464815,False,0.010320107234943365,0.7297417808400805,1.0056281114349432
"Beta(1,5)",5000,28,Chronological GE,0.16361998161301017,0.17411225056275725,False,0.010492268949747086,0.741915452439922,1.022404163871032
"Beta(1,5)",5000,28,Permutation-integrated GE (randomized),0.16358592489135954,0.1740580814016547,False,0.010472156510295177,0.7404932882076571,1.020444335931077
"Beta(1,5)",5000,29,Chronological GE,0.16095731453970075,0.17104013310745358,False,0.010082818567752838,0.7129629382731665,0.9825058561308748
"Beta(1,5)",5000,29,Permutation-integrated GE (randomized),0.16088920616990057,0.17093117241890154,False,0.010041966249000972,0.7100742431115026,0.9785250602710145
"Beta(1,5)",5000,30,Chronological GE,0.16211432730779052,0.17246634559705853,False,0.010352018289268017,0.7319982331308578,1.008737638551652
"Beta(1,5)",5000,30,Permutation-integrated GE (randomized),0.16221035295673875,0.1724365159295773,False,0.010226162972838543,0.7230989183612918,0.996473846975293
"Beta(1,5)",5000,31,Chronological GE,0.164876161608845,0.17526052566245198,False,0.010384364053606987,0.7342854240615325,1.0118895253648994
"Beta(1,5)",5000,31,Permutation-integrated GE (randomized),0.1652162657321063,0.1754601621458869,False,0.010243896413780595,0.7243528619956815,0.9982018568028864
"Beta(1,5)",5000,32,Chronological GE,0.15967945801094174,0.1699952962808311,False,0.010315838269889355,0.7294399194262465,1.0052121282317348
"Beta(1,5)",5000,32,Permutation-integrated GE (randomized),0.15966447263413966,0.17000643863529347,False,0.010341966001153807,0.7312874290216579,1.0077581076919662
"Beta(1,5)",5000,33,Chronological GE,0.16229176288470626,0.17266383254900575,False,0.010372069664299488,0.7334160794565446,1.010691516156363
"Beta(1,5)",5000,33,Permutation-integrated GE (randomized),0.16217140724102772,0.17263283817568764,False,0.010461430934659927,0.7397348754812756,1.0193991975304206
"Beta(1,5)",5000,34,Chronological GE,0.16076925909146667,0.1711049829609692,False,0.010335723869502544,0.7308460436596912,1.0071498520875541
"Beta(1,5)",5000,34,Permutation-integrated GE (randomized),0.16105239271314412,0.17117074090244902,False,0.010118348189304904,0.7154752619064123,0.985967989363408
"Beta(1,5)",5000,35,Chronological GE,0.16165555035695434,0.171622843015939,False,0.009967292658984661,0.7047940229238948,0.971248598932715
"Beta(1,5)",5000,35,Permutation-integrated GE (randomized),0.16139298565214535,0.17155059471329653,False,0.01015760906115118,0.7182514247781919,0.9897937089522872
"Beta(1,5)",5000,36,Chronological GE,0.15934888133779168,0.16946063423529267,False,0.010111752897500992,0.7150089043505672,0.9853253205722665
"Beta(1,5)",5000,36,Permutation-integrated GE (randomized),0.15952993295931106,0.16959101354059988,False,0.010061080581288823,0.7114258305093618,0.9803876290837577
"Beta(1,5)",5000,37,Chronological GE,0.16361217061057687,0.17442243685945868,False,0.010810266248881817,0.7644012571016395,1.0533909565554616
"Beta(1,5)",5000,37,Permutation-integrated GE (randomized),0.1635685966889277,0.17430532907015373,False,0.010736732381226022,0.7592016274550109,1.046225553834953
"Beta(1,5)",5000,38,Chronological GE,0.16192179406061769,0.17235742090269923,False,0.010435626842081547,0.7379102505968218,1.0168847545797675
"Beta(1,5)",5000,38,Permutation-integrated GE (randomized),0.16179757985976506,0.17253641740008957,False,0.010738837540324508,0.7593504846824125,1.0464306880569416
"Beta(1,5)",5000,39,Chronological GE,0.16316328151151538,0.17357996804639697,False,0.010416686534881592,0.7365709686309374,1.0150391433931902
"Beta(1,5)",5000,39,Permutation-integrated GE (randomized),0.1631634921022831,0.1736210891327418,False,0.010457597030458704,0.7394637775153652,1.0190256082107048
"Beta(1,5)",5000,40,Chronological GE,0.1610574289225042,0.17126150196418166,False,0.010204073041677475,0.7215369243492983,0.9943213251797813
"Beta(1,5)",5000,40,Permutation-integrated GE (randomized),0.16090538019351275,0.17137570901061525,False,0.010470328817102498,0.7403640507826099,1.0202662389780324
"Beta(1,5)",5000,41,Chronological GE,0.16087957238778472,0.17109231417998672,False,0.010212741792201996,0.7221498975773286,0.9951660391948604
"Beta(1,5)",5000,41,Permutation-integrated GE (randomized),0.16078417015442367,0.17110641563458479,False,0.010322245480161113,0.7298929776094114,1.0058364696865736
"Beta(1,5)",5000,42,Chronological GE,0.16448275884613395,0.1746248728595674,False,0.010142114013433456,0.7171557594465908,0.9882838161558047
"Beta(1,5)",5000,42,Permutation-integrated GE (randomized),0.16426633126719475,0.17443680505394393,False,0.010170473786749179,0.719161098249037,0.9910472937661583
"Beta(1,5)",5000,43,Chronological GE,0.16200514836236835,0.17231355840340257,False,0.010308410041034222,0.7289146643266795,1.004488295079149
"Beta(1,5)",5000,43,Permutation-integrated GE (randomized),0.16194407045479628,0.17218464504837866,False,0.01024057459358238,0.7241179738368774,0.9978781667775398
"Beta(1,5)",5000,44,Chronological GE,0.16389727173373103,0.17409190302714705,False,0.010194631293416023,0.7208692919271055,0.99340128750414
"Beta(1,5)",5000,44,Permutation-integrated GE (randomized),0.16377551182575106,0.1742493440361177,False,0.01047383221036663,0.740611778096033,1.020607622131484
"Beta(1,5)",5000,45,Chronological GE,0.1636449065990746,0.17433470906689763,False,0.010689802467823029,0.7558831814542354,1.0416525354436845
"Beta(1,5)",5000,45,Permutation-integrated GE (randomized),0.16338102066660223,0.1741304771614568,False,0.010749456494854565,0.760101358158144,1.047465436916267
"Beta(1,5)",5000,46,Chronological GE,0.1604640274308622,0.17072616098448634,False,0.010262133553624153,0.7256424225209641,0.9999789488506079
"Beta(1,5)",5000,46,Permutation-integrated GE (randomized),0.16011085072624992,0.1705569917778006,False,0.010446141051550673,0.7386537174782654,1.0179092967062164
"Beta(1,5)",5000,47,Chronological GE,0.1633377051912248,0.17375965090468526,False,0.010421945713460445,0.7369428487145953,1.01555161653921
"Beta(1,5)",5000,47,Permutation-integrated GE (randomized),0.1633686434512891,0.1738289978533871,False,0.010460354402097999,0.7396587531338049,1.0192942963523124
"Beta(1,5)",5000,48,Chronological GE,0.1621660110540688,0.17253253934904933,False,0.010366528294980526,0.7330242454742949,1.010151545336668
"Beta(1,5)",5000,48,Permutation-integrated GE (randomized),0.16217099273511038,0.1723192733336054,False,0.010148280598495013,0.7175918028579699,0.9888847102306705
"Beta(1,5)",5000,49,Chronological GE,0.16536810481920838,0.176029731053859,False,0.010661626234650612,0.7538908208997845,1.038906942640483
"Beta(1,5)",5000,49,Permutation-integrated GE (randomized),0.16547071584025658,0.17610522941965706,False,0.010634513579400484,0.7519736666614507,1.0362649886690307
"Beta(1,5)",5000,50,Chronological GE,0.1628346503712237,0.17310701264068484,False,0.010272362269461155,0.7263657019540816,1.0009756714577858
"Beta(1,5)",5000,50,Permutation-integrated GE (randomized),0.16286618302570807,0.1731470751487607,False,0.010280892123052637,0.7269688536857881,1.0018068508595825
"Beta(1,5)",5000,51,Chronological GE,0.16120344819501042,0.1714676241390407,False,0.010264175944030285,0.7257868413315648,1.0001779666670099
"Beta(1,5)",5000,51,Permutation-integrated GE (randomized),0.16114178634391918,0.17161225537596236,False,0.010470469032043184,0.7403739654761482,1.0202799020226876
"Beta(1,5)",5000,52,Chronological GE,0.16224292432889342,0.17248229077085853,False,0.010239366441965103,0.7240325446167496,0.9977604401685473
"Beta(1,5)",5000,52,Permutation-integrated GE (randomized),0.1621325612125816,0.17254186996400997,False,0.01040930875142837,0.7360492805599474,1.0143202258207529
"Beta(1,5)",5000,53,Chronological GE,0.16623480757698417,0.17666397849097848,False,0.010429170913994312,0.7374537475438883,1.0162556658869735
"Beta(1,5)",5000,53,Permutation-integrated GE (randomized),0.16628694227163446,0.1768654964410451,False,0.010578554169410642,0.7480167388339491,1.0308121038778189
"Beta(1,5)",5000,54,Chronological GE,0.16457925224676728,0.17484020674601197,False,0.01026095449924469,0.7255590507862536,0.9998640575804006
"Beta(1,5)",5000,54,Permutation-integrated GE (randomized),0.164778982360878,0.1750221890690178,False,0.010243206708139774,0.7243040924421167,0.9981346494216804
"Beta(1,5)",5000,55,Chronological GE,0.16335466085001826,0.17335244128480554,False,0.009997780434787273,0.7069498342252271,0.9742194367064178
"Beta(1,5)",5000,55,Permutation-integrated GE (randomized),0.16291529355801795,0.17328070690907488,False,0.010365413351056924,0.7329454070333926,1.0100429012182763
"Beta(1,5)",5000,56,Chronological GE,0.1600035740993917,0.1700914348475635,False,0.010087860748171806,0.7133194742697884,0.982997184201098
"Beta(1,5)",5000,56,Permutation-integrated GE (randomized),0.15996022217570877,0.17004140713064364,False,0.010081184954934874,0.712847424403025,0.9823466710627796
"Beta(1,5)",5000,57,Chronological GE,0.16095484653487802,0.17118863435462117,False,0.010233787819743156,0.7236380764564679,0.9972168392929216
"Beta(1,5)",5000,57,Permutation-integrated GE (randomized),0.16084496768137851,0.1713318475481571,False,0.010486879866778598,0.7415343867287825,1.0218790323772797
"Beta(1,5)",5000,58,Chronological GE,0.15811061626300216,0.16857658745720983,False,0.010465971194207668,0.7400559203127312,1.019841616638137
"Beta(1,5)",5000,58,Permutation-integrated GE (randomized),0.15814307067782984,0.1685935745493429,False,0.010450503871513056,0.738962215436315,1.0183344254669375
"Beta(1,5)",5000,59,Chronological GE,0.16513387626037002,0.17547095147892833,False,0.010337075218558311,0.7309415984677995,1.007281532366441
"Beta(1,5)",5000,59,Permutation-integrated GE (randomized),0.1652267159209735,0.17540291488091014,False,0.010176198959936655,0.7195659291274701,0.9916051750913315
"Beta(1,5)",5000,60,Chronological GE,0.15673250379040837,0.16684297053143382,False,0.010110466741025448,0.7149179593540148,0.9851999928912584
"Beta(1,5)",5000,60,Permutation-integrated GE (randomized),0.15682695970917804,0.1666815096499079,False,0.009854549940729873,0.6968219088631583,0.9602625457594771
"Beta(1,5)",5000,61,Chronological GE,0.15826680464670062,0.16872020391747355,False,0.010453399270772934,0.7391669510814053,1.0186165635129167
"Beta(1,5)",5000,61,Permutation-integrated GE (randomized),0.15820258168241813,0.1686832978295878,False,0.010480716147169666,0.7410985459355017,1.021278417522353
"Beta(1,5)",5000,62,Chronological GE,0.16093976376578212,0.17128809122368693,False,0.010348327457904816,0.7317372519423442,1.0083779907603156
"Beta(1,5)",5000,62,Permutation-integrated GE (randomized),0.16076244911286625,0.1711346750449838,False,0.010372225932117562,0.7334271292599287,1.0107067434507302
"Beta(1,5)",5000,63,Chronological GE,0.16443379828706384,0.17484525265172124,False,0.010411454364657402,0.7362009983263527,1.0145293020377204
"Beta(1,5)",5000,63,Permutation-integrated GE (randomized),0.1646390560402233,0.17513450171772946,False,0.010495445677506154,0.7421400810139641,1.0227137155708512
"Beta(1,5)",5000,64,Chronological GE,0.16045359382405877,0.17079586489126086,False,0.010342271067202091,0.7313090004488031,1.0077878344173785
"Beta(1,5)",5000,64,Permutation-integrated GE (randomized),0.16075826151340564,0.17076276059435902,False,0.010004499080953383,0.707424914251672,0.974874125587222
"Beta(1,5)",5000,65,Chronological GE,0.16470251558348536,0.17569224117323756,False,0.010989725589752197,0.777090948789311,1.0708781157419263
"Beta(1,5)",5000,65,Permutation-integrated GE (randomized),0.1648812374323164,0.17576253341982173,False,0.01088129598750534,0.7694238180862997,1.06031234799855
"Beta(1,5)",5000,66,Chronological GE,0.16380427731201053,0.17382311122491956,False,0.010018833912909031,0.7084385399399729,0.9762709628156653
"Beta(1,5)",5000,66,Permutation-integrated GE (randomized),0.16389540087626708,0.17403431060214128,False,0.010138909725874196,0.7169291821003884,0.9879715789306136
"Beta(1,5)",5000,67,Chronological GE,0.1625739256851375,0.17301842151209712,False,0.01044449582695961,0.7385373825317738,1.0177489801454742
"Beta(1,5)",5000,67,Permutation-integrated GE (randomized),0.1626357616901597,0.17292130562390323,False,0.010285543933743535,0.7272977863742212,1.0022601399091384
"Beta(1,5)",5000,68,Chronological GE,0.16291869385167956,0.1735040764324367,False,0.010585382580757141,0.7484995804307332,1.031477488669871
"Beta(1,5)",5000,68,Permutation-integrated GE (randomized),0.16274683532536577,0.1731534490616805,False,0.01040661373631474,0.7358587142137227,1.0140576139217377
"Beta(1,5)",5000,69,Chronological GE,0.1616632784716785,0.1718947789631784,False,0.0102315004914999,0.7234763379253074,0.9969939538587753
"Beta(1,5)",5000,69,Permutation-integrated GE (randomized),0.16186813269064562,0.17193976154541019,False,0.010071628854764564,0.7121717060798125,0.9814154905286846
"Beta(1,5)",5000,70,Chronological GE,0.1564472750760615,0.16644308296963573,False,0.009995807893574238,0.7068103544984363,0.974027225244886
"Beta(1,5)",5000,70,Permutation-integrated GE (randomized),0.1565097361364884,0.1664310241806718,False,0.009921288044183407,0.7015410054147107,0.9667657449422805
"Beta(1,5)",5000,71,Chronological GE,0.1622970555908978,0.17235270654782653,False,0.01005565095692873,0.7110418980889301,0.9798585470919977
"Beta(1,5)",5000,71,Permutation-integrated GE (randomized),0.16214051671973323,0.1723427601379981,False,0.010202243418264867,0.721407550437091,0.9941430401392124
"Beta(1,5)",5000,72,Chronological GE,0.16092628845945,0.1713104066438973,False,0.010384118184447289,0.7342680384865218,1.0118655669957566
"Beta(1,5)",5000,72,Permutation-integrated GE (randomized),0.16075462502625582,0.17148256956758928,False,0.010727944541333467,0.7585802333370101,1.0453692353264765
"Beta(1,5)",5000,73,Chronological GE,0.15954308165237308,0.1698229550383985,False,0.010279873386025429,0.7268968180997697,1.0017075814848178
"Beta(1,5)",5000,73,Permutation-integrated GE (randomized),0.15971328015171501,0.16996229485518366,False,0.010249014703468645,0.7247147797303312,0.9987006012321441
"Beta(1,5)",5000,74,Chronological GE,0.1652195597998798,0.17573913699015975,False,0.01051957719027996,0.7438464366462288,1.0250651763710474
"Beta(1,5)",5000,74,Permutation-integrated GE (randomized),0.16539993963700794,0.17576476610013458,False,0.010364826463126642,0.7329039077898628,1.0099857127620406
"Beta(1,5)",5000,75,Chronological GE,0.16437369445338845,0.17469994677230716,False,0.010326252318918705,0.7301763038950728,1.0062269103671682
"Beta(1,5)",5000,75,Permutation-integrated GE (randomized),0.16441374367249614,0.17446130196074883,False,0.010047558288252684,0.7104696599990573,0.9790699685499448
"Beta(1,5)",5000,76,Chronological GE,0.163041768129915,0.17361663980409503,False,0.01057487167418003,0.7477563470990238,1.030453268389018
"Beta(1,5)",5000,76,Permutation-integrated GE (randomized),0.16301105147287165,0.17357069451368085,False,0.010559643040809197,0.7466795201065518,1.0289693359581036
"Beta(1,5)",5000,77,Chronological GE,0.16123034292832017,0.17149443784728646,False,0.010264094918966293,0.7257811119943454,1.0001700712953605
"Beta(1,5)",5000,77,Permutation-integrated GE (randomized),0.16115368507966876,0.17143000461041638,False,0.010276319530747619,0.7266455225831401,1.0013612811325077
"Beta(1,5)",5000,78,Chronological GE,0.1592249139212072,0.1690519698895514,False,0.009827055968344212,0.6948777914315927,0.9575834348843091
"Beta(1,5)",5000,78,Permutation-integrated GE (randomized),0.1589908662084493,0.16911307785722993,False,0.010122211648780632,0.715748449745825,0.9863444586546404
"Beta(1,5)",5000,79,Chronological GE,0.16060346690937877,0.17103397799655795,False,0.010430511087179184,0.737548512098587,1.0163862571490812
"Beta(1,5)",5000,79,Permutation-integrated GE (randomized),0.1605367370105769,0.1711196652177493,False,0.010582928207172382,0.7483260300101984,1.0312383257409783
"Beta(1,5)",5000,80,Chronological GE,0.15915804682299495,0.16945671709254384,False,0.010298670269548893,0.7282259584802312,1.0035392169560617
"Beta(1,5)",5000,80,Permutation-integrated GE (randomized),0.1590868114415775,0.16942676692111888,False,0.01033995547954139,0.7311452636750717,1.0075621952846563
"Beta(1,5)",5000,81,Chronological GE,0.1624493938870728,0.1727724247612059,False,0.01032303087413311,0.7299485133497615,1.0059130012805588
"Beta(1,5)",5000,81,Permutation-integrated GE (randomized),0.16262668005947295,0.17286642587492193,False,0.01023974581544898,0.7240593703730548,0.997797407675903
"Beta(1,5)",5000,82,Chronological GE,0.16130720218643546,0.17140497779473662,False,0.010097775608301163,0.7140205607529867,0.9839633235870596
"Beta(1,5)",5000,82,Permutation-integrated GE (randomized),0.16102960083685863,0.17123994031048112,False,0.010210339473622487,0.7219800280015145,0.9949319486916147
"Beta(1,5)",5000,83,Chronological GE,0.15634599002078176,0.16641339799389243,False,0.010067407973110676,0.7118732446758075,0.9810041927437334
"Beta(1,5)",5000,83,Permutation-integrated GE (randomized),0.15634379742689375,0.1664898429923829,False,0.010146045565489148,0.7174337621585076,0.9886669206312493
"Beta(1,5)",5000,84,Chronological GE,0.1636878396384418,0.17399704968556762,False,0.010309210047125816,0.7289712332999152,1.004566250530261
"Beta(1,5)",5000,84,Permutation-integrated GE (randomized),0.16378434841194475,0.17399086439243483,False,0.010206515980490077,0.7217096662093399,0.9945593738636314
"Beta(1,5)",5000,85,Chronological GE,0.1594653078354895,0.1699640671722591,False,0.01049875933676958,0.7423743921075351,1.0230366103655617
"Beta(1,5)",5000,85,Permutation-integrated GE (randomized),0.15953131496172493,0.16997904449504025,False,0.010447729533315325,0.738766040101023,1.0180640840432729
"Beta(1,5)",5000,86,Chronological GE,0.16071899561211467,0.17087139980867505,False,0.010152404196560383,0.717883385273461,0.9892865283552684
"Beta(1,5)",5000,86,Permutation-integrated GE (randomized),0.16076314792633334,0.17093925650405906,False,0.010176108577725718,0.7195595381400448,0.9915963679258608
"Beta(1,5)",5000,87,Chronological GE,0.16088957386091352,0.17141613317653537,False,0.010526559315621853,0.7443401474638636,1.025745539603863
"Beta(1,5)",5000,87,Permutation-integrated GE (randomized),0.16068834435788076,0.1712074253427815,False,0.01051908098490073,0.7438113496273774,1.0250168243464959
"Beta(1,5)",5000,88,Chronological GE,0.16316689969971776,0.17332127643749118,False,0.010154376737773418,0.7180228650002517,0.9894787398168001
"Beta(1,5)",5000,88,Permutation-integrated GE (randomized),0.1629486651685594,0.17324078940929394,False,0.01029212424073453,0.7277630843437832,1.0029013485265847
"Beta(1,5)",5000,89,Chronological GE,0.15653548343107104,0.16609795158728957,False,0.009562468156218529,0.6761686078142544,0.9318010533877553
"Beta(1,5)",5000,89,Permutation-integrated GE (randomized),0.1565901617532912,0.16597435870627913,False,0.009384196952987922,0.6635629301447897,0.9144296705768273
"Beta(1,5)",5000,90,Chronological GE,0.16375446831807494,0.17413490219041705,False,0.01038043387234211,0.7340075182791639,1.0115065544642083
"Beta(1,5)",5000,90,Permutation-integrated GE (randomized),0.1638665644353109,0.17408983869103178,False,0.010223274255720893,0.7228946552150098,0.9961923600611207
"Beta(1,5)",5000,91,Chronological GE,0.16146454541012645,0.17194024426862597,False,0.010475698858499527,0.7407437700513191,1.0207895149930468
"Beta(1,5)",5000,91,Permutation-integrated GE (randomized),0.1614063744446952,0.17185775886076723,False,0.010451384416072046,0.7390244793391949,1.0184202288739888
"Beta(1,5)",5000,92,Chronological GE,0.1600371585227549,0.1703351461328566,False,0.0102979876101017,0.7281776871677961,1.0034726961811313
"Beta(1,5)",5000,92,Permutation-integrated GE (randomized),0.15997811903091078,0.17038617080518736,False,0.010408051774276589,0.7359603988531653,1.0141977414772778
"Beta(1,5)",5000,93,Chronological GE,0.16348754102364182,0.17353911930695176,False,0.010051578283309937,0.7107539165755893,0.9794616912273715
"Beta(1,5)",5000,93,Permutation-integrated GE (randomized),0.16344960832818078,0.17314454705002624,False,0.009694938721845459,0.6855356913404964,0.9447094584749686
"Beta(1,5)",5000,94,Chronological GE,0.15623686043545604,0.16608580155298114,False,0.0098489411175251,0.6964253051709013,0.95971600199221
"Beta(1,5)",5000,94,Permutation-integrated GE (randomized),0.15611242859837643,0.16622878108388267,False,0.010116352485506241,0.7153341443374849,0.9857735208567981
"Beta(1,5)",5000,95,Chronological GE,0.16383198695257306,0.17407026374712586,False,0.010238276794552803,0.7239554949093157,0.9976542610325737
"Beta(1,5)",5000,95,Permutation-integrated GE (randomized),0.16361869413680713,0.1740138290378534,False,0.010395134901046266,0.7350470379878765,1.0129390752118468
"Beta(1,5)",5000,96,Chronological GE,0.16184657765552402,0.1722342469729483,False,0.010387669317424297,0.7345191415074156,1.0122116020773526
"Beta(1,5)",5000,96,Permutation-integrated GE (randomized),0.16182039859327588,0.172080997165953,False,0.01026059857267711,0.7255338829772995,0.999829374824319
"Beta(1,5)",5000,97,Chronological GE,0.15992454020306468,0.17022119695320725,False,0.010296656750142574,0.7280835811576053,1.003343012433006
"Beta(1,5)",5000,97,Permutation-integrated GE (randomized),0.15996312537010154,0.16996622357993602,False,0.010003098209834471,0.7073258577048969,0.974737619701614
"Beta(1,5)",5000,98,Chronological GE,0.16217199573293328,0.17266235360875726,False,0.010490357875823975,0.7417803191068839,1.0222179420017858
"Beta(1,5)",5000,98,Permutation-integrated GE (randomized),0.16215154037490878,0.17258043516503946,False,0.010428894790130677,0.7374342226382459,1.016228759391412
"Beta(1,5)",5000,99,Chronological GE,0.16270553739741445,0.1733707976527512,False,0.010665260255336761,0.7541477849667994,1.0392610545965248
"Beta(1,5)",5000,99,Permutation-integrated GE (randomized),0.16273771759821348,0.173462362707839,False,0.010724645109625508,0.7583469282835341,1.04504772691559
Bernoulli(0.5),50,0,Chronological GE,0.2941661369986832,0.6678241831250489,False,0.37365804612636566,2.6421613826086894,1.0257517371078892
Bernoulli(0.5),50,0,Permutation-integrated GE (randomized),0.29231364369392393,0.6667750623822213,False,0.37446141868829735,2.6478420844723005,1.0279571246527022
Bernoulli(0.5),50,0,Exact binomial (randomized),0.30140984711047536,0.6604334297944249,False,0.3590235826839495,2.5386800992170984,0.9855777693496152
Bernoulli(0.5),50,1,Chronological GE,0.20750412670895457,0.5886394553817809,False,0.3811353286728263,2.6950337545431906,1.0462780863739898
Bernoulli(0.5),50,1,Permutation-integrated GE (randomized),0.2279314607381821,0.5968932166695595,False,0.3689617559313774,2.6089535961757284,1.0128596613840792
Bernoulli(0.5),50,1,Exact binomial (randomized),0.23483036916420974,0.5891138024500547,False,0.354283433285845,2.505162181384728,0.9725652930235673
Bernoulli(0.5),50,2,Chronological GE,0.2824709522537887,0.6515556280501187,False,0.36908467579633,2.6098227708762334,1.013197096282932
Bernoulli(0.5),50,2,Permutation-integrated GE (randomized),0.2694203174114227,0.6512810084223748,False,0.3818606910109521,2.7001628408242517,1.0482693232443812
Bernoulli(0.5),50,2,Exact binomial (randomized),0.2977965247026272,0.6536383859557837,False,0.35584186125315653,2.516181931221496,0.9768434297081625
Bernoulli(0.5),50,3,Chronological GE,0.2756104455329478,0.6417395113967359,False,0.36612906586378813,2.588923452617807,1.0050834692542963
Bernoulli(0.5),50,3,Permutation-integrated GE (randomized),0.2661601798236371,0.635766928344965,False,0.36960674852132785,2.613514382517419,1.014630270304246
Bernoulli(0.5),50,3,Exact binomial (randomized),0.2818498720047,0.6354839586305585,False,0.3536340866258585,2.500570607118555,0.9707827314773319
Bernoulli(0.5),50,4,Chronological GE,0.3276075809262693,0.706903540994972,False,0.3792959600687027,2.6820274544124163,1.0412287222282932
Bernoulli(0.5),50,4,Permutation-integrated GE (randomized),0.3180019453167915,0.697191652059555,False,0.37918970674276353,2.681276129939464,1.0409370396731188
Bernoulli(0.5),50,4,Exact binomial (randomized),0.3348671501197261,0.6952338343291711,False,0.36036668420944495,2.5481772611820968,0.9892648001446734
Bernoulli(0.5),50,5,Chronological GE,0.20807882444933057,0.5779394959099591,False,0.3698606714606285,2.6153098888402018,1.015327329818364
Bernoulli(0.5),50,5,Permutation-integrated GE (randomized),0.21058956220746036,0.580624397546053,False,0.3700348353385926,2.6165414134316634,1.0158054378163455
Bernoulli(0.5),50,5,Exact binomial (randomized),0.2190912404573528,0.5709864184252628,False,0.35189517796791,2.4882746660795614,0.966009146122878
Bernoulli(0.5),50,6,Chronological GE,0.3076250269077718,0.6750872139818966,False,0.3674621870741248,2.598350043097534,1.0087431024709614
Bernoulli(0.5),50,6,Permutation-integrated GE (randomized),0.3135209120810032,0.6812877841293812,False,0.367766872048378,2.6005044912117343,1.009579511976526
Bernoulli(0.5),50,6,Exact binomial (randomized),0.31999655936431903,0.6761951250232768,False,0.3561985656589578,2.5187042122637076,0.9778226409620824
Bernoulli(0.5),50,7,Chronological GE,0.301041875500232,0.6501303152181208,False,0.34908843971788883,2.4684280295835053,0.9583041959273383
Bernoulli(0.5),50,7,Permutation-integrated GE (randomized),0.30298708990216255,0.64928554341197,False,0.3462984535098074,2.448699847911992,0.9506452327948309
Bernoulli(0.5),50,7,Exact binomial (randomized),0.2944557626823825,0.6418442975788894,False,0.3473885348965069,2.4564078873177966,0.953637682409091
Bernoulli(0.5),50,8,Chronological GE,0.2826519845984876,0.6292651924304664,False,0.3466132078319788,2.4509254970681438,0.9515092842881054
Bernoulli(0.5),50,8,Permutation-integrated GE (randomized),0.29105355471372607,0.6326220279932022,False,0.34156847327947615,2.4152538369545367,0.9376606724781305
Bernoulli(0.5),50,8,Exact binomial (randomized),0.2786278480139224,0.6250877394646451,False,0.34645989145072276,2.4498413865396125,0.9510884060385112
Bernoulli(0.5),50,9,Chronological GE,0.4658992360346019,0.8170708282850683,False,0.35117159225046635,2.48315814240382,0.9640227863634436
Bernoulli(0.5),50,9,Permutation-integrated GE (randomized),0.4667042116820813,0.8259680388867856,False,0.3592638272047043,2.5403788845147846,0.9862372793937573
Bernoulli(0.5),50,9,Exact binomial (randomized),0.47084121193059203,0.8148883023303097,False,0.3440470903997177,2.432780306691415,0.9444648771328142
Bernoulli(0.5),50,10,Chronological GE,0.32490831846371293,0.6418970446102321,False,0.3169887261465192,2.2414487781788917,0.8701852933696694
Bernoulli(0.5),50,10,Permutation-integrated GE (randomized),0.32632735133171076,0.6308427873253822,False,0.3045154359936715,2.153249297671032,0.8359440956372184
Bernoulli(0.5),50,10,Exact binomial (randomized),0.3142429387979739,0.6479504971542464,False,0.33370755835627247,2.359668774469258,0.9160811903250642
Bernoulli(0.5),50,11,Chronological GE,0.3015869199298322,0.6503982371650636,False,0.3488113172352314,2.466468477716442,0.9575434499165822
Bernoulli(0.5),50,11,Permutation-integrated GE (randomized),0.3070254592597485,0.6541143082082271,False,0.34708884894847863,2.4542887876570254,0.9528149960385882
Bernoulli(0.5),50,11,Exact binomial (randomized),0.29608511022229306,0.6447708392305967,False,0.3486857290083037,2.465580434847464,0.9571986899327765
Bernoulli(0.5),50,12,Chronological GE,0.34994820645079017,0.6998102138750255,False,0.34986200742423534,2.4738979792921505,0.9604277643257213
Bernoulli(0.5),50,12,Permutation-integrated GE (randomized),0.34771820649504664,0.692163334041834,False,0.3444451275467874,2.435594854349987,0.9455575534428065
Bernoulli(0.5),50,12,Exact binomial (randomized),0.35532522280663476,0.7036509863032382,False,0.34832576349660344,2.4630350943042987,0.9562105264160177
Bernoulli(0.5),50,13,Chronological GE,0.3830076255835593,0.709974701050669,False,0.3269670754671097,2.312006362875269,0.897577475219284
Bernoulli(0.5),50,13,Permutation-integrated GE (randomized),0.3858629328012467,0.7106600418686868,False,0.3247971090674401,2.296662383313736,0.8916205666848587
Bernoulli(0.5),50,13,Exact binomial (randomized),0.3846113202344072,0.7218721647151404,False,0.3372608444807332,2.3847943016102806,0.925835535112743
Bernoulli(0.5),50,14,Chronological GE,0.32867441000416875,0.7094666338525712,False,0.3807922238484025,2.692607637063112,1.0453362081692747
Bernoulli(0.5),50,14,Permutation-integrated GE (randomized),0.3310231640934944,0.7125990188121796,False,0.38157585471868516,2.698148744086352,1.0474874015793372
Bernoulli(0.5),50,14,Exact binomial (randomized),0.3376459633643663,0.699506932461152,False,0.3618609690967857,2.558743450950729,0.9933668537062486
Bernoulli(0.5),50,15,Chronological GE,0.3052163855172694,0.6602869178168476,False,0.3550705322995782,2.510727811885488,0.9747260070480144
Bernoulli(0.5),50,15,Permutation-integrated GE (randomized),0.30660513922572147,0.6620229355990888,False,0.3554177963733673,2.5131833396998755,0.9756793030645651
Bernoulli(0.5),50,15,Exact binomial (randomized),0.29605193247978706,0.6470548093686241,False,0.3510028768888371,2.481965144640836,0.9635596354235346
Bernoulli(0.5),50,16,Chronological GE,0.31839600717648864,0.6520663597621024,False,0.3336703525856137,2.3594056899419376,0.9159790544704258
Bernoulli(0.5),50,16,Permutation-integrated GE (randomized),0.3300777232646942,0.6560600915551186,False,0.3259823682904244,2.305043431654097,0.8948742948448783
Bernoulli(0.5),50,16,Exact binomial (randomized),0.31525806800931605,0.6565614948084108,False,0.3413034267990947,2.413379675318463,0.9369330770456646
Bernoulli(0.5),50,17,Chronological GE,0.46741788322106004,0.8390190177597106,False,0.3716011345386505,2.6276168212889437,1.020105182307186
Bernoulli(0.5),50,17,Permutation-integrated GE (randomized),0.4679104949533939,0.8327324663102629,False,0.364821971356869,2.5796808987228648,1.001495283545636
Bernoulli(0.5),50,17,Exact binomial (randomized),0.4715573373036539,0.8152678522700121,False,0.3437105149663582,2.4304003589783223,0.9435409231620236
Bernoulli(0.5),50,18,Chronological GE,0.3267802563495934,0.6994585175998509,False,0.3726782612502575,2.635233257308688,1.02306206924424
Bernoulli(0.5),50,18,Permutation-integrated GE (randomized),0.3261830396950245,0.7018389888107777,False,0.3756559491157532,2.6562886901281773,1.0312363037676533
Bernoulli(0.5),50,18,Exact binomial (randomized),0.3273666676582221,0.6841146295761771,False,0.356747961917955,2.522589030466662,0.9793308225009764
Bernoulli(0.5),50,19,Chronological GE,0.2572953817434609,0.6157984607852995,False,0.35850307904183865,2.5349995826674094,0.9841489027144628
Bernoulli(0.5),50,19,Permutation-integrated GE (randomized),0.26172822996973993,0.6190054742991924,False,0.35727724432945246,2.5263316222899883,0.9807837882771517
Bernoulli(0.5),50,19,Exact binomial (randomized),0.2815875807654773,0.6296866374997631,False,0.34809905673428576,2.4614320354145423,0.955588179707116
Bernoulli(0.5),50,20,Chronological GE,0.30526271695271134,0.6360371769405901,False,0.3307744599878788,2.3389286370074744,0.9080293611789292
Bernoulli(0.5),50,20,Permutation-integrated GE (randomized),0.3151426739990711,0.6348572410643101,False,0.319714567065239,2.260723384159517,0.8776681673140219
Bernoulli(0.5),50,20,Exact binomial (randomized),0.29700338007239147,0.6350993360661088,False,0.33809595599371733,2.390699431749061,0.9281280512086832
Bernoulli(0.5),50,21,Chronological GE,0.3635673872195184,0.7325205928646028,False,0.3689532056450844,2.6088931365215395,1.0128361894660816
Bernoulli(0.5),50,21,Permutation-integrated GE (randomized),0.36925166442990304,0.7445497007668016,False,0.37529803633689857,2.653757864598163,1.0302537753343728
Bernoulli(0.5),50,21,Exact binomial (randomized),0.36631441692863,0.7194818725921892,False,0.3531674556635592,2.497271027941021,0.9695017540565889
Bernoulli(0.5),50,22,Chronological GE,0.3457872602157295,0.6985322437249124,False,0.35274498350918293,2.4942836986888013,0.9683419997017083
Bernoulli(0.5),50,22,Permutation-integrated GE (randomized),0.3486117385327816,0.7000729478895664,False,0.3514612093567848,2.4852060446020743,0.9648178321358607
Bernoulli(0.5),50,22,Exact binomial (randomized),0.3333216712722295,0.6832566685710497,False,0.3499349972988202,2.47441409564492,0.9606281333300098
Bernoulli(0.5),50,23,Chronological GE,0.2583747995086014,0.577061387244612,False,0.31868658773601055,2.253454472613347,0.8748461978860963
Bernoulli(0.5),50,23,Permutation-integrated GE (randomized),0.25942994058132174,0.575756488740444,False,0.3163265481591223,2.236766472726484,0.8683675077555543
Bernoulli(0.5),50,23,Exact binomial (randomized),0.2442020072378106,0.5765119144339885,False,0.3323099071961779,2.349785888338897,0.9122444119652774
Bernoulli(0.5),50,24,Chronological GE,0.21293304348364472,0.5856056264601648,False,0.37267258297652006,2.6351931058500364,1.023046481464958
Bernoulli(0.5),50,24,Permutation-integrated GE (randomized),0.22949775159358976,0.5922176703810693,False,0.36271991878747956,2.564817142460606,0.9957248094533584
Bernoulli(0.5),50,24,Exact binomial (randomized),0.23544550093737776,0.5871769782920151,False,0.35173147735463733,2.4871171279422666,0.9655597614778242
Bernoulli(0.5),50,25,Chronological GE,0.40758993988856673,0.7544124224223197,False,0.3468224825337529,2.4524052926756963,0.9520837771729848
Bernoulli(0.5),50,25,Permutation-integrated GE (randomized),0.40008684843778614,0.7353179782629014,False,0.3352311298251152,2.3704420516416684,0.9202636402869336
Bernoulli(0.5),50,25,Exact binomial (randomized),0.40977630658283626,0.7549683773636493,False,0.34519207078081304,2.440876540609396,0.9476080333609177
Bernoulli(0.5),50,26,Chronological GE,0.2557713300921023,0.612290954682976,False,0.3565196245908737,2.52097444174289,0.9787039996282233
Bernoulli(0.5),50,26,Permutation-integrated GE (randomized),0.26598725289106373,0.6120117264986038,False,0.3460244736075401,2.4467625174439713,0.9498931136752327
Bernoulli(0.5),50,26,Exact binomial (randomized),0.27133341328263566,0.6150559446826179,False,0.34372253139998227,2.430485327995335,0.9435739102147354
Bernoulli(0.5),50,27,Chronological GE,0.4348758808337152,0.7864758749492466,False,0.35159999411553144,2.486187401042425,0.9651988187326817
Bernoulli(0.5),50,27,Permutation-integrated GE (randomized),0.4418433932960033,0.7900519017875196,False,0.3482085084915163,2.462205976212047,0.9558886424732
Bernoulli(0.5),50,27,Exact binomial (randomized),0.4424862838809861,0.781299962271096,False,0.3388136783901099,2.3957744954840474,0.9300983152040474
Bernoulli(0.5),50,28,Chronological GE,0.279919374268502,0.6007624524645507,False,0.32084307819604874,2.268703162891918,0.8807661127878957
Bernoulli(0.5),50,28,Permutation-integrated GE (randomized),0.2749343039095401,0.592672937363386,False,0.3177386334538459,2.2467514236016126,0.8722439101481241
Bernoulli(0.5),50,28,Exact binomial (randomized),0.26154977974863647,0.5954088973026127,False,0.33385911755397624,2.360740459833733,0.9164972448217649
Bernoulli(0.5),50,29,Chronological GE,0.386581105645746,0.7798626585863531,False,0.39328155294060707,2.7809205299987947,1.079621435382898
Bernoulli(0.5),50,29,Permutation-integrated GE (randomized),0.37654318198561654,0.7646564324200155,False,0.3881132504343989,2.7443751125051623,1.065433609565682
Bernoulli(0.5),50,29,Exact binomial (randomized),0.3900924940060561,0.7515841251258798,False,0.3614916311198237,2.5561318370701334,0.9923529612573205
Bernoulli(0.5),50,30,Chronological GE,0.27769616479054093,0.6303914454765618,False,0.35269528068602085,2.493932246655781,0.9682055574178443
Bernoulli(0.5),50,30,Permutation-integrated GE (randomized),0.2984692060947418,0.640257774889469,False,0.3417885687947272,2.416810147267964,0.9382648702451498
Bernoulli(0.5),50,30,Exact binomial (randomized),0.30302715394436497,0.6485617920222729,False,0.34553463807790796,2.4432988571972816,0.9485484359662254
Bernoulli(0.5),50,31,Chronological GE,0.34974584402516484,0.6951686884276569,False,0.34542284440249205,2.442508356537478,0.9482415442561596
Bernoulli(0.5),50,31,Permutation-integrated GE (randomized),0.3488592101633549,0.6902852328121664,False,0.34142602264881144,2.4142465588852633,0.9372696224703191
Bernoulli(0.5),50,31,Exact binomial (randomized),0.3565574836678559,0.7037743172933585,False,0.3472168336255026,2.4551937759871416,0.9531663346652858
Bernoulli(0.5),50,32,Chronological GE,0.2828460498712957,0.6683315825648606,False,0.3854855326935649,2.725794342169283,1.0582200996058881
Bernoulli(0.5),50,32,Permutation-integrated GE (randomized),0.273056807667017,0.6711240328848362,False,0.39806722521781923,2.8147603431963266,1.0927588793707075
Bernoulli(0.5),50,32,Exact binomial (randomized),0.283188655276103,0.6478017366907203,False,0.3646130814146173,2.5782038237759863,1.0009218468878407
Bernoulli(0.5),50,33,Chronological GE,0.11191285913810134,0.4994289097376168,False,0.38751605059951544,2.7401522719754667,1.0637941994837028
Bernoulli(0.5),50,33,Permutation-integrated GE (randomized),0.12620354175567627,0.4987515865266322,False,0.37254804477095593,2.6343124877533244,1.0227046039595276
Bernoulli(0.5),50,33,Exact binomial (randomized),0.1653744953455673,0.49751106771986225,False,0.33213657237429495,2.348560226059205,0.9117685798602527
Bernoulli(0.5),50,34,Chronological GE,0.3923244443722069,0.730805795174092,False,0.33848135080188513,2.393424584571956,0.9291860222548005
Bernoulli(0.5),50,34,Permutation-integrated GE (randomized),0.39355718359351155,0.7341521252691748,False,0.3405949416756633,2.4083699289669815,0.934988170857751
Bernoulli(0.5),50,34,Exact binomial (randomized),0.39723089253218063,0.7412057987450027,False,0.34397490621282206,2.4322698874109316,0.9442667198714693
Bernoulli(0.5),50,35,Chronological GE,0.3768797726370394,0.7338318428955972,False,0.3569520702585578,2.524032294384032,0.9798911328893166
Bernoulli(0.5),50,35,Permutation-integrated GE (randomized),0.37803934752941126,0.7351871034502984,False,0.3571477559208871,2.525416000972172,0.9804283216643002
Bernoulli(0.5),50,35,Exact binomial (randomized),0.3801761991275144,0.7303366510061212,False,0.35016045187860684,2.4760083002670865,0.9612470425954531
Bernoulli(0.5),50,36,Chronological GE,0.2793563795275986,0.643375241663307,False,0.36401886213570833,2.5740020589597035,0.9992906189138078
Bernoulli(0.5),50,36,Permutation-integrated GE (randomized),0.2776724247634412,0.6417236129939554,False,0.36405118823051424,2.5742306389681686,0.9993793592694479
Bernoulli(0.5),50,36,Exact binomial (randomized),0.28638831213111654,0.6400004972006089,False,0.3536121850694924,2.500415739728305,0.9707226081647984
Bernoulli(0.5),50,37,Chronological GE,0.3287637741304934,0.6874646027572453,False,0.3587008286267519,2.5363978833920995,0.984691757290565
Bernoulli(0.5),50,37,Permutation-integrated GE (randomized),0.3376083692908288,0.6944871628284455,False,0.35687879353761665,2.5235141497212257,0.9796899764454124
Bernoulli(0.5),50,37,Exact binomial (randomized),0.34131345831341037,0.6927535034199045,False,0.3514400451064941,2.4850563907530816,0.9647597328476871
Bernoulli(0.5),50,38,Chronological GE,0.28955562552437186,0.6135455020703375,False,0.32398987654596567,2.290954387414447,0.8894045829271522
Bernoulli(0.5),50,38,Permutation-integrated GE (randomized),0.297442258298397,0.6146293014287949,False,0.3171870431303979,2.242851091020143,0.8707297055476501
Bernoulli(0.5),50,38,Exact binomial (randomized),0.27957527418088945,0.6159948204845554,False,0.336419546303666,2.3788454251502396,0.9235260356238425
Bernoulli(0.5),50,39,Chronological GE,0.2974807466380298,0.6732612946070731,False,0.37578054796904325,2.657169737069072,1.031578347760895
Bernoulli(0.5),50,39,Permutation-integrated GE (randomized),0.30189452290534974,0.678785979449749,False,0.3768914565443993,2.6650250469381978,1.0346279713746582
Bernoulli(0.5),50,39,Exact binomial (randomized),0.30600654830781415,0.6650041926097081,False,0.35899764430189396,2.5384966871586534,0.9855065642980256
Bernoulli(0.5),50,40,Chronological GE,0.36870927223935723,0.7369498969055712,False,0.368240624666214,2.6038544280985016,1.0108800394929076
Bernoulli(0.5),50,40,Permutation-integrated GE (randomized),0.3614492847025394,0.7217568667232989,False,0.36030758202075946,2.547759345598072,0.9891025550830737
Bernoulli(0.5),50,40,Exact binomial (randomized),0.362595570853751,0.714368096102866,False,0.351772525249115,2.487407380387652,0.9656724445834111
Bernoulli(0.5),50,41,Chronological GE,0.33624577848240733,0.708720472175628,False,0.3724746936932206,2.6337938173085846,1.022503243394204
Bernoulli(0.5),50,41,Permutation-integrated GE (randomized),0.34362057298421866,0.7246126043796538,False,0.38099203139543514,2.694020489777502,1.045884712184057
Bernoulli(0.5),50,41,Exact binomial (randomized),0.3428275059431259,0.7014380837628816,False,0.35861057781975575,2.535759713815754,0.9844440042366395
Bernoulli(0.5),50,42,Chronological GE,0.3923883088864386,0.7673605107702315,False,0.3749722018837929,2.6514538670848107,1.02935930709062
Bernoulli(0.5),50,42,Permutation-integrated GE (randomized),0.39418823704123496,0.7798579485714435,False,0.38566971153020857,2.727096683212701,1.0587257002843273
Bernoulli(0.5),50,42,Exact binomial (randomized),0.3962046889550306,0.7535195960592302,False,0.35731490710419966,2.5265979383242088,0.980887178681886
Bernoulli(0.5),50,43,Chronological GE,0.29379914747551084,0.6538871289230883,False,0.3600879814475775,2.5462065350535776,0.9884997160120393
Bernoulli(0.5),50,43,Permutation-integrated GE (randomized),0.2874494649469853,0.6501092042028906,False,0.36265973925590533,2.5643916089119583,0.9955596069113803
Bernoulli(0.5),50,43,Exact binomial (randomized),0.28961380438903667,0.6435448219079636,False,0.3539310175189269,2.5026702255988797,0.9715978547766249
Bernoulli(0.5),50,44,Chronological GE,0.27104923175647855,0.6349920039065182,False,0.3639427721500397,2.5734640215112363,0.9990817396034722
Bernoulli(0.5),50,44,Permutation-integrated GE (randomized),0.26949306517839433,0.6364510792493818,False,0.3669580140709875,2.5947850016034377,1.0073590660795808
Bernoulli(0.5),50,44,Exact binomial (randomized),0.2726638305050879,0.6274756311477112,False,0.3548118006426233,2.5088983027940834,0.9740157468266233
Bernoulli(0.5),50,45,Chronological GE,0.29628094704821706,0.675651719328016,False,0.379370772279799,2.682556456630234,1.0414340938408797
Bernoulli(0.5),50,45,Permutation-integrated GE (randomized),0.30729592218995094,0.6876480467617512,False,0.38035212457180023,2.689495665234304,1.0441280645145223
Bernoulli(0.5),50,45,Exact binomial (randomized),0.3183615829407119,0.6799935419664433,False,0.3616319590257315,2.5571241052087044,0.9927381840425431
Bernoulli(0.5),50,46,Chronological GE,0.30013565300032496,0.6723634353838861,False,0.37222778238356113,2.632047890694466,1.0218254319368558
Bernoulli(0.5),50,46,Permutation-integrated GE (randomized),0.30890593171119685,0.6863080915808678,False,0.37740215986967096,2.6686362647829385,1.0360299345559005
Bernoulli(0.5),50,46,Exact binomial (randomized),0.3087407261041714,0.6658526141722266,False,0.3571118880680552,2.5251623769525318,0.9803298586103661
Bernoulli(0.5),50,47,Chronological GE,0.2675251713953912,0.6371320108883083,False,0.36960683949291706,2.613515025783695,1.0146305200359635
Bernoulli(0.5),50,47,Permutation-integrated GE (randomized),0.26209425523877156,0.6341537405550479,False,0.37205948531627636,2.630857850719157,1.0213634292825382
Bernoulli(0.5),50,47,Exact binomial (randomized),0.28135999882834556,0.6352297948433088,False,0.3538697960149632,2.502237324192808,0.9714297918520067
Bernoulli(0.5),50,48,Chronological GE,0.2320902762003243,0.5933710881508887,False,0.3612808119505644,2.5546411204282595,0.9917742285595366
Bernoulli(0.5),50,48,Permutation-integrated GE (randomized),0.2279218085110188,0.592158482223749,False,0.3642366737127302,2.5755422193910342,0.9998885469011976
Bernoulli(0.5),50,48,Exact binomial (randomized),0.24711919540059346,0.5937812665714319,False,0.34666207117083847,2.4512710130507345,0.9516434220518597
Bernoulli(0.5),50,49,Chronological GE,0.3783404412679374,0.7216008356772363,False,0.3432603944092989,2.4272175259958413,0.9423052694725126
Bernoulli(0.5),50,49,Permutation-integrated GE (randomized),0.3758073882758618,0.7089498414099218,False,0.33314245313406,2.3556728771221542,0.9145298851428464
Bernoulli(0.5),50,49,Exact binomial (randomized),0.3692801636736086,0.7088679598501969,False,0.3395877961765883,2.401248334846607,0.9322233936613109
Bernoulli(0.5),50,50,Chronological GE,0.2418278488330543,0.6251628897152841,False,0.3833350408822298,2.7105880687424713,1.0523166519644387
Bernoulli(0.5),50,50,Permutation-integrated GE (randomized),0.2557508805394172,0.6315507501363753,False,0.3757998695969581,2.6573063616102934,1.0316313887527935
Bernoulli(0.5),50,50,Exact binomial (randomized),0.2656092526202532,0.6247434943535218,False,0.35913424173326863,2.5394625768588304,0.9858815463276369
Bernoulli(0.5),50,51,Chronological GE,0.25713809253647923,0.6183594851754606,False,0.36122139263898134,2.5542209624467214,0.9916111129443212
Bernoulli(0.5),50,51,Permutation-integrated GE (randomized),0.2394132485985756,0.6088678127527236,False,0.369454564154148,2.6124382765371843,1.014212499616277
Bernoulli(0.5),50,51,Exact binomial (randomized),0.2639105660481291,0.6133769025710178,False,0.3494663365228887,2.4711001635175465,0.9593415837427341
Bernoulli(0.5),50,52,Chronological GE,0.3529556985013187,0.7132925637997687,False,0.36033686529845,2.5479664096403756,0.9891829424138717
Bernoulli(0.5),50,52,Permutation-integrated GE (randomized),0.3496901240944863,0.7049362623691556,False,0.35524613827466933,2.5119695336435264,0.9752080738357195
Bernoulli(0.5),50,52,Exact binomial (randomized),0.34785836431487466,0.6975440762006417,False,0.3496857118857671,2.472651381584712,0.9599438045750807
Bernoulli(0.5),50,53,Chronological GE,0.36996797239407897,0.7243843297474086,False,0.35441635735332966,2.5061020964797414,0.9729301910755145
Bernoulli(0.5),50,53,Permutation-integrated GE (randomized),0.3673766535520554,0.7174554589390756,False,0.3500788053870202,2.4754309723884766,0.9610229097781835
Bernoulli(0.5),50,53,Exact binomial (randomized),0.3740586293716112,0.7229181402628162,False,0.348859510891205,2.4668092583259327,0.9576757492925624
Bernoulli(0.5),50,54,Chronological GE,0.25437050545588136,0.599593925755471,False,0.34522342029958963,2.4410982151825347,0.9476940928574973
Bernoulli(0.5),50,54,Permutation-integrated GE (randomized),0.24486716464161873,0.5911148361861706,False,0.3462476715445518,2.44834076519205,0.9505058280914808
Bernoulli(0.5),50,54,Exact binomial (randomized),0.25346340931069866,0.5946552699668127,False,0.34119186065611407,2.4125907835559386,0.9366268099489136
Bernoulli(0.5),50,55,Chronological GE,0.2944170436821878,0.6655630408786237,False,0.37114599719643593,2.624398514278432,1.0188557567314782
Bernoulli(0.5),50,55,Permutation-integrated GE (randomized),0.30227240681648254,0.6743107113242152,False,0.3720383045077326,2.6307080797856344,1.0213052845392834
Bernoulli(0.5),50,55,Exact binomial (randomized),0.30538416383715816,0.6633261900383688,False,0.35794202620121063,2.531032339985289,0.9826087219747474
Bernoulli(0.5),50,56,Chronological GE,0.26797731267288327,0.6344316327013075,False,0.36645432002842426,2.5912233468720407,1.0059763445123986
Bernoulli(0.5),50,56,Permutation-integrated GE (randomized),0.27716799274086956,0.6401539413630959,False,0.36298594862222633,2.56669825746208,0.9964551043525126
Bernoulli(0.5),50,56,Exact binomial (randomized),0.2853659101881417,0.6383183989858632,False,0.35295248879772145,2.495750982655378,0.9689116352612368
Bernoulli(0.5),50,57,Chronological GE,0.38777331775054336,0.7510896478779614,False,0.36331633012741804,2.5690344074890765,0.9973620549892562
Bernoulli(0.5),50,57,Permutation-integrated GE (randomized),0.38779331743717205,0.7471058961749075,False,0.3593125787377355,2.5407236099107804,0.9863711102324394
Bernoulli(0.5),50,57,Exact binomial (randomized),0.38569543486376945,0.7338251954924007,False,0.3481297606286312,2.461649144733547,0.9556724668602691
Bernoulli(0.5),50,58,Chronological GE,0.3913007159717381,0.7576678055338562,False,0.36636708956211805,2.590606534329529,1.0057368827818942
Bernoulli(0.5),50,58,Permutation-integrated GE (randomized),0.3864029318094253,0.7429705539345741,False,0.3565676221251488,2.5213138355625517,0.9788357606184388
Bernoulli(0.5),50,58,Exact binomial (randomized),0.38445701515490216,0.7322417651852416,False,0.3477847500303395,2.459209551397214,0.9547253569982251
Bernoulli(0.5),50,59,Chronological GE,0.3064891560934484,0.6284084278158844,False,0.32191927172243595,2.276313000295693,0.8837204379806755
Bernoulli(0.5),50,59,Permutation-integrated GE (randomized),0.30245170280337336,0.6176242868602275,False,0.31517258405685417,2.2286067143068875,0.8651996897606451
Bernoulli(0.5),50,59,Exact binomial (randomized),0.2947917399463763,0.6295373221522741,False,0.3347455822058978,2.3670087115002922,0.9189307335851402
Bernoulli(0.5),50,60,Chronological GE,0.635849270503968,0.8783179190941155,False,0.2424686485901475,1.7145122564323132,0.6656156345725663
Bernoulli(0.5),50,60,Permutation-integrated GE (randomized),0.5340061828494074,0.8859222263097764,False,0.351916043460369,2.488422207391667,0.9660664252725104
Bernoulli(0.5),50,60,Exact binomial (randomized),0.5361892603632271,0.862397755710181,False,0.32620849534695384,2.306642391404914,0.8954950501676842
Bernoulli(0.5),50,61,Chronological GE,0.31539203645661473,0.6830344744957983,False,0.3676424380391836,2.5996246098946187,1.0092379205069737
Bernoulli(0.5),50,61,Permutation-integrated GE (randomized),0.320657093077898,0.6876014657318592,False,0.3669443726539612,2.594688542218595,1.0073216181847573
Bernoulli(0.5),50,61,Exact binomial (randomized),0.32463996514210763,0.6805373660777135,False,0.3558974009356059,2.5165746560823448,0.9769958951142776
Bernoulli(0.5),50,62,Chronological GE,0.5936432681046426,0.923480752389878,False,0.3298374842852354,2.332303218276013,0.9054572114163912
Bernoulli(0.5),50,62,Permutation-integrated GE (randomized),0.6030954091250897,0.9132645165920258,False,0.31016910746693604,2.193226792044495,0.8514643377271671
Bernoulli(0.5),50,62,Exact binomial (randomized),0.5942830470597676,0.8903758193933027,False,0.29609277233353504,2.093692071773672,0.812822522396591
Bernoulli(0.5),50,63,Chronological GE,0.38327359640970826,0.7179746343754232,False,0.33470103796571493,2.3666937361573313,0.9188084524454206
Bernoulli(0.5),50,63,Permutation-integrated GE (randomized),0.38752465799450875,0.7270122860372067,False,0.33948762804269794,2.4005400391792806,0.9319484159419602
Bernoulli(0.5),50,63,Exact binomial (randomized),0.39440310416933244,0.7393738617571791,False,0.3449707575878467,2.4393116200142706,0.9470004928717364
Bernoulli(0.5),50,64,Chronological GE,0.2883104761131108,0.6441536485217512,False,0.3558431724086404,2.516191202490834,0.9768470290419092
Bernoulli(0.5),50,64,Permutation-integrated GE (randomized),0.2901624415814877,0.6447940127551555,False,0.3546315711736678,2.507623887997403,0.9735209878008894
Bernoulli(0.5),50,64,Exact binomial (randomized),0.29217586578009763,0.6422884121683732,False,0.35011254638827555,2.4756695572963934,0.961115534280742
Bernoulli(0.5),50,65,Chronological GE,0.436217752750963,0.8103743684478104,False,0.37415661569684744,2.6456868018504984,1.027120391170855
Bernoulli(0.5),50,65,Permutation-integrated GE (randomized),0.4326780934631824,0.7933349625766277,False,0.3606568691134453,2.550229178316263,0.9900614046135096
Bernoulli(0.5),50,65,Exact binomial (randomized),0.43476161589493806,0.7822688156791052,False,0.34750719978416716,2.4572469747853294,0.9539634367074743
Bernoulli(0.5),50,66,Chronological GE,0.3237365339882672,0.674585007596761,False,0.3508484736084938,2.4808733485751544,0.9631357734602526
Bernoulli(0.5),50,66,Permutation-integrated GE (randomized),0.32746032252907753,0.6745285578072071,False,0.3470682352781296,2.4541430269961357,0.9527584081813537
Bernoulli(0.5),50,66,Exact binomial (randomized),0.32614059552781033,0.6735067036832652,False,0.3473661081554548,2.456249306311018,0.9535761173797002
Bernoulli(0.5),50,67,Chronological GE,0.32848439598456025,0.6948382626287639,False,0.36635386664420366,2.5905130341802853,1.0057005837347814
Bernoulli(0.5),50,67,Permutation-integrated GE (randomized),0.3212641617655754,0.6881236040592192,False,0.36685944229364387,2.594087993881505,1.0070884706169962
Bernoulli(0.5),50,67,Exact binomial (randomized),0.33475613895278594,0.6889396637914712,False,0.35418352483868526,2.5044557219798835,0.9722910281862696
Bernoulli(0.5),50,68,Chronological GE,0.28373079700395465,0.6606290717609227,False,0.376898274756968,2.665073258981627,1.034646688470299
Bernoulli(0.5),50,68,Permutation-integrated GE (randomized),0.2873847305774688,0.6649972382187844,False,0.3776125076413156,2.6701236481403128,1.0366073731910326
Bernoulli(0.5),50,68,Exact binomial (randomized),0.30002801050239036,0.6601616190416146,False,0.36013360853922427,2.5465291673126704,0.9886249697540666
Bernoulli(0.5),50,69,Chronological GE,0.34698149701580405,0.7412677048705518,False,0.39428620785474777,2.788024513024207,1.0823793755210993
Bernoulli(0.5),50,69,Permutation-integrated GE (randomized),0.33327298209071166,0.7319672025740145,False,0.39869422048330283,2.8191938692362797,1.0944800827260093
Bernoulli(0.5),50,69,Exact binomial (randomized),0.352332349112477,0.7171995623973888,False,0.3648672132849118,2.580000807463995,1.0016194799513098
Bernoulli(0.5),50,70,Chronological GE,0.20531272375956178,0.586501941550523,False,0.38118921779096127,2.6954148081518445,1.046426020714254
Bernoulli(0.5),50,70,Permutation-integrated GE (randomized),0.2045384794473648,0.5890556231141091,False,0.3845171436667443,2.718946797692368,1.0555617151906316
Bernoulli(0.5),50,70,Exact binomial (randomized),0.229952713961422,0.5854610326921647,False,0.3555083187307426,2.5138234294273665,0.9759278015681767
Bernoulli(0.5),50,71,Chronological GE,0.2507536164484918,0.5836653490550816,False,0.3329117326065898,2.354041436626823,0.91389651999979
Bernoulli(0.5),50,71,Permutation-integrated GE (randomized),0.24048770964145655,0.5775889471173286,False,0.337101237475872,2.3836657096556584,0.9253973880844957
Bernoulli(0.5),50,71,Exact binomial (randomized),0.2398096127302191,0.5780308772898536,False,0.33822126455963447,2.391585497116069,0.9284720434778088
Bernoulli(0.5),50,72,Chronological GE,0.22867935942485929,0.5891639734618366,False,0.3604846140369773,2.5490111509896196,0.9895885365841859
Bernoulli(0.5),50,72,Permutation-integrated GE (randomized),0.2325452357530594,0.5884740754961968,False,0.3559288397431374,2.516796962022324,0.9770821997229227
Bernoulli(0.5),50,72,Exact binomial (randomized),0.23700478008187173,0.5852719613090778,False,0.348267181227206,2.4626208551048165,0.9560497086169067
Bernoulli(0.5),50,73,Chronological GE,0.3513546991162002,0.7267562779597938,False,0.3754015788435936,2.654490020684414,1.0305380162525277
Bernoulli(0.5),50,73,Permutation-integrated GE (randomized),0.341179220378399,0.720151003599167,False,0.37897178322076797,2.679735177937633,1.0403388043786805
Bernoulli(0.5),50,73,Exact binomial (randomized),0.34410210050013645,0.7015857007576624,False,0.3574836002575259,2.527790779050776,0.9813502686564133
Bernoulli(0.5),50,74,Chronological GE,0.4014579406939447,0.7483358853496611,False,0.3468779446557164,2.4527974691010903,0.9522360296630289
Bernoulli(0.5),50,74,Permutation-integrated GE (randomized),0.3995134203135967,0.7408727897703647,False,0.34135936945676804,2.413775249644447,0.9370866486839091
Bernoulli(0.5),50,74,Exact binomial (randomized),0.3992190537265557,0.7421243293621342,False,0.34290527563557854,2.4247064570655983,0.9413304110349665
Bernoulli(0.5),50,75,Chronological GE,0.2956767468713224,0.6354368585161865,False,0.3397601116448641,2.4024667892078186,0.932696427475909
Bernoulli(0.5),50,75,Permutation-integrated GE (randomized),0.3066632999479771,0.6405990083515645,False,0.3339357084035874,2.361282038925102,0.9167074990845853
Bernoulli(0.5),50,75,Exact binomial (randomized),0.29625681459695047,0.6385223764260967,False,0.3422655618291462,2.4201829973601283,0.9395742932288534
Bernoulli(0.5),50,76,Chronological GE,0.41407711198553443,0.7714269575662911,False,0.35734984558075666,2.5268449906611865,0.9809830904477151
Bernoulli(0.5),50,76,Permutation-integrated GE (randomized),0.4112096384167671,0.7578634530305861,False,0.346653814613819,2.4512126303761574,0.9516207564681983
Bernoulli(0.5),50,76,Exact binomial (randomized),0.41523160731561726,0.7599982317407181,False,0.34476662442510086,2.437868180577844,0.9464401143426011
Bernoulli(0.5),50,77,Chronological GE,0.4099807986058295,0.7436790862120688,False,0.3336982876062393,2.3596032203671067,0.9160557406176394
Bernoulli(0.5),50,77,Permutation-integrated GE (randomized),0.4289057873189448,0.7514993889629841,False,0.3225936016440393,2.2810812328989196,0.8855715826185042
Bernoulli(0.5),50,77,Exact binomial (randomized),0.4091759707389358,0.7473493534836985,False,0.33817338274476266,2.3912469215561547,0.9283406001560608
Bernoulli(0.5),50,78,Chronological GE,0.29610772570595145,0.6651666895486414,False,0.36905896384269,2.6096409599084693,1.0131265128139446
Bernoulli(0.5),50,78,Permutation-integrated GE (randomized),0.2950791235268116,0.6683731244504449,False,0.37329400092363335,2.639587194293585,1.02475237417978
Bernoulli(0.5),50,78,Exact binomial (randomized),0.29146331974472756,0.6476663239045081,False,0.3562030041597805,2.518735597204008,0.9778348253643085
Bernoulli(0.5),50,79,Chronological GE,0.39179292181506753,0.7672854145057499,False,0.3754924926906824,2.655132878662217,1.0307875894586858
Bernoulli(0.5),50,79,Permutation-integrated GE (randomized),0.4057703875005244,0.773180430084467,False,0.3674100425839426,2.5979813258714404,1.0085999574164404
Bernoulli(0.5),50,79,Exact binomial (randomized),0.4037921845386271,0.7526366728944519,False,0.3488444883558248,2.4667030329595536,0.9576345100046046
Bernoulli(0.5),50,80,Chronological GE,0.3880183664150536,0.7575863697566092,False,0.3695680033415556,2.6132404127238664,1.0145239085227509
Bernoulli(0.5),50,80,Permutation-integrated GE (randomized),0.3905700854957104,0.7638789592683314,False,0.373308873772621,2.639692361217332,1.024793202554394
Bernoulli(0.5),50,80,Exact binomial (randomized),0.3945876151157254,0.7506249030399499,False,0.3560372879242245,2.5175638064648647,0.9773799075102687
Bernoulli(0.5),50,81,Chronological GE,0.2740513593889773,0.6364902383647859,False,0.3624388789758086,2.562829890894447,0.994953309741238
Bernoulli(0.5),50,81,Permutation-integrated GE (randomized),0.27960924983024604,0.6416814026236535,False,0.36207215279340743,2.5602367451903016,0.9939465870905668
Bernoulli(0.5),50,81,Exact binomial (randomized),0.29836197741639775,0.6490257088418602,False,0.3506637314254624,2.4795670240712275,0.9626286263049163
Bernoulli(0.5),50,82,Chronological GE,0.3265384747646749,0.6603691908530891,False,0.3338307160884142,2.3605396311447877,0.9164192782078014
Bernoulli(0.5),50,82,Permutation-integrated GE (randomized),0.3251393102109432,0.6502495519816875,False,0.3251102417707443,2.298876565892913,0.892480166572214
Bernoulli(0.5),50,82,Exact binomial (randomized),0.32570230012242307,0.6667351404530026,False,0.34103284033057957,2.4114663400506196,0.9361902734502527
Bernoulli(0.5),50,83,Chronological GE,0.42658865125849843,0.7826244360767305,False,0.35603578481823206,2.5175531779004636,0.9773757812413477
Bernoulli(0.5),50,83,Permutation-integrated GE (randomized),0.41881851106882095,0.7673847407102585,False,0.3485662296414376,2.4647354467208786,0.9568706448540824
Bernoulli(0.5),50,83,Exact binomial (randomized),0.4216371873729941,0.7646268714301814,False,0.34298968405718727,2.4253033147386858,0.9415621257966027
Bernoulli(0.5),50,84,Chronological GE,0.29603891307488084,0.6681706584058702,False,0.37213174533098936,2.6313688061832794,1.0215617947034992
Bernoulli(0.5),50,84,Permutation-integrated GE (randomized),0.2971465981006622,0.6691073611378668,False,0.37196076303720466,2.630159778789299,1.0210924206683818
Bernoulli(0.5),50,84,Exact binomial (randomized),0.30246510569348645,0.6605975019287975,False,0.35813239623531107,2.5323784594057606,0.9831313184909904
Bernoulli(0.5),50,85,Chronological GE,0.31276044296100736,0.6564049958251417,False,0.3436445528641343,2.429933936480484,0.9433598465288804
Bernoulli(0.5),50,85,Permutation-integrated GE (randomized),0.30513891324400905,0.6462794925272463,False,0.3411405792832372,2.4122281694908407,0.9364860342909154
Bernoulli(0.5),50,85,Exact binomial (randomized),0.29568671577433187,0.641645700938459,False,0.3459589851641271,2.446299444219705,0.9497133373120906
Bernoulli(0.5),50,86,Chronological GE,0.3163491408340633,0.6769852065481246,False,0.36063606571406126,2.550082076068501,0.9900042959194051
Bernoulli(0.5),50,86,Permutation-integrated GE (randomized),0.31965360417962074,0.6789066009223461,False,0.3592529967427254,2.540302301583698,0.9862075480249197
Bernoulli(0.5),50,86,Exact binomial (randomized),0.32266783993828335,0.6753351117843668,False,0.35266727184608343,2.493734194249252,0.968128668624687
Bernoulli(0.5),50,87,Chronological GE,0.328445338178426,0.7156879850663245,False,0.38724264688789845,2.738219015790607,1.0630436621005788
Bernoulli(0.5),50,87,Permutation-integrated GE (randomized),0.3197554311156272,0.7085344135761262,False,0.388778982460499,2.7490825488062467,1.0672611515905355
Bernoulli(0.5),50,87,Exact binomial (randomized),0.33481473533838957,0.6985094138251653,False,0.3636946784867757,2.5717097343946027,0.9984006823943565
Bernoulli(0.5),50,88,Chronological GE,0.2132730078883469,0.5590251856483519,False,0.345752177760005,2.4448370950411613,0.9491456175580958
Bernoulli(0.5),50,88,Permutation-integrated GE (randomized),0.20693901568651202,0.554286742210388,False,0.34734772652387597,2.456119328547631,0.9535256568296909
Bernoulli(0.5),50,88,Exact binomial (randomized),0.20589401196514515,0.5498847389499598,False,0.3439907269848147,2.4323817571625277,0.9443101504479604
Bernoulli(0.5),50,89,Chronological GE,0.2756693488918245,0.6214026822708547,False,0.3457333333790302,2.4447038451454164,0.9490938866861932
Bernoulli(0.5),50,89,Permutation-integrated GE (randomized),0.2794832281768322,0.618849096149206,False,0.33936586797237384,2.399679065465241,0.9316141648668391
Bernoulli(0.5),50,89,Exact binomial (randomized),0.28629873601554784,0.6297397431757402,False,0.3434410071601924,2.4284946510050966,0.9428010806691224
Bernoulli(0.5),50,90,Chronological GE,0.32659724401310086,0.7006639377214015,False,0.3740666937083006,2.6450509573717063,1.0268735407767253
Bernoulli(0.5),50,90,Permutation-integrated GE (randomized),0.31881730765104294,0.6978272426128387,False,0.37900993496179575,2.6800049514855813,1.0404435370748948
Bernoulli(0.5),50,90,Exact binomial (randomized),0.33447461145276547,0.6926828951351293,False,0.3582082836823638,2.5329150646899397,0.9833396418000854
Bernoulli(0.5),50,91,Chronological GE,0.4178362204693258,0.8004942969419062,False,0.38265807647258043,2.7058012074956213,1.0504582752310678
Bernoulli(0.5),50,91,Permutation-integrated GE (randomized),0.415013726055622,0.7928250700235366,False,0.37781134396791466,2.6715296332891567,1.03715321104873
Bernoulli(0.5),50,91,Exact binomial (randomized),0.41682354291852186,0.7695990894474859,False,0.35277554652896403,2.494499811874209,0.9684259001314107
Bernoulli(0.5),50,92,Chronological GE,0.21551584592089057,0.5796895981766284,False,0.3641737522557378,2.5750972975018196,0.9997158173307242
Bernoulli(0.5),50,92,Permutation-integrated GE (randomized),0.21961411535739894,0.5822417661547661,False,0.36262765079736714,2.5641647092456568,0.9954715189057082
Bernoulli(0.5),50,92,Exact binomial (randomized),0.23222904115736379,0.5804524518298868,False,0.34822341067252305,2.4623113505444905,0.955929551368948
Bernoulli(0.5),50,93,Chronological GE,0.4440841577015817,0.8083814061246812,False,0.3642972484230995,2.5759705472757397,1.0000548342728472
Bernoulli(0.5),50,93,Permutation-integrated GE (randomized),0.4456422090530394,0.800493144094944,False,0.35485093504190457,2.5091750247851783,0.9741231770785866
Bernoulli(0.5),50,93,Exact binomial (randomized),0.4504876094558433,0.7960134932597112,False,0.34552588380386784,2.4432369551319004,0.9485244040688882
Bernoulli(0.5),50,94,Chronological GE,0.18740788800641894,0.5113861761055887,False,0.32397828809916973,2.2908724447213187,0.8893727707674662
Bernoulli(0.5),50,94,Permutation-integrated GE (randomized),0.16167414262890814,0.507139115780592,False,0.3454649731516839,2.442806251779843,0.9483571944826534
Bernoulli(0.5),50,94,Exact binomial (randomized),0.18362573697871132,0.5109162509487142,False,0.32729051397000286,2.314293418462195,0.8984653661924066
Bernoulli(0.5),50,95,Chronological GE,0.23882826371118426,0.5607853927649558,False,0.3219571290537715,2.2765806920527427,0.8838243624746942
Bernoulli(0.5),50,95,Permutation-integrated GE (randomized),0.22598761424422265,0.5763215006887912,False,0.35033388644456853,2.477234667843923,0.9617231485140971
Bernoulli(0.5),50,95,Exact binomial (randomized),0.22335602473115457,0.5698260243453492,False,0.34646999961419467,2.4499128620489756,0.9511161545811901
Bernoulli(0.5),50,96,Chronological GE,0.38238586066290736,0.7289756541140378,False,0.3465897934511304,2.4507599323933915,0.9514450080278253
Bernoulli(0.5),50,96,Permutation-integrated GE (randomized),0.374176558703184,0.7261691488325598,False,0.3519925901293758,2.4889634740789863,0.9662765582524303
Bernoulli(0.5),50,96,Exact binomial (randomized),0.3899538680762971,0.7388712144600392,False,0.3489173463837421,2.4672182170155956,0.9578345170684781
Bernoulli(0.5),50,97,Chronological GE,0.3496000864543021,0.7067491947673261,False,0.35714910831302404,2.5254255638286804,0.9804320341993253
Bernoulli(0.5),50,97,Permutation-integrated GE (randomized),0.344123416095972,0.7010866831243039,False,0.35696326702833187,2.524111467502378,0.9799218698322644
Bernoulli(0.5),50,97,Exact binomial (randomized),0.3558109313609789,0.707791709365862,False,0.3519807780048831,2.488879949745696,0.96624413206131
Bernoulli(0.5),50,98,Chronological GE,0.20311298640444875,0.5621430636383593,False,0.35903007723391056,2.538726022620281,0.9855955979390791
Bernoulli(0.5),50,98,Permutation-integrated GE (randomized),0.20370465084910389,0.5667143313586711,False,0.3630096805095672,2.566866067246771,0.9965202522194384
Bernoulli(0.5),50,98,Exact binomial (randomized),0.21577512308327415,0.5643038840440273,False,0.34852876096075314,2.464470503138938,0.956767787268925
Bernoulli(0.5),50,99,Chronological GE,0.3238746630959213,0.7078815861605108,False,0.3840069230645895,2.715338993215521,1.0541610771623755
Bernoulli(0.5),50,99,Permutation-integrated GE (randomized),0.32096659213304524,0.7114963734149933,False,0.39052978128194804,2.7614625659976473,1.0720673773658007
Bernoulli(0.5),50,99,Exact binomial (randomized),0.3356143290607467,0.7003001247259897,False,0.364685795665243,2.5787179911730496,1.0011214592598077
Bernoulli(0.5),200,0,Chronological GE,0.37774056708440185,0.5592967546544969,False,0.18155618757009506,2.5675922279438197,0.9968021655807191
Bernoulli(0.5),200,0,Permutation-integrated GE (randomized),0.3804574998468161,0.5599013798683883,False,0.1794438800215722,2.5377196881135786,0.9852049142453594
Bernoulli(0.5),200,0,Exact binomial (randomized),0.38100368356284614,0.5602103852661647,False,0.1792067017033186,2.534365480169828,0.9839027286000881
Bernoulli(0.5),200,1,Chronological GE,0.39646340580657125,0.5812219209037721,False,0.18475851509720087,2.612879978143757,1.014383978994186
Bernoulli(0.5),200,1,Permutation-integrated GE (randomized),0.397447308525443,0.5824897312372922,False,0.18504242271184917,2.6168950381347234,1.0159427235839127
Bernoulli(0.5),200,1,Exact binomial (randomized),0.3987617372477583,0.5816259497498032,False,0.18286421250204488,2.5860904939306755,1.0039836453322575
Bernoulli(0.5),200,2,Chronological GE,0.3723289747722447,0.5513278231956065,False,0.17899884842336178,2.5314259908948413,0.9827615468956418
Bernoulli(0.5),200,2,Permutation-integrated GE (randomized),0.3702029190957546,0.5499335174262525,False,0.17973059833049793,2.541774497324213,0.9867790904553465
Bernoulli(0.5),200,2,Exact binomial (randomized),0.3708870316834452,0.5501419944984098,False,0.1792549628149646,2.535047995356078,0.984167697705498
Bernoulli(0.5),200,3,Chronological GE,0.4353993865661323,0.6163396560586989,False,0.18094026949256659,2.5588818309583043,0.9934205762131649
Bernoulli(0.5),200,3,Permutation-integrated GE (randomized),0.4354944366961717,0.6154593069106342,False,0.1799648702144625,2.5450876020800672,0.9880653188367418
Bernoulli(0.5),200,3,Exact binomial (randomized),0.43706473291927306,0.6172357731998944,False,0.18017104028062136,2.5480032871172393,0.9891972591532663
Bernoulli(0.5),200,4,Chronological GE,0.4576331893913448,0.6428364771418273,False,0.18520328775048256,2.6191700133281937,1.01682592465253
Bernoulli(0.5),200,4,Permutation-integrated GE (randomized),0.45729427523911004,0.6406744260340931,False,0.18338015079498304,2.5933869632428834,1.0068163133596595
Bernoulli(0.5),200,4,Exact binomial (randomized),0.45820425171330165,0.6397634572838594,False,0.18155920557055777,2.567634908915676,0.9968187353789575
Bernoulli(0.5),200,5,Chronological GE,0.41744555393233895,0.5970324981026351,False,0.1795869441702962,2.5397429207077273,0.9859903826734735
Bernoulli(0.5),200,5,Permutation-integrated GE (randomized),0.4186221707239747,0.5973109010979532,False,0.17868873037397848,2.5270402593810957,0.9810588985455733
Bernoulli(0.5),200,5,Exact binomial (randomized),0.41679018422659275,0.5960896880563272,False,0.17929950382973447,2.535677900427772,0.984412242276377
Bernoulli(0.5),200,6,Chronological GE,0.36703526275232434,0.5481320857070386,False,0.1810968229547143,2.561095831252362,0.994280105332974
Bernoulli(0.5),200,6,Permutation-integrated GE (randomized),0.36981446620076897,0.5490648281946781,False,0.1792503619939091,2.5349829299207305,0.9841424377104906
Bernoulli(0.5),200,6,Exact binomial (randomized),0.3680032723886537,0.5478663136815394,False,0.17986304129288566,2.5436475236607095,0.9875062451367207
Bernoulli(0.5),200,7,Chronological GE,0.39899129746481776,0.5767223597504199,False,0.1777310622856021,2.513496787392758,0.9758009911331225
Bernoulli(0.5),200,7,Permutation-integrated GE (randomized),0.40126961417496204,0.5778561382740737,False,0.17658652409911163,2.4973105731328706,0.969517106468255
Bernoulli(0.5),200,7,Exact binomial (randomized),0.4010349032013636,0.5787902281149724,False,0.1777553249136088,2.5138399127686166,0.9759342008048137
Bernoulli(0.5),200,8,Chronological GE,0.34104706114158034,0.5204066731967032,False,0.17935961205512285,2.5365279591033163,0.9847422558663199
Bernoulli(0.5),200,8,Permutation-integrated GE (randomized),0.338903995975852,0.5186662154644728,False,0.17976221948862076,2.5422216880309656,0.9869527008363358
Bernoulli(0.5),200,8,Exact binomial (randomized),0.34106879781015814,0.5190344247490951,False,0.17796562693893697,2.516814032532753,0.9770888269130108
Bernoulli(0.5),200,9,Chronological GE,0.4446601993404329,0.6278315740637481,False,0.18317137472331524,2.5904344237223675,1.0056700652303878
Bernoulli(0.5),200,9,Permutation-integrated GE (randomized),0.44536458987742666,0.6289387511834506,False,0.1835741613060239,2.5961306862024522,1.0078814937874885
Bernoulli(0.5),200,9,Exact binomial (randomized),0.44520891197681184,0.6260816814442374,False,0.18087276946742553,2.5579272364481547,0.9930499792528639
Bernoulli(0.5),200,10,Chronological GE,0.4439533497206867,0.6240822416730225,False,0.18012889195233583,2.547407219742312,0.9889658512047248
Bernoulli(0.5),200,10,Permutation-integrated GE (randomized),0.44399475529789934,0.6237787382304669,False,0.1797839829325676,2.5425294696069014,0.9870721891795703
Bernoulli(0.5),200,10,Exact binomial (randomized),0.4467846942931444,0.6268571224298585,False,0.1800724281367141,2.546608700803956,0.9886558466026124
Bernoulli(0.5),200,11,Chronological GE,0.4149033664725721,0.5993151194415987,False,0.18441175296902657,2.6079760210979424,1.0124801428047856
Bernoulli(0.5),200,11,Permutation-integrated GE (randomized),0.41632654108107087,0.602020611539483,False,0.18569407045841219,2.626110728945516,1.0195204803856137
Bernoulli(0.5),200,11,Exact binomial (randomized),0.41801050247688426,0.6011258593677159,False,0.18311535689083164,2.589642211938037,1.005362509219887
Bernoulli(0.5),200,12,Chronological GE,0.4641814003698528,0.6459581782110035,False,0.18177677784115076,2.570711845474365,0.9980132774840766
Bernoulli(0.5),200,12,Permutation-integrated GE (randomized),0.4620977580919863,0.6439610540494323,False,0.181863295957446,2.571935396408922,0.9984882899132276
Bernoulli(0.5),200,12,Exact binomial (randomized),0.4626317406831041,0.6434922777420354,False,0.18086053705893135,2.557754244068225,0.9929828193755802
Bernoulli(0.5),200,13,Chronological GE,0.42106423946097493,0.6065203039906919,False,0.18545606452971697,2.6227448168226566,1.0182137508914573
Bernoulli(0.5),200,13,Permutation-integrated GE (randomized),0.41944103028625246,0.6048540945723654,False,0.18541306428611293,2.6221367015457546,1.0179776656523989
Bernoulli(0.5),200,13,Exact binomial (randomized),0.42216657235505045,0.6049643907801944,False,0.18279781842514392,2.58515153989053,1.0036191203853395
Bernoulli(0.5),200,14,Chronological GE,0.4075417476706207,0.5901357210241258,False,0.18259397335350513,2.582268735241185,1.0024999450403844
Bernoulli(0.5),200,14,Permutation-integrated GE (randomized),0.40717063967138517,0.590607708953321,False,0.18343706928193587,2.594191912204868,1.0071288142543715
Bernoulli(0.5),200,14,Exact binomial (randomized),0.40624268848210826,0.5874913563573778,False,0.18124866787526955,2.563243242712629,0.9951137830372024
Bernoulli(0.5),200,15,Chronological GE,0.42498238710686564,0.6078434404917061,False,0.1828610533848405,2.58604581726672,1.0039663007574855
Bernoulli(0.5),200,15,Permutation-integrated GE (randomized),0.42479672878980634,0.6076629555225372,False,0.1828662267327309,2.586118979454215,1.0039947041099102
Bernoulli(0.5),200,15,Exact binomial (randomized),0.42720559478053466,0.6084641845528226,False,0.18125858977228793,2.563383559525908,0.9951682574595119
Bernoulli(0.5),200,16,Chronological GE,0.4083278286270797,0.5948388907127082,False,0.1865110620856285,2.6376647353410623,1.024006028546599
Bernoulli(0.5),200,16,Permutation-integrated GE (randomized),0.4065643884241581,0.5941557325422764,False,0.1875913441181183,2.652942230356412,1.0299371261524464
Bernoulli(0.5),200,16,Exact binomial (randomized),0.40823541487804926,0.5921282501546786,False,0.18389283527662936,2.6006374167145077,1.009631116911135
Bernoulli(0.5),200,17,Chronological GE,0.42720775166526437,0.6108722272329032,False,0.18366447556763887,2.597407922738969,1.0083773482817118
Bernoulli(0.5),200,17,Permutation-integrated GE (randomized),0.42749910086393356,0.6115262591838839,False,0.18402715831995037,2.6025370314105456,1.0103685938446494
Bernoulli(0.5),200,17,Exact binomial (randomized),0.42823053587217724,0.6103320433604922,False,0.18210150748831494,2.5753042161856072,0.9997961482297876
Bernoulli(0.5),200,18,Chronological GE,0.47626981930807233,0.6628613169305027,False,0.18659149762243032,2.638802265611481,1.0244476456478766
Bernoulli(0.5),200,18,Permutation-integrated GE (randomized),0.4767903379350901,0.6665282947570086,False,0.18973795682191846,2.683299918345178,1.0417227238808904
Bernoulli(0.5),200,18,Exact binomial (randomized),0.47731628258321607,0.6599951805756233,False,0.18267889799240727,2.5834697510023354,1.0029662087634874
Bernoulli(0.5),200,19,Chronological GE,0.3729054913856089,0.552016309928149,False,0.17911081854254007,2.533009487506066,0.9833762990490718
Bernoulli(0.5),200,19,Permutation-integrated GE (randomized),0.37073463808745144,0.5512788114324211,False,0.18054417334496964,2.5532801855189513,0.9912458803077976
Bernoulli(0.5),200,19,Exact binomial (randomized),0.36824060443752804,0.5483521938119176,False,0.18011158937438954,2.547162524338355,0.9888708544579994
Bernoulli(0.5),200,20,Chronological GE,0.44895311212167144,0.6317851445637643,False,0.1828320324420929,2.585635399158455,1.0038069663995373
Bernoulli(0.5),200,20,Permutation-integrated GE (randomized),0.4475385474786163,0.6303472933545711,False,0.18280874587595475,2.5853060773819183,1.003679115623058
Bernoulli(0.5),200,20,Exact binomial (randomized),0.44621125188965793,0.626284205477736,False,0.18007295358807807,2.546616131808409,0.9886587315004752
Bernoulli(0.5),200,21,Chronological GE,0.4395561176352203,0.6187385763041675,False,0.17918245866894722,2.534022631889817,0.983769626503789
Bernoulli(0.5),200,21,Permutation-integrated GE (randomized),0.4401763333752752,0.6205138977989555,False,0.18033756442368032,2.5503582941330047,0.990111530534728
Bernoulli(0.5),200,21,Exact binomial (randomized),0.4418402791533239,0.6219625582763155,False,0.1801222791229916,2.5473137002128694,0.9889295446337444
Bernoulli(0.5),200,22,Chronological GE,0.38992553343996406,0.5727735492400825,False,0.18284801580011845,2.585861437975375,1.0038947202024033
Bernoulli(0.5),200,22,Permutation-integrated GE (randomized),0.38804595351219184,0.5717882135510443,False,0.1837422600388524,2.5985079612802906,1.0088044101758389
Bernoulli(0.5),200,22,Exact binomial (randomized),0.3893164611061117,0.5712217824705561,False,0.18190532136444443,2.5725297254143364,0.9987190229841635
Bernoulli(0.5),200,23,Chronological GE,0.39214244997128844,0.5748306638561189,False,0.18268821388483047,2.5836014976164403,1.0030173560246525
Bernoulli(0.5),200,23,Permutation-integrated GE (randomized),0.3874789273738861,0.5741336539387702,False,0.18665472656488413,2.6396964578910076,1.024794792983414
Bernoulli(0.5),200,23,Exact binomial (randomized),0.38870688467933817,0.5723284677112174,False,0.1836215830318792,2.5968013306810094,1.0081418543935399
Bernoulli(0.5),200,24,Chronological GE,0.43055473593994975,0.6058304342441261,False,0.17527569830417633,2.4787726969618107,0.9623202490734272
Bernoulli(0.5),200,24,Permutation-integrated GE (randomized),0.4331988576054573,0.6084406673908234,False,0.17524180978536608,2.478293440932709,0.9621341901492424
Bernoulli(0.5),200,24,Exact binomial (randomized),0.43149286732678177,0.6083688765669695,False,0.1768760092401877,2.5014045112590235,0.9711064734812447
Bernoulli(0.5),200,25,Chronological GE,0.46120660891756415,0.6444681757129729,False,0.18326156679540873,2.591709932238099,1.0061652488646349
Bernoulli(0.5),200,25,Permutation-integrated GE (randomized),0.45938318241387605,0.6411706625297666,False,0.18178748011589058,2.570863198495218,0.9980720364323674
Bernoulli(0.5),200,25,Exact binomial (randomized),0.4617757156428873,0.6422878189683834,False,0.1805121033254961,2.552826646954101,0.9910698055328793
Bernoulli(0.5),200,26,Chronological GE,0.4138343664817512,0.6011460558511317,False,0.18731168936938047,2.648987314971942,1.0284017311714895
Bernoulli(0.5),200,26,Permutation-integrated GE (randomized),0.41168047416955234,0.6003179940208789,False,0.1886375198513266,2.6677373894617005,1.035680969148915
Bernoulli(0.5),200,26,Exact binomial (randomized),0.4128150905501018,0.5971458281126444,False,0.1843307375625426,2.6068302902318345,1.0120353420314854
Bernoulli(0.5),200,27,Chronological GE,0.355998442042619,0.5415778937749565,False,0.18557945173233747,2.6244897753763485,1.0188911865240466
Bernoulli(0.5),200,27,Permutation-integrated GE (randomized),0.3570710364729166,0.5423519108444453,False,0.18528087437152874,2.6202672538456153,1.017251900285275
Bernoulli(0.5),200,27,Exact binomial (randomized),0.35959795265536393,0.5416686519120361,False,0.18207069925667213,2.5748685219953873,0.9996270010779869
Bernoulli(0.5),200,28,Chronological GE,0.38144065206870437,0.5597177264280617,False,0.17827707435935736,2.5212185641919995,0.978798773939849
Bernoulli(0.5),200,28,Permutation-integrated GE (randomized),0.3856460576876997,0.562341126985848,False,0.17669506929814832,2.498845634058952,0.9701130547028551
Bernoulli(0.5),200,28,Exact binomial (randomized),0.3857409591707031,0.5636334693053411,False,0.17789251013463797,2.515780004769983,0.9766873920192678
Bernoulli(0.5),200,29,Chronological GE,0.40386652247980237,0.5886464691720903,False,0.18477994669228792,2.6131830666681113,1.0145016453798958
Bernoulli(0.5),200,29,Permutation-integrated GE (randomized),0.40246988933533423,0.5882429505512117,False,0.18577306121587744,2.627227826950611,1.0199541651812467
Bernoulli(0.5),200,29,Exact binomial (randomized),0.40352130427723704,0.5866773766457843,False,0.1831560723685473,2.590218015745877,1.0055860503555698
Bernoulli(0.5),200,30,Chronological GE,0.4091928987763822,0.5921451062895358,False,0.18295220751315355,2.587334931311986,1.0044667663914038
Bernoulli(0.5),200,30,Permutation-integrated GE (randomized),0.4064490751549602,0.5905329246446493,False,0.18408384948968914,2.6033387656216593,1.0106798466943663
Bernoulli(0.5),200,30,Exact binomial (randomized),0.40565729045014354,0.5875174181893444,False,0.1818601277392009,2.5718905910368144,0.9984708953707997
Bernoulli(0.5),200,31,Chronological GE,0.34817865723744035,0.533280108589679,False,0.18510145135223866,2.617729829172796,1.0162668099031895
Bernoulli(0.5),200,31,Permutation-integrated GE (randomized),0.3524132717773318,0.5347259027138354,False,0.18231263093650357,2.5782899526232406,1.0009552842150486
Bernoulli(0.5),200,31,Exact binomial (randomized),0.3549095233286545,0.5347121826917361,False,0.17980265936308165,2.5427935942201985,0.9871747288210493
Bernoulli(0.5),200,32,Chronological GE,0.37841368885710835,0.5620461688376963,False,0.18363247998058796,2.5969554368075336,1.008201682164857
Bernoulli(0.5),200,32,Permutation-integrated GE (randomized),0.37997688852250566,0.5633982465416192,False,0.18342135801911352,2.593969721395214,1.0070425543421375
Bernoulli(0.5),200,32,Exact binomial (randomized),0.3806767106691651,0.5623541332303841,False,0.181677422561219,2.5693067496306363,0.9974677848763976
Bernoulli(0.5),200,33,Chronological GE,0.43901581363752484,0.6181986718438566,False,0.17918285820633173,2.5340282822016955,0.9837718200931975
Bernoulli(0.5),200,33,Permutation-integrated GE (randomized),0.43707094285637144,0.6140543425455691,False,0.17698339968919768,2.502923241553616,0.9716960817648758
Bernoulli(0.5),200,33,Exact binomial (randomized),0.4360255744406395,0.6138580420393559,False,0.1778324675987164,2.5149308750837873,0.9763577390857346
Bernoulli(0.5),200,34,Chronological GE,0.4248674907721579,0.608819963876158,False,0.1839524731040001,2.6014808229574893,1.0099585478638846
Bernoulli(0.5),200,34,Permutation-integrated GE (randomized),0.4250204985961318,0.610913293249905,False,0.18589279465377317,2.628921113468028,1.0206115404642608
Bernoulli(0.5),200,34,Exact binomial (randomized),0.42514343740839455,0.6071196629360469,False,0.18197622552765236,2.57353246170671,0.9991083097629853
Bernoulli(0.5),200,35,Chronological GE,0.4491320294328034,0.6260324059985578,False,0.1769003765657544,2.5017491172819755,0.9712402579763885
Bernoulli(0.5),200,35,Permutation-integrated GE (randomized),0.44990028753876704,0.625612614005804,False,0.175712326467037,2.4849475516581268,0.964717478846304
Bernoulli(0.5),200,35,Exact binomial (randomized),0.44986582463948827,0.627223491870416,False,0.17735766723092777,2.5082161838883232,0.9737509315670017
Bernoulli(0.5),200,36,Chronological GE,0.3580831061117351,0.5445138332433999,False,0.18643072713166475,2.6365286275267805,1.0235649636776203
Bernoulli(0.5),200,36,Permutation-integrated GE (randomized),0.35660693384706976,0.5444919068366291,False,0.1878849729895593,2.6570947696793743,1.031549243584778
Bernoulli(0.5),200,36,Exact binomial (randomized),0.35952537132653006,0.5430962984069101,False,0.18357092708038003,2.5960849473447594,1.0078637368431018
Bernoulli(0.5),200,37,Chronological GE,0.33710899436846375,0.518497773911804,False,0.1813887795433402,2.5652247209249515,0.9958830413920136
Bernoulli(0.5),200,37,Permutation-integrated GE (randomized),0.3388791950419544,0.5182911137118934,False,0.179411918669939,2.537267686344064,0.985029436092016
Bernoulli(0.5),200,37,Exact binomial (randomized),0.3387126590892341,0.5177517292690514,False,0.17903907017981735,2.531994812429661,0.98298237734199
Bernoulli(0.5),200,38,Chronological GE,0.38719281973317266,0.5698352479375899,False,0.18264242820441723,2.5829539903144116,1.0027659778369997
Bernoulli(0.5),200,38,Permutation-integrated GE (randomized),0.38801283717155466,0.5694158855080605,False,0.1814030483365059,2.5654265121330875,0.9959613816794922
Bernoulli(0.5),200,38,Exact binomial (randomized),0.389006092244975,0.5695098081275918,False,0.18050371588261677,2.552708030599365,0.9910237557598711
Bernoulli(0.5),200,39,Chronological GE,0.4384572529233992,0.6198480795137584,False,0.1813908265903592,2.5652536705415225,0.9958942803419436
Bernoulli(0.5),200,39,Permutation-integrated GE (randomized),0.43828471951186665,0.6204230209439994,False,0.18213830143213272,2.57582456112921,0.9999981588765667
Bernoulli(0.5),200,39,Exact binomial (randomized),0.4386461775661311,0.6197072118302732,False,0.1810610342641421,2.5605897027364946,0.9940836138515042
Bernoulli(0.5),200,40,Chronological GE,0.47464864095672965,0.6583781014196575,False,0.18372946046292782,2.5983269479416387,1.0087341363660012
Bernoulli(0.5),200,40,Permutation-integrated GE (randomized),0.4738388471677899,0.6529050739482045,False,0.17906622678041462,2.5323788647583867,0.9831314758588042
Bernoulli(0.5),200,40,Exact binomial (randomized),0.47435112012033626,0.6530439012214151,False,0.17869278110107883,2.527097545313124,0.9810811383469255
Bernoulli(0.5),200,41,Chronological GE,0.416803568135947,0.5967576610855758,False,0.17995409294962883,2.5449351885391365,0.988006148168592
Bernoulli(0.5),200,41,Permutation-integrated GE (randomized),0.4209128037840129,0.6010688958317043,False,0.1801560920476914,2.547791887179809,0.9891151885218237
Bernoulli(0.5),200,41,Exact binomial (randomized),0.4206226710405606,0.6004272993412195,False,0.1798046283006589,2.542821439202451,0.987185538924892
Bernoulli(0.5),200,42,Chronological GE,0.44650824973359704,0.630092388484627,False,0.18358413875102997,2.5962717885829067,1.0079362731862087
Bernoulli(0.5),200,42,Permutation-integrated GE (randomized),0.4451550467312337,0.6295424692332745,False,0.18438742250204082,2.6076319363340414,1.0123465606751674
Bernoulli(0.5),200,42,Exact binomial (randomized),0.4469291419252514,0.6290839819381019,False,0.18215484001285048,2.576058451980745,1.0000889610315127
Bernoulli(0.5),200,43,Chronological GE,0.4285333645530045,0.6124786850996315,False,0.18394532054662704,2.6013796705210632,1.0099192780115358
Bernoulli(0.5),200,43,Permutation-integrated GE (randomized),0.42826284974813467,0.6128370010852813,False,0.1845741513371466,2.610272680844969,1.0133717623479992
Bernoulli(0.5),200,43,Exact binomial (randomized),0.4288511011960738,0.6111332779491587,False,0.18228217675308495,2.5778592654310244,1.0007880809024599
Bernoulli(0.5),200,44,Chronological GE,0.4577500796876848,0.6401641084812582,False,0.18241402879357338,2.5797239348698775,1.001511991231566
Bernoulli(0.5),200,44,Permutation-integrated GE (randomized),0.45582341972738505,0.637138486765325,False,0.18131506703793998,2.5641822686764164,0.9954783359066389
Bernoulli(0.5),200,44,Exact binomial (randomized),0.4554053300756103,0.6352090793707204,False,0.17980374929511006,2.5428090081867647,0.9871807129002524
Bernoulli(0.5),200,45,Chronological GE,0.4155970416031778,0.5952810361050069,False,0.17968399450182915,2.541115419658594,0.9865232203692694
Bernoulli(0.5),200,45,Permutation-integrated GE (randomized),0.4163164831697941,0.5946650095283985,False,0.17834852635860443,2.522229048055938,0.9791910685156373
Bernoulli(0.5),200,45,Exact binomial (randomized),0.4122245242024547,0.5924135243804428,False,0.1801890001779881,2.5482572784215884,0.9892958647961165
Bernoulli(0.5),200,46,Chronological GE,0.3976763510145247,0.578992651309818,False,0.18131630029529333,2.5641997095691664,0.9954851068882121
Bernoulli(0.5),200,46,Permutation-integrated GE (randomized),0.3980446443334221,0.579617066271603,False,0.1815724219381809,2.5678218165790554,0.9968912975099659
Bernoulli(0.5),200,46,Exact binomial (randomized),0.3969744393326344,0.5776631318756088,False,0.18068869254297443,2.5553239956173677,0.99203933742687
Bernoulli(0.5),200,47,Chronological GE,0.38138442998752,0.5619596210308373,False,0.18057519104331732,2.55371884201572,0.991416177499527
Bernoulli(0.5),200,47,Permutation-integrated GE (randomized),0.3758479621261357,0.558353257700801,False,0.18250529557466533,2.5810146420660214,1.0020130753656604
Bernoulli(0.5),200,47,Exact binomial (randomized),0.37876077959034266,0.5591731180145736,False,0.18041233842423093,2.5514157581899206,0.9905220639716522
Bernoulli(0.5),200,48,Chronological GE,0.3807923779822886,0.5594875202514231,False,0.17869514226913452,2.527130937271998,0.9810941019229
Bernoulli(0.5),200,48,Permutation-integrated GE (randomized),0.3760673341900109,0.5566866002231834,False,0.18061926603317247,2.554342156499866,0.9916581634429616
Bernoulli(0.5),200,48,Exact binomial (randomized),0.37894500847593476,0.558766393828408,False,0.17982138535247322,2.5430584197018624,0.9872775405567878
Bernoulli(0.5),200,49,Chronological GE,0.369277932215482,0.5496435672976077,False,0.18036563508212566,2.550755273191786,0.9902656475246366
Bernoulli(0.5),200,49,Permutation-integrated GE (randomized),0.37036783233284953,0.5495947222411632,False,0.1792268899083137,2.5346509845028686,0.984013568372214
Bernoulli(0.5),200,49,Exact binomial (randomized),0.37078243789680454,0.549713759105875,False,0.17893132120907052,2.5304710118720415,0.9823908006581158
Bernoulli(0.5),200,50,Chronological GE,0.3957765228115022,0.5711733219213784,False,0.17539679910987616,2.480485320980161,0.9629851316477464
Bernoulli(0.5),200,50,Permutation-integrated GE (randomized),0.39893767807632696,0.5716344234719872,False,0.17269674539566027,2.442300795162361,0.9481609638485873
Bernoulli(0.5),200,50,Exact binomial (randomized),0.3972224989134732,0.5735333276137172,False,0.176310828700244,2.4934116514112463,0.9680034495981151
Bernoulli(0.5),200,51,Chronological GE,0.36044613597914577,0.5390002890489995,False,0.17855415306985378,2.525137048894288,0.9803200256380458
Bernoulli(0.5),200,51,Permutation-integrated GE (randomized),0.3598964669927954,0.5384960134699939,False,0.17859954647719845,2.5257790086173797,0.980569250119733
Bernoulli(0.5),200,51,Exact binomial (randomized),0.3580443578305524,0.5373070042261792,False,0.17926264639562678,2.5351566575958784,0.9842098830473802
Bernoulli(0.5),200,52,Chronological GE,0.4869826096110046,0.6648526047356427,False,0.17786999512463808,2.5154615944449947,0.9765637773354262
Bernoulli(0.5),200,52,Permutation-integrated GE (randomized),0.5025668909773231,0.6642005586996673,False,0.16163366772234422,2.2858452502904556,0.8874210908079531
Bernoulli(0.5),200,52,Exact binomial (randomized),0.4865492057285168,0.6632649363766894,False,0.1767157306481726,2.499137829673165,0.9702264921941557
Bernoulli(0.5),200,53,Chronological GE,0.4238357455469668,0.6009454694576561,False,0.17710972391068935,2.504709735826513,0.9723896425805851
Bernoulli(0.5),200,53,Permutation-integrated GE (randomized),0.4252150469273329,0.600170357450843,False,0.1749553105235101,2.474241729515443,0.9605612165784846
Bernoulli(0.5),200,53,Exact binomial (randomized),0.42197984253828663,0.5996324640316011,False,0.17765262149331446,2.512387467069793,0.9753703258241143
Bernoulli(0.5),200,54,Chronological GE,0.46960964472964406,0.6466840575449169,False,0.1770744128152728,2.50421036152611,0.972195773250923
Bernoulli(0.5),200,54,Permutation-integrated GE (randomized),0.4703354018926621,0.6504379710555075,False,0.1801025691628454,2.5470349592833434,0.9888213305804522
Bernoulli(0.5),200,54,Exact binomial (randomized),0.4703229773964629,0.6492053773100076,False,0.1788823999135447,2.529779160275827,0.982122206929773
Bernoulli(0.5),200,55,Chronological GE,0.379977407399565,0.5644826521165669,False,0.18450524471700191,2.6092981940775095,1.0129934427263858
Bernoulli(0.5),200,55,Permutation-integrated GE (randomized),0.38153971191495656,0.5651394376531242,False,0.18359972573816769,2.5964922218689734,1.0080218507847565
Bernoulli(0.5),200,55,Exact binomial (randomized),0.3837144929301189,0.5652234713666899,False,0.18150897843657104,2.5669245899748443,0.996542972175296
Bernoulli(0.5),200,56,Chronological GE,0.4088855287991464,0.5940561681054533,False,0.18517063930630684,2.6187082946027567,1.0166466741389961
Bernoulli(0.5),200,56,Permutation-integrated GE (randomized),0.4068094380199909,0.5926264338195324,False,0.18581699579954147,2.62784915579136,1.0201953802492998
Bernoulli(0.5),200,56,Exact binomial (randomized),0.4082113111563049,0.5914701999397562,False,0.18325888878345137,2.591672059429796,1.006150545713207
Bernoulli(0.5),200,57,Chronological GE,0.32209379645064473,0.5079797501675785,False,0.18588595371693373,2.6288243680114514,1.0205739815093864
Bernoulli(0.5),200,57,Permutation-integrated GE (randomized),0.31929182630032293,0.5082802212610842,False,0.18898839496076125,2.6726995128463167,1.0376073869351323
Bernoulli(0.5),200,57,Exact binomial (randomized),0.32586082967866276,0.5075095103359688,False,0.18164868065730605,2.568900277727415,0.997309982531863
Bernoulli(0.5),200,58,Chronological GE,0.3560585672967136,0.5403663744218647,False,0.18430780712515116,2.6065060048763335,1.0119094465169596
Bernoulli(0.5),200,58,Permutation-integrated GE (randomized),0.3601670566946269,0.5426008369773626,False,0.1824337802827357,2.580003263108382,1.0016204332925829
Bernoulli(0.5),200,58,Exact binomial (randomized),0.36042501020902484,0.5415262223254053,False,0.18110121211638042,2.5611579033719187,0.9943042032495056
Bernoulli(0.5),200,59,Chronological GE,0.39090281492099166,0.5711109056137502,False,0.18020809069275856,2.5485272590705987,0.9894006778940335
Bernoulli(0.5),200,59,Permutation-integrated GE (randomized),0.39316677689552304,0.5725614389777182,False,0.17939466208219512,2.5370236413397875,0.9849346918463704
Bernoulli(0.5),200,59,Exact binomial (randomized),0.39192173290197013,0.5715272485046554,False,0.17960551560268528,2.5400055604233005,0.9860923458413011
Bernoulli(0.5),200,60,Chronological GE,0.4516877490095794,0.6328860535286367,False,0.18119830451905727,2.562530997298609,0.994837271929483
Bernoulli(0.5),200,60,Permutation-integrated GE (randomized),0.4499578852951528,0.632467840462923,False,0.18250995516777024,2.581080538663662,1.0020386580382195
Bernoulli(0.5),200,60,Exact binomial (randomized),0.45016087528034193,0.6304306561220492,False,0.18026978084170725,2.5493996895236792,0.9897393767557471
Bernoulli(0.5),200,61,Chronological GE,0.4224166632629931,0.6073462222702801,False,0.18492955900728703,2.6152989043178088,1.0153230653578356
Bernoulli(0.5),200,61,Permutation-integrated GE (randomized),0.423705380745232,0.6112079406157135,False,0.18750255987048148,2.6516866314850818,1.029449671929606
Bernoulli(0.5),200,61,Exact binomial (randomized),0.42421323601022387,0.6071702655437182,False,0.18295702953349435,2.587403124977626,1.0044932408419995
Bernoulli(0.5),200,62,Chronological GE,0.41387236258015037,0.5931717460043728,False,0.17929938342422247,2.5356761976366915,0.9844115812111899
Bernoulli(0.5),200,62,Permutation-integrated GE (randomized),0.4120708294212818,0.5909208469092846,False,0.17885001748800278,2.5293212036219876,0.9819444169445406
Bernoulli(0.5),200,62,Exact binomial (randomized),0.41102287261954396,0.5899827562499109,False,0.17895988363036697,2.530874945507758,0.9825476175850605
Bernoulli(0.5),200,63,Chronological GE,0.4362365701235831,0.612782631535083,False,0.17654606141149998,2.496738344316966,0.9692949532319687
Bernoulli(0.5),200,63,Permutation-integrated GE (randomized),0.4365657733753324,0.6121982084587219,False,0.17563243508338944,2.4838177168754156,0.9642788493217643
Bernoulli(0.5),200,63,Exact binomial (randomized),0.43581920857229045,0.6128067348555197,False,0.17698752628322928,2.5029816004060748,0.9717187381002077
Bernoulli(0.5),200,64,Chronological GE,0.40298030944541097,0.5886288960464299,False,0.1856485866010189,2.62546749006557,1.0192707593039179
Bernoulli(0.5),200,64,Permutation-integrated GE (randomized),0.40012555886060003,0.5870076624676586,False,0.18688210360705854,2.642912054859161,1.0260431664543281
Bernoulli(0.5),200,64,Exact binomial (randomized),0.40293970653357913,0.5863769871563072,False,0.18343728062272802,2.594194901015013,1.0071299745836453
Bernoulli(0.5),200,65,Chronological GE,0.41373810125514865,0.595939623657614,False,0.18220152240246534,2.576718640665918,1.000345262442582
Bernoulli(0.5),200,65,Permutation-integrated GE (randomized),0.4127908382937313,0.5946977938339115,False,0.18190695554018022,2.572552836149225,0.9987279951372703
Bernoulli(0.5),200,65,Exact binomial (randomized),0.4137608800248308,0.5946515472057016,False,0.18089066718087077,2.5581803483390515,0.9931482434858812
Bernoulli(0.5),200,66,Chronological GE,0.3980446015484631,0.585591237526387,False,0.18754663597792387,2.652309961774298,1.029691664008956
Bernoulli(0.5),200,66,Permutation-integrated GE (randomized),0.39679224826395504,0.5867154540866613,False,0.18992320582270622,2.685919734838479,1.0427398007848963
Bernoulli(0.5),200,66,Exact binomial (randomized),0.3984200487752359,0.5828231530908665,False,0.18440310431563062,2.6078537106686546,1.012432658901594
Bernoulli(0.5),200,67,Chronological GE,0.4797892081551254,0.6577010289765894,False,0.17791182082146406,2.5160530991220647,0.9767934139329504
Bernoulli(0.5),200,67,Permutation-integrated GE (randomized),0.47914729513227944,0.6542002532631159,False,0.1750529581308365,2.4756226752215853,0.9610973335114816
Bernoulli(0.5),200,67,Exact binomial (randomized),0.4795742203138312,0.6562731403257369,False,0.17669892001190574,2.498900091375158,0.9701341963662918
Bernoulli(0.5),200,68,Chronological GE,0.35064099682495,0.5333021781407297,False,0.18266118131577969,2.583219199358666,1.0028689384811267
Bernoulli(0.5),200,68,Permutation-integrated GE (randomized),0.34484299987554545,0.5320459860563276,False,0.18720298618078213,2.647450019736052,1.0278049155231188
Bernoulli(0.5),200,68,Exact binomial (randomized),0.34965028823366945,0.5316166019474715,False,0.18196631371380206,2.5733922874909623,0.9990538907005286
Bernoulli(0.5),200,69,Chronological GE,0.3861897443421185,0.5695038647390902,False,0.1833141203969717,2.5924531523989183,1.0064537851274205
Bernoulli(0.5),200,69,Permutation-integrated GE (randomized),0.38472246397286647,0.5682717481628061,False,0.18354928418993965,2.595778870652862,1.007744910377592
Bernoulli(0.5),200,69,Exact binomial (randomized),0.38546535371224394,0.5673933729428451,False,0.18192801923060115,2.572850721715894,0.9988436416074221
Bernoulli(0.5),200,70,Chronological GE,0.4032883164472878,0.5824518199078739,False,0.17916350346058607,2.533754564762398,0.9836655562818026
Bernoulli(0.5),200,70,Permutation-integrated GE (randomized),0.4026551542058586,0.5805189234390855,False,0.1778637692332269,2.515373547044279,0.9765295951787925
Bernoulli(0.5),200,70,Exact binomial (randomized),0.403524239562113,0.5829679124549596,False,0.17944367289284663,2.53771675887105,0.9852037770416928
Bernoulli(0.5),200,71,Chronological GE,0.4244645391590893,0.6030673407949507,False,0.1786028016358614,2.525825043512668,0.9805871219931621
Bernoulli(0.5),200,71,Permutation-integrated GE (randomized),0.4229245719686151,0.6006581484153869,False,0.1777335764467718,2.5135323430009997,0.9758147946907545
Bernoulli(0.5),200,71,Exact binomial (randomized),0.4239307935725126,0.602818988624967,False,0.17888819505245435,2.5298611159162454,0.9821540241159141
Bernoulli(0.5),200,72,Chronological GE,0.3158944924362004,0.5012195534072816,False,0.18532506097108126,2.6208921467292385,1.0174944990020307
Bernoulli(0.5),200,72,Permutation-integrated GE (randomized),0.3214702609926462,0.5031093829125166,False,0.18163912191987042,2.568765096766209,0.9972575019730697
Bernoulli(0.5),200,72,Exact binomial (randomized),0.32288025808046034,0.5025121839773884,False,0.17963192589692806,2.540379058386345,0.9862373468949539
Bernoulli(0.5),200,73,Chronological GE,0.40697083761915565,0.5888546234928071,False,0.1818837858736515,2.572225167582819,0.9986007861774396
Bernoulli(0.5),200,73,Permutation-integrated GE (randomized),0.40599675849080086,0.5877102650702,False,0.1817135065793991,2.569817054709589,0.9976658978019124
Bernoulli(0.5),200,73,Exact binomial (randomized),0.40803110875008464,0.5887541924963748,False,0.1807230837462902,2.555810360678923,0.9922281562515045
Bernoulli(0.5),200,74,Chronological GE,0.3998884870670736,0.5819159378297627,False,0.1820274507626891,2.5742568959279573,0.9993895528640904
Bernoulli(0.5),200,74,Permutation-integrated GE (randomized),0.3986646699160336,0.5804261987656354,False,0.18176152884960178,2.5704961921677545,0.9979295555905826
Bernoulli(0.5),200,74,Exact binomial (randomized),0.39949708824891755,0.5803030336480505,False,0.18080594539913292,2.5569822014114307,0.9926830935141925
Bernoulli(0.5),200,75,Chronological GE,0.3704937077127397,0.5499816597439349,False,0.17948795203119516,2.538342960450877,0.985446883826356
Bernoulli(0.5),200,75,Permutation-integrated GE (randomized),0.37557490166276686,0.5560986212268471,False,0.1805237195640802,2.5529909253755947,0.991133582438153
Bernoulli(0.5),200,75,Exact binomial (randomized),0.37584962317232506,0.5557976394547086,False,0.17994801628238355,2.5448492514868137,0.9879727853008723
Bernoulli(0.5),200,76,Chronological GE,0.4640349210239947,0.6387837924994528,False,0.17474887147545815,2.471322240499858,0.959427799464407
Bernoulli(0.5),200,76,Permutation-integrated GE (randomized),0.46402963075786824,0.6395763804391024,False,0.17554674968123413,2.482605942297161,0.963808408762452
Bernoulli(0.5),200,76,Exact binomial (randomized),0.464305071603077,0.641383395138359,False,0.17707832353528197,2.504265667458866,0.9722172443680812
Bernoulli(0.5),200,77,Chronological GE,0.4275409341789782,0.6087369085289538,False,0.18119597434997559,2.5624980437314293,0.9948244785478976
Bernoulli(0.5),200,77,Permutation-integrated GE (randomized),0.4261169276759028,0.606143612228334,False,0.1800266845524312,2.5459617888311117,0.9884046995363246
Bernoulli(0.5),200,77,Exact binomial (randomized),0.42592175984793784,0.6056400749701987,False,0.17971831512226083,2.5416007865274297,0.9867116516710513
Bernoulli(0.5),200,78,Chronological GE,0.3421870185993612,0.5242629698477685,False,0.18207595124840736,2.5749427963748017,0.9996558362105448
Bernoulli(0.5),200,78,Permutation-integrated GE (randomized),0.3449029595404864,0.5244261752814054,False,0.17952321574091906,2.5388416646163883,0.9856404929932461
Bernoulli(0.5),200,78,Exact binomial (randomized),0.34401274675697924,0.5231801588625072,False,0.179167412105528,2.533809841349272,0.9836870160061709
Bernoulli(0.5),200,79,Chronological GE,0.3827161961235106,0.5561746251769364,False,0.1734584290534258,2.4530726287528606,0.9523428533766155
Bernoulli(0.5),200,79,Permutation-integrated GE (randomized),0.3792284389212728,0.5538632782921196,False,0.17463483937084678,2.4697095830109848,0.9588017263443244
Bernoulli(0.5),200,79,Exact binomial (randomized),0.37789277772088997,0.5546837133816522,False,0.17679093566076226,2.5002013891607926,0.9706393920265173
Bernoulli(0.5),200,80,Chronological GE,0.42122285859659314,0.6060440228320658,False,0.18482116423547268,2.613765970753907,1.014727943017318
Bernoulli(0.5),200,80,Permutation-integrated GE (randomized),0.41802593909204006,0.6038590589910745,False,0.18583311989903445,2.6280771849932,1.0202839067683227
Bernoulli(0.5),200,80,Exact binomial (randomized),0.41880467204958416,0.6019473121821122,False,0.183142640132528,2.590028055242362,1.0055123030372777
Bernoulli(0.5),200,81,Chronological GE,0.3776895464397967,0.5597093277610838,False,0.18201978132128716,2.5741484336474927,0.9993474451513179
Bernoulli(0.5),200,81,Permutation-integrated GE (randomized),0.377902333214879,0.56062175296247,False,0.18271941974759098,2.584042815159855,1.0031886862998405
Bernoulli(0.5),200,81,Exact binomial (randomized),0.37911661853458406,0.5601538881694413,False,0.18103726963485728,2.5602536201261006,0.9939531383537952
Bernoulli(0.5),200,82,Chronological GE,0.40681661991402507,0.5895631336607039,False,0.18274651374667883,2.5844259821695448,1.0033374411141296
Bernoulli(0.5),200,82,Permutation-integrated GE (randomized),0.4065638966858387,0.5898883007466793,False,0.1833244040608406,2.592598585368061,1.0065102457666957
Bernoulli(0.5),200,82,Exact binomial (randomized),0.4082793930927778,0.5898679878581522,False,0.18158859476537442,2.5680505348946454,0.996980091559818
Bernoulli(0.5),200,83,Chronological GE,0.44986560521647334,0.6283447160385549,False,0.17847911082208157,2.524075791248784,0.9799080194371528
Bernoulli(0.5),200,83,Permutation-integrated GE (randomized),0.4495196096599103,0.6268771384656431,False,0.1773575288057328,2.508214226260442,0.9737501715679293
Bernoulli(0.5),200,83,Exact binomial (randomized),0.44978161153285784,0.6279291568944184,False,0.17814754536156058,2.5193867475379514,0.9780876178661433
Bernoulli(0.5),200,84,Chronological GE,0.4190813400782645,0.5933156344108284,False,0.17423429433256388,2.4640450207561755,0.9566026045907964
Bernoulli(0.5),200,84,Permutation-integrated GE (randomized),0.4181578427925706,0.5906489852443337,False,0.1724911424517631,2.4393931304451293,0.9470321372166262
Bernoulli(0.5),200,84,Exact binomial (randomized),0.41664747520285556,0.59286147736713,False,0.17621400216427446,2.4920423174075887,0.9674718406123135
Bernoulli(0.5),200,85,Chronological GE,0.404009445104748,0.5872712689451873,False,0.18326182384043932,2.591713567403783,1.0061666601249537
Bernoulli(0.5),200,85,Permutation-integrated GE (randomized),0.401129368878901,0.5852316969260571,False,0.18410232804715615,2.603600091887489,1.0107812999488461
Bernoulli(0.5),200,85,Exact binomial (randomized),0.4030790743608499,0.5850606600258301,False,0.18198158566498024,2.573608265495763,0.9991377386498096
Bernoulli(0.5),200,86,Chronological GE,0.4240420931018889,0.6011516186408699,False,0.17710952553898096,2.5047069304269094,0.972388553455774
Bernoulli(0.5),200,86,Permutation-integrated GE (randomized),0.4249553840607405,0.5996911700814963,False,0.1747357860207558,2.471137184224759,0.9593559560876569
Bernoulli(0.5),200,86,Exact binomial (randomized),0.42187959424997934,0.5991454814626374,False,0.177265887212658,2.506918218422404,0.9732470295948752
Bernoulli(0.5),200,87,Chronological GE,0.3940385109744966,0.5784169095568359,False,0.1843783985823393,2.6075043188377647,1.0122970164386371
Bernoulli(0.5),200,87,Permutation-integrated GE (randomized),0.3950588192790746,0.5800161171704529,False,0.18495729789137827,2.6156911913786782,1.01547536079928
Bernoulli(0.5),200,87,Exact binomial (randomized),0.39798889633138945,0.5800227958598038,False,0.1820338995284143,2.5743480952474487,0.9994249586727617
Bernoulli(0.5),200,88,Chronological GE,0.4503034516237676,0.6343683521263301,False,0.18406490050256252,2.6030707864757825,1.0105758106289688
Bernoulli(0.5),200,88,Permutation-integrated GE (randomized),0.4491826330125332,0.6316009269654752,False,0.182418293952942,2.5797842533321256,1.0015354083353953
Bernoulli(0.5),200,88,Exact binomial (randomized),0.44943329271043814,0.6302672033020085,False,0.18083391059157033,2.557377688955625,0.9928366314616214
Bernoulli(0.5),200,89,Chronological GE,0.4697583490051329,0.6473132087849081,False,0.17755485977977514,2.511004907658112,0.9748335824111187
Bernoulli(0.5),200,89,Permutation-integrated GE (randomized),0.46949986040592195,0.6484029218554497,False,0.17890306144952772,2.5300713585198933,0.9822356454420471
Bernoulli(0.5),200,89,Exact binomial (randomized),0.46976156874369834,0.648259367194773,False,0.1784977984510746,2.5243400742324895,0.9800106205619018
Bernoulli(0.5),200,90,Chronological GE,0.408475982490927,0.5948478574864566,False,0.18637187499552965,2.6356963326358116,1.0232418464237625
Bernoulli(0.5),200,90,Permutation-integrated GE (randomized),0.404971469193697,0.5928852595388889,False,0.18791379034519196,2.6575023086310483,1.031707460183647
Bernoulli(0.5),200,90,Exact binomial (randomized),0.4076439044668803,0.5914849043005633,False,0.18384099983368302,2.5999043528502446,1.0093465235713306
Bernoulli(0.5),200,91,Chronological GE,0.42429955629631877,0.6084628575481474,False,0.18416330125182867,2.604462383217381,1.0111160625547007
Bernoulli(0.5),200,91,Permutation-integrated GE (randomized),0.42570419166237117,0.6147147573903203,False,0.18901056572794916,2.6730130548427704,1.037729111614645
Bernoulli(0.5),200,91,Exact binomial (randomized),0.4250334195238118,0.6072410575618544,False,0.18220763803804263,2.5768051288136773,1.0003788392590425
Bernoulli(0.5),200,92,Chronological GE,0.37222060980275273,0.5547350044362247,False,0.18251439463347197,2.581143322189713,1.0020630321401698
Bernoulli(0.5),200,92,Permutation-integrated GE (randomized),0.3712949423491955,0.5540217672288419,False,0.18272682487964637,2.5841475395416937,1.003229342868851
Bernoulli(0.5),200,92,Exact binomial (randomized),0.37125966108021435,0.5526572903439466,False,0.18139762926373226,2.565349874870968,0.9959316292180175
Bernoulli(0.5),200,93,Chronological GE,0.3460153420455754,0.5287412465550005,False,0.18272590450942516,2.5841345235412017,1.0032242897387875
Bernoulli(0.5),200,93,Permutation-integrated GE (randomized),0.349848203100264,0.5290619983151554,False,0.17921379521489145,2.53446579757254,0.9839416742719048
Bernoulli(0.5),200,93,Exact binomial (randomized),0.34875500859105313,0.5280076501148353,False,0.17925264152378217,2.5350151673413537,0.9841549530664494
Bernoulli(0.5),200,94,Chronological GE,0.36386645724996924,0.5399551619775593,False,0.17608870472759008,2.4902703440646925,0.9667839171771484
Bernoulli(0.5),200,94,Permutation-integrated GE (randomized),0.3607954206690192,0.5393251533433796,False,0.1785297326743604,2.5247916923492357,0.9801859497718475
Bernoulli(0.5),200,94,Exact binomial (randomized),0.35830607268712145,0.5379823112323385,False,0.17967623854521708,2.5410057338682948,0.9864806376600238
Bernoulli(0.5),200,95,Chronological GE,0.41394031466916203,0.590208129491657,False,0.17626781482249498,2.4928033433184167,0.9677672895031928
Bernoulli(0.5),200,95,Permutation-integrated GE (randomized),0.4168374459818006,0.5917250291630627,False,0.17488758318126207,2.4732839202559362,0.960189371573776
Bernoulli(0.5),200,95,Exact binomial (randomized),0.415937528747675,0.5930932001113299,False,0.17715567136365495,2.505359530937918,0.9726419089518503
Bernoulli(0.5),200,96,Chronological GE,0.44084166502580047,0.6226206575520337,False,0.1817789925262332,2.5707431658511646,0.9980254368211711
Bernoulli(0.5),200,96,Permutation-integrated GE (randomized),0.44171551082283256,0.6244361224398018,False,0.1827206116169693,2.584059670738249,1.0031952300480502
Bernoulli(0.5),200,96,Exact binomial (randomized),0.44266061573954196,0.6240086204735199,False,0.18134800473397794,2.5646480780409187,0.9956591745064096
Bernoulli(0.5),200,97,Chronological GE,0.3983810334466398,0.5764366141520441,False,0.17805558070540428,2.518086170897999,0.9775827021723276
Bernoulli(0.5),200,97,Permutation-integrated GE (randomized),0.40095688797533513,0.5754703754931689,False,0.1745134875178338,2.467993408647484,0.9581354654390943
Bernoulli(0.5),200,97,Exact binomial (randomized),0.40068069336168816,0.5782814437738308,False,0.17760075041214268,2.511653899204912,0.9750855368189306
Bernoulli(0.5),200,98,Chronological GE,0.43189380364492536,0.6147351372055709,False,0.18284133356064558,2.5857669368384792,1.0038580325473767
Bernoulli(0.5),200,98,Permutation-integrated GE (randomized),0.431290074288845,0.6151694858074188,False,0.1838794115185738,2.6004475761075057,1.0095574161396046
Bernoulli(0.5),200,98,Exact binomial (randomized),0.4309019351040797,0.611883914388675,False,0.18098197928459525,2.5594716964940116,0.9936495764558808
Bernoulli(0.5),200,99,Chronological GE,0.450483578722924,0.6318626175634563,False,0.1813790388405323,2.5650869665847718,0.9958295617844984
Bernoulli(0.5),200,99,Permutation-integrated GE (randomized),0.45089235618710527,0.6337367586791516,False,0.1828444024920463,2.5858103380825685,1.0038748819729304
Bernoulli(0.5),200,99,Exact binomial (randomized),0.45068991551959475,0.6309527005675631,False,0.1802627850479684,2.549300754059829,0.9897009675864307
Bernoulli(0.5),1000,0,Chronological GE,0.480216168332845,0.5616322071291506,False,0.08141603879630566,2.5746012066495942,0.9995232227160338
Bernoulli(0.5),1000,0,Permutation-integrated GE (randomized),0.48013577062636625,0.5615946381315589,False,0.0814588675051926,2.575955569342865,1.0000490194725986
Bernoulli(0.5),1000,0,Exact binomial (randomized),0.4802695673421157,0.5616158746029786,False,0.0813463072608629,2.5723961018821955,0.9986671470574641
Bernoulli(0.5),1000,1,Chronological GE,0.4746362525038421,0.5552367134951055,False,0.08060046099126339,2.5488103719194513,0.9895105892334466
Bernoulli(0.5),1000,1,Permutation-integrated GE (randomized),0.4752961392328142,0.5555055752024055,False,0.08020943596959129,2.5364450750134457,0.9847100782333702
Bernoulli(0.5),1000,1,Exact binomial (randomized),0.47478846786211415,0.5555094875867715,False,0.0807210197246574,2.552622773812952,0.9909906569880327
Bernoulli(0.5),1000,2,Chronological GE,0.45252114767208695,0.5325953201390803,False,0.08007417246699333,2.5321676674884293,0.9830494839078366
Bernoulli(0.5),1000,2,Permutation-integrated GE (randomized),0.4520342133343219,0.532058968514204,False,0.08002475517988206,2.5306049556578483,0.982442800915129
Bernoulli(0.5),1000,2,Exact binomial (randomized),0.4518133643178745,0.5322742849073077,False,0.08046092058943316,2.544397716965465,0.9877974885447065
Bernoulli(0.5),1000,3,Chronological GE,0.4750698241405189,0.5556074227206409,False,0.080537598580122,2.5468224879352834,0.9887388440011717
Bernoulli(0.5),1000,3,Permutation-integrated GE (randomized),0.4753912774622441,0.5556598916947841,False,0.08026861423254006,2.5383164560023506,0.9854365941505261
Bernoulli(0.5),1000,3,Exact binomial (randomized),0.4754152245269226,0.5560861103953447,False,0.08067088586842214,2.551037402077043,0.9903751768652914
Bernoulli(0.5),1000,4,Chronological GE,0.45521900383755565,0.5368160200305283,False,0.08159701619297266,2.5803242144343495,1.0017450344552163
Bernoulli(0.5),1000,4,Permutation-integrated GE (randomized),0.4551275593042374,0.5367157295346259,False,0.0815881702303885,2.5800444805357237,1.0016364349070086
Bernoulli(0.5),1000,4,Exact binomial (randomized),0.45532961288255247,0.5367593123485701,False,0.08142969946601764,2.575033194956126,0.999690931153055
Bernoulli(0.5),1000,5,Chronological GE,0.4880031584762037,0.5689588249661028,False,0.08095566648989916,2.5600429560505,0.9938713534019311
Bernoulli(0.5),1000,5,Permutation-integrated GE (randomized),0.4878857527449728,0.5686621313914656,False,0.08077637864649279,2.5543733766310623,0.9916702838622586
Bernoulli(0.5),1000,5,Exact binomial (randomized),0.4880062977761992,0.5690122127108733,False,0.08100591493467413,2.5616319513942005,0.9944882402979345
Bernoulli(0.5),1000,6,Chronological GE,0.4488947377540171,0.5304555776529014,False,0.0815608398988843,2.579180219568116,1.00130090763957
Bernoulli(0.5),1000,6,Permutation-integrated GE (randomized),0.44863630876690136,0.5303197703436016,False,0.0816834615767002,2.583057857492212,1.0028063016184154
Bernoulli(0.5),1000,6,Exact binomial (randomized),0.4485254801624316,0.5300208577474119,False,0.08149537758498032,2.5771101194397015,1.00049724408719
Bernoulli(0.5),1000,7,Chronological GE,0.48211557185277343,0.5631907102651894,False,0.08107513841241598,2.563820989966423,0.995338078666186
Bernoulli(0.5),1000,7,Permutation-integrated GE (randomized),0.48232405997067695,0.5631719660386443,False,0.08084790606796732,2.556635272301246,0.9925484071397084
Bernoulli(0.5),1000,7,Exact binomial (randomized),0.4822531422921439,0.5631865361490913,False,0.08093339385694742,2.5593386335543356,0.9935979181649013
Bernoulli(0.5),1000,8,Chronological GE,0.47265145229175687,0.5547397141344845,False,0.08208826184272766,2.5958587658731007,1.0077759276581735
Bernoulli(0.5),1000,8,Permutation-integrated GE (randomized),0.4727072056084871,0.5551591285914181,False,0.08245192298293103,2.6073587408684653,1.0122404995067507
Bernoulli(0.5),1000,8,Exact binomial (randomized),0.47292273235125776,0.5549285781275217,False,0.08200584577626396,2.59325254101493,1.006764127359691
Bernoulli(0.5),1000,9,Chronological GE,0.4178506010212004,0.4995728046633303,False,0.0817222036421299,2.5842829891723835,1.0032819277317155
Bernoulli(0.5),1000,9,Permutation-integrated GE (randomized),0.41817778388410803,0.49968523897975686,False,0.08150745509564883,2.577492043861476,1.000645516498428
Bernoulli(0.5),1000,9,Exact binomial (randomized),0.4184630977763967,0.4997159488226232,False,0.08125285104622654,2.569440756884711,0.9975198097733464
Bernoulli(0.5),1000,10,Chronological GE,0.4714169870130718,0.5537571632303298,False,0.08234017621725798,2.6038249978616257,1.010868613954408
Bernoulli(0.5),1000,10,Permutation-integrated GE (randomized),0.4710044136047363,0.5534876430630684,False,0.08248322945833209,2.608348738546259,1.0126248408435117
Bernoulli(0.5),1000,10,Exact binomial (randomized),0.47110751986174565,0.5530285378564577,False,0.08192101799471202,2.5905700510292964,1.0057227190715186
Bernoulli(0.5),1000,11,Chronological GE,0.4641150454990566,0.5448396964929998,False,0.08072465099394321,2.552737604630358,0.9910352371227674
Bernoulli(0.5),1000,11,Permutation-integrated GE (randomized),0.46369816428422933,0.5441586571931838,False,0.08046049290895446,2.54438419252123,0.9877922380243339
Bernoulli(0.5),1000,11,Exact binomial (randomized),0.4636403075878678,0.5443324475224173,False,0.08069213993454949,2.551709514662066,0.9906361074262168
Bernoulli(0.5),1000,12,Chronological GE,0.4516754341311753,0.5329872346483171,False,0.08131180051714182,2.5713049028342523,0.998243516871085
Bernoulli(0.5),1000,12,Permutation-integrated GE (randomized),0.45220269990712414,0.5333937424346806,False,0.08119104252755649,2.567486199906727,0.9967610029008215
Bernoulli(0.5),1000,12,Exact binomial (randomized),0.4522205801430823,0.5333721255980128,False,0.08115154545493053,2.5662371928026557,0.9962761077634185
Bernoulli(0.5),1000,13,Chronological GE,0.4416422978974879,0.5227255052886903,False,0.08108320739120245,2.564076153479991,0.9954371393893544
Bernoulli(0.5),1000,13,Permutation-integrated GE (randomized),0.442565482623875,0.5235056403800844,False,0.08094015775620939,2.5595525268296533,0.9936809567711564
Bernoulli(0.5),1000,13,Exact binomial (randomized),0.442636507583082,0.5235903825818288,False,0.08095387499874679,2.5599863041260047,0.9938493597378257
Bernoulli(0.5),1000,14,Chronological GE,0.46449449891224504,0.5462315217591822,False,0.08173702284693718,2.5847516135754187,1.0034638591983658
Bernoulli(0.5),1000,14,Permutation-integrated GE (randomized),0.46509327153861524,0.5468880621939897,False,0.08179479065537443,2.5865783920763987,1.0041730593377007
Bernoulli(0.5),1000,14,Exact binomial (randomized),0.4651279583621233,0.5467376022733093,False,0.08160964391118597,2.580723537946398,1.0019000616192828
Bernoulli(0.5),1000,15,Chronological GE,0.43939263420179486,0.519774470012635,False,0.08038183581084013,2.5418968366794235,0.9868265855882895
Bernoulli(0.5),1000,15,Permutation-integrated GE (randomized),0.4397797501087187,0.5200441530346868,False,0.08026440292596804,2.5381832827954223,0.9853848930510997
Bernoulli(0.5),1000,15,Exact binomial (randomized),0.43977088622695487,0.5203142504127538,False,0.08054336418579894,2.547004812395579,0.9888096268205319
Bernoulli(0.5),1000,16,Chronological GE,0.44275259831920266,0.5252051535062492,False,0.08245255518704653,2.6073787329179767,1.012248260909839
Bernoulli(0.5),1000,16,Permutation-integrated GE (randomized),0.4425905531942844,0.5253818975389004,False,0.08279134434461599,2.618092186762868,1.0164074859913035
Bernoulli(0.5),1000,16,Exact binomial (randomized),0.4430235660650704,0.525140546746208,False,0.08211698068113765,2.5967669352844,1.008128501258469
Bernoulli(0.5),1000,17,Chronological GE,0.4688674253411591,0.5511134075932205,False,0.08224598225206137,2.600846323142987,1.0097122195013537
Bernoulli(0.5),1000,17,Permutation-integrated GE (randomized),0.4684119345992804,0.5511032954603435,False,0.08269136086106316,2.614930431398619,1.0151800151492358
Bernoulli(0.5),1000,17,Exact binomial (randomized),0.4688448680037421,0.550972936394388,False,0.08212806839064596,2.597117559445205,1.0082646221420706
Bernoulli(0.5),1000,18,Chronological GE,0.4800241612829268,0.5614444701932371,False,0.08142030891031027,2.574736239510826,0.999575645778791
Bernoulli(0.5),1000,18,Permutation-integrated GE (randomized),0.47959479407221084,0.5608680961057544,False,0.08127330203354355,2.570087473887921,0.9977708811476487
Bernoulli(0.5),1000,18,Exact binomial (randomized),0.47985564584962404,0.5610934452548485,False,0.08123779940522446,2.5689647822038135,0.9973350247488723
Bernoulli(0.5),1000,19,Chronological GE,0.4704679870046675,0.5512722660787404,False,0.08080427907407284,2.555255665619518,0.9920128100487726
Bernoulli(0.5),1000,19,Permutation-integrated GE (randomized),0.4704291988387704,0.5509829701259732,False,0.08055377128720281,2.547333913838345,0.9889373920580469
Bernoulli(0.5),1000,19,Exact binomial (randomized),0.47044098153175934,0.5512374391320255,False,0.08079645760026616,2.5550083289006333,0.9919167878789247
Bernoulli(0.5),1000,20,Chronological GE,0.48018331406638026,0.5616714362986386,False,0.08148812223225832,2.576880685041407,1.0004081720365001
Bernoulli(0.5),1000,20,Permutation-integrated GE (randomized),0.48043539533764124,0.5617882684692739,False,0.08135287313163264,2.572603732946743,0.9987477545201796
Bernoulli(0.5),1000,20,Exact binomial (randomized),0.48048331625557494,0.5616943394213306,False,0.08121102316575568,2.5681180431648594,0.9970062999231288
Bernoulli(0.5),1000,21,Chronological GE,0.43615444796159863,0.5178239555098116,False,0.081669507548213,2.582616592366668,1.002634991693128
Bernoulli(0.5),1000,21,Permutation-integrated GE (randomized),0.43570804942399266,0.5177252560779451,False,0.0820172066539524,2.5936118035120703,1.0069036018569513
Bernoulli(0.5),1000,21,Exact binomial (randomized),0.4361078469219801,0.5177157098187207,False,0.0816078628967406,2.580667217324468,1.0018781965749444
Bernoulli(0.5),1000,22,Chronological GE,0.4598765564151108,0.5415743268094957,False,0.08169777039438486,2.5835103420372882,1.0029819671970517
Bernoulli(0.5),1000,22,Permutation-integrated GE (randomized),0.4601134265139699,0.5418334091231226,False,0.0817199826091527,2.58421275394272,1.003254660695982
Bernoulli(0.5),1000,22,Exact binomial (randomized),0.46024587802098527,0.5417947633126806,False,0.08154888529169535,2.5788021816956195,1.0011541440819167
Bernoulli(0.5),1000,23,Chronological GE,0.4850159320048988,0.5658654416911304,False,0.08084950968623161,2.5566859831633724,0.9925680943379465
Bernoulli(0.5),1000,23,Permutation-integrated GE (randomized),0.48530763061344623,0.5663875566571952,False,0.08107992604374897,2.5639723881625174,0.9953968551526114
Bernoulli(0.5),1000,23,Exact binomial (randomized),0.48536059303826457,0.5663801011939874,False,0.08101950815572284,2.5620618067867214,0.9946551206855163
Bernoulli(0.5),1000,24,Chronological GE,0.45465874997898936,0.5362464557401836,False,0.08158770576119423,2.580029792730155,1.0016307327412832
Bernoulli(0.5),1000,24,Permutation-integrated GE (randomized),0.45495691645145425,0.5365316173434258,False,0.08157470089197155,2.579618542655992,1.0014710753938045
Bernoulli(0.5),1000,24,Exact binomial (randomized),0.45506752625370056,0.5364723858264746,False,0.08140485957277405,2.574247688561274,0.9993859783389187
Bernoulli(0.5),1000,25,Chronological GE,0.46470789378508925,0.5461888718418777,False,0.08148097805678844,2.57665476637652,1.0003204648795951
Bernoulli(0.5),1000,25,Permutation-integrated GE (randomized),0.46500181902945037,0.5464234175533057,False,0.08142159852385533,2.574777020671864,0.9995914780239563
Bernoulli(0.5),1000,25,Exact binomial (randomized),0.46514707002360917,0.5464629313228709,False,0.08131586129926177,2.5714333160400598,0.9982933700215366
Bernoulli(0.5),1000,26,Chronological GE,0.43903138348832726,0.5206543863750994,False,0.08162300288677216,2.5811459858469874,1.0020640662371383
Bernoulli(0.5),1000,26,Permutation-integrated GE (randomized),0.43911176562309273,0.5208382377028463,False,0.08172647207975359,2.5844179690217954,1.0033343302139863
Bernoulli(0.5),1000,26,Exact binomial (randomized),0.43932039271141093,0.5208254336865993,False,0.08150504097518835,2.5774157026694646,1.000615878978618
Bernoulli(0.5),1000,27,Chronological GE,0.45371900172904134,0.5345983118750155,False,0.08087931014597416,2.557628356444438,0.9929339467179032
Bernoulli(0.5),1000,27,Permutation-integrated GE (randomized),0.45367865248024464,0.5344025068730117,False,0.08072385439276708,2.5527124138893242,0.99102545746035
Bernoulli(0.5),1000,27,Exact binomial (randomized),0.4536162095912129,0.534433219831077,False,0.08081701023986415,2.5556582604312155,0.9921691072114545
Bernoulli(0.5),1000,28,Chronological GE,0.45009454572573304,0.5320770894177258,False,0.08198254369199276,2.592515664409668,1.006478053820483
Bernoulli(0.5),1000,28,Permutation-integrated GE (randomized),0.4500362872108816,0.5321628123149276,False,0.08212652510404594,2.5970687564378205,1.0082456756197535
Bernoulli(0.5),1000,28,Exact binomial (randomized),0.4501351903140744,0.53196261861834,False,0.08182742830426565,2.5876104851560897,1.0045737431401052
Bernoulli(0.5),1000,29,Chronological GE,0.43008070765063167,0.5116234594024718,False,0.08154275175184011,2.5786082221349997,1.001078844231747
Bernoulli(0.5),1000,29,Permutation-integrated GE (randomized),0.4297976634129882,0.511630871333182,False,0.08183320792019377,2.5877932526594285,1.0046446979596217
Bernoulli(0.5),1000,29,Exact binomial (randomized),0.43027728938443005,0.5117088904453398,False,0.0814316010609098,2.5750933286665876,0.9997142765317176
Bernoulli(0.5),1000,30,Chronological GE,0.48266627779230475,0.5638037328608334,False,0.08113745506852865,2.565791615661238,0.9961031238079971
Bernoulli(0.5),1000,30,Permutation-integrated GE (randomized),0.48233141685277237,0.563272428445518,False,0.08094101159274558,2.5595795275116915,0.9936914390969849
Bernoulli(0.5),1000,30,Exact binomial (randomized),0.48238615316848904,0.5633157739440141,False,0.08092962077552507,2.5592193182434166,0.9935515970399904
Bernoulli(0.5),1000,31,Chronological GE,0.47011865908280015,0.551663467194885,False,0.08154480811208487,2.578673249955632,1.001104089623801
Bernoulli(0.5),1000,31,Permutation-integrated GE (randomized),0.47047483249753724,0.5521868660971523,False,0.08171203359961504,2.5839613841899065,1.0031570728036217
Bernoulli(0.5),1000,31,Exact binomial (randomized),0.4704194554774441,0.5518834722291478,False,0.08146401675170367,2.5761184028149513,1.0001122354131355
Bernoulli(0.5),1000,32,Chronological GE,0.4630963676609099,0.5441076694987714,False,0.08101130183786154,2.561802300230271,0.9945543738867697
Bernoulli(0.5),1000,32,Permutation-integrated GE (randomized),0.46358026188611995,0.5445754786729813,False,0.08099521678686133,2.561293646255865,0.9943569019604641
Bernoulli(0.5),1000,32,Exact binomial (randomized),0.46357225182739586,0.5445341750497535,False,0.08096192322235768,2.560240811303292,0.9939481656551808
Bernoulli(0.5),1000,33,Chronological GE,0.4518900937400758,0.5333803244866431,False,0.08149023074656725,2.57694736211836,1.0004340577102366
Bernoulli(0.5),1000,33,Permutation-integrated GE (randomized),0.4512969193160534,0.5330136477053168,False,0.08171672838926336,2.584109846474147,1.003214709497185
Bernoulli(0.5),1000,33,Exact binomial (randomized),0.4514225310095605,0.5329254060633906,False,0.08150287505383008,2.5773472102222157,1.0005892885336864
Bernoulli(0.5),1000,34,Chronological GE,0.444670504424721,0.5254286420531571,False,0.08075813762843609,2.553796544992068,0.9914463436973573
Bernoulli(0.5),1000,34,Permutation-integrated GE (randomized),0.4443937090933323,0.5250498404204849,False,0.08065613132715255,2.5505708225146146,0.9901940392558288
Bernoulli(0.5),1000,34,Exact binomial (randomized),0.44391703426361767,0.5249130214798037,False,0.080995987216186,2.5613180093702863,0.9943663603179678
Bernoulli(0.5),1000,35,Chronological GE,0.4961441163904965,0.5766952256672084,False,0.08055110927671194,2.547249733675281,0.9889047112577515
Bernoulli(0.5),1000,35,Permutation-integrated GE (randomized),0.4957971670031548,0.5763767002820969,False,0.08057953327894207,2.54814857954793,0.9892536652320737
Bernoulli(0.5),1000,35,Exact binomial (randomized),0.4956537702399712,0.5763285781995819,False,0.08067480795961074,2.551161429490512,0.9904233273437792
Bernoulli(0.5),1000,36,Chronological GE,0.46283422363922,0.5442766449414194,False,0.08144242130219936,2.5754354947396636,0.999847113778582
Bernoulli(0.5),1000,36,Permutation-integrated GE (randomized),0.4628933277726174,0.5443736754655837,False,0.0814803476929663,2.5766348325221946,1.0003127260693028
Bernoulli(0.5),1000,36,Exact binomial (randomized),0.46296762349365217,0.5443147351735773,False,0.08134711167992514,2.5724215398464954,0.9986770226980063
Bernoulli(0.5),1000,37,Chronological GE,0.42226104950532317,0.5032299193553627,False,0.08096886985003948,2.5604604829586086,0.9940334475700243
Bernoulli(0.5),1000,37,Permutation-integrated GE (randomized),0.4216373039335013,0.5029517404586076,False,0.08131443652510628,2.5713882607252327,0.9982758784452257
Bernoulli(0.5),1000,37,Exact binomial (randomized),0.42171291190323007,0.5029002925912218,False,0.08118738068799175,2.56737040237222,0.9967160474628398
Bernoulli(0.5),1000,38,Chronological GE,0.4390759780071676,0.5209765885956585,False,0.08190061058849096,2.589924712181348,1.0054721827308304
Bernoulli(0.5),1000,38,Permutation-integrated GE (randomized),0.4390341103076934,0.5209868946671485,False,0.08195278435945513,2.5915745916850152,1.0061127063483675
Bernoulli(0.5),1000,38,Exact binomial (randomized),0.4391574874087307,0.5208112943272809,False,0.08165380691855023,2.5821200948623364,1.0024422392061338
Bernoulli(0.5),1000,39,Chronological GE,0.44246408296748996,0.5247418382205069,False,0.08227775525301695,2.6018510736541702,1.0101022882492319
Bernoulli(0.5),1000,39,Permutation-integrated GE (randomized),0.4432016757428646,0.5255334861576557,False,0.0823318104147911,2.6035604479591217,1.0107659092052466
Bernoulli(0.5),1000,39,Exact binomial (randomized),0.44331341304307387,0.5251457393115704,False,0.08183232626849651,2.5877653723847653,1.0046338741544012
Bernoulli(0.5),1000,40,Chronological GE,0.45835572527721524,0.5391375389881432,False,0.08078181371092796,2.5545452484595117,0.9917370087140228
Bernoulli(0.5),1000,40,Permutation-integrated GE (randomized),0.4585991291552781,0.5389577108770609,False,0.08035858172178278,2.5411614778160874,0.9865411012736561
Bernoulli(0.5),1000,40,Exact binomial (randomized),0.4578563992070594,0.538817858253262,False,0.08096145904620261,2.5602261327644364,0.9939424670870206
Bernoulli(0.5),1000,41,Chronological GE,0.4597450536675751,0.5418109479360282,False,0.08206589426845312,2.5951514410686953,1.0075013268515787
Bernoulli(0.5),1000,41,Permutation-integrated GE (randomized),0.4602608324512839,0.5424428894594312,False,0.08218205700814729,2.598824829435484,1.008927426151609
Bernoulli(0.5),1000,41,Exact binomial (randomized),0.4602496844626919,0.5420654381274482,False,0.08181575366475635,2.5872413006389823,1.004430416671772
Bernoulli(0.5),1000,42,Chronological GE,0.44694614922627807,0.5286558014340699,False,0.0817096522077918,2.583886077968279,1.003127837084654
Bernoulli(0.5),1000,42,Permutation-integrated GE (randomized),0.44748886066675186,0.5291015663146972,False,0.08161270564794532,2.580820358563952,1.0019376497534889
Bernoulli(0.5),1000,42,Exact binomial (randomized),0.44744671100823374,0.5289433227121473,False,0.08149661170391354,2.5771491457070264,1.0005123950396508
Bernoulli(0.5),1000,43,Chronological GE,0.43712639017030597,0.5187770701013505,False,0.08165067993104458,2.582021210835009,1.002403850005735
Bernoulli(0.5),1000,43,Permutation-integrated GE (randomized),0.4365434323400258,0.5186023816615343,False,0.08205894932150848,2.5949318225629545,1.0074160655707018
Bernoulli(0.5),1000,43,Exact binomial (randomized),0.437026086598917,0.5185430391186037,False,0.08151695251968666,2.577792378780116,1.0007621138669827
Bernoulli(0.5),1000,44,Chronological GE,0.44797638384625316,0.5287865125574172,False,0.080810128711164,2.5554406473864524,0.9920846244996291
Bernoulli(0.5),1000,44,Permutation-integrated GE (randomized),0.4480118533968926,0.5286786460876465,False,0.08066679269075389,2.550907964434049,0.9903249260032426
Bernoulli(0.5),1000,44,Exact binomial (randomized),0.44779454408118047,0.5286060380595996,False,0.08081149397841914,2.555483820927863,0.9921013855254281
Bernoulli(0.5),1000,45,Chronological GE,0.46167821576818824,0.543948567006737,False,0.08227035123854876,2.6016169381586867,1.0100113911175157
Bernoulli(0.5),1000,45,Permutation-integrated GE (randomized),0.46163016552478076,0.544059349142015,False,0.08242918361723428,2.6066396589869734,1.0119613343149807
Bernoulli(0.5),1000,45,Exact binomial (randomized),0.46188673876220326,0.5438668718167011,False,0.08198013305449786,2.592439433358699,1.0064484590601221
Bernoulli(0.5),1000,46,Chronological GE,0.4552370007149875,0.5363039798103273,False,0.08106697909533978,2.5635629697052997,0.9952379088836745
Bernoulli(0.5),1000,46,Permutation-integrated GE (randomized),0.4552764135599136,0.5363069501519202,False,0.0810305365920066,2.5624105565635884,0.994790513887382
Bernoulli(0.5),1000,46,Exact binomial (randomized),0.4554180895357016,0.5364117804193732,False,0.08099369088367159,2.56124539296018,0.9943381688496875
Bernoulli(0.5),1000,47,Chronological GE,0.44510969845578074,0.5259300111792982,False,0.08082031272351742,2.5557626941340135,0.9922096509317445
Bernoulli(0.5),1000,47,Permutation-integrated GE (randomized),0.4451226562410594,0.5257894089370965,False,0.08066675269603707,2.5509066996900542,0.9903244349986589
Bernoulli(0.5),1000,47,Exact binomial (randomized),0.44523679702007296,0.5262142555865339,False,0.08097745856646094,2.5607320820192996,0.9941388889749795
Bernoulli(0.5),1000,48,Chronological GE,0.4553461936302483,0.5365461097098887,False,0.08119991607964039,2.5677668062619396,0.9968699411580368
Bernoulli(0.5),1000,48,Permutation-integrated GE (randomized),0.45519574105739585,0.5363196423649785,False,0.08112390130758268,2.565363008106731,0.9959367278616833
Bernoulli(0.5),1000,48,Exact binomial (randomized),0.4553035517012035,0.5364017758153086,False,0.08109822411410506,2.5645510239536295,0.9956214957335362
Bernoulli(0.5),1000,49,Chronological GE,0.4452709327451885,0.5264169317670166,False,0.08114599902182817,2.566061799187724,0.9962080156679173
Bernoulli(0.5),1000,49,Permutation-integrated GE (randomized),0.4452703223004938,0.5262870118394493,False,0.08101668953895547,2.561972674298361,0.9946205172712926
Bernoulli(0.5),1000,49,Exact binomial (randomized),0.44490331088040697,0.5261005539763974,False,0.08119724309599047,2.5676822790971183,0.9968371256431636
Bernoulli(0.5),1000,50,Chronological GE,0.45152927143499255,0.5326031376607716,False,0.08107386622577906,2.563780759892608,0.9953224603665729
Bernoulli(0.5),1000,50,Permutation-integrated GE (randomized),0.45094147244095806,0.5320072517096996,False,0.08106577926874159,2.5635250278568247,0.9952231789291613
Bernoulli(0.5),1000,50,Exact binomial (randomized),0.45111046031494634,0.5322601781001945,False,0.08114971778524821,2.5661793968125903,0.9962536699450483
Bernoulli(0.5),1000,51,Chronological GE,0.47325862804427743,0.5544829717837274,False,0.08122434373944998,2.5685392766910002,0.9971698330910916
Bernoulli(0.5),1000,51,Permutation-integrated GE (randomized),0.47287804399430755,0.5538463921993972,False,0.08096834820508969,2.560443987096896,0.9940270434726372
Bernoulli(0.5),1000,51,Exact binomial (randomized),0.4729997705312178,0.5541346123866916,False,0.08113484185547382,2.5657089786085923,0.9960710420809464
Bernoulli(0.5),1000,52,Chronological GE,0.44647527066990733,0.5278154066763818,False,0.0813401360064745,2.572200949683319,0.9985913841959237
Bernoulli(0.5),1000,52,Permutation-integrated GE (randomized),0.44704038172960275,0.5282047157287597,False,0.08116433399915696,2.566641602079789,0.9964331093460062
Bernoulli(0.5),1000,52,Exact binomial (randomized),0.4471584007338436,0.5283045004858102,False,0.08114609975196663,2.5660649845543895,0.9962092523052446
Bernoulli(0.5),1000,53,Chronological GE,0.4792995457537472,0.5612997808493674,False,0.08200023509562016,2.5930751157143472,1.0066952465140782
Bernoulli(0.5),1000,53,Permutation-integrated GE (randomized),0.47890502005815505,0.5610970890522002,False,0.08219206899404519,2.599141436228872,1.0090503406603273
Bernoulli(0.5),1000,53,Exact binomial (randomized),0.4790415121790033,0.5608639423737671,False,0.08182243019476382,2.587452431055883,1.0045123826687459
Bernoulli(0.5),1000,54,Chronological GE,0.4463238869793713,0.5274753286503255,False,0.08115144167095423,2.5662339108651584,0.9962748336349299
Bernoulli(0.5),1000,54,Permutation-integrated GE (randomized),0.4468561775162816,0.5279579108133914,False,0.08110173329710979,2.564661994063843,0.9956645770472166
Bernoulli(0.5),1000,54,Exact binomial (randomized),0.4467147486734998,0.5278210188394712,False,0.08110627016597138,2.564805462454324,0.9957202749889565
Bernoulli(0.5),1000,55,Chronological GE,0.4426540960557759,0.5247514075599611,False,0.0820973115041852,2.596144941295693,1.007887027963694
Bernoulli(0.5),1000,55,Permutation-integrated GE (randomized),0.4429990716874599,0.5251175113022326,False,0.08211843961477272,2.5968130708168182,1.008146412201696
Bernoulli(0.5),1000,55,Exact binomial (randomized),0.4431787116395417,0.5249866861431302,False,0.08180797450358845,2.586995301963221,1.0043349139630238
Bernoulli(0.5),1000,56,Chronological GE,0.46251840563490987,0.5441794828511775,False,0.08166107721626759,2.58235000186288,1.0025314947325876
Bernoulli(0.5),1000,56,Permutation-integrated GE (randomized),0.46270841460674994,0.5448057578727603,False,0.08209734326601037,2.596145945692795,1.0078874178952397
Bernoulli(0.5),1000,56,Exact binomial (randomized),0.46262774849523053,0.5441113755466365,False,0.08148362705140594,2.576738534941528,1.0003529858874478
Bernoulli(0.5),1000,57,Chronological GE,0.44927069498226047,0.5302645149640739,False,0.08099381998181343,2.561249475401879,0.994339753753506
Bernoulli(0.5),1000,57,Permutation-integrated GE (randomized),0.44917864732444285,0.5299115953594447,False,0.0807329480350018,2.5529999801062084,0.9911370977062653
Bernoulli(0.5),1000,57,Exact binomial (randomized),0.4492707981201968,0.5302392010377046,False,0.08096840291750779,2.560445717255471,0.9940277151625557
Bernoulli(0.5),1000,58,Chronological GE,0.4421248431317508,0.5234626499004662,False,0.08133780676871538,2.5721272927180103,0.9985627887586379
Bernoulli(0.5),1000,58,Permutation-integrated GE (randomized),0.44219700445979826,0.5235121270641685,False,0.08131512260437024,2.571409956456528,0.9982843012592938
Bernoulli(0.5),1000,58,Exact binomial (randomized),0.44231250130791583,0.5235260305370433,False,0.08121352922912745,2.568197291847014,0.997037066201797
Bernoulli(0.5),1000,59,Chronological GE,0.4653236479498446,0.5462620868347585,False,0.08093843888491392,2.55949817134667,0.9936598546418699
Bernoulli(0.5),1000,59,Permutation-integrated GE (randomized),0.4655333579927682,0.5464164023548362,False,0.08088304436206806,2.557746442725758,0.9929797907034333
Bernoulli(0.5),1000,59,Exact binomial (randomized),0.46551385252623984,0.5464096430476068,False,0.08089579052136692,2.558149511673795,0.9931362719374506
Bernoulli(0.5),1000,60,Chronological GE,0.4235700690187514,0.5044029424898326,False,0.08083287347108126,2.556159899848175,0.992363855914821
Bernoulli(0.5),1000,60,Permutation-integrated GE (randomized),0.4237129830121995,0.5041734008193016,False,0.08046041780710211,2.544381817592131,0.987791316018712
Bernoulli(0.5),1000,60,Exact binomial (randomized),0.42379414422631884,0.5043439017104429,False,0.08054975748412402,2.547206986240261,0.9888881156568858
Bernoulli(0.5),1000,61,Chronological GE,0.46118846582248807,0.5419414355419576,False,0.08075296971946955,2.5536331213613215,0.9913828986427796
Bernoulli(0.5),1000,61,Permutation-integrated GE (randomized),0.46132110256701697,0.5418658361211418,False,0.08054473355412484,2.5470481156242344,0.9888264381940944
Bernoulli(0.5),1000,61,Exact binomial (randomized),0.46082740059849836,0.5417333876879542,False,0.08090598708945584,2.5584719554685753,0.9932614525130175
Bernoulli(0.5),1000,62,Chronological GE,0.4650349342264235,0.5454805255867541,False,0.08044559136033058,2.543912964178078,0.9876092956443777
Bernoulli(0.5),1000,62,Permutation-integrated GE (randomized),0.4657096052020788,0.5459852804988622,False,0.08027567529678337,2.5385397464594868,0.9855232809728356
Bernoulli(0.5),1000,62,Exact binomial (randomized),0.46561184728879546,0.5461823810551326,False,0.08057053376633716,2.5478639899713005,0.9891431805907828
Bernoulli(0.5),1000,63,Chronological GE,0.4613893018104136,0.5427751992829144,False,0.0813858974725008,2.5736480543004343,0.9991531856379375
Bernoulli(0.5),1000,63,Permutation-integrated GE (randomized),0.4611091338247061,0.5424290938824414,False,0.08131996005773534,2.571562930163614,0.9983436893976596
Bernoulli(0.5),1000,63,Exact binomial (randomized),0.4612215926428811,0.5424714282615454,False,0.08124983561866428,2.5693454006925514,0.997482790164932
Bernoulli(0.5),1000,64,Chronological GE,0.43850756203755736,0.5187581474892795,False,0.08025058545172215,2.537746335894145,0.9852152595661963
Bernoulli(0.5),1000,64,Permutation-integrated GE (randomized),0.4386251073628664,0.5184264652282001,False,0.07980135786533371,2.52354051228647,0.9797002110386782
Bernoulli(0.5),1000,64,Exact binomial (randomized),0.437979339910866,0.5184942711935483,False,0.08051493128268228,2.5461056850521837,0.9884605635723747
Bernoulli(0.5),1000,65,Chronological GE,0.44172918843105435,0.5229805116541684,False,0.08125132322311401,2.5693924428757366,0.9975010530921845
Bernoulli(0.5),1000,65,Permutation-integrated GE (randomized),0.4416405626311898,0.5227754955217242,False,0.08113493289053442,2.5657118573899766,0.9960721596943615
Bernoulli(0.5),1000,65,Exact binomial (randomized),0.44204341907617867,0.5232406994349625,False,0.08119728035878387,2.5676834574501095,0.9968375831086446
Bernoulli(0.5),1000,66,Chronological GE,0.4385702586732805,0.5200249296613038,False,0.08145467098802328,2.575822863817914,0.9999974999387662
Bernoulli(0.5),1000,66,Permutation-integrated GE (randomized),0.4380099571272731,0.5196349109634757,False,0.08162495383620261,2.5812076802849875,1.0020880175284428
Bernoulli(0.5),1000,66,Exact binomial (randomized),0.4381917219784958,0.5195896760594741,False,0.08139795408097833,2.574029317736893,0.999301201438493
Bernoulli(0.5),1000,67,Chronological GE,0.43491296702995896,0.5160756981931627,False,0.08116273116320372,2.5665909159565103,0.9964134317519946
Bernoulli(0.5),1000,67,Permutation-integrated GE (randomized),0.43511714357882736,0.5162138195708394,False,0.08109667599201209,2.564502068034532,0.9956024898471484
Bernoulli(0.5),1000,67,Exact binomial (randomized),0.4348202061248085,0.5159960251255347,False,0.08117581900072618,2.5670047897186823,0.9965741076793946
Bernoulli(0.5),1000,68,Chronological GE,0.46291499910876155,0.5444771857000887,False,0.08156218659132719,2.579222805722389,1.001317440627301
Bernoulli(0.5),1000,68,Permutation-integrated GE (randomized),0.4627557411789893,0.5444344440698623,False,0.08167870289087298,2.5829073746333804,1.0027478804883256
Bernoulli(0.5),1000,68,Exact binomial (randomized),0.4629591856837434,0.5444315693487428,False,0.08147238366499943,2.5763829878449487,1.00021495379965
Bernoulli(0.5),1000,69,Chronological GE,0.4433095450513065,0.5239477674476802,False,0.08063822239637375,2.550004492397422,0.9899741760388011
Bernoulli(0.5),1000,69,Permutation-integrated GE (randomized),0.44332442658394566,0.5239300944730639,False,0.08060566788911827,2.5489750284871038,0.9895745129443174
Bernoulli(0.5),1000,69,Exact binomial (randomized),0.44290123217277044,0.5238132872987292,False,0.08091205512595878,2.5586638436313187,0.9933359481958172
Bernoulli(0.5),1000,70,Chronological GE,0.45673669734969735,0.5388022889383137,False,0.08206559158861637,2.5951418694918362,1.0074976109310998
Bernoulli(0.5),1000,70,Permutation-integrated GE (randomized),0.4570829899460077,0.5392055060416459,False,0.08212251609563814,2.5969419804605467,1.008196458081503
Bernoulli(0.5),1000,70,Exact binomial (randomized),0.457091817538234,0.5389260926778221,False,0.08183427513958808,2.5878270010999196,1.004657799930488
Bernoulli(0.5),1000,71,Chronological GE,0.4439084162004292,0.5245083807967603,False,0.08059996459633112,2.5487946745334016,0.989504495123861
Bernoulli(0.5),1000,71,Permutation-integrated GE (randomized),0.44420672658085825,0.5244894507825375,False,0.08028272420167926,2.538762652404296,0.9856098185180456
Bernoulli(0.5),1000,71,Exact binomial (randomized),0.4438961524786386,0.5246004684520055,False,0.08070431597336686,2.552094554817481,0.9907855894415369
Bernoulli(0.5),1000,72,Chronological GE,0.45696799317374825,0.537772121373564,False,0.08080412819981575,2.555250894556591,0.9920109578053338
Bernoulli(0.5),1000,72,Permutation-integrated GE (randomized),0.45740178658068176,0.5379901457875966,False,0.08058835920691487,2.548427679896516,0.9893620188206449
Bernoulli(0.5),1000,72,Exact binomial (randomized),0.45746370162915995,0.5382413092876526,False,0.08077760765849262,2.554412241402974,0.991685372118246
Bernoulli(0.5),1000,73,Chronological GE,0.44220511289313436,0.5235755410976708,False,0.08137042820453644,2.5731588730954056,0.9989632735174586
Bernoulli(0.5),1000,73,Permutation-integrated GE (randomized),0.4418485634699464,0.5233268097415567,False,0.08147824627161027,2.576568379744107,1.000286927473877
Bernoulli(0.5),1000,73,Exact binomial (randomized),0.4420696062395333,0.5233572269569379,False,0.08128762071740459,2.5705402704288884,0.9979466678507286
Bernoulli(0.5),1000,74,Chronological GE,0.4638292486779392,0.5443158927373588,False,0.08048664405941963,2.545211164510267,0.9881132887973403
Bernoulli(0.5),1000,74,Permutation-integrated GE (randomized),0.46365516847372057,0.5440143631696701,False,0.08035919469594954,2.5411808617612257,0.9865486265957385
Bernoulli(0.5),1000,74,Exact binomial (randomized),0.4636370015240836,0.5442378622554503,False,0.08060086073136674,2.548823012811438,0.9895154967372045
Bernoulli(0.5),1000,75,Chronological GE,0.4641494150273502,0.5451203822158277,False,0.08097096718847752,2.5605268066234927,0.9940591960405433
Bernoulli(0.5),1000,75,Permutation-integrated GE (randomized),0.46401754792779687,0.5448883704468608,False,0.08087082251906391,2.557359954114777,0.9928297463621998
Bernoulli(0.5),1000,75,Exact binomial (randomized),0.4641344583355258,0.5451923733198754,False,0.08105791498434955,2.563276337348363,0.9951266311850546
Bernoulli(0.5),1000,76,Chronological GE,0.4383407928980887,0.5197814493440092,False,0.08144065644592047,2.575379685083822,0.9998254471037893
Bernoulli(0.5),1000,76,Permutation-integrated GE (randomized),0.4387246791943906,0.520067640967667,False,0.08134296177327638,2.5722903082756234,0.9986260753892343
Bernoulli(0.5),1000,76,Exact binomial (randomized),0.43869905003548304,0.5199566795236324,False,0.08125762948814941,2.569591864486142,0.997578473443809
Bernoulli(0.5),1000,77,Chronological GE,0.4486336917616427,0.5303821335546672,False,0.08174844179302454,2.585112712356566,1.0036040465860352
Bernoulli(0.5),1000,77,Permutation-integrated GE (randomized),0.4481822473481298,0.5300337319001553,False,0.08185148455202557,2.5883712105048766,1.0048690753454415
Bernoulli(0.5),1000,77,Exact binomial (randomized),0.44829218741282334,0.5299427323103666,False,0.08165054489754325,2.582016940700763,1.0024021922350743
Bernoulli(0.5),1000,78,Chronological GE,0.4487825375981629,0.5299625773914158,False,0.08118003979325294,2.5671382628978385,0.9966259252353842
Bernoulli(0.5),1000,78,Permutation-integrated GE (randomized),0.4487175696864723,0.529716755770147,False,0.08099918608367468,2.561419166442259,0.9944056319699492
Bernoulli(0.5),1000,78,Exact binomial (randomized),0.4486289180567216,0.5296609850632975,False,0.08103206700657589,2.5624589525216215,0.994809302383175
Bernoulli(0.5),1000,79,Chronological GE,0.4537204927764833,0.5352803659625351,False,0.08155987318605185,2.5791496494241777,1.0012890395612404
Bernoulli(0.5),1000,79,Permutation-integrated GE (randomized),0.45376280541718006,0.5354271610230208,False,0.08166435560584073,2.582453673643965,1.0025717426562146
Bernoulli(0.5),1000,79,Exact binomial (randomized),0.45371993040081166,0.5351287692085899,False,0.08140883880777822,2.5743735230208564,0.99943483035695
Bernoulli(0.5),1000,80,Chronological GE,0.4519279790110886,0.534020280931145,False,0.08209230192005634,2.595986524335919,1.0078255266213667
Bernoulli(0.5),1000,80,Permutation-integrated GE (randomized),0.4515512251183391,0.5338610727414488,False,0.08230984762310967,2.602865923504231,1.0104962778077258
Bernoulli(0.5),1000,80,Exact binomial (randomized),0.45196715532335924,0.5337949526873538,False,0.08182779736399454,2.587622155849449,1.0045782739890023
Bernoulli(0.5),1000,81,Chronological GE,0.46461221063509583,0.5466643706895411,False,0.08205216005444527,2.5947171270873253,1.0073327155306453
Bernoulli(0.5),1000,81,Permutation-integrated GE (randomized),0.4650728683322667,0.5472528598755597,False,0.08217999154329303,2.5987595137018187,1.0089020689846666
Bernoulli(0.5),1000,81,Exact binomial (randomized),0.4651598289939012,0.5469826753424342,False,0.08182284634853298,2.587465590993557,1.0045174916787476
Bernoulli(0.5),1000,82,Chronological GE,0.43908029654994607,0.5203051422722638,False,0.0812248457223177,2.5685551507830837,0.9971759958022859
Bernoulli(0.5),1000,82,Permutation-integrated GE (randomized),0.43933848738670356,0.5203019490838049,False,0.08096346169710134,2.560289462146418,0.9939670531036072
Bernoulli(0.5),1000,82,Exact binomial (randomized),0.4394029004752449,0.5203905134592529,False,0.08098761298400803,2.5610531928969116,0.9942635520794677
Bernoulli(0.5),1000,83,Chronological GE,0.4386018323712051,0.5198552613146603,False,0.08125342894345522,2.5694590315996724,0.9975269044651166
Bernoulli(0.5),1000,83,Permutation-integrated GE (randomized),0.4388177328184246,0.5200902482941747,False,0.0812725154757501,2.570062600746534,0.9977612247851899
Bernoulli(0.5),1000,83,Exact binomial (randomized),0.4387539144434346,0.5199615294852513,False,0.08120761504181673,2.5680102688229067,0.9969644592849296
Bernoulli(0.5),1000,84,Chronological GE,0.43965672282502055,0.5208102506585419,False,0.08115352783352137,2.566299881117974,0.9963004449022311
Bernoulli(0.5),1000,84,Permutation-integrated GE (randomized),0.439523059129715,0.5207434800267219,False,0.08122042089700687,2.5684152255207784,0.9971216733896506
Bernoulli(0.5),1000,84,Exact binomial (randomized),0.4395300037448431,0.5206970418109458,False,0.0811670380661027,2.56672711218473,0.9964663064622994
Bernoulli(0.5),1000,85,Chronological GE,0.47208034293726087,0.5530532547272742,False,0.08097291179001331,2.5605883003234386,0.9940830694004205
Bernoulli(0.5),1000,85,Permutation-integrated GE (randomized),0.47211754989624016,0.5528861806988714,False,0.08076863080263125,2.5541283682954843,0.9915751656278164
Bernoulli(0.5),1000,85,Exact binomial (randomized),0.4717728620909373,0.5527699659716873,False,0.08099710388074999,2.561353321404332,0.9943800693141335
Bernoulli(0.5),1000,86,Chronological GE,0.4635545923374593,0.5450535393320024,False,0.08149894699454308,2.5772229940809046,1.0005410647864297
Bernoulli(0.5),1000,86,Permutation-integrated GE (randomized),0.46371742790937426,0.5451194914579391,False,0.08140206354856488,2.5741592705123346,0.99935165228757
Bernoulli(0.5),1000,86,Exact binomial (randomized),0.4636248819281845,0.5449150354614755,False,0.08129015353329094,2.570620365099836,0.9979777625629587
Bernoulli(0.5),1000,87,Chronological GE,0.4563820962794125,0.5388685218058527,False,0.08248642552644014,2.6084498070940443,1.0126640781282361
Bernoulli(0.5),1000,87,Permutation-integrated GE (randomized),0.45634008841216567,0.5391724502295254,False,0.08283236181735976,2.61938927314021,1.016911046679721
Bernoulli(0.5),1000,87,Exact binomial (randomized),0.45687326517584703,0.5389527072688519,False,0.08207944209300488,2.5955798608979346,1.0076676499183475
Bernoulli(0.5),1000,88,Chronological GE,0.45867828791961074,0.5398032772354782,False,0.08112498931586742,2.5653974139496603,0.9959500850522712
Bernoulli(0.5),1000,88,Permutation-integrated GE (randomized),0.45827632663398987,0.5392742696031929,False,0.08099794296920304,2.5613798557110323,0.9943903705816374
Bernoulli(0.5),1000,88,Exact binomial (randomized),0.4584208339538228,0.539421721679642,False,0.08100088772581915,2.5614729770916496,0.9944265225814958
Bernoulli(0.5),1000,89,Chronological GE,0.4633712447248399,0.5440774993039668,False,0.08070625457912683,2.5521558589143476,0.9908093891928565
Bernoulli(0.5),1000,89,Permutation-integrated GE (randomized),0.46349200218915937,0.5441518131494522,False,0.08065981096029279,2.5506871827313846,0.9902392131408412
Bernoulli(0.5),1000,89,Exact binomial (randomized),0.4635035905893839,0.5442504373716244,False,0.08074684678224048,2.5534394970851806,0.9913077289582535
Bernoulli(0.5),1000,90,Chronological GE,0.4531010719947517,0.534595939796418,False,0.08149486780166626,2.5770939986758457,1.0004909856119746
Bernoulli(0.5),1000,90,Permutation-integrated GE (randomized),0.453469823345542,0.535024932846427,False,0.08155510950088507,2.5789990084723478,1.0012305570555782
Bernoulli(0.5),1000,90,Exact binomial (randomized),0.45351549667387536,0.5349214196804393,False,0.08140592300656391,2.5742813172904415,0.9993990338349181
Bernoulli(0.5),1000,91,Chronological GE,0.4389222846366465,0.521106110420078,False,0.08218382578343153,2.598880763021156,1.0089491409389961
Bernoulli(0.5),1000,91,Permutation-integrated GE (randomized),0.4389055860042571,0.5212077221274375,False,0.08230213612318038,2.602622064464703,1.0104016057581486
Bernoulli(0.5),1000,91,Exact binomial (randomized),0.4390896601510956,0.5209873994133182,False,0.0818977392622226,2.589833912872213,1.0054369322159729
Bernoulli(0.5),1000,92,Chronological GE,0.45129463402554393,0.5312971877865493,False,0.0800025537610054,2.5299028851484713,0.9821702399545057
Bernoulli(0.5),1000,92,Permutation-integrated GE (randomized),0.45143946180492645,0.5308816821500659,False,0.07944222034513948,2.512183586716085,0.9752911744791758
Bernoulli(0.5),1000,92,Exact binomial (randomized),0.4508869532972025,0.5312407711390562,False,0.08035381784185369,2.5410108307053325,0.9864826163769485
Bernoulli(0.5),1000,93,Chronological GE,0.44854936888441443,0.5300521883182228,False,0.08150281943380833,2.577345451362693,1.0005886057013573
Bernoulli(0.5),1000,93,Permutation-integrated GE (randomized),0.4485604380816221,0.5301717825978993,False,0.08161134451627722,2.580777315801286,1.0019209394992004
Bernoulli(0.5),1000,93,Exact binomial (randomized),0.44896144003906147,0.5303080199965539,False,0.0813465799574924,2.5724047253067903,0.9986704948820202
Bernoulli(0.5),1000,94,Chronological GE,0.45376748545095325,0.5347553105093539,False,0.08098782505840063,2.5610598992780518,0.9942661556608196
Bernoulli(0.5),1000,94,Permutation-integrated GE (randomized),0.4539042135626078,0.5347926635295153,False,0.08088844996690747,2.557917382959992,0.9930461538875148
Bernoulli(0.5),1000,94,Exact binomial (randomized),0.4537598626992803,0.5347252206531274,False,0.08096535795384713,2.5603494270498697,0.9939903329472557
Bernoulli(0.5),1000,95,Chronological GE,0.45657539973035455,0.5382215422578156,False,0.08164614252746105,2.5818777255351355,1.0023481454993548
Bernoulli(0.5),1000,95,Permutation-integrated GE (randomized),0.45667843137681485,0.5383728496581315,False,0.08169441828131663,2.583404338914588,1.0029408141895313
Bernoulli(0.5),1000,95,Exact binomial (randomized),0.45695515573711853,0.5383837870787159,False,0.08142863134159739,2.5749994178962017,0.9996778180714243
Bernoulli(0.5),1000,96,Chronological GE,0.4794921358115971,0.5612536971457303,False,0.08176156133413315,2.58552758867416,1.003765111729996
Bernoulli(0.5),1000,96,Permutation-integrated GE (randomized),0.4795526692941785,0.5619455895498395,False,0.08239292025566103,2.605492910805116,1.0115161385947997
Bernoulli(0.5),1000,96,Exact binomial (randomized),0.47987766577537605,0.5617583378807431,False,0.08188067210536709,2.589294201983745,1.0052274032352582
Bernoulli(0.5),1000,97,Chronological GE,0.4616806856356561,0.5428980668075383,False,0.08121738117188215,2.5683191009722286,0.9970843554864739
Bernoulli(0.5),1000,97,Permutation-integrated GE (randomized),0.46215896531194445,0.5433208498880269,False,0.08116188457608242,2.5665641445211,0.9964030384253197
Bernoulli(0.5),1000,97,Exact binomial (randomized),0.4622976702871413,0.5434441873983178,False,0.08114651711117649,2.566078182611445,0.9962143761141233
Bernoulli(0.5),1000,98,Chronological GE,0.48134934855625033,0.5626498241908848,False,0.0813004756346345,2.570946778604683,0.9981044842771644
Bernoulli(0.5),1000,98,Permutation-integrated GE (randomized),0.4814222214370967,0.5626862630695105,False,0.08126404163241385,2.5697946342917546,0.9976571936467872
Bernoulli(0.5),1000,98,Exact binomial (randomized),0.4814196866635545,0.5625967406401674,False,0.0811770539766129,2.5670438430852567,0.9965892691524474
Bernoulli(0.5),1000,99,Chronological GE,0.4603271051310003,0.5419500046409667,False,0.08162289950996637,2.5811427167853522,1.0020627971073746
Bernoulli(0.5),1000,99,Permutation-integrated GE (randomized),0.46031515876203777,0.5419966297224165,False,0.0816814709603787,2.582994908676978,1.0027818633471575
Bernoulli(0.5),1000,99,Exact binomial (randomized),0.46042308837334417,0.5419159637043888,False,0.0814928753310446,2.5770309912224914,1.0004665245759627
Bernoulli(0.5),5000,0,Chronological GE,0.4871355979703367,0.5234596743248403,False,0.03632407635450363,2.5685000710607446,0.9971546125055499
Bernoulli(0.5),5000,0,Permutation-integrated GE (randomized),0.4872060036942363,0.5234756217971446,False,0.036269618102908296,2.564649291161282,0.9956596454694356
Bernoulli(0.5),5000,0,Exact binomial (randomized),0.4871989734121574,0.5235096837631203,False,0.03631071035096295,2.5675549518866467,0.99678769410269
Bernoulli(0.5),5000,1,Chronological GE,0.4761400665156543,0.5125504885800183,False,0.036410422064363956,2.5746056347576047,0.9995249418159774
Bernoulli(0.5),5000,1,Permutation-integrated GE (randomized),0.47619611002206796,0.5125956360340116,False,0.03639952601194363,2.5738351675021467,0.9992258275639591
Bernoulli(0.5),5000,1,Exact binomial (randomized),0.4762036967790531,0.5125903817383639,False,0.0363866849593108,2.5729271679627224,0.9988733199120843
Bernoulli(0.5),5000,2,Chronological GE,0.4883708222769201,0.5248406617902219,False,0.03646983951330185,2.5788070828640834,1.0011560468355103
Bernoulli(0.5),5000,2,Permutation-integrated GE (randomized),0.4883817071691156,0.5248560906484723,False,0.036474383479356665,2.579128389785168,1.0012807860488744
Bernoulli(0.5),5000,2,Exact binomial (randomized),0.4883921411428139,0.524834164539407,False,0.03644202339659314,2.576840186388983,1.0003924494680954
Bernoulli(0.5),5000,3,Chronological GE,0.4732632297091186,0.5098241562955081,False,0.03656092658638954,2.585247911569958,1.003656534230774
Bernoulli(0.5),5000,3,Permutation-integrated GE (randomized),0.47335589947402473,0.509928281763196,False,0.03657238228917131,2.5860579520819824,1.0039710117898686
Bernoulli(0.5),5000,3,Exact binomial (randomized),0.47337385291511097,0.5098897076376218,False,0.03651585472251079,2.5820608495110196,1.002419238710241
Bernoulli(0.5),5000,4,Chronological GE,0.48711349023506045,0.5234568086452782,False,0.03634331841021776,2.5698606898686878,0.9976828380389998
Bernoulli(0.5),5000,4,Permutation-integrated GE (randomized),0.48723378572612996,0.5235735042855143,False,0.03633971855938434,2.56960614197513,0.9975840163145917
Bernoulli(0.5),5000,4,Exact binomial (randomized),0.4872266272109203,0.5235610200279336,False,0.036334392817013283,2.5692295551205877,0.9974378160776336
Bernoulli(0.5),5000,5,Chronological GE,0.49175280844792724,0.5281879878602922,False,0.03643517941236496,2.576356243623175,1.0002045710379752
Bernoulli(0.5),5000,5,Permutation-integrated GE (randomized),0.4917907653003931,0.5282108979672194,False,0.03642013266682631,2.5752922780426584,0.9997915135504117
Bernoulli(0.5),5000,5,Exact binomial (randomized),0.49180218948405857,0.5282011312850848,False,0.03639894180102626,2.573793857552016,0.9992097900299214
Bernoulli(0.5),5000,6,Chronological GE,0.48516253707930446,0.5217314143665135,False,0.036568877287209034,2.5858101110164227,1.0038747938202934
Bernoulli(0.5),5000,6,Permutation-integrated GE (randomized),0.4851266269817949,0.5217161293908952,False,0.036589502409100305,2.5872685273716343,1.004440986755983
Bernoulli(0.5),5000,6,Exact binomial (randomized),0.48515738790311497,0.5216797831904859,False,0.036522395287370946,2.5825233372875602,1.0025987877882423
Bernoulli(0.5),5000,7,Chronological GE,0.48229527892544866,0.5188187560997903,False,0.03652347717434168,2.5825998382489086,1.0026284873344207
Bernoulli(0.5),5000,7,Permutation-integrated GE (randomized),0.4822180126532913,0.5187903259679674,False,0.036572313314676086,2.5860530748486523,1.0039691183284798
Bernoulli(0.5),5000,7,Exact binomial (randomized),0.48229657362651723,0.5187719552672253,False,0.03647538164070807,2.5791989704511975,1.0013081871914626
Bernoulli(0.5),5000,8,Chronological GE,0.46718100598081946,0.5034873974509537,False,0.03630639147013426,2.567249560894536,0.9966691338426255
Bernoulli(0.5),5000,8,Permutation-integrated GE (randomized),0.46722411680370574,0.5035110251799226,False,0.0362869083762169,2.5658718981117903,0.9961342914208673
Bernoulli(0.5),5000,8,Exact binomial (randomized),0.46723262600956844,0.5035386784754379,False,0.03630605246586943,2.567225589673085,0.9966598276275677
Bernoulli(0.5),5000,9,Chronological GE,0.48569983756169677,0.5222023627720773,False,0.036502525210380554,2.5811183106692996,1.002053322055585
Bernoulli(0.5),5000,9,Permutation-integrated GE (randomized),0.4856644122004509,0.5221649161577224,False,0.0365005039572715,2.580975386491309,1.001997835390458
Bernoulli(0.5),5000,9,Exact binomial (randomized),0.4857165751306772,0.5221782180473953,False,0.03646164291671811,2.5782274959613822,1.0009310370097806
Bernoulli(0.5),5000,10,Chronological GE,0.4771408471278846,0.5137421074323356,False,0.03660126030445099,2.5880999361251296,1.004763759989578
Bernoulli(0.5),5000,10,Permutation-integrated GE (randomized),0.47706460787206895,0.5137014284685255,False,0.036636820596456565,2.590614428486941,1.0057399474870752
Bernoulli(0.5),5000,10,Exact binomial (randomized),0.4771202247062665,0.5136734014099366,False,0.03655317670367003,2.584699912107521,1.0034437874227142
Bernoulli(0.5),5000,11,Chronological GE,0.4788792240433395,0.5154618839733303,False,0.03658265992999077,2.5867846910337864,1.0042531496438027
Bernoulli(0.5),5000,11,Permutation-integrated GE (randomized),0.4789565593272449,0.5155666149228811,False,0.03661005559563624,2.5887218571290895,1.0050052049498877
Bernoulli(0.5),5000,11,Exact binomial (randomized),0.4789724436007529,0.5155029510362661,False,0.03653050743551317,2.583096952783696,1.0028214793677448
Bernoulli(0.5),5000,12,Chronological GE,0.4705543187446892,0.5069807847030461,False,0.03642646595835686,2.5757401093815067,0.9999653726404653
Bernoulli(0.5),5000,12,Permutation-integrated GE (randomized),0.47046531239897005,0.5069433430239557,False,0.03647803062498567,2.579386281925792,1.0013809060918712
Bernoulli(0.5),5000,12,Exact binomial (randomized),0.4704675599427553,0.506899670643704,False,0.036432110700948706,2.576139252957981,1.0001203299491366
Bernoulli(0.5),5000,13,Chronological GE,0.4860805054195225,0.5226631662808359,False,0.03658266086131334,2.586784756888237,1.004253175210113
Bernoulli(0.5),5000,13,Permutation-integrated GE (randomized),0.4861220527261495,0.5227681545287372,False,0.03664610180258765,2.591270708866229,1.0059947315981124
Bernoulli(0.5),5000,13,Exact binomial (randomized),0.4861499126582604,0.5226926681385782,False,0.03654275548031777,2.583963020337457,1.0031577079961587
Bernoulli(0.5),5000,14,Chronological GE,0.4848067522980273,0.521220666822046,False,0.036413914524018764,2.574852588948098,0.9996208154789384
Bernoulli(0.5),5000,14,Permutation-integrated GE (randomized),0.4848461258932948,0.5212550760582089,False,0.03640895016491408,2.5745015557493813,0.9994845357968053
Bernoulli(0.5),5000,14,Exact binomial (randomized),0.48485240905660487,0.5212522951217188,False,0.03639988606511391,2.573860627105976,0.9992357116054963
Bernoulli(0.5),5000,15,Chronological GE,0.48415531078353524,0.5205771788023412,False,0.03642186801880598,2.5754149859579156,0.9998391517673884
Bernoulli(0.5),5000,15,Permutation-integrated GE (randomized),0.484229974579811,0.5206246248841284,False,0.03639465030431743,2.57349040290959,0.9990919815082124
Bernoulli(0.5),5000,15,Exact binomial (randomized),0.4842322825491921,0.5206163683650208,False,0.03638408581582869,2.572743380764575,0.9988019692220776
Bernoulli(0.5),5000,16,Chronological GE,0.47833184571936727,0.5146322227083147,False,0.03630037698894739,2.566824272851281,0.9965040266118517
Bernoulli(0.5),5000,16,Permutation-integrated GE (randomized),0.47844060084372764,0.5147108660563828,False,0.036270265212655195,2.5646950487303024,0.9956774096780179
Bernoulli(0.5),5000,16,Exact binomial (randomized),0.47843509856763694,0.514738969328424,False,0.03630387076078706,2.5670713198272557,0.9965999362964081
Bernoulli(0.5),5000,17,Chronological GE,0.47349546616896987,0.5098693803884089,False,0.03637391421943903,2.5720241402863127,0.9985227424591585
Bernoulli(0.5),5000,17,Permutation-integrated GE (randomized),0.47354916600734,0.5099088522717357,False,0.036359686264395674,2.571018071936955,0.9981321620942363
Bernoulli(0.5),5000,17,Exact binomial (randomized),0.4735652504223853,0.5099307987788814,False,0.03636554835649608,2.571432584444569,0.9982930859982553
Bernoulli(0.5),5000,18,Chronological GE,0.4895940856076777,0.5259124613367021,False,0.03631837572902441,2.5680969759674084,0.9969981211212874
Bernoulli(0.5),5000,18,Permutation-integrated GE (randomized),0.4896250566706063,0.5259303959891201,False,0.03630533931851376,2.5671751625399675,0.9966402505798774
Bernoulli(0.5),5000,18,Exact binomial (randomized),0.4896263981604009,0.5259426998348665,False,0.036316301674465645,2.567950318163103,0.9969411849710141
Bernoulli(0.5),5000,19,Chronological GE,0.4885783917270601,0.5250187809579074,False,0.03644038923084736,2.5767246334209406,1.000347588976803
Bernoulli(0.5),5000,19,Permutation-integrated GE (randomized),0.48859325107634066,0.5250204326540231,False,0.03642718157768243,2.575790711309293,0.9999850175477254
Bernoulli(0.5),5000,19,Exact binomial (randomized),0.4886058233157166,0.5250095104410735,False,0.036403687125356854,2.5741294026533246,0.9993400568534436
Bernoulli(0.5),5000,20,Chronological GE,0.4923580572940409,0.5287115364335477,False,0.03635347913950682,2.5705791619268967,0.997961766482441
Bernoulli(0.5),5000,20,Permutation-integrated GE (randomized),0.49236240368932493,0.5286984984859826,False,0.03633609479665767,2.5693499032553864,0.9974845381700614
Bernoulli(0.5),5000,20,Exact binomial (randomized),0.4923730617032708,0.5287210565338726,False,0.036347994830601804,2.570191362725211,0.9978112133378085
Bernoulli(0.5),5000,21,Chronological GE,0.5001768977381289,0.5365989548154175,False,0.03642205707728863,2.5754283544114274,0.9998443417283431
Bernoulli(0.5),5000,21,Permutation-integrated GE (randomized),0.5001715122699737,0.5365589632630348,False,0.036387450993061066,2.572981334728665,0.9988943487767952
Bernoulli(0.5),5000,21,Exact binomial (randomized),0.5001891123860717,0.5365635784119047,False,0.03637446602583305,2.572063158890624,0.9985378904366498
Bernoulli(0.5),5000,22,Chronological GE,0.48161616874858737,0.5180982262827456,False,0.03648205753415823,2.5796710274041064,1.0014914512580133
Bernoulli(0.5),5000,22,Permutation-integrated GE (randomized),0.48160200821310295,0.5180853847488762,False,0.03648337653577327,2.5797642949027453,1.0015276599844651
Bernoulli(0.5),5000,22,Exact binomial (randomized),0.4816300238877687,0.5180772714816516,False,0.0364472475938829,2.577209592921968,1.000535862128428
Bernoulli(0.5),5000,23,Chronological GE,0.4884593435563147,0.5247664046473801,False,0.03630706109106541,2.56729691024466,0.9966875160196038
Bernoulli(0.5),5000,23,Permutation-integrated GE (randomized),0.48850557753294704,0.5247744073405862,False,0.03626882980763918,2.564593550268245,0.9956380054900472
Bernoulli(0.5),5000,23,Exact binomial (randomized),0.48847847698686664,0.5247880832667094,False,0.03630960627984281,2.5674768822690504,0.9967573855657506
Bernoulli(0.5),5000,24,Chronological GE,0.4842665088362992,0.5205848510377109,False,0.036318342201411724,2.5680946052071794,0.9969972007341229
Bernoulli(0.5),5000,24,Permutation-integrated GE (randomized),0.48426874635219574,0.5205599009394646,False,0.03629115458726884,2.5661721505747077,0.9962508567780917
Bernoulli(0.5),5000,24,Exact binomial (randomized),0.4842497813647871,0.5205583751294052,False,0.03630859376461809,2.5674052866309047,0.9967295903861371
Bernoulli(0.5),5000,25,Chronological GE,0.4758413848467171,0.5121495653875172,False,0.036308180540800095,2.5673760672945196,0.9967182467243716
Bernoulli(0.5),5000,25,Permutation-integrated GE (randomized),0.47588954375684256,0.5121716527789831,False,0.036282109022140574,2.5655325325305216,0.9960025413934873
Bernoulli(0.5),5000,25,Exact binomial (randomized),0.47586931634620605,0.5121711910722305,False,0.036301874726024475,2.5669301788556447,0.996545141915656
Bernoulli(0.5),5000,26,Chronological GE,0.4810340483672917,0.517628665547818,False,0.03659461718052626,2.587630196327585,1.004581395499471
Bernoulli(0.5),5000,26,Permutation-integrated GE (randomized),0.481125523968041,0.517753715761006,False,0.03662819179296506,2.590004279940704,1.00550307288308
Bernoulli(0.5),5000,26,Exact binomial (randomized),0.4811457637132294,0.5176939018635532,False,0.03654813815032382,2.5843436325836735,1.0033054709887188
Bernoulli(0.5),5000,27,Chronological GE,0.46780995884910226,0.504150275606662,False,0.036340316757559776,2.569648440973765,0.9976004378214737
Bernoulli(0.5),5000,27,Permutation-integrated GE (randomized),0.46785425533354286,0.5041266037672756,False,0.036272348433732726,2.5648423547053656,0.9957345974640487
Bernoulli(0.5),5000,27,Exact binomial (randomized),0.46786224310544866,0.504150245297268,False,0.03628800219181938,2.5659492425547783,0.9961643184272692
Bernoulli(0.5),5000,28,Chronological GE,0.48358760168775916,0.5199723686091602,False,0.036384766921401024,2.5727915422014647,0.998820666671021
Bernoulli(0.5),5000,28,Permutation-integrated GE (randomized),0.48362542876750236,0.5199713007315994,False,0.036345871964097,2.570041253395101,0.9977529372207137
Bernoulli(0.5),5000,28,Exact binomial (randomized),0.48363382323977355,0.5199755270516753,False,0.036341703811901716,2.569746520526871,0.9976385147052838
Bernoulli(0.5),5000,29,Chronological GE,0.4744330192916095,0.5107615734450519,False,0.03632855415344238,2.5688166992601826,0.9972775353246209
Bernoulli(0.5),5000,29,Permutation-integrated GE (randomized),0.47451141960471865,0.5108229583546517,False,0.03631153874993309,2.567613528539578,0.9968104349934976
Bernoulli(0.5),5000,29,Exact binomial (randomized),0.4744860223847016,0.5108161958890349,False,0.03633017350433332,2.5689312046597927,0.9973219891242001
Bernoulli(0.5),5000,30,Chronological GE,0.4924778272397816,0.5288662877865136,False,0.03638846054673195,2.5730527209533305,0.9989220626569685
Bernoulli(0.5),5000,30,Permutation-integrated GE (randomized),0.49254318243116146,0.5288917823061348,False,0.0363485998749733,2.570234145823011,0.9978278227838386
Bernoulli(0.5),5000,30,Exact binomial (randomized),0.4924758190334225,0.5288468093793398,False,0.03637099034591729,2.571817391206857,0.9984424774046493
Bernoulli(0.5),5000,31,Chronological GE,0.4867614977993071,0.5231956015340984,False,0.03643410373479128,2.576280181732503,1.0001750419497832
Bernoulli(0.5),5000,31,Permutation-integrated GE (randomized),0.48677379298955203,0.5231738553568723,False,0.036400062367320296,2.5738730935545435,0.999240551386048
Bernoulli(0.5),5000,31,Exact binomial (randomized),0.4867745746844299,0.5231638771379106,False,0.036389302453480654,2.573112252750444,0.9989451743581327
Bernoulli(0.5),5000,32,Chronological GE,0.48002629401162267,0.5165061200968921,False,0.03647982608526945,2.5795132401399936,1.0014301943789587
Bernoulli(0.5),5000,32,Permutation-integrated GE (randomized),0.4799782325580716,0.5164753441885113,False,0.03649711163043967,2.5807355127606306,1.001904710535349
Bernoulli(0.5),5000,32,Exact binomial (randomized),0.47999894276574,0.5164615538490126,False,0.03646261108327259,2.5782959556749816,1.0009576147467079
Bernoulli(0.5),5000,33,Chronological GE,0.48276072600856423,0.5190495806746185,False,0.03628885466605425,2.566009521586005,0.9961877202230106
Bernoulli(0.5),5000,33,Permutation-integrated GE (randomized),0.482823728106916,0.5190405383929608,False,0.03621681028604484,2.5609152146209015,0.9942099855345806
Bernoulli(0.5),5000,33,Exact binomial (randomized),0.4828168225639312,0.5191124837210694,False,0.036295661157138226,2.5664908131861615,0.996374569405716
Bernoulli(0.5),5000,34,Chronological GE,0.48596619674935937,0.5222898595966399,False,0.0363236628472805,2.56847083168459,0.9971432610638553
Bernoulli(0.5),5000,34,Permutation-integrated GE (randomized),0.48596363529413944,0.5222549797222018,False,0.036291344428062366,2.566185574345953,0.996256068214745
Bernoulli(0.5),5000,34,Exact binomial (randomized),0.485979208013779,0.5223150763498449,False,0.03633586833606589,2.5693338900733744,0.9974783214607517
Bernoulli(0.5),5000,35,Chronological GE,0.47328517073765397,0.5096202832646668,False,0.036335112527012825,2.569280446302704,0.9974575732805067
Bernoulli(0.5),5000,35,Permutation-integrated GE (randomized),0.4732392334476113,0.5095756337806583,False,0.03633640033304697,2.5693715079406636,0.9974929256378364
Bernoulli(0.5),5000,35,Exact binomial (randomized),0.47324641907504905,0.5095793559344632,False,0.03633293685941419,2.5691266033714437,0.997397847688035
Bernoulli(0.5),5000,36,Chronological GE,0.48839701851829886,0.524945065844804,False,0.036548047326505184,2.5843372103698687,1.003302977728084
Bernoulli(0.5),5000,36,Permutation-integrated GE (randomized),0.4882498424902559,0.5248108376547695,False,0.036560995164513665,2.5852527607756186,1.003658416811135
Bernoulli(0.5),5000,36,Exact binomial (randomized),0.48830147619544156,0.5247946271583307,False,0.03649315096288913,2.580455451272329,1.0017959838088084
Bernoulli(0.5),5000,37,Chronological GE,0.47803865978494287,0.5146063067950308,False,0.03656764701008797,2.585723117286918,1.003841020724621
Bernoulli(0.5),5000,37,Permutation-integrated GE (randomized),0.4780839390486479,0.5147009994655847,False,0.0366170604169368,2.589217172793352,1.005197498617632
Bernoulli(0.5),5000,37,Exact binomial (randomized),0.4781350256462818,0.514677153656668,False,0.0365421280103862,2.5839186515130965,1.0031404829322543
Bernoulli(0.5),5000,38,Chronological GE,0.48572725849226117,0.5223097135312855,False,0.03658245503902435,2.586770203054611,1.0042475250555758
Bernoulli(0.5),5000,38,Permutation-integrated GE (randomized),0.48573168843984604,0.5223443986177445,False,0.036612710177898466,2.588909564440973,1.0050780775240233
Bernoulli(0.5),5000,38,Exact binomial (randomized),0.48574016771000883,0.5222787881319628,False,0.03653862042195399,2.583670627556494,1.0030441939598986
Bernoulli(0.5),5000,39,Chronological GE,0.4883207422681153,0.5245530330576003,False,0.03623229078948498,2.5620098515167715,0.9946349503776942
Bernoulli(0.5),5000,39,Permutation-integrated GE (randomized),0.48829035481810557,0.524516423279047,False,0.03622606846094145,2.561569866445982,0.9944641374010023
Bernoulli(0.5),5000,39,Exact binomial (randomized),0.4882647732296586,0.5245250070693833,False,0.03626023383972471,2.5639857235479266,0.9954020322757193
Bernoulli(0.5),5000,40,Chronological GE,0.47993514547124505,0.516365506220609,False,0.0364303607493639,2.576015512694745,1.0000722909493993
Bernoulli(0.5),5000,40,Permutation-integrated GE (randomized),0.47989167895764107,0.5163340736195445,False,0.036442394661903466,2.576866438810838,1.000402641301001
Bernoulli(0.5),5000,40,Exact binomial (randomized),0.47992911332999394,0.5163500197681621,False,0.036420906438168144,2.5753469919389484,0.9998127548245189
Bernoulli(0.5),5000,41,Chronological GE,0.4833768759854138,0.5196454063989222,False,0.036268530413508415,2.564572379906234,0.9956297866371978
Bernoulli(0.5),5000,41,Permutation-integrated GE (randomized),0.48345593292117117,0.5196641940295696,False,0.036208261108398476,2.56031069647217,0.993975296788747
Bernoulli(0.5),5000,41,Exact binomial (randomized),0.4834397839852492,0.5197168756974161,False,0.036277091712166865,2.565177755139949,0.9958648081244063
Bernoulli(0.5),5000,42,Chronological GE,0.47327550360932946,0.5098247365094721,False,0.03654923290014267,2.584421043085735,1.0033355236408703
Bernoulli(0.5),5000,42,Permutation-integrated GE (randomized),0.47318295324593784,0.5097752272292972,False,0.0365922739833594,2.5874645072669513,1.0045170709495461
Bernoulli(0.5),5000,42,Exact binomial (randomized),0.47318325892250324,0.5097033251666748,False,0.03652006624417159,2.582358649063566,1.0025348517876047
Bernoulli(0.5),5000,43,Chronological GE,0.49042143067345023,0.526727772783488,False,0.036306342110037804,2.5672460706086437,0.9966677788281889
Bernoulli(0.5),5000,43,Permutation-integrated GE (randomized),0.4904021984323861,0.5267145766600967,False,0.03631237822771061,2.5676728885824915,0.9968334800154763
Bernoulli(0.5),5000,43,Exact binomial (randomized),0.49041078016590983,0.5267302059947713,False,0.03631942582886144,2.568171229238977,0.9970269480592628
Bernoulli(0.5),5000,44,Chronological GE,0.4724878850392997,0.5089731835760176,False,0.03648529853671789,2.579900200892884,1.001580422017241
Bernoulli(0.5),5000,44,Permutation-integrated GE (randomized),0.47251277571022504,0.5090097092121841,False,0.036496933501959095,2.5807229171749766,1.0018998206206187
Bernoulli(0.5),5000,44,Exact binomial (randomized),0.47254388568149175,0.5090037103983629,False,0.03645982471687115,2.5780989298172483,1.0008811244849263
Bernoulli(0.5),5000,45,Chronological GE,0.4704340980388224,0.5068051456473768,False,0.03637104760855436,2.5718214402867554,0.9984440493566
Bernoulli(0.5),5000,45,Permutation-integrated GE (randomized),0.47041788587123157,0.5067765312895179,False,0.03635864541828637,2.5709444730027493,0.9981035891860454
Bernoulli(0.5),5000,45,Exact binomial (randomized),0.470428754543487,0.5067821694179944,False,0.036353414874507384,2.5705746177052076,0.9979600023043245
Bernoulli(0.5),5000,46,Chronological GE,0.4774768906645477,0.5138552612625062,False,0.036378370597958565,2.5723392538333822,0.9986450772530967
Bernoulli(0.5),5000,46,Permutation-integrated GE (randomized),0.47742562827765944,0.5137982310324906,False,0.03637260275483112,2.5719314057345586,0.9984867406357355
Bernoulli(0.5),5000,46,Exact binomial (randomized),0.4774432306585459,0.513807692365044,False,0.0363644617064981,2.5713557466863337,0.9982632556992797
Bernoulli(0.5),5000,47,Chronological GE,0.47654725844040513,0.513083831872791,False,0.03653657343238592,2.583525883536034,1.0029880007873693
Bernoulli(0.5),5000,47,Permutation-integrated GE (randomized),0.47649971018731596,0.5130522906452417,False,0.036552580457925754,2.5846577511666182,1.0034274195132238
Bernoulli(0.5),5000,47,Exact binomial (randomized),0.476533157061589,0.5130359337978752,False,0.03650277673628616,2.5811360962366496,1.0020602268482766
Bernoulli(0.5),5000,48,Chronological GE,0.4948256923817098,0.5311181261204183,False,0.036292433738708496,2.5662626002404223,0.996285971552813
Bernoulli(0.5),5000,48,Permutation-integrated GE (randomized),0.4948759291246534,0.5311281979158519,False,0.03625226879119847,2.5634225095653886,0.9951833788184572
Bernoulli(0.5),5000,48,Exact binomial (randomized),0.4948538544165178,0.53112912205001,False,0.03627526763349215,2.5650487732999183,0.9958147342162272
Bernoulli(0.5),5000,49,Chronological GE,0.48894383991137147,0.5253073363564909,False,0.03636349644511938,2.571287492399683,0.9982367577141233
Bernoulli(0.5),5000,49,Permutation-integrated GE (randomized),0.4889861442208291,0.5253229625225067,False,0.036336818301677565,2.5694010627859654,0.9975043995523776
Bernoulli(0.5),5000,49,Exact binomial (randomized),0.4889742563831537,0.5253240472990441,False,0.03634979091589041,2.5703183651339274,0.9978605187822887
Bernoulli(0.5),5000,50,Chronological GE,0.4775954349897802,0.5140841952525079,False,0.03648876026272774,2.580144981886501,1.001675451991968
Bernoulli(0.5),5000,50,Permutation-integrated GE (randomized),0.4777532731294632,0.5142346208691596,False,0.03648134773969641,2.5796208373563863,1.001471966252679
Bernoulli(0.5),5000,50,Exact binomial (randomized),0.47777423102936734,0.5142286284961698,False,0.03645439746680246,2.577715165284572,1.0007321376975844
Bernoulli(0.5),5000,51,Chronological GE,0.4849376273341477,0.5214661541394889,False,0.036528526805341244,2.5829569010811366,1.002767107867907
Bernoulli(0.5),5000,51,Permutation-integrated GE (randomized),0.48497373273968697,0.5215448115408421,False,0.03657107880115512,2.585965781560438,1.0039352289367822
Bernoulli(0.5),5000,51,Exact binomial (randomized),0.48499092236469177,0.5214889729783027,False,0.03649805061361089,2.580801908897409,1.0019304871412313
Bernoulli(0.5),5000,52,Chronological GE,0.47655427781865,0.5130749396048486,False,0.036520661786198616,2.582400760244145,1.002551200378919
Bernoulli(0.5),5000,52,Permutation-integrated GE (randomized),0.47654795234501357,0.5130878231197598,False,0.036539870774746186,2.5837590408503175,1.0030785181651949
Bernoulli(0.5),5000,52,Exact binomial (randomized),0.47655854178198304,0.5130641311598261,False,0.03650558937784304,2.581334980028441,1.0021374384055475
Bernoulli(0.5),5000,53,Chronological GE,0.4973394596017897,0.5338526931591332,False,0.03651323355734348,2.5818755051445783,1.0023472834893785
Bernoulli(0.5),5000,53,Permutation-integrated GE (randomized),0.4973512272447348,0.5339138167530297,False,0.03656258950829494,2.585365497905547,1.003702184125131
Bernoulli(0.5),5000,53,Exact binomial (randomized),0.4973561385497148,0.533856354251804,False,0.03650021570208922,2.580955003771899,1.0019899223197501
Bernoulli(0.5),5000,54,Chronological GE,0.48242037603631616,0.518669402692467,False,0.03624902665615082,2.5631932559976165,0.9950943769706033
Bernoulli(0.5),5000,54,Permutation-integrated GE (randomized),0.48248634655326617,0.51871406404227,False,0.036227717489003886,2.5616864703385134,0.9945094058869111
Bernoulli(0.5),5000,54,Exact binomial (randomized),0.48245601674599303,0.5187271472110406,False,0.036271130465047596,2.564756231313713,0.9957011622548391
Bernoulli(0.5),5000,55,Chronological GE,0.47623969009146094,0.5126869692467153,False,0.036447279155254364,2.5772118246479465,1.0005367285390927
Bernoulli(0.5),5000,55,Permutation-integrated GE (randomized),0.4761891186118125,0.512619782590866,False,0.036430663979053535,2.576036954271725,1.0000806150945398
Bernoulli(0.5),5000,55,Exact binomial (randomized),0.4761897790196223,0.5126051766022701,False,0.036415397582647835,2.5749574570294493,0.9996615278356177
Bernoulli(0.5),5000,56,Chronological GE,0.4776471187360585,0.5142670902423561,False,0.03661997150629759,2.5894230178961175,1.0052774127262578
Bernoulli(0.5),5000,56,Permutation-integrated GE (randomized),0.4776689790487289,0.5144010991454124,False,0.03673212009668353,2.597353120772359,1.00835607281655
Bernoulli(0.5),5000,56,Exact binomial (randomized),0.4777154658590017,0.5143061081098843,False,0.0365906422508826,2.5873491263570085,1.0044722772554207
Bernoulli(0.5),5000,57,Chronological GE,0.48121245158836246,0.5175679144449532,False,0.03635546285659075,2.570719431907097,0.9980162227230028
Bernoulli(0.5),5000,57,Permutation-integrated GE (randomized),0.48125979347676046,0.5175694655850531,False,0.03630967210829267,2.567481537043379,0.9967591926631083
Bernoulli(0.5),5000,57,Exact binomial (randomized),0.4812494541490105,0.5175654426707681,False,0.0363159885217576,2.5679281749227627,0.9969325884229782
Bernoulli(0.5),5000,58,Chronological GE,0.48798636300489306,0.5244965772144496,False,0.03651021420955658,2.5816620050150902,1.0022643975119598
Bernoulli(0.5),5000,58,Permutation-integrated GE (randomized),0.48792337771505123,0.5244196042761206,False,0.03649622656106932,2.5806729289052712,1.0018804139504496
Bernoulli(0.5),5000,58,Exact binomial (randomized),0.48794735776065473,0.5244171567795446,False,0.03646979901888986,2.5788042194767518,1.0011549351984435
Bernoulli(0.5),5000,59,Chronological GE,0.4809142458252609,0.517496591899544,False,0.03658234607428312,2.5867624980838673,1.0042445337972912
Bernoulli(0.5),5000,59,Permutation-integrated GE (randomized),0.4808648755073548,0.5174871995329856,False,0.036622324025630815,2.589589366133457,1.0053419931847185
Bernoulli(0.5),5000,59,Exact binomial (randomized),0.4809039987715828,0.5174510802084964,False,0.0365470814369136,2.5842689116618596,1.0032764624974686
Bernoulli(0.5),5000,60,Chronological GE,0.47518026968464255,0.5117804273031652,False,0.036600157618522644,2.5880219644553843,1.0047334894783924
Bernoulli(0.5),5000,60,Permutation-integrated GE (randomized),0.47507275444120173,0.5117161948814988,False,0.03664344044029705,2.591082522133941,1.005921672901238
Bernoulli(0.5),5000,60,Exact binomial (randomized),0.47511815449349404,0.5116764102361682,False,0.03655825574267413,2.585059054399692,1.003583215253462
Bernoulli(0.5),5000,61,Chronological GE,0.4774275221861899,0.513837197329849,False,0.036409675143659115,2.5745528194880647,0.9995044376352589
Bernoulli(0.5),5000,61,Permutation-integrated GE (randomized),0.4774497698932886,0.5138382018953559,False,0.03638843200206732,2.573050702540738,0.9989212790597829
Bernoulli(0.5),5000,61,Exact binomial (randomized),0.4774410044598537,0.5138224356639447,False,0.036381431204090986,2.57255567136846,0.9987290958387923
Bernoulli(0.5),5000,62,Chronological GE,0.4921107809059322,0.5286075756885111,False,0.036496794782578945,2.580713108233538,1.0018960125493985
Bernoulli(0.5),5000,62,Permutation-integrated GE (randomized),0.4920701959490775,0.528596739602089,False,0.036526543653011445,2.582816671035084,1.0027126671307591
Bernoulli(0.5),5000,62,Exact binomial (randomized),0.492111198985044,0.5285824241020378,False,0.0364712251169938,2.578905059840745,1.0011940838966333
Bernoulli(0.5),5000,63,Chronological GE,0.47197124594822526,0.5083679971285164,False,0.036396751180291176,2.573638957274337,0.9991496539496829
Bernoulli(0.5),5000,63,Permutation-integrated GE (randomized),0.4720091195091606,0.5083532855913043,False,0.03634416608214375,2.569920629325396,0.9977061080035995
Bernoulli(0.5),5000,63,Exact binomial (randomized),0.4719999582178609,0.5083501986158769,False,0.03635024039801604,2.570350148319833,0.9978728577932091
Bernoulli(0.5),5000,64,Chronological GE,0.48887185798957944,0.5252382359467447,False,0.03636637795716524,2.571491246070453,0.9983158598776436
Bernoulli(0.5),5000,64,Permutation-integrated GE (randomized),0.48902192971855407,0.525324619181454,False,0.03630268946289994,2.566987789452597,0.9965675077598807
Bernoulli(0.5),5000,64,Exact binomial (randomized),0.48888254468436293,0.5252607354196852,False,0.03637819073532228,2.572326535624402,0.998640139732989
Bernoulli(0.5),5000,65,Chronological GE,0.4800804634578526,0.5165288154967129,False,0.03644835203886032,2.577287688975266,1.0005661809283541
Bernoulli(0.5),5000,65,Permutation-integrated GE (randomized),0.48005687243193396,0.5165301161631939,False,0.03647324373125993,2.579047797424363,1.0012494981212567
Bernoulli(0.5),5000,65,Exact binomial (randomized),0.480046585535387,0.5164840052876682,False,0.036437419752281264,2.576514659577873,1.0002660719901075
Bernoulli(0.5),5000,66,Chronological GE,0.4782744268886745,0.514640589710325,False,0.036366162821650505,2.5714760336923184,0.9983099540600052
Bernoulli(0.5),5000,66,Permutation-integrated GE (randomized),0.4782496822029353,0.5146148734778166,False,0.03636519127488136,2.571407334961448,0.9982832835307215
Bernoulli(0.5),5000,66,Exact binomial (randomized),0.47824560265010513,0.5146099736164544,False,0.03636437096634931,2.571349330388881,0.9982607647355174
Bernoulli(0.5),5000,67,Chronological GE,0.48014050954952836,0.516547107603401,False,0.036406598053872585,2.574335236382627,0.9994199665466126
Bernoulli(0.5),5000,67,Permutation-integrated GE (randomized),0.48016285207867626,0.5165412417471409,False,0.03637838966846463,2.572340602321798,0.9986456007693149
Bernoulli(0.5),5000,67,Exact binomial (randomized),0.4801739747847292,0.5165472979668465,False,0.036373323182117334,2.571982347636502,0.9985065175292871
Bernoulli(0.5),5000,68,Chronological GE,0.4815799123607576,0.5179705847986042,False,0.03639067243784666,2.5732091252739764,0.9989827826435104
Bernoulli(0.5),5000,68,Permutation-integrated GE (randomized),0.48153026547878985,0.5179189616426825,False,0.03638869616389262,2.5730693816025383,0.9989285307288958
Bernoulli(0.5),5000,68,Exact binomial (randomized),0.4815555469678018,0.5179417049881143,False,0.03638615802031253,2.5728899077488276,0.9988588545848037
Bernoulli(0.5),5000,69,Chronological GE,0.463797137606889,0.5000441153533757,False,0.036246977746486664,2.5630483762058605,0.9950381310883329
Bernoulli(0.5),5000,69,Permutation-integrated GE (randomized),0.46377963190823795,0.5000163278713823,False,0.03623669596314433,2.5623213443334545,0.9947558795154494
Bernoulli(0.5),5000,69,Exact binomial (randomized),0.46370545792688384,0.49999166471983664,False,0.0362862067929528,2.5658222886834294,0.9961150318261836
Bernoulli(0.5),5000,70,Chronological GE,0.4815056803636253,0.5179192977957428,False,0.03641361743211746,2.5748315813782936,0.9996126598260092
Bernoulli(0.5),5000,70,Permutation-integrated GE (randomized),0.4814239115566014,0.5178327081054452,False,0.036408796548843825,2.574490693452884,0.999480318787362
Bernoulli(0.5),5000,70,Exact binomial (randomized),0.4814179518946376,0.5178108023577013,False,0.036392850463063675,2.573363134914031,0.9990425729564176
Bernoulli(0.5),5000,71,Chronological GE,0.49710409669205546,0.5335640269331634,False,0.03645993024110794,2.57810639150759,1.0008840212958023
Bernoulli(0.5),5000,71,Permutation-integrated GE (randomized),0.4970417714834213,0.5334987863183022,False,0.03645701483488084,2.5779002411562804,1.0008039886822182
Bernoulli(0.5),5000,71,Exact binomial (randomized),0.4970364746137113,0.5334569047469238,False,0.036420430133212445,2.5753133120925393,0.9997996794835549
Bernoulli(0.5),5000,72,Chronological GE,0.49098156997933984,0.5275472304783762,False,0.03656566049903631,2.5855826497433654,1.0037864877851288
Bernoulli(0.5),5000,72,Permutation-integrated GE (randomized),0.49106187784820793,0.5276641351029278,False,0.03660225725471983,2.5881704311546896,1.004791127885992
Bernoulli(0.5),5000,72,Exact binomial (randomized),0.4911081236541529,0.5276408358458099,False,0.03653271219165699,2.5832528525857117,1.002882003487802
Bernoulli(0.5),5000,73,Chronological GE,0.486982477363199,0.5234635840170085,False,0.03648110665380955,2.579603790009841,1.0014653480553777
Bernoulli(0.5),5000,73,Permutation-integrated GE (randomized),0.48694688126742836,0.5234117758125068,False,0.0364648945450784,2.578457420807728,1.0010202994644117
Bernoulli(0.5),5000,73,Exact binomial (randomized),0.4869548855385595,0.5233916346891481,False,0.03643674915058859,2.5764672408774367,1.0002476628896397
Bernoulli(0.5),5000,74,Chronological GE,0.4864527224563062,0.5228909407742321,False,0.03643821831792593,2.57657112669613,1.0002879939079066
Bernoulli(0.5),5000,74,Permutation-integrated GE (randomized),0.486499978838861,0.5229029702290893,False,0.03640299139022829,2.574080206750593,0.9993209577995336
Bernoulli(0.5),5000,74,Exact binomial (randomized),0.4864734268300407,0.5228743717320243,False,0.036400944901983645,2.5739354981790523,0.9992647783891427
Bernoulli(0.5),5000,75,Chronological GE,0.48482639575377107,0.52114919712767,False,0.03632280137389898,2.5684099163176017,0.9971196122269915
Bernoulli(0.5),5000,75,Permutation-integrated GE (randomized),0.4847837201580405,0.5211068992689252,False,0.036323179110884674,2.5684366263560103,0.9971299817178471
Bernoulli(0.5),5000,75,Exact binomial (randomized),0.48478653832793245,0.5211260715600685,False,0.03633953323213607,2.569593037359731,0.9975789287820518
Bernoulli(0.5),5000,76,Chronological GE,0.4796650563366711,0.5160174029879272,False,0.036352346651256084,2.570499082914726,0.9979306778493315
Bernoulli(0.5),5000,76,Permutation-integrated GE (randomized),0.4798096206039191,0.5161100706309079,False,0.036300450026988784,2.5668294374207163,0.9965060316241512
Bernoulli(0.5),5000,76,Exact binomial (randomized),0.47980460498668176,0.5161342577921286,False,0.036329652805446866,2.568894385688436,0.9973076950980758
Bernoulli(0.5),5000,77,Chronological GE,0.4851435231976211,0.5215365909971297,False,0.03639306779950857,2.5733785029214298,0.9990485391931467
Bernoulli(0.5),5000,77,Permutation-integrated GE (randomized),0.48510668867379425,0.5215003922209143,False,0.036393703547120015,2.573423457066147,0.9990659914927441
Bernoulli(0.5),5000,77,Exact binomial (randomized),0.48512801006098466,0.5215224401333406,False,0.03639443007235593,2.5734748301582493,0.9990859357848723
Bernoulli(0.5),5000,78,Chronological GE,0.4845604463480413,0.5211239731870592,False,0.03656352683901787,2.5854317771965865,1.0037279153686371
Bernoulli(0.5),5000,78,Permutation-integrated GE (randomized),0.4845079934388399,0.5210971771150829,False,0.036589183676242976,2.587245989555154,1.004432237023829
Bernoulli(0.5),5000,78,Exact binomial (randomized),0.4845282138017564,0.5210581711494748,False,0.03652995734771841,2.5830580557027036,1.002806378568581
Bernoulli(0.5),5000,79,Chronological GE,0.49049460934475064,0.5268007298000157,False,0.036306120455265045,2.5672303972493538,0.9966616940463796
Bernoulli(0.5),5000,79,Permutation-integrated GE (randomized),0.4904463748529555,0.526733849297464,False,0.03628747444450853,2.565911925184553,0.9961498309105017
Bernoulli(0.5),5000,79,Exact binomial (randomized),0.4904441688712578,0.5267477832069537,False,0.0363036143356959,2.5670531878351732,0.9965928970131537
Bernoulli(0.5),5000,80,Chronological GE,0.4906997778452933,0.5271205599419773,False,0.03642078209668398,2.5753381996682845,0.9998093414497848
Bernoulli(0.5),5000,80,Permutation-integrated GE (randomized),0.4906938589438796,0.5271293240711095,False,0.03643546512722984,2.5763764467150194,1.0002124143728641
Bernoulli(0.5),5000,80,Exact binomial (randomized),0.49072217237838195,0.5271422317872042,False,0.03642005940882226,2.575287097919514,0.9997895024997815
Bernoulli(0.5),5000,81,Chronological GE,0.48327041091397405,0.5196607164107263,False,0.03639030549675226,2.573183178620362,0.998972709517322
Bernoulli(0.5),5000,81,Permutation-integrated GE (randomized),0.48325556146949517,0.5196369993314147,False,0.03638143786191955,2.5725561421480325,0.9987292786069486
Bernoulli(0.5),5000,81,Exact binomial (randomized),0.4832484258570056,0.5196235104106015,False,0.03637508455359589,2.5721068954081696,0.9985548700235677
Bernoulli(0.5),5000,82,Chronological GE,0.47940465109422803,0.5158838317729533,False,0.03647918067872524,2.5794676030055905,1.0014124769260435
Bernoulli(0.5),5000,82,Permutation-integrated GE (randomized),0.47937335828542704,0.515859404873848,False,0.03648604658842092,2.579953096136073,1.001600957245688
Bernoulli(0.5),5000,82,Exact binomial (randomized),0.4793859130919629,0.51584227011509,False,0.036456357023127106,2.5778537268410995,1.000785930686249
Bernoulli(0.5),5000,83,Chronological GE,0.47475917218253016,0.5112427356652915,False,0.03648356348276138,2.579777514051047,1.001532791981482
Bernoulli(0.5),5000,83,Permutation-integrated GE (randomized),0.4748560991212726,0.511353646464646,False,0.036497547343373404,2.58076632231764,1.001916671559694
Bernoulli(0.5),5000,83,Exact binomial (randomized),0.474842207972094,0.5112937576583675,False,0.03645154968627351,2.577513796792237,1.000653961518729
Bernoulli(0.5),5000,84,Chronological GE,0.4797606864012778,0.5160969332791865,False,0.03633624687790871,2.5693606570237764,0.9974887130462363
Bernoulli(0.5),5000,84,Permutation-integrated GE (randomized),0.4798337407961489,0.5160556980833413,False,0.03622195728719241,2.5612791625623235,0.9943512790360252
Bernoulli(0.5),5000,84,Exact binomial (randomized),0.47969523077847076,0.5160465626740505,False,0.03635133189557971,2.5704273288527246,0.9979028211656985
Bernoulli(0.5),5000,85,Chronological GE,0.4962869440205395,0.532753121573478,False,0.03646617755293846,2.5785481431635446,1.001055520104107
Bernoulli(0.5),5000,85,Permutation-integrated GE (randomized),0.49631158779412515,0.5327482458129524,False,0.036436658018827284,2.5764607968887967,1.0002451611754808
Bernoulli(0.5),5000,85,Exact binomial (randomized),0.49633536288793373,0.5327551175326029,False,0.03641975464466912,2.57526554783958,0.9997811362311376
Bernoulli(0.5),5000,86,Chronological GE,0.49289885396137834,0.5293378341011703,False,0.036438980139791965,2.576624995636883,1.000308907149587
Bernoulli(0.5),5000,86,Permutation-integrated GE (randomized),0.4929003032147883,0.5293414406239987,False,0.0364411374092104,2.576777537620345,1.0003681276822722
Bernoulli(0.5),5000,86,Exact binomial (randomized),0.4929203133307042,0.5293443382466898,False,0.03642402491598562,2.57556750162012,0.9998983620815168
Bernoulli(0.5),5000,87,Chronological GE,0.4712246120907366,0.5078229741193354,False,0.036598362028598785,2.5878949970742453,1.0046841976324754
Bernoulli(0.5),5000,87,Permutation-integrated GE (randomized),0.47121909005641927,0.5079183729052545,False,0.03669928284883528,2.5950311767094587,1.0074546372828752
Bernoulli(0.5),5000,87,Exact binomial (randomized),0.47131475527255334,0.5078787748532888,False,0.03656401958073546,2.5854666192975753,1.0037414419252846
Bernoulli(0.5),5000,88,Chronological GE,0.48497293470427394,0.5214040311984718,False,0.036431096494197845,2.5760675377108755,1.0000924883343965
Bernoulli(0.5),5000,88,Permutation-integrated GE (randomized),0.4850169677317143,0.5214610995829105,False,0.036444131851196215,2.576989276643749,1.0004503299551915
Bernoulli(0.5),5000,88,Exact binomial (randomized),0.48501331305537343,0.5214346728707846,False,0.03642135981541117,2.575379050551246,0.999825200762708
Bernoulli(0.5),5000,89,Chronological GE,0.48450406873598695,0.5210165078751743,False,0.036512439139187336,2.5818193312980475,1.0023254754268436
Bernoulli(0.5),5000,89,Permutation-integrated GE (randomized),0.4844319765239955,0.5209868888646363,False,0.03655491234064079,2.5848226401746914,1.0034914334631568
Bernoulli(0.5),5000,89,Exact binomial (randomized),0.48449874878149296,0.5209758139018107,False,0.03647706512031773,2.5793180104359954,1.0013544014280324
Bernoulli(0.5),5000,90,Chronological GE,0.4836806100793183,0.5200265948660672,False,0.036345984786748886,2.570049231161323,0.9977560343848817
Bernoulli(0.5),5000,90,Permutation-integrated GE (randomized),0.4835662152156235,0.5198796915516259,False,0.03631347633600246,2.567750536564456,0.9968636248631406
Bernoulli(0.5),5000,90,Exact binomial (randomized),0.4835885110579774,0.5199272276359284,False,0.03633871657795096,2.5695352911885134,0.9975565103045781
Bernoulli(0.5),5000,91,Chronological GE,0.48267896147444844,0.5191958448849618,False,0.0365168834105134,2.582133588737257,1.0024474778587502
Bernoulli(0.5),5000,91,Permutation-integrated GE (randomized),0.4826523579731584,0.5192003534510728,False,0.03654799547791443,2.584333544120857,1.0033015544004562
Bernoulli(0.5),5000,91,Exact binomial (randomized),0.48271066238303095,0.5191940010334541,False,0.03648333865042319,2.5797616160039505,1.0015266199703652
Bernoulli(0.5),5000,92,Chronological GE,0.4814603072591126,0.5179742150940001,False,0.036513907834887505,2.5819231837669565,1.0023657934979076
Bernoulli(0.5),5000,92,Permutation-integrated GE (randomized),0.4813869787961244,0.517935787329078,False,0.03654880853295356,2.584391035794021,1.0033238740755548
Bernoulli(0.5),5000,92,Exact binomial (randomized),0.48140452902151126,0.5178830896973231,False,0.036478560675811844,2.5794237621791485,1.0013954568438581
Bernoulli(0.5),5000,93,Chronological GE,0.49150270549580455,0.528059768024832,False,0.03655706252902746,2.5849746814535957,1.0035504596100737
Bernoulli(0.5),5000,93,Permutation-integrated GE (randomized),0.491546522693336,0.5281114932075145,False,0.03656497051417851,2.5855338604461786,1.003767546585446
Bernoulli(0.5),5000,93,Exact binomial (randomized),0.491554918884602,0.528070065650976,False,0.03651514676637402,2.5820107894525104,1.002399804169901
Bernoulli(0.5),5000,94,Chronological GE,0.49245180236175656,0.528841330204159,False,0.03638952784240246,2.5731281901539456,0.9989513616483694
Bernoulli(0.5),5000,94,Permutation-integrated GE (randomized),0.4924064494863153,0.528791887883842,False,0.036385438397526726,2.5728390227336537,0.9988390997760888
Bernoulli(0.5),5000,94,Exact binomial (randomized),0.49240351229556456,0.5287771250576447,False,0.036373612762080176,2.5720028240320443,0.9985144669673629
Bernoulli(0.5),5000,95,Chronological GE,0.4783972022123635,0.5150449718348682,False,0.03664776962250471,2.5913886415435443,1.006040515950807
Bernoulli(0.5),5000,95,Permutation-integrated GE (randomized),0.47843731786608695,0.5151502735555171,False,0.03671295568943017,2.5959979925397314,1.007829978858864
Bernoulli(0.5),5000,95,Exact binomial (randomized),0.47851005544022485,0.5150963921875636,False,0.0365863367473388,2.587044681281784,1.0043540842234502
Bernoulli(0.5),5000,96,Chronological GE,0.4934153179638088,0.5298201586119831,False,0.036404840648174286,2.5742109690339707,0.9993717229194107
Bernoulli(0.5),5000,96,Permutation-integrated GE (randomized),0.4934960908994079,0.5299259375944734,False,0.03642984669506549,2.5759791635667146,1.0000581793279575
Bernoulli(0.5),5000,96,Exact binomial (randomized),0.4935212587552104,0.5299336047027288,False,0.036412345947518354,2.574741673840073,0.9995777555184541
Bernoulli(0.5),5000,97,Chronological GE,0.49040355486795306,0.5269134840928018,False,0.03650992922484875,2.5816418535531462,1.0022565742210623
Bernoulli(0.5),5000,97,Permutation-integrated GE (randomized),0.49038434294313205,0.5269118795529011,False,0.03652753660976904,2.5828868836807564,1.0027399253988345
Bernoulli(0.5),5000,97,Exact binomial (randomized),0.4903986529046571,0.5268711292236399,False,0.03647247631898276,2.578993533181848,1.0012284314137538
Bernoulli(0.5),5000,98,Chronological GE,0.4797265459783375,0.5160683845169842,False,0.0363418385386467,2.569756047146369,0.9976422131722144
Bernoulli(0.5),5000,98,Permutation-integrated GE (randomized),0.4797867052406073,0.5161080658882855,False,0.036321360647678214,2.568308041589548,0.9970800619633489
Bernoulli(0.5),5000,98,Exact binomial (randomized),0.47978773088587623,0.5161330306582419,False,0.03634529977236567,2.570000793329765,0.9977372296327611
Bernoulli(0.5),5000,99,Chronological GE,0.4777693818323314,0.5142938490025699,False,0.036524467170238495,2.582669841530107,1.0026556643220812
Bernoulli(0.5),5000,99,Permutation-integrated GE (randomized),0.47779580819606776,0.5143620086312295,False,0.03656620043516173,2.5856208289929348,1.003801309904559
Bernoulli(0.5),5000,99,Exact binomial (randomized),0.477802334441033,0.5143010586095872,False,0.03649872416855421,2.5808495364242017,1.0019489773132033
"Uniform(0.45,0.55)",50,0,Chronological GE,0.4592671520076692,0.535884898621589,False,0.07661774661391973,0.5417692818993529,3.642989544908601
"Uniform(0.45,0.55)",50,0,Permutation-integrated GE (randomized),0.4582156964351908,0.5348557073524722,False,0.07664001091728145,0.5419267142982075,3.6440481589759144
"Uniform(0.45,0.55)",50,1,Chronological GE,0.4414664492942393,0.5435329671017826,False,0.10206651780754328,0.7217192687381137,4.853017397284756
"Uniform(0.45,0.55)",50,1,Permutation-integrated GE (randomized),0.4409522595142017,0.5430150285030351,False,0.10206276898883337,0.7216927605868015,4.85283914997301
"Uniform(0.45,0.55)",50,2,Chronological GE,0.4421408171765506,0.5381113053299487,False,0.09597048815339804,0.6786138296705098,4.563165851435856
"Uniform(0.45,0.55)",50,2,Permutation-integrated GE (randomized),0.4418316402537361,0.5378515750730876,False,0.09601993481935145,0.678963470398537,4.565516921456312
"Uniform(0.45,0.55)",50,3,Chronological GE,0.4551942362450063,0.5481870691291988,False,0.09299283288419247,0.6575586273415986,4.421585506235687
"Uniform(0.45,0.55)",50,3,Permutation-integrated GE (randomized),0.4550916903841252,0.5480922142505755,False,0.0930005238664503,0.6576130107986836,4.421951193941128
"Uniform(0.45,0.55)",50,4,Chronological GE,0.45031879702582955,0.5482217841781676,False,0.09790298715233803,0.6922786611383767,4.655051530143689
"Uniform(0.45,0.55)",50,4,Permutation-integrated GE (randomized),0.4498943963708464,0.547738075080923,False,0.0978436787100766,0.6918592871213299,4.652231556382623
"Uniform(0.45,0.55)",50,5,Chronological GE,0.47736153891310096,0.5550098293460906,False,0.0776482904329896,0.5490563271270947,3.6919894244973284
"Uniform(0.45,0.55)",50,5,Permutation-integrated GE (randomized),0.4768600780084634,0.5544745241874345,False,0.07761444617897106,0.5488170121118876,3.6903802116322453
"Uniform(0.45,0.55)",50,6,Chronological GE,0.4745517414994538,0.5534228379838169,False,0.07887109648436308,0.5577028716371161,3.750130910738784
"Uniform(0.45,0.55)",50,6,Permutation-integrated GE (randomized),0.4745206153579503,0.5532528556232181,False,0.07873224026526782,0.5567210098957942,3.74352863154414
"Uniform(0.45,0.55)",50,7,Chronological GE,0.47943342523649335,0.5491555235348642,False,0.06972209829837084,0.49300968505333065,3.3151180552197173
"Uniform(0.45,0.55)",50,7,Permutation-integrated GE (randomized),0.47894346859333314,0.5485249435635657,False,0.06958147497023259,0.49201532796413494,3.3084317542409205
"Uniform(0.45,0.55)",50,8,Chronological GE,0.4428748027421534,0.520115481223911,False,0.07724067848175764,0.5461740753790068,3.6726084567405963
"Uniform(0.45,0.55)",50,8,Permutation-integrated GE (randomized),0.44319919071919767,0.5204227115559039,False,0.07722352083670625,0.5460527525073564,3.6717926519916984
"Uniform(0.45,0.55)",50,9,Chronological GE,0.4535943497903645,0.5488675530068576,False,0.09527320321649313,0.6736832805974629,4.530011630028549
"Uniform(0.45,0.55)",50,9,Permutation-integrated GE (randomized),0.45404426885618976,0.5492924841303349,False,0.09524821527414518,0.6735065891626415,4.528823513479246
"Uniform(0.45,0.55)",50,10,Chronological GE,0.4558824193663895,0.5370590048842132,False,0.0811765855178237,0.5740051409322282,3.8597513683479163
"Uniform(0.45,0.55)",50,10,Permutation-integrated GE (randomized),0.45602647451702605,0.5371845162664416,False,0.08115804174941554,0.5738740166883267,3.8588696567677716
"Uniform(0.45,0.55)",50,11,Chronological GE,0.4644048227928579,0.5396857201121747,False,0.07528089731931686,0.5323163298829714,3.5794255767864693
"Uniform(0.45,0.55)",50,11,Permutation-integrated GE (randomized),0.46399156106568196,0.5392710692744946,False,0.07527950820881268,0.5323065073883982,3.5793595279235486
"Uniform(0.45,0.55)",50,12,Chronological GE,0.4415190811268985,0.5424944437108934,False,0.10097536258399487,0.7140036361591315,4.801135591215858
"Uniform(0.45,0.55)",50,12,Permutation-integrated GE (randomized),0.4421678095144467,0.5430736131196187,False,0.10090580360517198,0.7135117799029509,4.797828229099309
"Uniform(0.45,0.55)",50,13,Chronological GE,0.457492517773062,0.5439706635661423,False,0.08647814579308033,0.6114928331472601,4.1118278063536495
"Uniform(0.45,0.55)",50,13,Permutation-integrated GE (randomized),0.4577038495720706,0.5441733812636306,False,0.08646953169155996,0.6114319222512713,4.111418226547869
"Uniform(0.45,0.55)",50,14,Chronological GE,0.4618996516801417,0.5582601665519178,False,0.0963605148717761,0.6813717350446005,4.5817106836722585
"Uniform(0.45,0.55)",50,14,Permutation-integrated GE (randomized),0.4620850974303855,0.5586885172331894,False,0.09660341980280385,0.6830893322837341,4.593260228826593
"Uniform(0.45,0.55)",50,15,Chronological GE,0.4517177897505462,0.552858751732856,False,0.10114096198230982,0.7151746007342207,4.809009444250775
"Uniform(0.45,0.55)",50,15,Permutation-integrated GE (randomized),0.4513373474021448,0.552449079507047,False,0.10111173210490221,0.714967914288939,4.807619633893504
"Uniform(0.45,0.55)",50,16,Chronological GE,0.4451882769353688,0.5390016078017652,False,0.09381333086639643,0.6633604242132617,4.460598211553812
"Uniform(0.45,0.55)",50,16,Permutation-integrated GE (randomized),0.4461502451245342,0.5399698996620268,False,0.09381965453749258,0.6634051393204025,4.460898886902629
"Uniform(0.45,0.55)",50,17,Chronological GE,0.4484011637978256,0.5520943035371602,False,0.10369313973933458,0.7332212227220776,4.930359357247308
"Uniform(0.45,0.55)",50,17,Permutation-integrated GE (randomized),0.44828549996647415,0.5520233637849128,False,0.10373786381843864,0.7335374697182455,4.932485879623419
"Uniform(0.45,0.55)",50,18,Chronological GE,0.49072677502408624,0.5493551944382489,False,0.058628419414162636,0.4145655293800343,2.787640310495737
"Uniform(0.45,0.55)",50,18,Permutation-integrated GE (randomized),0.4910730529429154,0.5496268553935917,False,0.05855380245067626,0.4140379077713067,2.7840924533755915
"Uniform(0.45,0.55)",50,19,Chronological GE,0.4479000507853925,0.5514211100526154,False,0.10352105926722288,0.7320044300346779,4.9221773447437975
"Uniform(0.45,0.55)",50,19,Permutation-integrated GE (randomized),0.4478777382805715,0.5513818815493694,False,0.10350414326879792,0.7318848158627096,4.921373029710698
"Uniform(0.45,0.55)",50,20,Chronological GE,0.4547316371463239,0.5257976581342518,False,0.07106602098792791,0.5025126535250934,3.3790183462566303
"Uniform(0.45,0.55)",50,20,Permutation-integrated GE (randomized),0.45448097645670027,0.5255363850493098,False,0.0710554085926095,0.5024376125581506,3.3785137523877156
"Uniform(0.45,0.55)",50,21,Chronological GE,0.45226002810522914,0.5507767484523356,False,0.09851672034710646,0.696618410176977,4.68423306719895
"Uniform(0.45,0.55)",50,21,Permutation-integrated GE (randomized),0.4527333815887692,0.551224661987581,False,0.09849128039881183,0.6964385225774554,4.683023458854198
"Uniform(0.45,0.55)",50,22,Chronological GE,0.4515722165815532,0.5417795903049409,False,0.09020737372338772,0.6378624567283664,4.289143623655731
"Uniform(0.45,0.55)",50,22,Permutation-integrated GE (randomized),0.45132631733497564,0.5415153209806544,False,0.09018900364567872,0.6377325606631769,4.288270170650511
"Uniform(0.45,0.55)",50,23,Chronological GE,0.45559373451396823,0.550000190269202,False,0.09440645575523376,0.6675544505231357,4.488799873236028
"Uniform(0.45,0.55)",50,23,Permutation-integrated GE (randomized),0.45588860661656816,0.5502729427186375,False,0.09438433610206931,0.6673980409556348,4.487748136937632
"Uniform(0.45,0.55)",50,24,Chronological GE,0.4482055506668985,0.5492801140062511,False,0.10107456333935261,0.7147050914272545,4.805852348502344
"Uniform(0.45,0.55)",50,24,Permutation-integrated GE (randomized),0.4488969170028092,0.5500262017536719,False,0.10112928475086269,0.7150920302388033,4.808454219985441
"Uniform(0.45,0.55)",50,25,Chronological GE,0.4550107871182263,0.5556153352372348,False,0.10060454811900854,0.7113815819315926,4.783504255412508
"Uniform(0.45,0.55)",50,25,Permutation-integrated GE (randomized),0.4554102904452705,0.5560046155621108,False,0.1005943251168403,0.7113092943900202,4.783018176251186
"Uniform(0.45,0.55)",50,26,Chronological GE,0.4589428515173495,0.5467036231420934,False,0.08776077162474394,0.6205623673802039,4.172813579249394
"Uniform(0.45,0.55)",50,26,Permutation-integrated GE (randomized),0.4586595231887539,0.5464203064587596,False,0.0877607832700057,0.6205624497246394,4.172814132953577
"Uniform(0.45,0.55)",50,27,Chronological GE,0.44684655452147126,0.536546369548887,False,0.08969981502741575,0.6342734747706466,4.265010428611889
"Uniform(0.45,0.55)",50,27,Permutation-integrated GE (randomized),0.44708008212312,0.5367450290864538,False,0.08966494696333382,0.6340269203250548,4.263352536041102
"Uniform(0.45,0.55)",50,28,Chronological GE,0.4512761882506311,0.5409450610168278,False,0.08966887276619673,0.6340546799433144,4.263539198523582
"Uniform(0.45,0.55)",50,28,Permutation-integrated GE (randomized),0.4519622401777208,0.5415951608104811,False,0.0896329206327603,0.6338004599698042,4.261829761062754
"Uniform(0.45,0.55)",50,29,Chronological GE,0.44726605946198106,0.5394273311831057,False,0.09216127172112465,0.6516786019678324,4.382046773280342
"Uniform(0.45,0.55)",50,29,Permutation-integrated GE (randomized),0.4475007231742181,0.5396191546953633,False,0.09211843152114518,0.6513756760087037,4.380009824824869
"Uniform(0.45,0.55)",50,30,Chronological GE,0.45323778921738267,0.546445005107671,False,0.09320721589028835,0.6590745441154142,4.431778902469967
"Uniform(0.45,0.55)",50,30,Permutation-integrated GE (randomized),0.452939858446235,0.5461373390841766,False,0.09319748063794159,0.6590057054859046,4.431316014639358
"Uniform(0.45,0.55)",50,31,Chronological GE,0.4428059705533087,0.5402648593299091,False,0.09745888877660036,0.6891384114083963,4.633935720671039
"Uniform(0.45,0.55)",50,31,Permutation-integrated GE (randomized),0.4430583489211727,0.5405818588959121,False,0.09752350997473946,0.6895953522825219,4.637008303194074
"Uniform(0.45,0.55)",50,32,Chronological GE,0.4695778791792691,0.5252964324317873,False,0.05571855325251818,0.3939896684275937,2.6492831742911047
"Uniform(0.45,0.55)",50,32,Permutation-integrated GE (randomized),0.4692584370247486,0.5249539970216516,False,0.055695559996902955,0.3938270815579229,2.648189900297656
"Uniform(0.45,0.55)",50,33,Chronological GE,0.46811704942956567,0.5436522015370429,False,0.07553515210747719,0.5341141827315445,3.5915147803449923
"Uniform(0.45,0.55)",50,33,Permutation-integrated GE (randomized),0.4683662485296026,0.5438984952980019,False,0.07553224676839931,0.5340936388819084,3.591376638460731
"Uniform(0.45,0.55)",50,34,Chronological GE,0.4488164712674916,0.542702202219516,False,0.09388573095202446,0.6638723701283223,4.464040661464567
"Uniform(0.45,0.55)",50,34,Permutation-integrated GE (randomized),0.44824740927791173,0.5421212792462595,False,0.09387386996834779,0.6637885003084292,4.463476700222739
"Uniform(0.45,0.55)",50,35,Chronological GE,0.4386805505491793,0.5436983765102923,False,0.10501782596111298,0.7425881688257164,4.993345000515318
"Uniform(0.45,0.55)",50,35,Permutation-integrated GE (randomized),0.438452919087402,0.543865724837441,False,0.10541280575003897,0.7453810976975285,5.0121253393414955
"Uniform(0.45,0.55)",50,36,Chronological GE,0.4573728987015784,0.5326234330423176,False,0.07525053434073925,0.5321016312024789,3.577981890194277
"Uniform(0.45,0.55)",50,36,Permutation-integrated GE (randomized),0.4582122146082448,0.5334162556645324,False,0.07520404105628764,0.5317728740353252,3.5757712463597726
"Uniform(0.45,0.55)",50,37,Chronological GE,0.4578044624067843,0.5614356636069715,False,0.1036312012001872,0.7327832511115986,4.927414328706103
"Uniform(0.45,0.55)",50,37,Permutation-integrated GE (randomized),0.4576911992372449,0.561538133094052,False,0.1038469338568071,0.7343087113557918,4.937671897576171
"Uniform(0.45,0.55)",50,38,Chronological GE,0.44377352902665734,0.5385896558873355,False,0.0948161268606782,0.6704512626902951,4.508278748822197
"Uniform(0.45,0.55)",50,38,Permutation-integrated GE (randomized),0.44327473113089333,0.5381199840061665,False,0.09484525287527312,0.6706572147145852,4.509663620752572
"Uniform(0.45,0.55)",50,39,Chronological GE,0.46909886272624135,0.5505939745344222,False,0.08149511180818081,0.5762574619312053,3.874896527228622
"Uniform(0.45,0.55)",50,39,Permutation-integrated GE (randomized),0.4701986988707153,0.5517486884147348,False,0.08154998954401949,0.5766455061226823,3.8775058315575
"Uniform(0.45,0.55)",50,40,Chronological GE,0.47317244624719024,0.540184014942497,False,0.06701156869530678,0.4738433464239959,3.1862388928647434
"Uniform(0.45,0.55)",50,40,Permutation-integrated GE (randomized),0.47329378217991397,0.5402788440746615,False,0.06698506189474757,0.4736559150397661,3.184978558261159
"Uniform(0.45,0.55)",50,41,Chronological GE,0.45300712576135993,0.5392354433424771,False,0.08622831758111715,0.6097262809191514,4.099949075845021
"Uniform(0.45,0.55)",50,41,Permutation-integrated GE (randomized),0.4527777156499069,0.5389897068641901,False,0.08621199121428325,0.6096108360721474,4.099172796375697
"Uniform(0.45,0.55)",50,42,Chronological GE,0.4546717549674213,0.5520112966187298,False,0.09733954165130854,0.6882944997923066,4.628261051956964
"Uniform(0.45,0.55)",50,42,Permutation-integrated GE (randomized),0.45572764546914546,0.5531282380582547,False,0.09740059258910927,0.6887261951134735,4.631163877189291
"Uniform(0.45,0.55)",50,43,Chronological GE,0.4682420683093369,0.5227522091008723,False,0.05451014079153538,0.38544490197128106,2.591826068648457
"Uniform(0.45,0.55)",50,43,Permutation-integrated GE (randomized),0.4684324648944761,0.5229076538114779,False,0.05447518891700176,0.38519775489630204,2.590164191092301
"Uniform(0.45,0.55)",50,44,Chronological GE,0.45675532380118966,0.5545338322408497,False,0.09777850843966007,0.6913984637198971,4.649132866793609
"Uniform(0.45,0.55)",50,44,Permutation-integrated GE (randomized),0.4570570925811056,0.5548312141603873,False,0.09777412157928167,0.6913674439326802,4.648924282135358
"Uniform(0.45,0.55)",50,45,Chronological GE,0.4484475483186543,0.5496644112281501,False,0.10121686290949583,0.7157113013373365,4.812618350756221
"Uniform(0.45,0.55)",50,45,Permutation-integrated GE (randomized),0.4485654460198396,0.5497837522485033,False,0.10121830622866368,0.7157215071450466,4.812686977110699
"Uniform(0.45,0.55)",50,46,Chronological GE,0.4480099626816809,0.5431589665822685,False,0.09514900390058756,0.6728050588125073,4.524106251322899
"Uniform(0.45,0.55)",50,46,Permutation-integrated GE (randomized),0.44877916768556947,0.5439665962211122,False,0.09518742853554274,0.6730767620119216,4.525933250283257
"Uniform(0.45,0.55)",50,47,Chronological GE,0.4751685564406216,0.5579494717530906,False,0.082780915312469,0.5853494657027615,3.9360333908136673
"Uniform(0.45,0.55)",50,47,Permutation-integrated GE (randomized),0.474752848382885,0.5575986517042282,False,0.08284580332134317,0.5858082932136875,3.9391186595453314
"Uniform(0.45,0.55)",50,48,Chronological GE,0.4574340605176985,0.5499043711461127,False,0.09247031062841415,0.6538638370377813,4.396740829918404
"Uniform(0.45,0.55)",50,48,Permutation-integrated GE (randomized),0.4571065689628583,0.5495632277398804,False,0.09245665877702214,0.6537673038708308,4.396091717224704
"Uniform(0.45,0.55)",50,49,Chronological GE,0.4539831564761698,0.5518240188248456,False,0.09784086234867573,0.6918393724388817,4.652097645172865
"Uniform(0.45,0.55)",50,49,Permutation-integrated GE (randomized),0.45370524360220266,0.5515425229033237,False,0.09783727930112107,0.6918140364666495,4.651927279880782
"Uniform(0.45,0.55)",50,50,Chronological GE,0.4497427591122687,0.5313251963816583,False,0.08158243726938963,0.5768749461891154,3.8790486428447486
"Uniform(0.45,0.55)",50,50,Permutation-integrated GE (randomized),0.44894910487688044,0.5305382849725797,False,0.08158918009569927,0.5769226251711944,3.8793692480156747
"Uniform(0.45,0.55)",50,51,Chronological GE,0.45883915247395635,0.5391198596917093,False,0.08028070721775293,0.5676703247212491,3.8171545102451314
"Uniform(0.45,0.55)",50,51,Permutation-integrated GE (randomized),0.4585604590178084,0.53884999046629,False,0.08028953144848161,0.5677327214551191,3.817574081189294
"Uniform(0.45,0.55)",50,52,Chronological GE,0.48750188993290067,0.5316869872622192,False,0.04418509732931852,0.3124358194894874,2.100895089261636
"Uniform(0.45,0.55)",50,52,Permutation-integrated GE (randomized),0.48727607133103457,0.5313932115733322,False,0.044117140242297626,0.31195529031886576,2.0976638932468656
"Uniform(0.45,0.55)",50,53,Chronological GE,0.4453531145118177,0.5473439055494964,False,0.10199079103767872,0.7211837996132278,4.849416771541004
"Uniform(0.45,0.55)",50,53,Permutation-integrated GE (randomized),0.4463394823168513,0.5484192946209401,False,0.1020798123040888,0.7218132750247116,4.853649518615134
"Uniform(0.45,0.55)",50,54,Chronological GE,0.468520890455693,0.5586964772082865,False,0.09017558675259352,0.6376376889023468,4.287632229659101
"Uniform(0.45,0.55)",50,54,Permutation-integrated GE (randomized),0.46867138337812875,0.5589177549114617,False,0.09024637153333293,0.6381382128870032,4.290997875708073
"Uniform(0.45,0.55)",50,55,Chronological GE,0.46447365591302514,0.5193462246097624,False,0.05487256869673729,0.38800765426587613,2.609058643708212
"Uniform(0.45,0.55)",50,55,Permutation-integrated GE (randomized),0.4649677209998204,0.5198285525036104,False,0.05486083150378995,0.38792465977862456,2.608500568417781
"Uniform(0.45,0.55)",50,56,Chronological GE,0.4521737922914326,0.5369818196631968,False,0.08480802737176418,0.5996833125362879,4.032417692946469
"Uniform(0.45,0.55)",50,56,Permutation-integrated GE (randomized),0.4521053608139426,0.5370382833228708,False,0.08493292250892825,0.6005664545205474,4.03835615627914
"Uniform(0.45,0.55)",50,57,Chronological GE,0.4456297573633492,0.5461056916974485,False,0.10047593433409929,0.7104721451369587,4.777388979324887
"Uniform(0.45,0.55)",50,57,Permutation-integrated GE (randomized),0.44631171983355256,0.5468101603223006,False,0.10049844048874801,0.710631287682664,4.778459092839116
"Uniform(0.45,0.55)",50,58,Chronological GE,0.4559039049781859,0.5525844530202448,False,0.09668054804205894,0.6836347112937168,4.596927491068582
"Uniform(0.45,0.55)",50,58,Permutation-integrated GE (randomized),0.4568136429811544,0.5534978163853128,False,0.09668417340415841,0.6836603464749647,4.597099868315481
"Uniform(0.45,0.55)",50,59,Chronological GE,0.4514817097224295,0.5516406293027103,False,0.10015891958028078,0.7082305123153462,4.7623156903705395
"Uniform(0.45,0.55)",50,59,Permutation-integrated GE (randomized),0.45197241887849576,0.5521136541716194,False,0.10014123529312363,0.7081054655216534,4.761474845056368
"Uniform(0.45,0.55)",50,60,Chronological GE,0.45238269912078977,0.5562132471241057,False,0.10383054800331593,0.7341928458746003,4.93689278965939
"Uniform(0.45,0.55)",50,60,Permutation-integrated GE (randomized),0.45144120433251866,0.5552219649794534,False,0.10378076064693476,0.7338407961014556,4.934525520628637
"Uniform(0.45,0.55)",50,61,Chronological GE,0.4630957548506558,0.5342496153898537,False,0.07115386053919792,0.5031337729486874,3.3831949056185042
"Uniform(0.45,0.55)",50,61,Permutation-integrated GE (randomized),0.4629685465388577,0.5341291299166515,False,0.0711605833777938,0.5031813105962871,3.3835145604217227
"Uniform(0.45,0.55)",50,62,Chronological GE,0.46086854906752706,0.5415665828622878,False,0.0806980337947607,0.5706212692469648,3.8369973850886416
"Uniform(0.45,0.55)",50,62,Permutation-integrated GE (randomized),0.46030446454544394,0.5410015411438149,False,0.080697076598371,0.5706145008463839,3.8369518727028797
"Uniform(0.45,0.55)",50,63,Chronological GE,0.4510584915988147,0.54814942041412,False,0.09709092881530523,0.686536541570027,4.6164401096516
"Uniform(0.45,0.55)",50,63,Permutation-integrated GE (randomized),0.4512781331974643,0.5483587325095216,False,0.09708059931205731,0.6864635009520981,4.615948966620131
"Uniform(0.45,0.55)",50,64,Chronological GE,0.44316845247521996,0.5255072214640677,False,0.08233876898884773,0.5822230190656684,3.9150103967234258
"Uniform(0.45,0.55)",50,64,Permutation-integrated GE (randomized),0.4434109943001836,0.525588475584865,False,0.08217748128468139,0.5810825427722881,3.9073415543733483
"Uniform(0.45,0.55)",50,65,Chronological GE,0.4506378364749253,0.5343074998818338,False,0.08366966340690851,0.5916338637462094,3.978291224790637
"Uniform(0.45,0.55)",50,65,Permutation-integrated GE (randomized),0.4506031198190593,0.5341919378121884,False,0.08358881799312912,0.591062200343097,3.9744472198418066
"Uniform(0.45,0.55)",50,66,Chronological GE,0.469602279830724,0.5489178155548871,False,0.07931553572416306,0.5608455316399956,3.7712629274776353
"Uniform(0.45,0.55)",50,66,Permutation-integrated GE (randomized),0.46992080725554053,0.5496140862657469,False,0.0796932790102064,0.563516580031085,3.789223712054733
"Uniform(0.45,0.55)",50,67,Chronological GE,0.4589875885285437,0.552087149117142,False,0.09309956058859825,0.6583133061768567,4.426660151843075
"Uniform(0.45,0.55)",50,67,Permutation-integrated GE (randomized),0.4595110851562863,0.5525955412261869,False,0.09308445606990062,0.6582065011008802,4.425941968313435
"Uniform(0.45,0.55)",50,68,Chronological GE,0.44656588742509484,0.5288908979855478,False,0.08232501056045294,0.5821257322855041,3.9143562165496184
"Uniform(0.45,0.55)",50,68,Permutation-integrated GE (randomized),0.4461248436733347,0.5284424057854451,False,0.08231756211211039,0.5820730638021807,3.914002060748424
"Uniform(0.45,0.55)",50,69,Chronological GE,0.4628179664723575,0.5289111523889005,False,0.066093185916543,0.46734939951810783,3.1425720009353912
"Uniform(0.45,0.55)",50,69,Permutation-integrated GE (randomized),0.46219341914014156,0.5282698192140463,False,0.0660764000739047,0.467230705686533,3.1417738744968524
"Uniform(0.45,0.55)",50,70,Chronological GE,0.44518931256607175,0.5337797687388957,False,0.0885904561728239,0.6264291230821343,4.212263083676328
"Uniform(0.45,0.55)",50,70,Permutation-integrated GE (randomized),0.44487942763252364,0.5335010080201468,False,0.08862158038762313,0.6266492045155706,4.213742965219678
"Uniform(0.45,0.55)",50,71,Chronological GE,0.4586591864936054,0.5462087127380073,False,0.08754952624440193,0.6190686369708622,4.162769369572046
"Uniform(0.45,0.55)",50,71,Permutation-integrated GE (randomized),0.4589474283758885,0.5464477167375005,False,0.087500288361612,0.6187204725627419,4.1604282266887775
"Uniform(0.45,0.55)",50,72,Chronological GE,0.4429491846822202,0.5475244340486825,False,0.10457524936646223,0.7394586797129965,4.9723015480726565
"Uniform(0.45,0.55)",50,72,Permutation-integrated GE (randomized),0.4434942398391409,0.5480449341963405,False,0.1045506943571996,0.7392850495773795,4.971134016450125
"Uniform(0.45,0.55)",50,73,Chronological GE,0.4603152652271092,0.5397186442278326,False,0.07940337900072336,0.56146667740537,3.7754396639681027
"Uniform(0.45,0.55)",50,73,Permutation-integrated GE (randomized),0.46073682382302905,0.5401436703515298,False,0.07940684652850072,0.5614911965294233,3.7756045365726605
"Uniform(0.45,0.55)",50,74,Chronological GE,0.44513859460130334,0.540040101390332,False,0.09490150678902864,0.6710549899534334,4.512338359030953
"Uniform(0.45,0.55)",50,74,Permutation-integrated GE (randomized),0.4445342876376933,0.5394376688746596,False,0.09490338123696629,0.6710682443019103,4.51242748452134
"Uniform(0.45,0.55)",50,75,Chronological GE,0.4490360957570374,0.5435723620466888,False,0.0945362662896514,0.6684723496146971,4.49497205188395
"Uniform(0.45,0.55)",50,75,Permutation-integrated GE (randomized),0.44881990143102507,0.5433576856005453,False,0.09453778416952024,0.6684830826461801,4.495044223420403
"Uniform(0.45,0.55)",50,76,Chronological GE,0.46015681931748986,0.5474693537689745,False,0.08731253445148468,0.6173928519322888,4.151500979910611
"Uniform(0.45,0.55)",50,76,Permutation-integrated GE (randomized),0.45990789924432746,0.5472786300104409,False,0.0873707307661134,0.6178043620194291,4.154268074678002
"Uniform(0.45,0.55)",50,77,Chronological GE,0.4493226953782141,0.5327107100747526,False,0.08338801469653845,0.5896423066160582,3.964899506128048
"Uniform(0.45,0.55)",50,77,Permutation-integrated GE (randomized),0.449157278512638,0.5325510551106774,False,0.08339377659803937,0.5896830494122965,3.965173470683968
"Uniform(0.45,0.55)",50,78,Chronological GE,0.4606802840717137,0.5503930342383683,False,0.08971275016665459,0.6343649400173603,4.2656254633667805
"Uniform(0.45,0.55)",50,78,Permutation-integrated GE (randomized),0.46063335787253123,0.5503321168747363,False,0.08969875900220503,0.6342660075447706,4.264960217153424
"Uniform(0.45,0.55)",50,79,Chronological GE,0.4621139666996896,0.5387181336991489,False,0.07660416699945927,0.541673259524644,3.6423438669072277
"Uniform(0.45,0.55)",50,79,Permutation-integrated GE (randomized),0.4622506418608161,0.5387921005835254,False,0.07654145872270934,0.5412298450473799,3.639362239194651
"Uniform(0.45,0.55)",50,80,Chronological GE,0.447203844320029,0.5495403283275664,False,0.10233648400753736,0.7236282180451835,4.8658536406816415
"Uniform(0.45,0.55)",50,80,Permutation-integrated GE (randomized),0.4474526917377135,0.549713352675714,False,0.10226066093800046,0.7230920679787842,4.862248436120122
"Uniform(0.45,0.55)",50,81,Chronological GE,0.4640579945407808,0.5500938673503697,False,0.08603587280958891,0.6083654908896362,4.0907987898912666
"Uniform(0.45,0.55)",50,81,Permutation-integrated GE (randomized),0.4640689380005796,0.5501001894792364,False,0.08603125147865687,0.6083328131452347,4.090579056722216
"Uniform(0.45,0.55)",50,82,Chronological GE,0.44944022083655,0.549649731721729,False,0.10020951088517904,0.7085882468629725,4.764721185219354
"Uniform(0.45,0.55)",50,82,Permutation-integrated GE (randomized),0.4491896963322566,0.5492282721942596,False,0.10003857586200304,0.7073795537226722,4.756593636057321
"Uniform(0.45,0.55)",50,83,Chronological GE,0.4486230849288404,0.5411935285665095,False,0.09257044363766909,0.6545718843364291,4.401501913635132
"Uniform(0.45,0.55)",50,83,Permutation-integrated GE (randomized),0.4487865369162134,0.5413681368667206,False,0.09258159995050719,0.6546507713810377,4.402032369473695
"Uniform(0.45,0.55)",50,84,Chronological GE,0.45668375259265304,0.5514668044634163,False,0.0947830518707633,0.6702173871937301,4.506706112614752
"Uniform(0.45,0.55)",50,84,Permutation-integrated GE (randomized),0.4568960307626575,0.55165171971457,False,0.09475568895191255,0.6700239021390059,4.505405071645826
"Uniform(0.45,0.55)",50,85,Chronological GE,0.4476538044400513,0.5510493866167963,False,0.10339558217674494,0.7311171730190728,4.91621121093096
"Uniform(0.45,0.55)",50,85,Permutation-integrated GE (randomized),0.44814251240477265,0.5515545118179277,False,0.10341199941315504,0.7312332604110121,4.9169918110300435
"Uniform(0.45,0.55)",50,86,Chronological GE,0.4640014455653727,0.5438022506423295,False,0.07980080507695675,0.5642769041406199,3.794336317871119
"Uniform(0.45,0.55)",50,86,Permutation-integrated GE (randomized),0.4647734231735205,0.5445666105067233,False,0.07979318733320279,0.5642230385579622,3.7939741124803583
"Uniform(0.45,0.55)",50,87,Chronological GE,0.4491595714353025,0.5445798472501338,False,0.09542027581483126,0.674723240913579,4.5370045782914135
"Uniform(0.45,0.55)",50,87,Permutation-integrated GE (randomized),0.4492898257013088,0.5446736736829241,False,0.09538384798161526,0.6744656572346693,4.535272522450378
"Uniform(0.45,0.55)",50,88,Chronological GE,0.4469363843090832,0.528519902843982,False,0.08158351853489876,0.576882591890853,3.8791000544186867
"Uniform(0.45,0.55)",50,88,Permutation-integrated GE (randomized),0.4480726924896705,0.52958882869105,False,0.08151613620137943,0.5764061268412162,3.8758961865503276
"Uniform(0.45,0.55)",50,89,Chronological GE,0.4689279184676707,0.5178209864534438,False,0.04889306798577309,0.34572619925755044,2.3247477687932534
"Uniform(0.45,0.55)",50,89,Permutation-integrated GE (randomized),0.4690264335060626,0.5178775620601928,False,0.04885112855413015,0.34542964269241216,2.322753649705355
"Uniform(0.45,0.55)",50,90,Chronological GE,0.45459959050640464,0.5502080586738884,False,0.0956084681674838,0.6760539618008596,4.545952671956966
"Uniform(0.45,0.55)",50,90,Permutation-integrated GE (randomized),0.4548485241532089,0.5504143786782899,False,0.09556585452508098,0.6757526378457187,4.543926495769272
"Uniform(0.45,0.55)",50,91,Chronological GE,0.45243206759914756,0.5442879521287978,False,0.09185588452965021,0.6495191884280415,4.367526346944959
"Uniform(0.45,0.55)",50,91,Permutation-integrated GE (randomized),0.45223239601397724,0.5440596194305587,False,0.09182722341658145,0.6493165237539688,4.366163579963818
"Uniform(0.45,0.55)",50,92,Chronological GE,0.44012682558968663,0.5279978956095874,False,0.0878710700199008,0.621342294811898,4.1780580026125795
"Uniform(0.45,0.55)",50,92,Permutation-integrated GE (randomized),0.4401361474069326,0.5280722011232832,False,0.08793605371635066,0.6218017989361606,4.181147821058288
"Uniform(0.45,0.55)",50,93,Chronological GE,0.4424321469850838,0.538747435901314,False,0.0963152889162302,0.681051939246079,4.579560298278618
"Uniform(0.45,0.55)",50,93,Permutation-integrated GE (randomized),0.4435329581587239,0.5398557198710936,False,0.0963227617123697,0.6811047798943256,4.579915611758987
"Uniform(0.45,0.55)",50,94,Chronological GE,0.46851395023986697,0.5585615052841604,False,0.0900475550442934,0.6367323680108877,4.281544629914039
"Uniform(0.45,0.55)",50,94,Permutation-integrated GE (randomized),0.46850622155014615,0.5585163027627353,False,0.09001008121258919,0.6364673880057368,4.279762839361074
"Uniform(0.45,0.55)",50,95,Chronological GE,0.4526739255525172,0.5195539346896112,False,0.06688000913709402,0.47291307986657444,3.179983552342698
"Uniform(0.45,0.55)",50,95,Permutation-integrated GE (randomized),0.45253430485654095,0.5194481088485854,False,0.06691380399204444,0.473152045577621,3.181590416400923
"Uniform(0.45,0.55)",50,96,Chronological GE,0.46366502111777663,0.5513271945528686,False,0.08766217343509197,0.6198651728950476,4.168125472512726
"Uniform(0.45,0.55)",50,96,Permutation-integrated GE (randomized),0.46363883586417753,0.5512263368905612,False,0.08758750102638369,0.619337159229396,4.164574979105654
"Uniform(0.45,0.55)",50,97,Chronological GE,0.4570154403336346,0.5437170383520424,False,0.08670159801840782,0.6130728789852631,4.122452422146079
"Uniform(0.45,0.55)",50,97,Permutation-integrated GE (randomized),0.4570108748198497,0.5436941356920116,False,0.08668326087216194,0.6129432157806823,4.121580534952713
"Uniform(0.45,0.55)",50,98,Chronological GE,0.4561918177641928,0.5438087000511587,False,0.08761688228696585,0.6195449161153705,4.165971987368719
"Uniform(0.45,0.55)",50,98,Permutation-integrated GE (randomized),0.45583085006239776,0.5434258293234615,False,0.08759497926106374,0.6193900383339317,4.164930551175544
"Uniform(0.45,0.55)",50,99,Chronological GE,0.4744278113357723,0.5413371571339667,False,0.06690934579819441,0.473120521386589,3.18137844000769
"Uniform(0.45,0.55)",50,99,Permutation-integrated GE (randomized),0.47441662205801766,0.541268425456567,False,0.06685180339854929,0.4727136351766409,3.178642437324755
"Uniform(0.45,0.55)",200,0,Chronological GE,0.4891099310480058,0.5142018063925207,False,0.025091875344514847,0.3548527041758797,2.386116626552168
"Uniform(0.45,0.55)",200,0,Permutation-integrated GE (randomized),0.4889160129715866,0.5139792261960394,False,0.02506321322445282,0.3544473605866989,2.3833909968296694
"Uniform(0.45,0.55)",200,1,Chronological GE,0.48498579720035195,0.5118918274529278,False,0.026906030252575874,0.380508728928136,2.5586340302866772
"Uniform(0.45,0.55)",200,1,Permutation-integrated GE (randomized),0.4851734333996953,0.5120248806874127,False,0.026851447287717378,0.37973680923636177,2.5534434529309737
"Uniform(0.45,0.55)",200,2,Chronological GE,0.48846374033018947,0.5129101374186575,False,0.024446397088468075,0.34572426313669696,2.3247347498417135
"Uniform(0.45,0.55)",200,2,Permutation-integrated GE (randomized),0.48839814230175727,0.5128380989189969,False,0.024439956617239633,0.3456331811191036,2.324122292013432
"Uniform(0.45,0.55)",200,3,Chronological GE,0.4893008549697697,0.5158678214065731,False,0.02656696643680334,0.3757136424603811,2.526390692665684
"Uniform(0.45,0.55)",200,3,Permutation-integrated GE (randomized),0.48912062353183317,0.5156429945606142,False,0.026522371028781078,0.3750829681519346,2.522149883914294
"Uniform(0.45,0.55)",200,4,Chronological GE,0.4845241396687925,0.5118608041666448,False,0.027336664497852325,0.38659881682905856,2.599585275201956
"Uniform(0.45,0.55)",200,4,Permutation-integrated GE (randomized),0.48444326250956926,0.5117697851965944,False,0.02732652268702518,0.38645538996487083,2.598620837785233
"Uniform(0.45,0.55)",200,5,Chronological GE,0.4878303068690002,0.5150475804693997,False,0.027217273600399494,0.3849103745650416,2.588231775251883
"Uniform(0.45,0.55)",200,5,Permutation-integrated GE (randomized),0.48771248258565914,0.5148814357504805,False,0.027168953164821374,0.38422702041169815,2.5836367343012916
"Uniform(0.45,0.55)",200,6,Chronological GE,0.489050364587456,0.5087258541025221,False,0.019675489515066147,0.27825344118536177,1.8710443927705527
"Uniform(0.45,0.55)",200,6,Permutation-integrated GE (randomized),0.4893312976264876,0.5089853457968874,False,0.019654048170399785,0.2779502147811349,1.8690054240485425
"Uniform(0.45,0.55)",200,7,Chronological GE,0.4863350591622293,0.5106896343640983,False,0.02435457520186901,0.34442570556318614,2.316002930187456
"Uniform(0.45,0.55)",200,7,Permutation-integrated GE (randomized),0.48673177365235354,0.51105232370013,False,0.024320550047776446,0.34394451721939073,2.312767301730573
"Uniform(0.45,0.55)",200,8,Chronological GE,0.4856502483598888,0.5134689542464912,False,0.0278187058866024,0.39341591152501376,2.6454250921383293
"Uniform(0.45,0.55)",200,8,Permutation-integrated GE (randomized),0.4860641442203152,0.5138593974338095,False,0.027795253213494298,0.3930842406411799,2.643194855758147
"Uniform(0.45,0.55)",200,9,Chronological GE,0.4864921919070184,0.509983669500798,False,0.023491477593779564,0.3322196621330674,2.2339265000791806
"Uniform(0.45,0.55)",200,9,Permutation-integrated GE (randomized),0.4866696024897939,0.5101332461869816,False,0.02346364369718773,0.3318260313925288,2.231279630424058
"Uniform(0.45,0.55)",200,10,Chronological GE,0.48381539387628436,0.5107109318487346,False,0.026895537972450256,0.38036034567959726,2.5576362649258004
"Uniform(0.45,0.55)",200,10,Permutation-integrated GE (randomized),0.4836427699093492,0.5104682446870186,False,0.02682547477766939,0.37936950247677437,2.550973592180914
"Uniform(0.45,0.55)",200,11,Chronological GE,0.4936440163291991,0.5176172531209886,False,0.02397323679178953,0.3390327660493042,2.2797394820338077
"Uniform(0.45,0.55)",200,11,Permutation-integrated GE (randomized),0.493661265161797,0.5175789006102067,False,0.023917635448409746,0.33824644431036566,2.274452061780218
"Uniform(0.45,0.55)",200,12,Chronological GE,0.48609734838828444,0.5130334109999239,False,0.0269360626116395,0.38093345062311434,2.561489963145915
"Uniform(0.45,0.55)",200,12,Permutation-integrated GE (randomized),0.48646238129208363,0.5133024511340849,False,0.02684006984200127,0.3795759078559929,2.552361512581033
"Uniform(0.45,0.55)",200,13,Chronological GE,0.4991926164366305,0.5139372474513948,False,0.014744631014764309,0.20852057153266657,1.4021434720859496
"Uniform(0.45,0.55)",200,13,Permutation-integrated GE (randomized),0.4994507360363003,0.5141624056263292,False,0.014711669590028897,0.208054426593707,1.3990089991732582
"Uniform(0.45,0.55)",200,14,Chronological GE,0.4895036523230374,0.5142829581163824,False,0.024779305793344975,0.3504323031913867,2.3563927660291872
"Uniform(0.45,0.55)",200,14,Permutation-integrated GE (randomized),0.4895647310310399,0.5143148010733669,False,0.024750070042326988,0.3500188472354287,2.353612586762554
"Uniform(0.45,0.55)",200,15,Chronological GE,0.48628144105896354,0.510832127649337,False,0.024550686590373516,0.34719913941677505,2.334652179729066
"Uniform(0.45,0.55)",200,15,Permutation-integrated GE (randomized),0.4864389564944436,0.5109014022789453,False,0.02446244578450174,0.3459512259725891,2.326260903623152
"Uniform(0.45,0.55)",200,16,Chronological GE,0.48777997540310025,0.501320315990597,False,0.013540340587496758,0.19148933297988796,1.2876212463755907
"Uniform(0.45,0.55)",200,16,Permutation-integrated GE (randomized),0.4873116356662317,0.5008740642401242,False,0.013562428573892449,0.19180170427915097,1.289721707615023
"Uniform(0.45,0.55)",200,17,Chronological GE,0.48778664553537965,0.5076830894686282,False,0.01989644393324852,0.28137820853395945,1.8920560949130303
"Uniform(0.45,0.55)",200,17,Permutation-integrated GE (randomized),0.48827632337782767,0.5081722388467087,False,0.01989591546888103,0.2813707349192021,1.89200584049416
"Uniform(0.45,0.55)",200,18,Chronological GE,0.48817562824115157,0.5043171714060009,False,0.01614154316484928,0.22827589261360587,1.534983096920095
"Uniform(0.45,0.55)",200,18,Permutation-integrated GE (randomized),0.48822300838094324,0.5042784264573608,False,0.016055418076417527,0.22705789993239817,1.526793015363867
"Uniform(0.45,0.55)",200,19,Chronological GE,0.4859045506455004,0.5074782078154385,False,0.021573657169938087,0.30509758559714006,2.0515510045357663
"Uniform(0.45,0.55)",200,19,Permutation-integrated GE (randomized),0.4859712481988715,0.5074806230861792,False,0.021509374887307753,0.3041884968379789,2.0454380687240357
"Uniform(0.45,0.55)",200,20,Chronological GE,0.48828330682590604,0.5136728598736227,False,0.025389553047716618,0.3590625026267199,2.4144243439790714
"Uniform(0.45,0.55)",200,20,Permutation-integrated GE (randomized),0.4881053178970587,0.5134894287229239,False,0.025384110825865225,0.35898553798720306,2.4139068148639016
"Uniform(0.45,0.55)",200,21,Chronological GE,0.4866154710762203,0.5131483874283731,False,0.026532916352152824,0.37523210154525394,2.5231526934326824
"Uniform(0.45,0.55)",200,21,Permutation-integrated GE (randomized),0.4863979319142816,0.5129331767910932,False,0.02653524487681158,0.3752650318567813,2.5233741249250405
"Uniform(0.45,0.55)",200,22,Chronological GE,0.4862228003330529,0.5117436884902418,False,0.025520888157188892,0.36091986155703437,2.4269136810277803
"Uniform(0.45,0.55)",200,22,Permutation-integrated GE (randomized),0.4860559176326155,0.5116017262778985,False,0.02554580864528294,0.36127229047947,2.429283499551369
"Uniform(0.45,0.55)",200,23,Chronological GE,0.485001181717962,0.5120328809134662,False,0.02703169919550419,0.3822859561627191,2.5705845421573668
"Uniform(0.45,0.55)",200,23,Permutation-integrated GE (randomized),0.48519442891580555,0.5122170680033074,False,0.0270226390875018,0.3821578268865836,2.5697229694751322
"Uniform(0.45,0.55)",200,24,Chronological GE,0.48233582312241197,0.5026908623985946,False,0.02035503927618265,0.2878637260701453,1.9356663056928207
"Uniform(0.45,0.55)",200,24,Permutation-integrated GE (randomized),0.48236970027904746,0.5026782150694331,False,0.020308514790385646,0.28720577048217977,1.9312420509259771
"Uniform(0.45,0.55)",200,25,Chronological GE,0.48867084132507443,0.5170455076731741,False,0.02837466634809971,0.4012783797729407,2.6982942572632997
"Uniform(0.45,0.55)",200,25,Permutation-integrated GE (randomized),0.4887620551281696,0.5171582159430441,False,0.028396160814874505,0.40158235743722964,2.700338277642248
"Uniform(0.45,0.55)",200,26,Chronological GE,0.48825224256142974,0.5072978115640581,False,0.019045569002628326,0.269345019866296,1.8111419826279518
"Uniform(0.45,0.55)",200,26,Permutation-integrated GE (randomized),0.48805248908341986,0.5070467677373058,False,0.018994278653885976,0.26861966479819327,1.8062645172238951
"Uniform(0.45,0.55)",200,27,Chronological GE,0.49364137975499034,0.5148228541947901,False,0.021181474439799786,0.2995512842382391,2.014256313717282
"Uniform(0.45,0.55)",200,27,Permutation-integrated GE (randomized),0.49365639945678685,0.5147988041218913,False,0.02114240466510442,0.29899875418570865,2.0105409661110842
"Uniform(0.45,0.55)",200,28,Chronological GE,0.4915616665966809,0.5148893096484244,False,0.023327643051743507,0.32990269181974163,2.218346623350626
"Uniform(0.45,0.55)",200,28,Permutation-integrated GE (randomized),0.49166283224382057,0.5149226548416915,False,0.02325982259787096,0.3289435657630131,2.2118972244761426
"Uniform(0.45,0.55)",200,29,Chronological GE,0.48702953523024917,0.5014441865496337,False,0.014414651319384575,0.20385395392752895,1.3707639906099935
"Uniform(0.45,0.55)",200,29,Permutation-integrated GE (randomized),0.48727934891334074,0.5016061753456598,False,0.014326826432319029,0.20261192246350915,1.3624122663815383
"Uniform(0.45,0.55)",200,30,Chronological GE,0.48387925373390317,0.508240204770118,False,0.02436095103621483,0.3445158734772191,2.3166092413591723
"Uniform(0.45,0.55)",200,30,Permutation-integrated GE (randomized),0.48372058903976,0.508206256327359,False,0.024485667287599044,0.34627962761877806,2.328469156847482
"Uniform(0.45,0.55)",200,31,Chronological GE,0.48827941296622157,0.5116965756751597,False,0.023417162708938122,0.3311686909527778,2.226859512064702
"Uniform(0.45,0.55)",200,31,Permutation-integrated GE (randomized),0.48881546531833686,0.5121847180445626,False,0.023369252726225698,0.33049114147952807,2.222303503206921
"Uniform(0.45,0.55)",200,32,Chronological GE,0.49058339139446616,0.518562522251159,False,0.02797913085669279,0.395684663209465,2.660680734978532
"Uniform(0.45,0.55)",200,32,Permutation-integrated GE (randomized),0.4911429039763158,0.5191194250303492,False,0.02797652105403342,0.395647755026305,2.660432555301563
"Uniform(0.45,0.55)",200,33,Chronological GE,0.4826151649467647,0.5099834627471864,False,0.027368297800421715,0.38704617928422136,2.6025934500863444
"Uniform(0.45,0.55)",200,33,Permutation-integrated GE (randomized),0.48243488111205235,0.5101406033951084,False,0.02770572228305601,0.3918180820804028,2.634680895012834
"Uniform(0.45,0.55)",200,34,Chronological GE,0.4903409327380359,0.5076747215352952,False,0.01733378879725933,0.24513679204394967,1.648359920587829
"Uniform(0.45,0.55)",200,34,Permutation-integrated GE (randomized),0.49052604844677056,0.5078384362693495,False,0.01731238782257899,0.24483413655754024,1.6463247908572667
"Uniform(0.45,0.55)",200,35,Chronological GE,0.4871082524769008,0.5133225559256971,False,0.026214303448796272,0.3707262346545149,2.4928541391917247
"Uniform(0.45,0.55)",200,35,Permutation-integrated GE (randomized),0.48713252470846624,0.5133245820956633,False,0.0261920573871971,0.3704116278342855,2.490738645760952
"Uniform(0.45,0.55)",200,36,Chronological GE,0.48446363070979714,0.5130177331157029,False,0.028554102405905724,0.403815988838221,2.715357763081629
"Uniform(0.45,0.55)",200,36,Permutation-integrated GE (randomized),0.48466890460686224,0.513277926713262,False,0.028609022106399762,0.40459267069102234,2.720580362376214
"Uniform(0.45,0.55)",200,37,Chronological GE,0.4928726083599031,0.5129616470076144,False,0.020089038647711277,0.2841019091063055,1.910370925672227
"Uniform(0.45,0.55)",200,37,Permutation-integrated GE (randomized),0.49344872519274285,0.5135078381236038,False,0.020059112930860934,0.2836786955599706,1.9075251339744095
"Uniform(0.45,0.55)",200,38,Chronological GE,0.48825504863634706,0.5123491226695478,False,0.02409407403320074,0.3407416627057391,2.291230522335864
"Uniform(0.45,0.55)",200,38,Permutation-integrated GE (randomized),0.48863632868011553,0.5126830413567833,False,0.024046712676667803,0.3400718719783264,2.286726685188275
"Uniform(0.45,0.55)",200,39,Chronological GE,0.4870477910153568,0.5108756846748292,False,0.023827893659472466,0.33697730376009843,2.2659180494061055
"Uniform(0.45,0.55)",200,39,Permutation-integrated GE (randomized),0.48733901474293057,0.5111409081233349,False,0.023801893380404338,0.3366096042872621,2.2634455479558295
"Uniform(0.45,0.55)",200,40,Chronological GE,0.4883303535170853,0.5107910274527967,False,0.022460673935711384,0.31764189699922923,2.1359020314630888
"Uniform(0.45,0.55)",200,40,Permutation-integrated GE (randomized),0.48821744672751766,0.510645167509403,False,0.022427720781885374,0.31717586902859213,2.1327683450740897
"Uniform(0.45,0.55)",200,41,Chronological GE,0.49025295535102487,0.5163862095214427,False,0.026133254170417786,0.3695800247674808,2.4851467427514966
"Uniform(0.45,0.55)",200,41,Permutation-integrated GE (randomized),0.4905025904376885,0.5168145319650255,False,0.026311941527336957,0.37210704560327773,2.5021390507175374
"Uniform(0.45,0.55)",200,42,Chronological GE,0.48573025269433856,0.5076288054697216,False,0.021898552775382996,0.30969230331289616,2.0824470135188213
"Uniform(0.45,0.55)",200,42,Permutation-integrated GE (randomized),0.48604048642593933,0.5079023272304405,False,0.021861840804501154,0.30917311764167066,2.0789558817117357
"Uniform(0.45,0.55)",200,43,Chronological GE,0.48609645338729024,0.5135354581288993,False,0.027439004741609097,0.3880461264360325,2.609317340017383
"Uniform(0.45,0.55)",200,43,Permutation-integrated GE (randomized),0.48575751545425505,0.5135336012237826,False,0.027776085769527503,0.3928131720490412,2.641372124052775
"Uniform(0.45,0.55)",200,44,Chronological GE,0.49189903819933534,0.5148159260861576,False,0.022916887886822224,0.32409373656927687,2.1792857833375217
"Uniform(0.45,0.55)",200,44,Permutation-integrated GE (randomized),0.49240799570645444,0.5152916954423714,False,0.022883699735916974,0.32362438523807396,2.1761297498568735
"Uniform(0.45,0.55)",200,45,Chronological GE,0.48621204448863864,0.5114553910680115,False,0.025243346579372883,0.3569948309223361,2.4005208122488004
"Uniform(0.45,0.55)",200,45,Permutation-integrated GE (randomized),0.48680346713687095,0.5120308167700707,False,0.025227349633199725,0.3567685999399898,2.3989995796301242
"Uniform(0.45,0.55)",200,46,Chronological GE,0.4889576933346689,0.5074821249581873,False,0.018524431623518467,0.26197502437232867,1.76158432510182
"Uniform(0.45,0.55)",200,46,Permutation-integrated GE (randomized),0.48879019982905736,0.5072924589203339,False,0.018502259091276563,0.2616614574142421,1.7594758239591688
"Uniform(0.45,0.55)",200,47,Chronological GE,0.48538926476612687,0.5109899337403476,False,0.025600668974220753,0.362048132691671,2.434500452896598
"Uniform(0.45,0.55)",200,47,Permutation-integrated GE (randomized),0.4856181019081286,0.5112164435967674,False,0.025598341688638837,0.3620152199033364,2.4342791392344862
"Uniform(0.45,0.55)",200,48,Chronological GE,0.48601916851475835,0.5099334926344454,False,0.02391432411968708,0.33819961505047497,2.2741371703497193
"Uniform(0.45,0.55)",200,48,Permutation-integrated GE (randomized),0.48551887830496554,0.5095193153428872,False,0.02400043703792165,0.33941743561910354,2.282326094578747
"Uniform(0.45,0.55)",200,49,Chronological GE,0.4896113225258887,0.511392064858228,False,0.021780742332339287,0.30802621204948016,2.071243807179383
"Uniform(0.45,0.55)",200,49,Permutation-integrated GE (randomized),0.48966741860635465,0.5114042265144854,False,0.021736807908130706,0.3074048854637719,2.0670658548086362
"Uniform(0.45,0.55)",200,50,Chronological GE,0.4854266061447561,0.5068568051792681,False,0.021430199034512043,0.3030687811896174,2.037908826043552
"Uniform(0.45,0.55)",200,50,Permutation-integrated GE (randomized),0.485103014304614,0.5065305896819108,False,0.02142757537729678,0.30303167707344897,2.037659328864973
"Uniform(0.45,0.55)",200,51,Chronological GE,0.4852757607586682,0.5128130395896733,False,0.027537278831005096,0.3894359319365694,2.6186627331156447
"Uniform(0.45,0.55)",200,51,Permutation-integrated GE (randomized),0.48490472026802234,0.5124219462841338,False,0.027517226016111507,0.38915234230870666,2.6167558068947145
"Uniform(0.45,0.55)",200,52,Chronological GE,0.49113314831629395,0.5116026415489614,False,0.020469493232667446,0.2894823494454259,1.9465503263087907
"Uniform(0.45,0.55)",200,52,Permutation-integrated GE (randomized),0.49118923586373364,0.5116206534858716,False,0.02043141762213796,0.28894387899736157,1.942929518931777
"Uniform(0.45,0.55)",200,53,Chronological GE,0.4841323080472648,0.5109760886989534,False,0.026843780651688576,0.37962838662986464,2.552714392729339
"Uniform(0.45,0.55)",200,53,Permutation-integrated GE (randomized),0.4839959963633804,0.5107914474821733,False,0.02679545111879289,0.3789449038210223,2.5481184866676148
"Uniform(0.45,0.55)",200,54,Chronological GE,0.49020269652828574,0.5137302237562835,False,0.02352752722799778,0.33272948094936733,2.237354646856102
"Uniform(0.45,0.55)",200,54,Permutation-integrated GE (randomized),0.4902946331430079,0.5137694566696818,False,0.02347482352667385,0.3319841380573717,2.2323427784212715
"Uniform(0.45,0.55)",200,55,Chronological GE,0.4848235654644668,0.5064675682224333,False,0.02164400275796652,0.30609242244356927,2.0582405315198833
"Uniform(0.45,0.55)",200,55,Permutation-integrated GE (randomized),0.4848761478995022,0.506474909482662,False,0.021598761583159876,0.3054526156136768,2.0539383134541267
"Uniform(0.45,0.55)",200,56,Chronological GE,0.4827832938171923,0.5115944552235305,False,0.028811161406338215,0.407451352085638,2.7398028372945027
"Uniform(0.45,0.55)",200,56,Permutation-integrated GE (randomized),0.4824966618363815,0.5114007616222627,False,0.028904099785881154,0.40876569925378403,2.7486408300561997
"Uniform(0.45,0.55)",200,57,Chronological GE,0.4913447587750852,0.514711816329509,False,0.02336705755442381,0.3304600970621884,2.2220947529296815
"Uniform(0.45,0.55)",200,57,Permutation-integrated GE (randomized),0.4910756703039553,0.5144026791845913,False,0.023327008880635935,0.3298937232859297,2.218286316729336
"Uniform(0.45,0.55)",200,58,Chronological GE,0.49337642127647996,0.5188360051251948,False,0.02545958384871483,0.3600528877122751,2.4210839362310757
"Uniform(0.45,0.55)",200,58,Permutation-integrated GE (randomized),0.49318528347390933,0.5190234081550633,False,0.025838124681153984,0.36540626350374966,2.4570813482104645
"Uniform(0.45,0.55)",200,59,Chronological GE,0.48526288429275155,0.5089052706025541,False,0.023642386309802532,0.33435383366186733,2.248277192940914
"Uniform(0.45,0.55)",200,59,Permutation-integrated GE (randomized),0.48570786809156286,0.5093204473283347,False,0.023612579236771847,0.33393229799252094,2.245442683699543
"Uniform(0.45,0.55)",200,60,Chronological GE,0.491803543176502,0.5140060777775943,False,0.02220253460109234,0.313991255519227,2.1113542226666344
"Uniform(0.45,0.55)",200,60,Permutation-integrated GE (randomized),0.4920318099291671,0.5141901787073386,False,0.02215836877817151,0.313366656461547,2.107154265391628
"Uniform(0.45,0.55)",200,61,Chronological GE,0.48691665986552835,0.5146562517620623,False,0.027739591896533966,0.3922970707477314,2.6379017323055836
"Uniform(0.45,0.55)",200,61,Permutation-integrated GE (randomized),0.48654914303935803,0.5141843468792864,False,0.027635203839928346,0.39082080069371705,2.6279749303403976
"Uniform(0.45,0.55)",200,62,Chronological GE,0.48714723577722907,0.5126528511755168,False,0.025505615398287773,0.3607038721293062,2.4254613151345614
"Uniform(0.45,0.55)",200,62,Permutation-integrated GE (randomized),0.48721663183251707,0.5126995590690832,False,0.02548292723656609,0.360383013069185,2.4233037801091113
"Uniform(0.45,0.55)",200,63,Chronological GE,0.4854178228415549,0.5133639150299132,False,0.027946092188358307,0.39521742588105124,2.657538916571193
"Uniform(0.45,0.55)",200,63,Permutation-integrated GE (randomized),0.4857213450774328,0.513754898784796,False,0.028033553707363157,0.3964543185446754,2.6658560862452645
"Uniform(0.45,0.55)",200,64,Chronological GE,0.4924115459434688,0.5032580080442131,False,0.010846462100744247,0.15339213806638288,1.031446362717223
"Uniform(0.45,0.55)",200,64,Permutation-integrated GE (randomized),0.49213554921176883,0.5029695884912531,False,0.010834039279484231,0.15321645284329435,1.0302650121824297
"Uniform(0.45,0.55)",200,65,Chronological GE,0.48726191418245435,0.5120028420351446,False,0.02474092785269022,0.34988955714968767,2.352743208511791
"Uniform(0.45,0.55)",200,65,Permutation-integrated GE (randomized),0.48746887653050275,0.5121987703300434,False,0.024729893799540603,0.34973351207356634,2.3516939231428395
"Uniform(0.45,0.55)",200,66,Chronological GE,0.48783190874382854,0.5121100009419024,False,0.024278092198073864,0.34334407255060484,2.308729764491447
"Uniform(0.45,0.55)",200,66,Permutation-integrated GE (randomized),0.4876231625053589,0.5118849168244193,False,0.024261754319060358,0.3431130200497918,2.3071761107999054
"Uniform(0.45,0.55)",200,67,Chronological GE,0.4862736682407558,0.5134173627011478,False,0.027143694460392,0.38386980838797813,2.581234753031395
"Uniform(0.45,0.55)",200,67,Permutation-integrated GE (randomized),0.4859433300190406,0.5130338466017355,False,0.027090516582694846,0.38311775962940287,2.5761777927047658
"Uniform(0.45,0.55)",200,68,Chronological GE,0.491300739813596,0.513960303273052,False,0.022659563459455967,0.3204546196181644,2.154815468300234
"Uniform(0.45,0.55)",200,68,Permutation-integrated GE (randomized),0.49112098829608786,0.5137172969153936,False,0.022596308619305727,0.31956006108990226,2.1488002373252644
"Uniform(0.45,0.55)",200,69,Chronological GE,0.48648399906232953,0.5101085989736021,False,0.023624599911272526,0.33410229600159824,2.2465857920122785
"Uniform(0.45,0.55)",200,69,Permutation-integrated GE (randomized),0.4864167844748761,0.5100004800515512,False,0.023583695576675112,0.3335238213541232,2.2426959865855878
"Uniform(0.45,0.55)",200,70,Chronological GE,0.4940832774154842,0.5126639264635742,False,0.01858064904808998,0.2627700588150359,1.766930331712735
"Uniform(0.45,0.55)",200,70,Permutation-integrated GE (randomized),0.4942886431093456,0.5128433867481484,False,0.01855474363880283,0.26240370100350874,1.7644668519222049
"Uniform(0.45,0.55)",200,71,Chronological GE,0.48480800399556756,0.5111091411672533,False,0.026301137171685696,0.3719542489403306,2.501111608475589
"Uniform(0.45,0.55)",200,71,Permutation-integrated GE (randomized),0.48471185773954756,0.5109799328257152,False,0.02626807508616763,0.3714866804429307,2.497967563206753
"Uniform(0.45,0.55)",200,72,Chronological GE,0.48840667260810733,0.5162545521743596,False,0.02784787956625223,0.3938284896592649,2.64819936871648
"Uniform(0.45,0.55)",200,72,Permutation-integrated GE (randomized),0.48838368465979715,0.5163664108836976,False,0.027982726223900467,0.3957355093801331,2.6610226371024273
"Uniform(0.45,0.55)",200,73,Chronological GE,0.4903609720058739,0.513953139539808,False,0.023592167533934116,0.33364363292267846,2.243501628961759
"Uniform(0.45,0.55)",200,73,Permutation-integrated GE (randomized),0.49085801684669383,0.5144342338977524,False,0.023576217051058612,0.3334180590305891,2.2419848147791517
"Uniform(0.45,0.55)",200,74,Chronological GE,0.48798719281330705,0.5141693348996341,False,0.026182142086327076,0.37027140430463157,2.489795748351397
"Uniform(0.45,0.55)",200,74,Permutation-integrated GE (randomized),0.48849012951500925,0.5146481901643408,False,0.02615806064933157,0.3699308413566268,2.487505719550548
"Uniform(0.45,0.55)",200,75,Chronological GE,0.4869891148991883,0.513032287824899,False,0.026043172925710678,0.3683060835876784,2.4765804497668182
"Uniform(0.45,0.55)",200,75,Permutation-integrated GE (randomized),0.48732197451762693,0.5132809647703656,False,0.025958990252738623,0.3671155608093394,2.468575082575715
"Uniform(0.45,0.55)",200,76,Chronological GE,0.48771033668890595,0.5154925347305834,False,0.027782198041677475,0.3928996126307553,2.6419533717276824
"Uniform(0.45,0.55)",200,76,Permutation-integrated GE (randomized),0.48748732120805693,0.5154276249341811,False,0.027940303726124216,0.3951355646630839,2.656988461661415
"Uniform(0.45,0.55)",200,77,Chronological GE,0.4899289128370583,0.5123939220793545,False,0.02246500924229622,0.3177032074929224,2.136314298261853
"Uniform(0.45,0.55)",200,77,Permutation-integrated GE (randomized),0.4901540930692681,0.5125881875637227,False,0.022434094494454604,0.31726600693617285,2.1333744544750606
"Uniform(0.45,0.55)",200,78,Chronological GE,0.487339127343148,0.5114923561923206,False,0.024153228849172592,0.34157823813600985,2.2968558607369625
"Uniform(0.45,0.55)",200,78,Permutation-integrated GE (randomized),0.48686151472770217,0.5110549808238729,False,0.024193466096170735,0.34214727874018314,2.300682229342366
"Uniform(0.45,0.55)",200,79,Chronological GE,0.49160057259723544,0.5122534655965865,False,0.020652892999351025,0.2920760138192257,1.9639907617717043
"Uniform(0.45,0.55)",200,79,Permutation-integrated GE (randomized),0.4916333360696741,0.5122615235005611,False,0.020628187430887013,0.29172662431934626,1.9616413810709392
"Uniform(0.45,0.55)",200,80,Chronological GE,0.4863791591487825,0.5024300250224769,False,0.01605086587369442,0.22699352206410128,1.526360122785855
"Uniform(0.45,0.55)",200,80,Permutation-integrated GE (randomized),0.48632336612622457,0.502365883772852,False,0.016042517646627397,0.22687546030470174,1.5255662465556667
"Uniform(0.45,0.55)",200,81,Chronological GE,0.4848669753409922,0.5127223874442279,False,0.02785541210323572,0.3939350158188762,2.6489156767440645
"Uniform(0.45,0.55)",200,81,Permutation-integrated GE (randomized),0.4851791259248842,0.513208934470651,False,0.028029808545766755,0.39640135396144627,2.665499939395673
"Uniform(0.45,0.55)",200,82,Chronological GE,0.48407165752723813,0.5071947141550481,False,0.02312305662781,0.3270094028656999,2.1988914387136873
"Uniform(0.45,0.55)",200,82,Permutation-integrated GE (randomized),0.4843075711326804,0.5073949187032797,False,0.02308734757059927,0.3265044005356302,2.1954956791716387
"Uniform(0.45,0.55)",200,83,Chronological GE,0.4909039861522615,0.5146658648736775,False,0.023761878721415997,0.33604371155291163,2.259640346399272
"Uniform(0.45,0.55)",200,83,Permutation-integrated GE (randomized),0.49074341214565836,0.5145884242328982,False,0.023845012087239825,0.33721939488724945,2.2675459295288665
"Uniform(0.45,0.55)",200,84,Chronological GE,0.488395516294986,0.5092286462895572,False,0.02083312999457121,0.2946249498500433,1.981130432884756
"Uniform(0.45,0.55)",200,84,Permutation-integrated GE (randomized),0.48830765179199237,0.509126587397738,False,0.020818935605745603,0.2944242108781756,1.979780614797607
"Uniform(0.45,0.55)",200,85,Chronological GE,0.4857682245783508,0.5136059843935072,False,0.02783775981515646,0.3936853747667901,2.6472370290740797
"Uniform(0.45,0.55)",200,85,Permutation-integrated GE (randomized),0.48572090628074194,0.5138225878095257,False,0.028101681528783784,0.3974177914349552,2.6723347142948044
"Uniform(0.45,0.55)",200,86,Chronological GE,0.4919669986702502,0.5154150794260204,False,0.023448080755770206,0.331605938164298,2.2297996695696165
"Uniform(0.45,0.55)",200,86,Permutation-integrated GE (randomized),0.4925758156966943,0.5161043050626556,False,0.023528489365961303,0.3327430876349362,2.237446141547522
"Uniform(0.45,0.55)",200,87,Chronological GE,0.49191833892837167,0.5101235671900213,False,0.01820522826164961,0.2574608071372284,1.731229621097078
"Uniform(0.45,0.55)",200,87,Permutation-integrated GE (randomized),0.49166079381100714,0.5098267562866599,False,0.01816596247565272,0.256905505066288,1.727495633759129
"Uniform(0.45,0.55)",200,88,Chronological GE,0.4906356302089989,0.5104058072902262,False,0.019770177081227303,0.2795925255878938,1.8800487247641868
"Uniform(0.45,0.55)",200,88,Permutation-integrated GE (randomized),0.4907854126681118,0.5105354683978882,False,0.019750055729776395,0.27930796670674235,1.8781352810463898
"Uniform(0.45,0.55)",200,89,Chronological GE,0.488953719381243,0.5129205682314932,False,0.023966848850250244,0.33894242691369914,2.279132019526241
"Uniform(0.45,0.55)",200,89,Permutation-integrated GE (randomized),0.4889878777914519,0.5129008630322953,False,0.0239129852408434,0.3381806804442839,2.274009849413122
"Uniform(0.45,0.55)",200,90,Chronological GE,0.489241283852607,0.5148021443746984,False,0.02556086052209139,0.3614851561626867,2.4307148606202538
"Uniform(0.45,0.55)",200,90,Permutation-integrated GE (randomized),0.48954480611556406,0.5151874400724006,False,0.025642633956836525,0.3626416071672708,2.4384911208469853
"Uniform(0.45,0.55)",200,91,Chronological GE,0.4869245742447674,0.5128563088364899,False,0.02593173459172249,0.3667301075547348,2.4659832003419115
"Uniform(0.45,0.55)",200,91,Permutation-integrated GE (randomized),0.486928684695325,0.5129376376216601,False,0.026008952926335094,0.3678221397154649,2.4733262924609343
"Uniform(0.45,0.55)",200,92,Chronological GE,0.4889319450594485,0.5089119928888977,False,0.019980047829449177,0.2825605461727015,1.9000064232177076
"Uniform(0.45,0.55)",200,92,Permutation-integrated GE (randomized),0.48883026398706825,0.5087517482028889,False,0.019921484215820684,0.2817323316061515,1.894437305315148
"Uniform(0.45,0.55)",200,93,Chronological GE,0.4849850754253566,0.5121860005892813,False,0.027200925163924694,0.38467917275917907,2.5866771175965644
"Uniform(0.45,0.55)",200,93,Permutation-integrated GE (randomized),0.48459014531200734,0.5120812001794619,False,0.027491054867454567,0.3887822263749714,2.614267056568608
"Uniform(0.45,0.55)",200,94,Chronological GE,0.4862824999727309,0.5089350170455873,False,0.022652517072856426,0.32035496866321644,2.1541453908352604
"Uniform(0.45,0.55)",200,94,Permutation-integrated GE (randomized),0.4864554502273183,0.5090760646584249,False,0.022620614431106634,0.3199037971768356,2.1511116030906248
"Uniform(0.45,0.55)",200,95,Chronological GE,0.4868408306501806,0.51184595329687,False,0.025005122646689415,0.35362583575750794,2.3778668623620725
"Uniform(0.45,0.55)",200,95,Permutation-integrated GE (randomized),0.48674929257603905,0.511719684411327,False,0.02497039183528793,0.35313466791234593,2.3745641292900768
"Uniform(0.45,0.55)",200,96,Chronological GE,0.495354896876961,0.5136080724187195,False,0.018253175541758537,0.25813888407531793,1.7357891767578264
"Uniform(0.45,0.55)",200,96,Permutation-integrated GE (randomized),0.49570256667917345,0.513965045260794,False,0.018262478581620556,0.25827044892675954,1.7366738510911495
"Uniform(0.45,0.55)",200,97,Chronological GE,0.48834406351670623,0.5066176080144942,False,0.018273544497787952,0.25842694461399973,1.7377261664797972
"Uniform(0.45,0.55)",200,97,Permutation-integrated GE (randomized),0.48816914213901946,0.5064014054103498,False,0.018232263271330373,0.25784313991072266,1.7338005204504567
"Uniform(0.45,0.55)",200,98,Chronological GE,0.48951846035197377,0.5146660781465471,False,0.025147617794573307,0.3556410214646055,2.391417465372026
"Uniform(0.45,0.55)",200,98,Permutation-integrated GE (randomized),0.4894811065907916,0.5146153258977482,False,0.025134219306956584,0.35545153823557696,2.3901433336607067
"Uniform(0.45,0.55)",200,99,Chronological GE,0.484003524761647,0.50886415457353,False,0.024860629811882973,0.35158239849101786,2.364126288936791
"Uniform(0.45,0.55)",200,99,Permutation-integrated GE (randomized),0.4840400421894975,0.5088596908668335,False,0.024819648677335993,0.35100283772824015,2.360229180204387
"Uniform(0.45,0.55)",1000,0,Chronological GE,0.4957205201499164,0.5018278569914401,False,0.006107336841523647,0.1931309485707354,1.2986598722889129
"Uniform(0.45,0.55)",1000,0,Permutation-integrated GE (randomized),0.4956479102147261,0.5017152361342839,False,0.006067325919557831,0.191865692123783,1.2901519775782413
"Uniform(0.45,0.55)",1000,1,Chronological GE,0.4980437527410686,0.5037208809517324,False,0.0056771282106637955,0.17952655714493804,1.2071806072496096
"Uniform(0.45,0.55)",1000,1,Permutation-integrated GE (randomized),0.4981421719720782,0.5037269451365707,False,0.0055847731644924625,0.1766060341518238,1.1875422942535676
"Uniform(0.45,0.55)",1000,2,Chronological GE,0.4966400102712214,0.5035218340344727,False,0.006881823763251305,0.21762237547745486,1.4633462344397434
"Uniform(0.45,0.55)",1000,2,Permutation-integrated GE (randomized),0.49646089633147206,0.5034187332297417,False,0.006957836898269676,0.22002612186493445,1.4795096147766646
"Uniform(0.45,0.55)",1000,3,Chronological GE,0.4987587067298591,0.504066024441272,False,0.005307317711412907,0.16783212234217004,1.1285443590467932
"Uniform(0.45,0.55)",1000,3,Permutation-integrated GE (randomized),0.4986273712377022,0.5041100544819587,False,0.005482683244256492,0.17337766741091798,1.1658339643847742
"Uniform(0.45,0.55)",1000,4,Chronological GE,0.4969910499639809,0.5037074363790452,False,0.006716386415064335,0.21239078717416335,1.4281677514047866
"Uniform(0.45,0.55)",1000,4,Permutation-integrated GE (randomized),0.4965877500522755,0.5036048970236805,False,0.007017146971404986,0.22190167105792188,1.4921212676135716
"Uniform(0.45,0.55)",1000,5,Chronological GE,0.49529753206297755,0.5022338363341987,False,0.006936304271221161,0.2193452004101319,1.4749309318877915
"Uniform(0.45,0.55)",1000,5,Permutation-integrated GE (randomized),0.49495177995090656,0.5023047637528112,False,0.007352983801904633,0.23252176412342979,1.563533378444154
"Uniform(0.45,0.55)",1000,6,Chronological GE,0.49661104241386056,0.503405558411032,False,0.006794515997171402,0.21486146149511803,1.4447811715834968
"Uniform(0.45,0.55)",1000,6,Permutation-integrated GE (randomized),0.49658700082638113,0.5034768328105697,False,0.006889831984188521,0.21787561765912938,1.4650490969884207
"Uniform(0.45,0.55)",1000,7,Chronological GE,0.4970790636725724,0.503288755659014,False,0.006209691986441612,0.19636770245250917,1.3204245993502282
"Uniform(0.45,0.55)",1000,7,Permutation-integrated GE (randomized),0.49705592379878094,0.503248202200372,False,0.006192278401591089,0.1958170365489466,1.3167217867389573
"Uniform(0.45,0.55)",1000,8,Chronological GE,0.4962811307050288,0.5023785340599716,False,0.006097403354942799,0.1928168241437134,1.2965476225883954
"Uniform(0.45,0.55)",1000,8,Permutation-integrated GE (randomized),0.4961227086504304,0.502126955874102,False,0.006004247223671655,0.1898709686154489,1.276738967412053
"Uniform(0.45,0.55)",1000,9,Chronological GE,0.49467208655551076,0.4986481345258653,False,0.003976047970354557,0.1257336767241004,0.8454640841632457
"Uniform(0.45,0.55)",1000,9,Permutation-integrated GE (randomized),0.4945985622784705,0.4984937149903733,False,0.0038951527119028273,0.1231755440379459,0.8282625724838125
"Uniform(0.45,0.55)",1000,10,Chronological GE,0.4962103287689388,0.5020783129148185,False,0.0058679841458797455,0.18556195174737747,1.2477640810098831
"Uniform(0.45,0.55)",1000,10,Permutation-integrated GE (randomized),0.49611159088488643,0.5019398423285689,False,0.005828251443682486,0.1843054933820123,1.2393153467579316
"Uniform(0.45,0.55)",1000,11,Chronological GE,0.4958816529251635,0.5022482261992991,False,0.00636657327413559,0.2013287243662403,1.353783727613138
"Uniform(0.45,0.55)",1000,11,Permutation-integrated GE (randomized),0.49593296593709396,0.502207080185564,False,0.006274114248470075,0.19840491325281037,1.334123304489533
"Uniform(0.45,0.55)",1000,12,Chronological GE,0.49621196324005723,0.5025377790443599,False,0.006325815804302692,0.20003986000286472,1.3451170874815277
"Uniform(0.45,0.55)",1000,12,Permutation-integrated GE (randomized),0.4962358795789722,0.5027602147677603,False,0.006524335188788144,0.20631759414955192,1.387330111782056
"Uniform(0.45,0.55)",1000,13,Chronological GE,0.4981928155757487,0.5050949095748365,False,0.0069020939990878105,0.21826337661697612,1.4676564833364025
"Uniform(0.45,0.55)",1000,13,Permutation-integrated GE (randomized),0.4978842438375024,0.50482947631061,False,0.006945232473107632,0.2196275349438425,1.4768294185477744
"Uniform(0.45,0.55)",1000,14,Chronological GE,0.4949775827117264,0.49937480920925736,False,0.004397226497530937,0.1390525111984253,0.9350231942150918
"Uniform(0.45,0.55)",1000,14,Permutation-integrated GE (randomized),0.49510338379798885,0.499434339168657,False,0.0043309553706681325,0.136956834158501,0.9209313477390719
"Uniform(0.45,0.55)",1000,15,Chronological GE,0.49767617089673877,0.5023142877034843,False,0.004638116806745529,0.14667013163222886,0.9862459425778975
"Uniform(0.45,0.55)",1000,15,Permutation-integrated GE (randomized),0.4977725415530243,0.5024010544173904,False,0.004628512864366052,0.14636642830786722,0.9842037669279149
"Uniform(0.45,0.55)",1000,16,Chronological GE,0.4974307822994888,0.5037285978905857,False,0.006297815591096878,0.19915441551585775,1.3391631415555891
"Uniform(0.45,0.55)",1000,16,Permutation-integrated GE (randomized),0.49740716195422086,0.5036311610509252,False,0.006223999096704347,0.1968201330041633,1.323466853358604
"Uniform(0.45,0.55)",1000,17,Chronological GE,0.4964326680637896,0.5030495994724333,False,0.0066169314086437225,0.2092457437242053,1.4070197077831312
"Uniform(0.45,0.55)",1000,17,Permutation-integrated GE (randomized),0.4963388069063013,0.5031593417236684,False,0.006820534817367108,0.2156842488336062,1.4503137954732959
"Uniform(0.45,0.55)",1000,18,Chronological GE,0.4975032261572778,0.5044360016472638,False,0.006932775489985943,0.21923361054945437,1.474180574292136
"Uniform(0.45,0.55)",1000,18,Permutation-integrated GE (randomized),0.4973492360880021,0.5041334211406012,False,0.006784185052599145,0.21453476834282517,1.4425844066912097
"Uniform(0.45,0.55)",1000,19,Chronological GE,0.49619535310193896,0.5028679477982223,False,0.0066725946962833405,0.2110059714341482,1.4188559106802376
"Uniform(0.45,0.55)",1000,19,Permutation-integrated GE (randomized),0.4963219511256931,0.5032911344036277,False,0.00696918327793461,0.22038492589431652,1.4819223010831446
"Uniform(0.45,0.55)",1000,20,Chronological GE,0.49499148642644286,0.5015556667931378,False,0.006564180366694927,0.20757760930915248,1.395802762790911
"Uniform(0.45,0.55)",1000,20,Permutation-integrated GE (randomized),0.4950307833822006,0.5016429895933519,False,0.0066122062111512725,0.2090963198595027,1.4060149450639106
"Uniform(0.45,0.55)",1000,21,Chronological GE,0.495707253459841,0.502377852331847,False,0.0066705988720059395,0.21094285792888773,1.4184315199894248
"Uniform(0.45,0.55)",1000,21,Permutation-integrated GE (randomized),0.49595115622506625,0.5025240247365635,False,0.0065728685114972984,0.20785235257132095,1.397650203878942
"Uniform(0.45,0.55)",1000,22,Chronological GE,0.4970763777382672,0.5038197110407054,False,0.006743333302438259,0.21324292257369967,1.4338977188560125
"Uniform(0.45,0.55)",1000,22,Permutation-integrated GE (randomized),0.496898498217774,0.5035607202456861,False,0.0066622220279121125,0.21067795885948148,1.4166502736682607
"Uniform(0.45,0.55)",1000,23,Chronological GE,0.4970607762224972,0.501509606372565,False,0.004448830150067806,0.14068436197442963,0.9459961591181466
"Uniform(0.45,0.55)",1000,23,Permutation-integrated GE (randomized),0.4970729103724938,0.5014892503369477,False,0.004416339964453897,0.13965693209301372,0.9390874685718631
"Uniform(0.45,0.55)",1000,24,Chronological GE,0.4950381168164313,0.5018300642259419,False,0.0067919474095106125,0.21478023562133905,1.4442349888838881
"Uniform(0.45,0.55)",1000,24,Permutation-integrated GE (randomized),0.4948138316765589,0.501562212821322,False,0.00674838114476306,0.21340254936385739,1.4349710885487224
"Uniform(0.45,0.55)",1000,25,Chronological GE,0.49558374704793096,0.5016516060568392,False,0.006067859008908272,0.1918825498892207,1.290265333328174
"Uniform(0.45,0.55)",1000,25,Permutation-integrated GE (randomized),0.49537978489713874,0.5015808438546477,False,0.006201058957508998,0.19609470210717722,1.3185888780625354
"Uniform(0.45,0.55)",1000,26,Chronological GE,0.49687566002830863,0.5035510812886059,False,0.006675421260297298,0.21109535523651193,1.4194569492927511
"Uniform(0.45,0.55)",1000,26,Permutation-integrated GE (randomized),0.4966937420773271,0.5033290279233313,False,0.006635285846004257,0.20982616199650708,1.4109225826199185
"Uniform(0.45,0.55)",1000,27,Chronological GE,0.49777470203116536,0.5043543917126954,False,0.006579689681529999,0.20806805690742713,1.3991006527461634
"Uniform(0.45,0.55)",1000,27,Permutation-integrated GE (randomized),0.49767949757224106,0.5043823747105438,False,0.006702877138302754,0.21196358633308154,1.4252951481590266
"Uniform(0.45,0.55)",1000,28,Chronological GE,0.49773220671340823,0.504073275718838,False,0.006341069005429745,0.20052220857456604,1.3483605175954483
"Uniform(0.45,0.55)",1000,28,Permutation-integrated GE (randomized),0.4978885512446632,0.5041622453552121,False,0.006273694110548955,0.19839162732518892,1.3340339666532317
"Uniform(0.45,0.55)",1000,29,Chronological GE,0.4964939053170383,0.501912125851959,False,0.0054182205349206924,0.17133917755445272,1.1521266585580758
"Uniform(0.45,0.55)",1000,29,Permutation-integrated GE (randomized),0.49639004286148164,0.5017480706543991,False,0.005358027792917441,0.16943571592104112,1.1393273156249684
"Uniform(0.45,0.55)",1000,30,Chronological GE,0.49737991159781814,0.5032540555112064,False,0.005874143913388252,0.1857567406992173,1.2490738897028537
"Uniform(0.45,0.55)",1000,30,Permutation-integrated GE (randomized),0.49749255350361,0.5033376499972151,False,0.005845096493605095,0.1848381806325592,1.2428972664962472
"Uniform(0.45,0.55)",1000,31,Chronological GE,0.4976881402544677,0.5035545895807445,False,0.005866449326276779,0.18551341648994898,1.247437718033467
"Uniform(0.45,0.55)",1000,31,Permutation-integrated GE (randomized),0.4975925536570262,0.5033596968090233,False,0.005767143151997056,0.18237307952553342,1.2263213219750777
"Uniform(0.45,0.55)",1000,32,Chronological GE,0.49601064482703805,0.5016929456032813,False,0.00568230077624321,0.17969012803071344,1.2082804980087203
"Uniform(0.45,0.55)",1000,32,Permutation-integrated GE (randomized),0.49596193995105414,0.5015379887700508,False,0.005576048818996704,0.17633014612321551,1.1856871554751898
"Uniform(0.45,0.55)",1000,33,Chronological GE,0.4953144514001906,0.501134539488703,False,0.005820088088512421,0.18404734542514914,1.2375794965735227
"Uniform(0.45,0.55)",1000,33,Permutation-integrated GE (randomized),0.49558587747437255,0.501370225417981,False,0.005784347943608492,0.1829171428071404,1.2299797369367276
"Uniform(0.45,0.55)",1000,34,Chronological GE,0.49683227902278304,0.5029063080437481,False,0.006074029020965099,0.19207766280212346,1.2915773204147978
"Uniform(0.45,0.55)",1000,34,Permutation-integrated GE (randomized),0.4967688832073632,0.5027940324714739,False,0.006025149264110741,0.19053194917077346,1.281183562801429
"Uniform(0.45,0.55)",1000,35,Chronological GE,0.498775212559849,0.5049074157141149,False,0.006132203154265881,0.19391729042349062,1.30394742779274
"Uniform(0.45,0.55)",1000,35,Permutation-integrated GE (randomized),0.4985416517713361,0.5045588276117232,False,0.0060171758403871345,0.19027980737361128,1.2794880995081317
"Uniform(0.45,0.55)",1000,36,Chronological GE,0.4951938451267779,0.5016599143855274,False,0.006466069258749485,0.20447506366045007,1.3749404848094062
"Uniform(0.45,0.55)",1000,36,Permutation-integrated GE (randomized),0.49520994235192833,0.5015796560993224,False,0.00636971374739409,0.2014280348505174,1.3544515156698047
"Uniform(0.45,0.55)",1000,37,Chronological GE,0.4960164916701615,0.5026111979968846,False,0.006594706326723099,0.20854292492367527,1.402293781770272
"Uniform(0.45,0.55)",1000,37,Permutation-integrated GE (randomized),0.495984796670217,0.5027043715641397,False,0.0067195748939227196,0.21249161572880124,1.4288457473389347
"Uniform(0.45,0.55)",1000,38,Chronological GE,0.49680607998743653,0.5019459347240627,False,0.005139854736626148,0.16253647810143498,1.0929351481758505
"Uniform(0.45,0.55)",1000,38,Permutation-integrated GE (randomized),0.49673587207911607,0.5018214810016972,False,0.005085608922581142,0.16082107484231326,1.0814003558812892
"Uniform(0.45,0.55)",1000,39,Chronological GE,0.49529073713347316,0.501329745631665,False,0.0060390084981918335,0.1909702166339903,1.2841305807290146
"Uniform(0.45,0.55)",1000,39,Permutation-integrated GE (randomized),0.4954178826750226,0.5013552835282329,False,0.005937400853210262,0.18775710077571486,1.2625248015359964
"Uniform(0.45,0.55)",1000,40,Chronological GE,0.4971659076400101,0.5026035509072244,False,0.005437643267214298,0.17195337827876772,1.1562566948888742
"Uniform(0.45,0.55)",1000,40,Permutation-integrated GE (randomized),0.49719655383619155,0.5025779136664452,False,0.005381359830253674,0.17017353972538693,1.144288623870045
"Uniform(0.45,0.55)",1000,41,Chronological GE,0.4982742262072861,0.5032841269858181,False,0.005009900778532028,0.15842697311612003,1.065301828612647
"Uniform(0.45,0.55)",1000,41,Permutation-integrated GE (randomized),0.49795227312229284,0.5027222098681874,False,0.004769936745894543,0.1508386441195857,1.0142760430590891
"Uniform(0.45,0.55)",1000,42,Chronological GE,0.4973187972791493,0.503805594984442,False,0.006486797705292702,0.20513055469478617,1.3793481673131023
"Uniform(0.45,0.55)",1000,42,Permutation-integrated GE (randomized),0.49727128831275536,0.503654463838942,False,0.006383175526186613,0.20185373367393467,1.3573140189803505
"Uniform(0.45,0.55)",1000,43,Chronological GE,0.4976138579659164,0.5004767230711877,False,0.0028628651052713394,0.09053174366475152,0.6087576514061293
"Uniform(0.45,0.55)",1000,43,Permutation-integrated GE (randomized),0.497660051180373,0.5004909179916175,False,0.0028308668112445035,0.08951986876110589,0.6019535563459348
"Uniform(0.45,0.55)",1000,44,Chronological GE,0.496860574465245,0.5032290103845298,False,0.0063684359192848206,0.20138762637768265,1.3541797991864584
"Uniform(0.45,0.55)",1000,44,Permutation-integrated GE (randomized),0.49692828060974426,0.5034109949818435,False,0.006482714372099241,0.2050014283614191,1.3784798901734692
"Uniform(0.45,0.55)",1000,45,Chronological GE,0.4963047760538757,0.5022515836171806,False,0.005946807563304901,0.18805456706759444,1.2645250378496553
"Uniform(0.45,0.55)",1000,45,Permutation-integrated GE (randomized),0.4964140452443354,0.5024395763155589,False,0.0060255310712235,0.19054402297180517,1.281264750001212
"Uniform(0.45,0.55)",1000,46,Chronological GE,0.497838253621012,0.5041958992369473,False,0.006357645615935326,0.20104640702539717,1.3518853565622133
"Uniform(0.45,0.55)",1000,46,Permutation-integrated GE (randomized),0.4977474704874757,0.5041518643036402,False,0.006404393816164533,0.20252471491777616,1.3618258614524352
"Uniform(0.45,0.55)",1000,47,Chronological GE,0.4955049413256347,0.5008926796726882,False,0.005387738347053528,0.17037524613719882,1.1456449472606876
"Uniform(0.45,0.55)",1000,47,Permutation-integrated GE (randomized),0.4954926161964971,0.500771511751247,False,0.005278895554749918,0.1669333348314783,1.1225006913566182
"Uniform(0.45,0.55)",1000,48,Chronological GE,0.498650839086622,0.5044567999430001,False,0.0058059608563780785,0.18360060311936469,1.2345754917256742
"Uniform(0.45,0.55)",1000,48,Permutation-integrated GE (randomized),0.49882618597088857,0.5045531153943512,False,0.0057269294234626456,0.181101409771769,1.2177703026162487
"Uniform(0.45,0.55)",1000,49,Chronological GE,0.49728006357327104,0.5037962491624057,False,0.006516185589134693,0.2060598811803177,1.3855971865611647
"Uniform(0.45,0.55)",1000,49,Permutation-integrated GE (randomized),0.4972125738411057,0.5036755546450453,False,0.006462980803939644,0.2043773981439541,1.3742837579196026
"Uniform(0.45,0.55)",1000,50,Chronological GE,0.4977143839932978,0.5036177313886583,False,0.00590334739536047,0.18668023588561602,1.2552836978651574
"Uniform(0.45,0.55)",1000,50,Permutation-integrated GE (randomized),0.49757080174303786,0.5036635471030075,False,0.006092745359969676,0.19266952540926655,1.2955571497662985
"Uniform(0.45,0.55)",1000,51,Chronological GE,0.49517209781333804,0.501898214686662,False,0.006726116873323917,0.21269849128193813,1.4302368293038124
"Uniform(0.45,0.55)",1000,51,Permutation-integrated GE (randomized),0.4946390320467654,0.501678645772446,False,0.007039613725680627,0.2226121322093454,1.4968985826684706
"Uniform(0.45,0.55)",1000,52,Chronological GE,0.49797940952703357,0.5039267330430448,False,0.005947323516011238,0.18807088292476395,1.2646347496754649
"Uniform(0.45,0.55)",1000,52,Permutation-integrated GE (randomized),0.4977868448219288,0.5037472178385649,False,0.0059603730166361,0.18848354436778753,1.2674095864422366
"Uniform(0.45,0.55)",1000,53,Chronological GE,0.49679582053795457,0.5032746330834925,False,0.006478812545537949,0.20487804177173286,1.3776502084782778
"Uniform(0.45,0.55)",1000,53,Permutation-integrated GE (randomized),0.4968006645467571,0.5032830713803534,False,0.006482406833596355,0.20499170314004592,1.3784144953994055
"Uniform(0.45,0.55)",1000,54,Chronological GE,0.4976343526504934,0.5034636151976883,False,0.005829262547194958,0.18433746728250838,1.2395303471079122
"Uniform(0.45,0.55)",1000,54,Permutation-integrated GE (randomized),0.4974844893943156,0.5032315012306601,False,0.005747011836344462,0.18173647142795346,1.2220406129700243
"Uniform(0.45,0.55)",1000,55,Chronological GE,0.49557015346363187,0.5021090251393616,False,0.006538871675729752,0.20677727822867967,1.3904211402884203
"Uniform(0.45,0.55)",1000,55,Permutation-integrated GE (randomized),0.49546460374975765,0.5020795077880168,False,0.006614904038259151,0.2091816326434451,1.4065886091499578
"Uniform(0.45,0.55)",1000,56,Chronological GE,0.497252534609288,0.5035142530687153,False,0.006261718459427357,0.1980129239851109,1.3314874725004264
"Uniform(0.45,0.55)",1000,56,Permutation-integrated GE (randomized),0.49732651131189665,0.5034560691483208,False,0.006129557836424104,0.1938336381283397,1.3033849292406368
"Uniform(0.45,0.55)",1000,57,Chronological GE,0.49646940222010016,0.5032818508334458,False,0.006812448613345623,0.21542854061027916,1.448594350655639
"Uniform(0.45,0.55)",1000,57,Permutation-integrated GE (randomized),0.4963127696036822,0.5033424960039645,False,0.007029726400282321,0.22229946752708662,1.4947961486498094
"Uniform(0.45,0.55)",1000,58,Chronological GE,0.4994476088322699,0.5047496459446847,False,0.005302037112414837,0.167665135139731,1.12742149613643
"Uniform(0.45,0.55)",1000,58,Permutation-integrated GE (randomized),0.4993500598264393,0.5046730890303923,False,0.005323029203953,0.16832896336084444,1.1318852399290888
"Uniform(0.45,0.55)",1000,59,Chronological GE,0.49608483584597707,0.5023587974719703,False,0.006273961625993252,0.1984000869063214,1.3340908509518616
"Uniform(0.45,0.55)",1000,59,Permutation-integrated GE (randomized),0.4960289581796015,0.5022990713950117,False,0.006270113215410211,0.19827838947818235,1.3332725275932567
"Uniform(0.45,0.55)",1000,60,Chronological GE,0.49787015141919255,0.5033938609994948,False,0.0055237095803022385,0.17467503407047824,1.1745577760415027
"Uniform(0.45,0.55)",1000,60,Permutation-integrated GE (randomized),0.4979185627487849,0.5033793489272235,False,0.0054607861784385925,0.1726852213903262,1.1611777874886131
"Uniform(0.45,0.55)",1000,61,Chronological GE,0.49598833778873086,0.5025383704341948,False,0.0065500326454639435,0.20713021908124218,1.392794401155756
"Uniform(0.45,0.55)",1000,61,Permutation-integrated GE (randomized),0.496155740236388,0.5029022470798461,False,0.006746506843458122,0.21334327875240708,1.4345725384185326
"Uniform(0.45,0.55)",1000,62,Chronological GE,0.49850296927616,0.5039140204899013,False,0.0054110512137413025,0.17111246371241115,1.1506021790723655
"Uniform(0.45,0.55)",1000,62,Permutation-integrated GE (randomized),0.498564961298662,0.5039273072166419,False,0.005362345917979905,0.16957226702522954,1.140245518744865
"Uniform(0.45,0.55)",1000,63,Chronological GE,0.4960888265632093,0.5025953273288906,False,0.006506500765681267,0.20575362017182325,1.3835378124156854
"Uniform(0.45,0.55)",1000,63,Permutation-integrated GE (randomized),0.49573944039145657,0.5024150154589303,False,0.006675575067473738,0.21110021904649223,1.419489654744128
"Uniform(0.45,0.55)",1000,64,Chronological GE,0.4960540537722409,0.5011485009454191,False,0.005094447173178196,0.1611005648664936,1.083279715361446
"Uniform(0.45,0.55)",1000,64,Permutation-integrated GE (randomized),0.4961480075035214,0.501180368755956,False,0.0050323612524345585,0.1591372356647077,1.0700778082133613
"Uniform(0.45,0.55)",1000,65,Chronological GE,0.49619335820898414,0.502943008672446,False,0.006749650463461876,0.21344268874550637,1.4352409955969287
"Uniform(0.45,0.55)",1000,65,Permutation-integrated GE (randomized),0.4964555609533744,0.503085020235874,False,0.0066294592824995835,0.20964190988044326,1.4096836261953414
"Uniform(0.45,0.55)",1000,66,Chronological GE,0.49602212430909276,0.5028761210851371,False,0.006853996776044369,0.216742408877512,1.4574291231701235
"Uniform(0.45,0.55)",1000,66,Permutation-integrated GE (randomized),0.4962253957063193,0.5031502578525845,False,0.006924862146265198,0.2189833686488009,1.472497886368999
"Uniform(0.45,0.55)",1000,67,Chronological GE,0.495588859077543,0.5016024173237383,False,0.006013558246195316,0.19016540900064788,1.2787188567869514
"Uniform(0.45,0.55)",1000,67,Permutation-integrated GE (randomized),0.49561928594381566,0.5015381561727426,False,0.005918870228926898,0.1871711109837123,1.2585844624340738
"Uniform(0.45,0.55)",1000,68,Chronological GE,0.4976309319026768,0.5038878419436514,False,0.006256910040974617,0.1978608684425725,1.3304650137339
"Uniform(0.45,0.55)",1000,68,Permutation-integrated GE (randomized),0.49773528361722486,0.5040084862859404,False,0.006273202668715561,0.19837608656987876,1.3339294668024533
"Uniform(0.45,0.55)",1000,69,Chronological GE,0.4983327114023268,0.5042415405623615,False,0.0059088291600346565,0.18685358450529083,1.2564493365054392
"Uniform(0.45,0.55)",1000,69,Permutation-integrated GE (randomized),0.4982272644029344,0.5041636340605282,False,0.00593636965759381,0.18772449150710316,1.2623055288149534
"Uniform(0.45,0.55)",1000,70,Chronological GE,0.49619357800111175,0.5025184587575495,False,0.0063248807564377785,0.20001029119312067,1.3449182595517208
"Uniform(0.45,0.55)",1000,70,Permutation-integrated GE (randomized),0.496385171838223,0.5027049184575137,False,0.006319746619290745,0.1998479355210776,1.3438265401878324
"Uniform(0.45,0.55)",1000,71,Chronological GE,0.4960992527194321,0.5026725041680038,False,0.006573251448571682,0.2078644621048767,1.3977316313529815
"Uniform(0.45,0.55)",1000,71,Permutation-integrated GE (randomized),0.49620175375695913,0.5026654244275806,False,0.006463670670621424,0.20439921364391697,1.3744304506925908
"Uniform(0.45,0.55)",1000,72,Chronological GE,0.4977640784345567,0.503396934363991,False,0.0056328559294342995,0.17812654468597078,1.197766580059144
"Uniform(0.45,0.55)",1000,72,Permutation-integrated GE (randomized),0.4976319166738665,0.5033836839525436,False,0.0057517672786771,0.18188685171848065,1.223051806931096
"Uniform(0.45,0.55)",1000,73,Chronological GE,0.49544524447992444,0.5019650678150356,False,0.006519823335111141,0.2061749168086646,1.3863707143438595
"Uniform(0.45,0.55)",1000,73,Permutation-integrated GE (randomized),0.4954276277313554,0.5018029723987163,False,0.006375344667360894,0.2016061001746896,1.355648870588112
"Uniform(0.45,0.55)",1000,74,Chronological GE,0.496183795388788,0.5024733343161643,False,0.00628953892737627,0.1988926844280137,1.33740319751954
"Uniform(0.45,0.55)",1000,74,Permutation-integrated GE (randomized),0.4963268310274035,0.5025172802138658,False,0.006190449186462277,0.19575919168757175,1.3163328237020047
"Uniform(0.45,0.55)",1000,75,Chronological GE,0.4966548499651253,0.5025732754729688,False,0.005918425507843494,0.18715704766824176,1.2584898972511858
"Uniform(0.45,0.55)",1000,75,Permutation-integrated GE (randomized),0.49647434833978626,0.5023964079940045,False,0.00592205965421827,0.18727196946718913,1.2592626596170764
"Uniform(0.45,0.55)",1000,76,Chronological GE,0.49649664806202054,0.5013571395538747,False,0.004860491491854191,0.15370223662128984,1.033531541466112
"Uniform(0.45,0.55)",1000,76,Permutation-integrated GE (randomized),0.4963575336012376,0.5012825834781743,False,0.00492504987693676,0.15574375201052143,1.0472591917172798
"Uniform(0.45,0.55)",1000,77,Chronological GE,0.4976567202247679,0.5037317075766623,False,0.006074987351894379,0.19210796788701054,1.291781099239271
"Uniform(0.45,0.55)",1000,77,Permutation-integrated GE (randomized),0.49770559336299847,0.5038407838656059,False,0.006135190502607468,0.19401175867272807,1.304582655473223
"Uniform(0.45,0.55)",1000,78,Chronological GE,0.49603804433718324,0.5023792176507413,False,0.006341173313558102,0.20052550708720682,1.3483826976035544
"Uniform(0.45,0.55)",1000,78,Permutation-integrated GE (randomized),0.49604547626531714,0.5023078447189606,False,0.006262368453643474,0.19803347860699957,1.3316256868199565
"Uniform(0.45,0.55)",1000,79,Chronological GE,0.49769094539806247,0.5043273572809994,False,0.0066364118829369545,0.209861770410875,1.4111620223327024
"Uniform(0.45,0.55)",1000,79,Permutation-integrated GE (randomized),0.49766708564789996,0.5041896938480239,False,0.006522608200123958,0.20626298197283074,1.3869628861096768
"Uniform(0.45,0.55)",1000,80,Chronological GE,0.49681248096749187,0.5026692138053477,False,0.005856732837855816,0.18520615414726002,1.2453716106712414
"Uniform(0.45,0.55)",1000,80,Permutation-integrated GE (randomized),0.4967709203814286,0.5026637647413768,False,0.005892844359948135,0.18634810074313218,1.2530503396959318
"Uniform(0.45,0.55)",1000,81,Chronological GE,0.4961556945927441,0.5030062119476497,False,0.006850517354905605,0.21663237992013773,1.456689261471161
"Uniform(0.45,0.55)",1000,81,Permutation-integrated GE (randomized),0.4962918615883466,0.5031612661783869,False,0.006869404590040262,0.21722964673742445,1.4607054300572948
"Uniform(0.45,0.55)",1000,82,Chronological GE,0.4957070075906813,0.5022888840176165,False,0.006581876426935196,0.20813720786886045,1.3995656407732415
"Uniform(0.45,0.55)",1000,82,Permutation-integrated GE (randomized),0.4955316579942899,0.5022670263296027,False,0.006735368335312852,0.2129910481976532,1.4322040537678946
"Uniform(0.45,0.55)",1000,83,Chronological GE,0.4973398777656257,0.5031117801554501,False,0.00577190238982439,0.1825235798401415,1.227333323007511
"Uniform(0.45,0.55)",1000,83,Permutation-integrated GE (randomized),0.49710878522043067,0.5028297796760051,False,0.005720994455574391,0.18091372960810057,1.2165082951586945
"Uniform(0.45,0.55)",1000,84,Chronological GE,0.49692197563126683,0.5030179019086063,False,0.0060959262773394585,0.19277011484863962,1.2962335378307523
"Uniform(0.45,0.55)",1000,84,Permutation-integrated GE (randomized),0.4970531131797551,0.503031764499372,False,0.0059786513196169455,0.18906155505960867,1.271296272117304
"Uniform(0.45,0.55)",1000,85,Chronological GE,0.49781155632808805,0.503286459017545,False,0.00547490268945694,0.1731316246646546,1.1641795126057886
"Uniform(0.45,0.55)",1000,85,Permutation-integrated GE (randomized),0.4978612165136247,0.5034136608364327,False,0.005552444322807992,0.1755837064134446,1.1806679117685943
"Uniform(0.45,0.55)",1000,86,Chronological GE,0.49833497451618314,0.5045697805471718,False,0.006234806030988693,0.19716187827278625,1.3257648323733071
"Uniform(0.45,0.55)",1000,86,Permutation-integrated GE (randomized),0.49829245670532285,0.5045366411129051,False,0.006244184407582232,0.19745844858069017,1.327759043870933
"Uniform(0.45,0.55)",1000,87,Chronological GE,0.4978999919258058,0.5040571126155555,False,0.006157120689749718,0.19470525208156056,1.3092458752648337
"Uniform(0.45,0.55)",1000,87,Permutation-integrated GE (randomized),0.4977353489848685,0.5038170553045436,False,0.006081706319675084,0.1923204403041337,1.2932098158904763
"Uniform(0.45,0.55)",1000,88,Chronological GE,0.4947700793854892,0.501962476875633,False,0.007192397490143776,0.22744357906132784,1.5293864164320383
"Uniform(0.45,0.55)",1000,88,Permutation-integrated GE (randomized),0.49491807281975575,0.5020790197581223,False,0.0071609469383665525,0.22644902528847702,1.522698792904099
"Uniform(0.45,0.55)",1000,89,Chronological GE,0.49634632794186473,0.5029601301066577,False,0.0066138021647930145,0.20914678834498215,1.406354307539953
"Uniform(0.45,0.55)",1000,89,Permutation-integrated GE (randomized),0.49609757208508454,0.5030479204795881,False,0.0069503483945035915,0.21978931458325868,1.4779172645269816
"Uniform(0.45,0.55)",1000,90,Chronological GE,0.49770938651636243,0.5029056402854621,False,0.005196253769099712,0.1643199721058976,1.1049277993444184
"Uniform(0.45,0.55)",1000,90,Permutation-integrated GE (randomized),0.4978543183450185,0.5029764906046432,False,0.0051221722596247465,0.16197730908145525,1.0891751585240168
"Uniform(0.45,0.55)",1000,91,Chronological GE,0.4992478131316602,0.5042223329655826,False,0.004974519833922386,0.15730812940877278,1.0577784490774262
"Uniform(0.45,0.55)",1000,91,Permutation-integrated GE (randomized),0.49927166604556733,0.504225914489685,False,0.0049542484441176815,0.15666709177757296,1.0534679548017694
"Uniform(0.45,0.55)",1000,92,Chronological GE,0.49636954674497247,0.5027842367999256,False,0.006414690054953098,0.20285031057682457,1.3640152465309368
"Uniform(0.45,0.55)",1000,92,Permutation-integrated GE (randomized),0.4964112991625458,0.5027518742562485,False,0.006340575093702672,0.20050658971435986,1.3482554925481902
"Uniform(0.45,0.55)",1000,93,Chronological GE,0.4953312142752111,0.5017249784432352,False,0.006393764168024063,0.20218857592927558,1.359565580440469
"Uniform(0.45,0.55)",1000,93,Permutation-integrated GE (randomized),0.49532452131793553,0.5017064816621715,False,0.006381960344235937,0.20181530624657804,1.35705562353274
"Uniform(0.45,0.55)",1000,94,Chronological GE,0.49630039231851697,0.5029716198332608,False,0.006671227514743805,0.2109627373577495,1.4185651941454205
"Uniform(0.45,0.55)",1000,94,Permutation-integrated GE (randomized),0.4960846909982596,0.5029682365747874,False,0.006883545576527816,0.2176768239940478,1.4637123596212755
"Uniform(0.45,0.55)",1000,95,Chronological GE,0.49696065159514546,0.5035932813771069,False,0.006632629781961441,0.20974216987664132,1.4103577990030753
"Uniform(0.45,0.55)",1000,95,Permutation-integrated GE (randomized),0.49680984023451236,0.5034396054641461,False,0.006629765229633766,0.20965158477831944,1.409748682581867
"Uniform(0.45,0.55)",1000,96,Chronological GE,0.49670925037935376,0.5034052454866469,False,0.006695995107293129,0.21174595740389832,1.4238317578558617
"Uniform(0.45,0.55)",1000,96,Permutation-integrated GE (randomized),0.4960801998293556,0.5030550557875839,False,0.006974855958228332,0.22056431179597769,1.4831285358884192
"Uniform(0.45,0.55)",1000,97,Chronological GE,0.49541882472112775,0.502099194098264,False,0.0066803693771362305,0.21125182842990853,1.420509113427277
"Uniform(0.45,0.55)",1000,97,Permutation-integrated GE (randomized),0.4956742679873254,0.5021994751659642,False,0.006525207178638803,0.20634516888979826,1.3875155310994245
"Uniform(0.45,0.55)",1000,98,Chronological GE,0.4963224991224706,0.5027233795262873,False,0.0064008804038167,0.20241361106399106,1.3610787718863395
"Uniform(0.45,0.55)",1000,98,Permutation-integrated GE (randomized),0.49625220704428197,0.5027018716259604,False,0.006449664581678394,0.2039563022222082,1.3714522056489646
"Uniform(0.45,0.55)",1000,99,Chronological GE,0.4950600494630635,0.4998205411247909,False,0.0047604916617274284,0.15053996433298492,1.0122676469092604
"Uniform(0.45,0.55)",1000,99,Permutation-integrated GE (randomized),0.4952665372975913,0.49997617778359815,False,0.004709640486006861,0.14893190896324043,1.0014546881547963
"Uniform(0.45,0.55)",5000,0,Chronological GE,0.4991407315246761,0.5014091818593442,False,0.0022684503346681595,0.16040366144287488,1.0785935657939523
"Uniform(0.45,0.55)",5000,0,Permutation-integrated GE (randomized),0.49907825900148506,0.5013450397785708,False,0.002266780777085753,0.16028560589406476,1.077799731325291
"Uniform(0.45,0.55)",5000,1,Chronological GE,0.4986530370078981,0.5008932086639106,False,0.002240171656012535,0.15840405689883616,1.0651477343463915
"Uniform(0.45,0.55)",5000,1,Permutation-integrated GE (randomized),0.4986855246783777,0.5010177298631354,False,0.0023322051847577407,0.16491181012606235,1.108907463367046
"Uniform(0.45,0.55)",5000,2,Chronological GE,0.4985595946200192,0.5007740207947791,False,0.002214426174759865,0.1565835764609687,1.052906377327014
"Uniform(0.45,0.55)",5000,2,Permutation-integrated GE (randomized),0.4985736798797594,0.5008337459341597,False,0.0022600660544003226,0.1598108032995993,1.0746070422132963
"Uniform(0.45,0.55)",5000,3,Chronological GE,0.4990135240368545,0.5012150523252785,False,0.002201528288424015,0.15567155817186346,1.0467737426373398
"Uniform(0.45,0.55)",5000,3,Permutation-integrated GE (randomized),0.498944418688132,0.5011204873772279,False,0.0021760686890959224,0.15387129263874477,1.0346683155961125
"Uniform(0.45,0.55)",5000,4,Chronological GE,0.4987648227252066,0.5010115276090801,False,0.0022467048838734627,0.15886602587118603,1.0682541270352546
"Uniform(0.45,0.55)",5000,4,Permutation-integrated GE (randomized),0.4988717725306525,0.5010913912081543,False,0.0022196186775017557,0.1569507418509808,1.0553752874733717
"Uniform(0.45,0.55)",5000,5,Chronological GE,0.498802179004997,0.5010902336798608,False,0.0022880546748638153,0.1617898976321785,1.0879149579679463
"Uniform(0.45,0.55)",5000,5,Permutation-integrated GE (randomized),0.4988392358796101,0.5011196883236093,False,0.0022804524439992147,0.16125233873252803,1.084300280066066
"Uniform(0.45,0.55)",5000,6,Chronological GE,0.49825446167960763,0.5005189175717533,False,0.0022644558921456337,0.1601212117034011,1.0766943044621586
"Uniform(0.45,0.55)",5000,6,Permutation-integrated GE (randomized),0.49827201345860844,0.5004646745330097,False,0.0021926610744012476,0.15504455145529034,1.042557595673349
"Uniform(0.45,0.55)",5000,7,Chronological GE,0.4986439975909889,0.500796431209892,False,0.00215243361890316,0.15220004079803254,1.0234304082690688
"Uniform(0.45,0.55)",5000,7,Permutation-integrated GE (randomized),0.498423414756324,0.5007252357763433,False,0.0023018210200193012,0.16276332523333836,1.094460523935287
"Uniform(0.45,0.55)",5000,8,Chronological GE,0.4988011200912297,0.5009901416487992,False,0.002189021557569504,0.15478719875209346,1.0408270929696644
"Uniform(0.45,0.55)",5000,8,Permutation-integrated GE (randomized),0.49886275765144616,0.5010064430390135,False,0.0021436853875673734,0.15158144742794022,1.0192708347105688
"Uniform(0.45,0.55)",5000,9,Chronological GE,0.49911067308858037,0.5012833024375141,False,0.0021726293489336967,0.15362809456359308,1.0330329920834662
"Uniform(0.45,0.55)",5000,9,Permutation-integrated GE (randomized),0.49905261680139246,0.5011824558991473,False,0.002129839097754882,0.15060236688587153,1.012687256981918
"Uniform(0.45,0.55)",5000,10,Chronological GE,0.49886073591187596,0.5010099341161549,False,0.002149198204278946,0.15197126243595935,1.0218920464442491
"Uniform(0.45,0.55)",5000,10,Permutation-integrated GE (randomized),0.49892452875829774,0.501097173985565,False,0.0021726452272672336,0.15362921733132487,1.0330405418491044
"Uniform(0.45,0.55)",5000,11,Chronological GE,0.49874945310875773,0.5009958748705685,False,0.0022464217618107796,0.15884600611814337,1.068119509305046
"Uniform(0.45,0.55)",5000,11,Permutation-integrated GE (randomized),0.4988414498596544,0.5010653344103314,False,0.0022238845506770133,0.15725238463597144,1.0574036075511835
"Uniform(0.45,0.55)",5000,12,Chronological GE,0.4989467947743833,0.5009748456068337,False,0.00202805083245039,0.14340484962166936,0.9642893853808132
"Uniform(0.45,0.55)",5000,12,Permutation-integrated GE (randomized),0.498953798910755,0.5009682677244621,False,0.0020144688137071487,0.14244445586611448,0.9578314621884609
"Uniform(0.45,0.55)",5000,13,Chronological GE,0.5000911648385227,0.5023077190853655,False,0.002216554246842861,0.15673405388104278,1.0539182244109846
"Uniform(0.45,0.55)",5000,13,Permutation-integrated GE (randomized),0.5000348634791596,0.5022619219564082,False,0.002227058477248578,0.15747681513614561,1.0589127332860844
"Uniform(0.45,0.55)",5000,14,Chronological GE,0.4990025465376675,0.5010983780957758,False,0.0020958315581083298,0.14819767069631679,0.9965174899428616
"Uniform(0.45,0.55)",5000,14,Permutation-integrated GE (randomized),0.4989344352421996,0.5010163662990379,False,0.002081931056838293,0.14721475682532326,0.989908135970223
"Uniform(0.45,0.55)",5000,15,Chronological GE,0.4989438815973699,0.5011079856194556,False,0.0021641040220856667,0.1530252629209857,1.0289794042468514
"Uniform(0.45,0.55)",5000,15,Permutation-integrated GE (randomized),0.49897049948988487,0.5011115001811253,False,0.0021410006912404023,0.15139161073011742,1.017994326188373
"Uniform(0.45,0.55)",5000,16,Chronological GE,0.49854719219729304,0.5007882793433964,False,0.002241087146103382,0.15846879182397086,1.0655830278621652
"Uniform(0.45,0.55)",5000,16,Permutation-integrated GE (randomized),0.4984958128078689,0.5007501773103994,False,0.0022543645025304704,0.15940764270055335,1.071896091451942
"Uniform(0.45,0.55)",5000,17,Chronological GE,0.49859739607200027,0.5008665095083416,False,0.0022691134363412857,0.16045054981184326,1.0789088546883887
"Uniform(0.45,0.55)",5000,17,Permutation-integrated GE (randomized),0.4985553480605174,0.5008097930885795,False,0.0022544450280621575,0.1594133367155048,1.0719343794051903
"Uniform(0.45,0.55)",5000,18,Chronological GE,0.49889971828088164,0.5009676911868155,False,0.002067972905933857,0.14622776650958808,0.983271370983209
"Uniform(0.45,0.55)",5000,18,Permutation-integrated GE (randomized),0.4989560125676767,0.5009814333936122,False,0.002025420825935542,0.143218880077548,0.9630388805487002
"Uniform(0.45,0.55)",5000,19,Chronological GE,0.4987436323426664,0.5009305910207331,False,0.0021869586780667305,0.15464133114357528,1.0398462433893605
"Uniform(0.45,0.55)",5000,19,Permutation-integrated GE (randomized),0.49876957592487164,0.5009671402607843,False,0.0021975643359126162,0.1553912644017523,1.0448889785723892
"Uniform(0.45,0.55)",5000,20,Chronological GE,0.49915245128795505,0.5014681187458336,False,0.0023156674578785896,0.16374241624389646,1.1010441720566282
"Uniform(0.45,0.55)",5000,20,Permutation-integrated GE (randomized),0.49924542864221044,0.5015218809355058,False,0.002276452293295317,0.1609694853636786,1.0823983046313421
"Uniform(0.45,0.55)",5000,21,Chronological GE,0.498662160243839,0.500887708272785,False,0.002225548028945923,0.1573700103124017,1.058194551452517
"Uniform(0.45,0.55)",5000,21,Permutation-integrated GE (randomized),0.49870786926522925,0.5010175602754784,False,0.0023096910102491375,0.16331981757927727,1.0982025149742947
"Uniform(0.45,0.55)",5000,22,Chronological GE,0.49943932006135583,0.5016461913473904,False,0.002206871286034584,0.15604936515609313,1.049314209473549
"Uniform(0.45,0.55)",5000,22,Permutation-integrated GE (randomized),0.4995013792312949,0.5017062286747804,False,0.002204849443485535,0.15590639929840072,1.048352871977583
"Uniform(0.45,0.55)",5000,23,Chronological GE,0.49970419192686677,0.5020822971127927,False,0.0023781051859259605,0.1681574303343142,1.1307318097824675
"Uniform(0.45,0.55)",5000,23,Permutation-integrated GE (randomized),0.4997870911034165,0.5022045237906869,False,0.0024174326872704044,0.17093830462309215,1.1494310906353917
"Uniform(0.45,0.55)",5000,24,Chronological GE,0.49835626455023885,0.5005185012705624,False,0.0021622367203235626,0.15289322474713515,1.028091547177547
"Uniform(0.45,0.55)",5000,24,Permutation-integrated GE (randomized),0.4983546911086031,0.5004882060151662,False,0.0021335149065631054,0.15086228581933553,1.0144350156474031
"Uniform(0.45,0.55)",5000,25,Chronological GE,0.4987374353222549,0.5009545045904815,False,0.0022170692682266235,0.15677047139233422,1.0541631046899498
"Uniform(0.45,0.55)",5000,25,Permutation-integrated GE (randomized),0.49874759616867786,0.5010053235147258,False,0.0022577273460479552,0.1596454316460816,1.0734950426501666
"Uniform(0.45,0.55)",5000,26,Chronological GE,0.4986852933652699,0.5009433389641345,False,0.0022580455988645554,0.1596679355185566,1.0736463642087808
"Uniform(0.45,0.55)",5000,26,Permutation-integrated GE (randomized),0.4987043976717082,0.5009778167734689,False,0.002273419101760654,0.16075500633339884,1.080956095021059
"Uniform(0.45,0.55)",5000,27,Chronological GE,0.4988967548124492,0.5011315909214318,False,0.002234836108982563,0.15802677675021284,1.0626108100820297
"Uniform(0.45,0.55)",5000,27,Permutation-integrated GE (randomized),0.498779026142064,0.5011510475339589,False,0.0023720213918949073,0.1677272411328442,1.1278391120684266
"Uniform(0.45,0.55)",5000,28,Chronological GE,0.499373700004071,0.5015729875303805,False,0.00219928752630949,0.1555131123632428,1.0457083141541743
"Uniform(0.45,0.55)",5000,28,Permutation-integrated GE (randomized),0.4992007749459243,0.5013503095126687,False,0.002149534566744382,0.15199504685398402,1.0220519787052513
"Uniform(0.45,0.55)",5000,29,Chronological GE,0.4992506713606417,0.501381668727845,False,0.0021309973672032356,0.15068426890400874,1.0132379862420466
"Uniform(0.45,0.55)",5000,29,Permutation-integrated GE (randomized),0.4992577027959842,0.5013971875394911,False,0.0021394847435069475,0.1512844170378924,1.0172735295077513
"Uniform(0.45,0.55)",5000,30,Chronological GE,0.4985876199789345,0.5008198446594179,False,0.0022322246804833412,0.1578421208701745,1.0613691386494464
"Uniform(0.45,0.55)",5000,30,Permutation-integrated GE (randomized),0.49866067383458573,0.5008272878781106,False,0.0021666140435248615,0.15320274823904353,1.0301728590617731
"Uniform(0.45,0.55)",5000,31,Chronological GE,0.4989813552238047,0.5012492961250246,False,0.002267940901219845,0.1603676390582882,1.0783513424438727
"Uniform(0.45,0.55)",5000,31,Permutation-integrated GE (randomized),0.4990155580579322,0.5012910870300311,False,0.002275528972098928,0.16090419669576062,1.081959287613263
"Uniform(0.45,0.55)",5000,32,Chronological GE,0.49917445657774806,0.5011412831954658,False,0.001966826617717743,0.13907564388064175,0.9351787440446517
"Uniform(0.45,0.55)",5000,32,Permutation-integrated GE (randomized),0.4991107246547909,0.5010415186340007,False,0.0019307939792098106,0.13652775157734148,0.9180460912114475
"Uniform(0.45,0.55)",5000,33,Chronological GE,0.49872960103675723,0.5008338722400367,False,0.0021042712032794952,0.14879444372945072,1.0005303382032291
"Uniform(0.45,0.55)",5000,33,Permutation-integrated GE (randomized),0.49880945704664825,0.5008515248776544,False,0.0020420678310061335,0.1443960010947342,0.9709541310104238
"Uniform(0.45,0.55)",5000,34,Chronological GE,0.49854053324088454,0.5008177026174963,False,0.0022771693766117096,0.1610201908112483,1.0827392604986048
"Uniform(0.45,0.55)",5000,34,Permutation-integrated GE (randomized),0.49839928013928964,0.5008035782923128,False,0.0024042981530231766,0.17000955279969798,1.1431859355565028
"Uniform(0.45,0.55)",5000,35,Chronological GE,0.49968333868309855,0.5018627331592143,False,0.0021793944761157036,0.15410646129419173,1.0362496473210858
"Uniform(0.45,0.55)",5000,35,Permutation-integrated GE (randomized),0.4997199294048831,0.5018770949642872,False,0.0021571655594041506,0.15253463951967472,1.0256803321488592
"Uniform(0.45,0.55)",5000,36,Chronological GE,0.49909239588305354,0.5012129624374211,False,0.0021205665543675423,0.14994669905506808,1.0082783856554083
"Uniform(0.45,0.55)",5000,36,Permutation-integrated GE (randomized),0.4991203137700753,0.5012451709956323,False,0.002124857225556942,0.1502500953244547,1.01031849659242
"Uniform(0.45,0.55)",5000,37,Chronological GE,0.4993465202860534,0.5013003083877265,False,0.0019537881016731262,0.13815368156946595,0.928979243311354
"Uniform(0.45,0.55)",5000,37,Permutation-integrated GE (randomized),0.4994242191176983,0.5014435064721596,False,0.00201928735446133,0.142785178150385,0.9601225624054449
"Uniform(0.45,0.55)",5000,38,Chronological GE,0.4995473534800112,0.5018183416686952,False,0.0022709881886839867,0.16058311482130017,1.0798002543295406
"Uniform(0.45,0.55)",5000,38,Permutation-integrated GE (randomized),0.49951118373505987,0.5017751452788949,False,0.0022639615438350136,0.16008625599913034,1.0764592537321747
"Uniform(0.45,0.55)",5000,39,Chronological GE,0.49834885308519006,0.5005431002937257,False,0.0021942472085356712,0.15515670807552256,1.043311764299274
"Uniform(0.45,0.55)",5000,39,Permutation-integrated GE (randomized),0.4984474083638429,0.5005412471165829,False,0.002093838752739996,0.1480567580773634,0.9955699589278266
"Uniform(0.45,0.55)",5000,40,Chronological GE,0.49850180419161916,0.5005035675130785,False,0.0020017633214592934,0.1415460418934373,0.9517903062595229
"Uniform(0.45,0.55)",5000,40,Permutation-integrated GE (randomized),0.498492792034547,0.5005145983685129,False,0.00202180633396587,0.14296329689931803,0.961320276564949
"Uniform(0.45,0.55)",5000,41,Chronological GE,0.4985795137472451,0.5007626046426594,False,0.0021830908954143524,0.15436783760941006,1.0380072057789758
"Uniform(0.45,0.55)",5000,41,Permutation-integrated GE (randomized),0.4985801748455725,0.5007381067560585,False,0.0021579319104859662,0.15258882872434687,1.0260447136534279
"Uniform(0.45,0.55)",5000,42,Chronological GE,0.4985943050123751,0.5007633003406227,False,0.002168995328247547,0.15337113049657822,1.0313051026648
"Uniform(0.45,0.55)",5000,42,Permutation-integrated GE (randomized),0.49849695227276525,0.5006791062643249,False,0.002182153991559632,0.15430158850251083,1.0375617305335958
"Uniform(0.45,0.55)",5000,43,Chronological GE,0.4994478481821716,0.5016257609240711,False,0.0021779127418994904,0.15400168686297167,1.0355451183448947
"Uniform(0.45,0.55)",5000,43,Permutation-integrated GE (randomized),0.49948874868993653,0.501632474635346,False,0.002143725945409458,0.15158431530045705,1.0192901189888475
"Uniform(0.45,0.55)",5000,44,Chronological GE,0.49792960891500115,0.5001326869241893,False,0.002203078009188175,0.15578113997799178,1.0475105975816403
"Uniform(0.45,0.55)",5000,44,Permutation-integrated GE (randomized),0.49793974528988566,0.5001014414721816,False,0.002161696182295947,0.15285500293665352,1.027834534348241
"Uniform(0.45,0.55)",5000,45,Chronological GE,0.4990473357029259,0.5013833078555763,False,0.0023359721526503563,0.1651781749802004,1.1106985659842967
"Uniform(0.45,0.55)",5000,45,Permutation-integrated GE (randomized),0.49905720101966644,0.5013792211975658,False,0.0023220201778993976,0.16419162138446575,1.1040647376096917
"Uniform(0.45,0.55)",5000,46,Chronological GE,0.4992721206508577,0.5015519331209362,False,0.0022798124700784683,0.1612070857426138,1.0839959878615404
"Uniform(0.45,0.55)",5000,46,Permutation-integrated GE (randomized),0.49922342428287203,0.5015712638414381,False,0.0023478395585661005,0.166017327300012,1.1163412320227661
"Uniform(0.45,0.55)",5000,47,Chronological GE,0.49873235961422324,0.5007104906253517,False,0.0019781310111284256,0.13987498520443117,0.9405537111804209
"Uniform(0.45,0.55)",5000,47,Permutation-integrated GE (randomized),0.4987367076252685,0.5006666018179331,False,0.001929894192664594,0.1364641270605672,0.9176182643538672
"Uniform(0.45,0.55)",5000,48,Chronological GE,0.49947756761685014,0.5017808633856475,False,0.0023032957687973976,0.16286760571949221,1.0951617315036906
"Uniform(0.45,0.55)",5000,48,Permutation-integrated GE (randomized),0.49941443578595823,0.5018057018683328,False,0.00239126608237461,0.16908804624684762,1.1369894994539806
"Uniform(0.45,0.55)",5000,49,Chronological GE,0.49901446467265487,0.5012801396660507,False,0.0022656749933958054,0.16020741517949602,1.0772739577807218
"Uniform(0.45,0.55)",5000,49,Permutation-integrated GE (randomized),0.4990281646042001,0.5013094655119368,False,0.0022813009077367052,0.16131233417876506,1.0847037041631602
"Uniform(0.45,0.55)",5000,50,Chronological GE,0.4990129261277616,0.501305207144469,False,0.0022922810167074203,0.16208874512990107,1.089924481848497
"Uniform(0.45,0.55)",5000,50,Permutation-integrated GE (randomized),0.49887587581989,0.501194032971632,False,0.002318157151741995,0.16391846418528574,1.102227961598249
"Uniform(0.45,0.55)",5000,51,Chronological GE,0.4995346716605127,0.5016950028948486,False,0.0021603312343358994,0.1527584865408019,1.0271855344275236
"Uniform(0.45,0.55)",5000,51,Permutation-integrated GE (randomized),0.4995541634116544,0.5016802034399753,False,0.0021260400283209524,0.1503337321099785,1.010880890853986
"Uniform(0.45,0.55)",5000,52,Chronological GE,0.49912544852122664,0.501116702798754,False,0.0019912542775273323,0.14080294027062962,0.946793508668485
"Uniform(0.45,0.55)",5000,52,Permutation-integrated GE (randomized),0.4989561919344725,0.5010250329459566,False,0.0020688410114840794,0.14628915084172286,0.9836841342897669
"Uniform(0.45,0.55)",5000,53,Chronological GE,0.4983640010468662,0.5006128665991127,False,0.0022488655522465706,0.159018808197038,1.0692814728710582
"Uniform(0.45,0.55)",5000,53,Permutation-integrated GE (randomized),0.4984381770262941,0.5006386178221183,False,0.0022004407958241545,0.1555946608326783,1.0462566660661088
"Uniform(0.45,0.55)",5000,54,Chronological GE,0.499246662016958,0.5015630540437996,False,0.0023163920268416405,0.16379365100661752,1.1013886871688072
"Uniform(0.45,0.55)",5000,54,Permutation-integrated GE (randomized),0.49928862504484917,0.50164693264577,False,0.002358307600920817,0.1667575296734888,1.1213185343501313
"Uniform(0.45,0.55)",5000,55,Chronological GE,0.49906079610809684,0.5010668742470443,False,0.002006078138947487,0.1418511455639857,0.9538418981807636
"Uniform(0.45,0.55)",5000,55,Permutation-integrated GE (randomized),0.4990087148711879,0.5010112923315725,False,0.002002577460384569,0.14160361020892637,0.9521774097341043
"Uniform(0.45,0.55)",5000,56,Chronological GE,0.4993758671917021,0.501583460252732,False,0.002207593061029911,0.1561004023554618,1.0496573961212852
"Uniform(0.45,0.55)",5000,56,Permutation-integrated GE (randomized),0.4994148643526388,0.5016096086591764,False,0.002194744306537544,0.1551918582123264,1.0435481224413035
"Uniform(0.45,0.55)",5000,57,Chronological GE,0.4990222495980561,0.5012304936535656,False,0.0022082440555095673,0.1561464346165698,1.049966928336469
"Uniform(0.45,0.55)",5000,57,Permutation-integrated GE (randomized),0.49894089647406503,0.5012537686520738,False,0.0023128721780087957,0.16354476010877192,1.099715083719945
"Uniform(0.45,0.55)",5000,58,Chronological GE,0.4988051396794617,0.5010892213322222,False,0.0022840816527605057,0.16150896254507308,1.0860258815302144
"Uniform(0.45,0.55)",5000,58,Permutation-integrated GE (randomized),0.4988089581575742,0.5010352801439466,False,0.0022263219863724037,0.15742473736686313,1.058562549591001
"Uniform(0.45,0.55)",5000,59,Chronological GE,0.4991105939261615,0.5013246214948595,False,0.0022140275686979294,0.15655539075602706,1.0527168497331676
"Uniform(0.45,0.55)",5000,59,Permutation-integrated GE (randomized),0.499203703516269,0.5013710591073348,False,0.0021673555910657893,0.15325518356851975,1.030525447079307
"Uniform(0.45,0.55)",5000,60,Chronological GE,0.49892206443473697,0.5010802638716996,False,0.0021581994369626045,0.15260774570292465,1.0261719160576295
"Uniform(0.45,0.55)",5000,60,Permutation-integrated GE (randomized),0.4989565144604937,0.5010916303682327,False,0.0021351159077389603,0.150975493698149,1.015196253193897
"Uniform(0.45,0.55)",5000,61,Chronological GE,0.49876059079542756,0.5007664491422474,False,0.0020058583468198776,0.1418356039135973,0.9537373923112594
"Uniform(0.45,0.55)",5000,61,Permutation-integrated GE (randomized),0.49877813008786753,0.5007405923706345,False,0.0019624622827669747,0.13876703879673596,0.933103607761116
"Uniform(0.45,0.55)",5000,62,Chronological GE,0.49962839717045426,0.5018947231583297,False,0.0022663259878754616,0.16025344744060402,1.0775834899959058
"Uniform(0.45,0.55)",5000,62,Permutation-integrated GE (randomized),0.4997269844262483,0.5020213354959566,False,0.0022943510697083225,0.1622351199813364,1.0909087422546002
"Uniform(0.45,0.55)",5000,63,Chronological GE,0.4999863808043301,0.5020262380130589,False,0.0020398572087287903,0.14423968649443902,0.9699030332948142
"Uniform(0.45,0.55)",5000,63,Permutation-integrated GE (randomized),0.5000510660210008,0.5020881500118407,False,0.002037083990839905,0.1440435903769452,0.9685844348993446
"Uniform(0.45,0.55)",5000,64,Chronological GE,0.49941287050023675,0.5014975829981267,False,0.0020847124978899956,0.1474114344082362,0.9912306442818014
"Uniform(0.45,0.55)",5000,64,Permutation-integrated GE (randomized),0.49934497795529276,0.5014564334467371,False,0.002111455491444314,0.14930244961738487,1.0039462944051163
"Uniform(0.45,0.55)",5000,65,Chronological GE,0.4992132890038192,0.5014890120364726,False,0.0022757230326533318,0.1609179188491586,1.0820515587386899
"Uniform(0.45,0.55)",5000,65,Permutation-integrated GE (randomized),0.49902827226801527,0.5013274092782755,False,0.0022991370102601882,0.1625735370831944,1.0931843418595921
"Uniform(0.45,0.55)",5000,66,Chronological GE,0.49967811023816466,0.5017918725498021,False,0.0021137623116374016,0.14946556643753592,1.0050431319155888
"Uniform(0.45,0.55)",5000,66,Permutation-integrated GE (randomized),0.49978819075848474,0.5018732296271924,False,0.002085038868707645,0.14743451231007032,0.9913858257546331
"Uniform(0.45,0.55)",5000,67,Chronological GE,0.49915951071307063,0.5013222326524556,False,0.0021627219393849373,0.15292753491600106,1.0283222571691217
"Uniform(0.45,0.55)",5000,67,Permutation-integrated GE (randomized),0.49919593995602574,0.5013208674955361,False,0.002124927539510324,0.15025506727177956,1.0103519291858272
"Uniform(0.45,0.55)",5000,68,Chronological GE,0.4992502895183861,0.5013900925405324,False,0.002139803022146225,0.1513069227363064,1.0174248633444272
"Uniform(0.45,0.55)",5000,68,Permutation-integrated GE (randomized),0.4992290126014769,0.5014371517618844,False,0.0022081391604075185,0.15613901741277258,1.0499170532387319
"Uniform(0.45,0.55)",5000,69,Chronological GE,0.49959532590582967,0.5009283977560699,False,0.0013330718502402306,0.09426241451137649,0.6338435972945764
"Uniform(0.45,0.55)",5000,69,Permutation-integrated GE (randomized),0.4995727226738689,0.5008485270136023,False,0.0012758043397333996,0.09021299000927127,0.6066142736379307
"Uniform(0.45,0.55)",5000,70,Chronological GE,0.4999152342788875,0.5021903258748353,False,0.0022750915959477425,0.16087326953151737,1.0817513257746059
"Uniform(0.45,0.55)",5000,70,Permutation-integrated GE (randomized),0.4998697672510536,0.5021604314569691,False,0.0022906642059155047,0.16197441934241516,1.089155727209872
"Uniform(0.45,0.55)",5000,71,Chronological GE,0.4994015390984714,0.5016849231906235,False,0.0022833840921521187,0.16145963756142517,1.085694208240983
"Uniform(0.45,0.55)",5000,71,Permutation-integrated GE (randomized),0.49931914577484915,0.5015970815927984,False,0.002277935817949217,0.16107438639796162,1.0831036849175837
"Uniform(0.45,0.55)",5000,72,Chronological GE,0.49872869020327926,0.5007192469201982,False,0.0019905567169189453,0.14075361528698171,0.9464618353792537
"Uniform(0.45,0.55)",5000,72,Permutation-integrated GE (randomized),0.4988132254628184,0.5007018295285828,False,0.0018886040657643544,0.13354447418784593,0.897985802260784
"Uniform(0.45,0.55)",5000,73,Chronological GE,0.4993937429971993,0.5012176302261651,False,0.0018238872289657593,0.12896830277212298,0.8672145031484704
"Uniform(0.45,0.55)",5000,73,Permutation-integrated GE (randomized),0.4993923110318576,0.5011743156423849,False,0.001782004610527299,0.12600675442095458,0.8473003255815479
"Uniform(0.45,0.55)",5000,74,Chronological GE,0.49845068668946624,0.5005587912164629,False,0.0021081045269966125,0.1490655006489364,1.0023529914188185
"Uniform(0.45,0.55)",5000,74,Permutation-integrated GE (randomized),0.4984959670640595,0.5005036138277732,False,0.0020076467637136775,0.14196206408491677,0.9545877415232874
"Uniform(0.45,0.55)",5000,75,Chronological GE,0.49902354972437024,0.5013060471974313,False,0.0022824974730610847,0.16139694412426522,1.085272642191119
"Uniform(0.45,0.55)",5000,75,Permutation-integrated GE (randomized),0.49883481841962973,0.5011658606319944,False,0.0023310422123646868,0.16482957555951622,1.1083544979698432
"Uniform(0.45,0.55)",5000,76,Chronological GE,0.49809430027380586,0.5003185621462762,False,0.002224261872470379,0.15727906531584926,1.0575830149873253
"Uniform(0.45,0.55)",5000,76,Permutation-integrated GE (randomized),0.4981124789306077,0.5003178591542304,False,0.0022053802236227105,0.15594393112183233,1.0486052451647143
"Uniform(0.45,0.55)",5000,77,Chronological GE,0.49896635534241796,0.5012170723639429,False,0.002250717021524906,0.159149726845225,1.0701618019751866
"Uniform(0.45,0.55)",5000,77,Permutation-integrated GE (randomized),0.4990114944079913,0.5012700961507194,False,0.0022586017427280725,0.1597072608282774,1.0739107972376543
"Uniform(0.45,0.55)",5000,78,Chronological GE,0.49911698093637824,0.5014329520054162,False,0.0023159710690379143,0.1637638847948567,1.101188531859418
"Uniform(0.45,0.55)",5000,78,Permutation-integrated GE (randomized),0.49909831969397705,0.5015570170243628,False,0.002458697330385784,0.17385615552010492,1.169051435801795
"Uniform(0.45,0.55)",5000,79,Chronological GE,0.49928030045703053,0.5015929345972836,False,0.002312634140253067,0.1635279282976465,1.0996019024931747
"Uniform(0.45,0.55)",5000,79,Permutation-integrated GE (randomized),0.4993114904865469,0.5016954955939417,False,0.002384005107394782,0.1685746177822214,1.1335370805162839
"Uniform(0.45,0.55)",5000,80,Chronological GE,0.49880512757226825,0.5008689942769706,False,0.0020638667047023773,0.1459374142360185,0.9813189710737013
"Uniform(0.45,0.55)",5000,80,Permutation-integrated GE (randomized),0.4987442418466806,0.5007970187506166,False,0.00205277690393596,0.14515324690362436,0.9760460375781815
"Uniform(0.45,0.55)",5000,81,Chronological GE,0.49825008725747466,0.500573908444494,False,0.002323821187019348,0.16431897196063533,1.104921074122344
"Uniform(0.45,0.55)",5000,81,Permutation-integrated GE (randomized),0.49828836090468176,0.5006799284357974,False,0.0023915675311156903,0.1691093618917474,1.1371328310789128
"Uniform(0.45,0.55)",5000,82,Chronological GE,0.4989261240698397,0.5009142528288066,False,0.0019881287589669228,0.1405819327337506,0.9453073997784173
"Uniform(0.45,0.55)",5000,82,Permutation-integrated GE (randomized),0.49898311759775593,0.5009465548544563,False,0.00196343725670034,0.13883597986471224,0.9335671844131033
"Uniform(0.45,0.55)",5000,83,Chronological GE,0.4983616122044623,0.5004466115497053,False,0.002084999345242977,0.14743171757908208,0.991367033297934
"Uniform(0.45,0.55)",5000,83,Permutation-integrated GE (randomized),0.498465755948273,0.5005063061250854,False,0.0020405501768123724,0.14428868673754372,0.9702325229489758
"Uniform(0.45,0.55)",5000,84,Chronological GE,0.4988128091208637,0.5011457367800176,False,0.0023329276591539383,0.16496289678054085,1.1092509825630716
"Uniform(0.45,0.55)",5000,84,Permutation-integrated GE (randomized),0.4988909661352231,0.5012597936513766,False,0.0023688275161535266,0.16750140001334446,1.1263205009831623
"Uniform(0.45,0.55)",5000,85,Chronological GE,0.4992503891699016,0.5015105721540749,False,0.002260182984173298,0.15981907148313862,1.0746626395075607
"Uniform(0.45,0.55)",5000,85,Permutation-integrated GE (randomized),0.49910914987002425,0.5014807514158202,False,0.0023716015457959094,0.1676975535304786,1.1276394853478933
"Uniform(0.45,0.55)",5000,86,Chronological GE,0.4987478186376393,0.5010014683939517,False,0.0022536497563123703,0.15935710251078875,1.0715562468186977
"Uniform(0.45,0.55)",5000,86,Permutation-integrated GE (randomized),0.4987773464745818,0.5010077378384881,False,0.0022303913639062922,0.1577124858118052,1.0604974407181107
"Uniform(0.45,0.55)",5000,87,Chronological GE,0.4990163338370621,0.5013514566235244,False,0.002335122786462307,0.16511811572107238,1.1102947127936704
"Uniform(0.45,0.55)",5000,87,Permutation-integrated GE (randomized),0.499009913515255,0.5013500948871275,False,0.002340181371872474,0.1654758117257464,1.1126999484702202
"Uniform(0.45,0.55)",5000,88,Chronological GE,0.4992659413255751,0.5015653786249459,False,0.0022994372993707657,0.162594770729835,1.0933271221081156
"Uniform(0.45,0.55)",5000,88,Permutation-integrated GE (randomized),0.4991998209891029,0.5014734987998567,False,0.0022736778107537714,0.16077329982173755,1.0810791049239539
"Uniform(0.45,0.55)",5000,89,Chronological GE,0.4989078757353127,0.5011613988317549,False,0.0022535230964422226,0.15934814630548017,1.0714960230972883
"Uniform(0.45,0.55)",5000,89,Permutation-integrated GE (randomized),0.4989964984125981,0.5011668044300712,False,0.0021703060174731448,0.15346381022052305,1.0319283038624987
"Uniform(0.45,0.55)",5000,90,Chronological GE,0.49890901939943433,0.5010636090300977,False,0.002154589630663395,0.15235249385163055,1.024455539997468
"Uniform(0.45,0.55)",5000,90,Permutation-integrated GE (randomized),0.49895398783417455,0.5010599775925091,False,0.0021059897583345366,0.14891596392277692,1.0013474697914775
"Uniform(0.45,0.55)",5000,91,Chronological GE,0.49946236377581954,0.501854611095041,False,0.0023922473192214966,0.16915743016968598,1.1374560539706908
"Uniform(0.45,0.55)",5000,91,Permutation-integrated GE (randomized),0.4993911286046896,0.5018487528405725,False,0.002457624235882916,0.17378027628012171,1.1685412051793327
"Uniform(0.45,0.55)",5000,92,Chronological GE,0.49940742878243327,0.5016519441269338,False,0.0022445153445005417,0.15871120205735928,1.0672130537335414
"Uniform(0.45,0.55)",5000,92,Permutation-integrated GE (randomized),0.49939098366848367,0.501627642773412,False,0.002236659104928318,0.15815568202974475,1.0634776008014517
"Uniform(0.45,0.55)",5000,93,Chronological GE,0.4989857510663569,0.5012151557020843,False,0.0022294046357274055,0.15764271359315732,1.0600282752051302
"Uniform(0.45,0.55)",5000,93,Permutation-integrated GE (randomized),0.49892036758071734,0.5011622008747174,False,0.002241833294000073,0.15852155244772267,1.0659378032382014
"Uniform(0.45,0.55)",5000,94,Chronological GE,0.49910002714022994,0.5012911013327539,False,0.0021910741925239563,0.15493234196165284,1.0418030715136777
"Uniform(0.45,0.55)",5000,94,Permutation-integrated GE (randomized),0.4989427612840256,0.5011586738882476,False,0.002215912604222048,0.15668868289621524,1.0536131387797183
"Uniform(0.45,0.55)",5000,95,Chronological GE,0.4980859528295696,0.5002993871457875,False,0.0022134343162178993,0.15651344147086857,1.0524347724498027
"Uniform(0.45,0.55)",5000,95,Permutation-integrated GE (randomized),0.49800214248539043,0.5001738021609079,False,0.0021716596755174677,0.1535595282987779,1.0325719356998717
"Uniform(0.45,0.55)",5000,96,Chronological GE,0.49847575230523944,0.5006686835549772,False,0.0021929312497377396,0.1550636557365446,1.0426860575466916
"Uniform(0.45,0.55)",5000,96,Permutation-integrated GE (randomized),0.4984039221315719,0.500549173762771,False,0.002145251631199052,0.15169219757723523,1.0200155458809113
"Uniform(0.45,0.55)",5000,97,Chronological GE,0.4989957665093243,0.5012444923631847,False,0.0022487258538603783,0.15900893002941827,1.0692150496489157
"Uniform(0.45,0.55)",5000,97,Permutation-integrated GE (randomized),0.4990196852424733,0.5011860034470303,False,0.0021663182045570384,0.15318182926501483,1.0300321947490798
"Uniform(0.45,0.55)",5000,98,Chronological GE,0.49930089293047786,0.5014776517637074,False,0.0021767588332295418,0.1539200931984326,1.0349964625299979
"Uniform(0.45,0.55)",5000,98,Permutation-integrated GE (randomized),0.49927377300444176,0.5014659913441805,False,0.002192218339738705,0.1550132453870753,1.0423470859914423
"Uniform(0.45,0.55)",5000,99,Chronological GE,0.4990703691728413,0.501366640906781,False,0.0022962717339396477,0.16237093145157167,1.091821971894367
"Uniform(0.45,0.55)",5000,99,Permutation-integrated GE (randomized),0.49910370193763715,0.501513698374418,False,0.0024099964367808036,0.1704124823083123,1.1458953324091097
