distribution,replication,n,component_count,topology_uncertain
"Uniform(0,1)",0,10,1,0
"Uniform(0,1)",0,20,1,0
"Uniform(0,1)",0,40,1,0
"Uniform(0,1)",0,75,1,0
"Uniform(0,1)",0,125,1,0
"Uniform(0,1)",0,200,1,0
"Uniform(0,1)",0,350,1,0
"Uniform(0,1)",0,500,1,0
"Uniform(0,1)",0,1000,1,0
"Uniform(0,1)",0,2000,1,0
"Uniform(0,1)",0,5000,1,0
"Uniform(0,1)",0,10000,1,0
"Uniform(0,1)",1,10,1,0
"Uniform(0,1)",1,20,1,0
"Uniform(0,1)",1,40,1,0
"Uniform(0,1)",1,75,1,0
"Uniform(0,1)",1,125,1,0
"Uniform(0,1)",1,200,1,0
"Uniform(0,1)",1,350,1,0
"Uniform(0,1)",1,500,1,0
"Uniform(0,1)",1,1000,1,0
"Uniform(0,1)",1,2000,1,0
"Uniform(0,1)",1,5000,1,0
"Uniform(0,1)",1,10000,1,0
"Uniform(0,1)",2,10,1,0
"Uniform(0,1)",2,20,1,0
"Uniform(0,1)",2,40,1,0
"Uniform(0,1)",2,75,1,0
"Uniform(0,1)",2,125,1,0
"Uniform(0,1)",2,200,1,0
"Uniform(0,1)",2,350,1,0
"Uniform(0,1)",2,500,1,0
"Uniform(0,1)",2,1000,1,0
"Uniform(0,1)",2,2000,1,0
"Uniform(0,1)",2,5000,1,0
"Uniform(0,1)",2,10000,1,0
"Uniform(0,1)",3,10,1,0
"Uniform(0,1)",3,20,1,0
"Uniform(0,1)",3,40,1,0
"Uniform(0,1)",3,75,1,0
"Uniform(0,1)",3,125,1,0
"Uniform(0,1)",3,200,1,0
"Uniform(0,1)",3,350,1,0
"Uniform(0,1)",3,500,1,0
"Uniform(0,1)",3,1000,1,0
"Uniform(0,1)",3,2000,1,0
"Uniform(0,1)",3,5000,1,0
"Uniform(0,1)",3,10000,1,0
"Uniform(0,1)",4,10,1,0
"Uniform(0,1)",4,20,1,0
"Uniform(0,1)",4,40,1,0
"Uniform(0,1)",4,75,1,0
"Uniform(0,1)",4,125,1,0
"Uniform(0,1)",4,200,1,0
"Uniform(0,1)",4,350,1,0
"Uniform(0,1)",4,500,1,0
"Uniform(0,1)",4,1000,1,0
"Uniform(0,1)",4,2000,1,0
"Uniform(0,1)",4,5000,1,0
"Uniform(0,1)",4,10000,1,0
"Uniform(0,1)",5,10,1,0
"Uniform(0,1)",5,20,1,0
"Uniform(0,1)",5,40,1,0
"Uniform(0,1)",5,75,1,0
"Uniform(0,1)",5,125,1,0
"Uniform(0,1)",5,200,1,0
"Uniform(0,1)",5,350,1,0
"Uniform(0,1)",5,500,1,0
"Uniform(0,1)",5,1000,1,0
"Uniform(0,1)",5,2000,1,0
"Uniform(0,1)",5,5000,1,0
"Uniform(0,1)",5,10000,1,0
"Uniform(0,1)",6,10,1,0
"Uniform(0,1)",6,20,1,0
"Uniform(0,1)",6,40,1,0
"Uniform(0,1)",6,75,1,0
"Uniform(0,1)",6,125,1,0
"Uniform(0,1)",6,200,1,0
"Uniform(0,1)",6,350,1,0
"Uniform(0,1)",6,500,1,0
"Uniform(0,1)",6,1000,1,0
"Uniform(0,1)",6,2000,1,0
"Uniform(0,1)",6,5000,1,0
"Uniform(0,1)",6,10000,1,0
"Uniform(0,1)",7,10,1,0
"Uniform(0,1)",7,20,1,0
"Uniform(0,1)",7,40,1,0
"Uniform(0,1)",7,75,1,0
"Uniform(0,1)",7,125,1,0
"Uniform(0,1)",7,200,1,0
"Uniform(0,1)",7,350,1,0
"Uniform(0,1)",7,500,1,0
"Uniform(0,1)",7,1000,1,0
"Uniform(0,1)",7,2000,1,0
"Uniform(0,1)",7,5000,1,0
"Uniform(0,1)",7,10000,1,0
"Uniform(0,1)",8,10,1,0
"Uniform(0,1)",8,20,1,0
"Uniform(0,1)",8,40,1,0
"Uniform(0,1)",8,75,1,0
"Uniform(0,1)",8,125,1,0
"Uniform(0,1)",8,200,1,0
"Uniform(0,1)",8,350,1,0
"Uniform(0,1)",8,500,1,0
"Uniform(0,1)",8,1000,1,0
"Uniform(0,1)",8,2000,1,0
"Uniform(0,1)",8,5000,1,0
"Uniform(0,1)",8,10000,1,0
"Uniform(0,1)",9,10,1,0
"Uniform(0,1)",9,20,1,0
"Uniform(0,1)",9,40,1,0
"Uniform(0,1)",9,75,1,0
"Uniform(0,1)",9,125,1,0
"Uniform(0,1)",9,200,1,0
"Uniform(0,1)",9,350,1,0
"Uniform(0,1)",9,500,1,0
"Uniform(0,1)",9,1000,1,0
"Uniform(0,1)",9,2000,1,0
"Uniform(0,1)",9,5000,1,0
"Uniform(0,1)",9,10000,1,0
"Uniform(0,1)",10,10,1,0
"Uniform(0,1)",10,20,1,0
"Uniform(0,1)",10,40,1,0
"Uniform(0,1)",10,75,1,0
"Uniform(0,1)",10,125,1,0
"Uniform(0,1)",10,200,1,0
"Uniform(0,1)",10,350,1,0
"Uniform(0,1)",10,500,1,0
"Uniform(0,1)",10,1000,1,0
"Uniform(0,1)",10,2000,1,0
"Uniform(0,1)",10,5000,1,0
"Uniform(0,1)",10,10000,1,0
"Uniform(0,1)",11,10,1,0
"Uniform(0,1)",11,20,1,0
"Uniform(0,1)",11,40,1,0
"Uniform(0,1)",11,75,1,0
"Uniform(0,1)",11,125,1,0
"Uniform(0,1)",11,200,1,0
"Uniform(0,1)",11,350,1,0
"Uniform(0,1)",11,500,1,0
"Uniform(0,1)",11,1000,1,0
"Uniform(0,1)",11,2000,1,0
"Uniform(0,1)",11,5000,1,0
"Uniform(0,1)",11,10000,1,0
"Uniform(0,1)",12,10,1,0
"Uniform(0,1)",12,20,1,0
"Uniform(0,1)",12,40,1,0
"Uniform(0,1)",12,75,1,0
"Uniform(0,1)",12,125,1,0
"Uniform(0,1)",12,200,1,0
"Uniform(0,1)",12,350,1,0
"Uniform(0,1)",12,500,1,0
"Uniform(0,1)",12,1000,1,0
"Uniform(0,1)",12,2000,1,0
"Uniform(0,1)",12,5000,1,0
"Uniform(0,1)",12,10000,1,0
"Uniform(0,1)",13,10,1,0
"Uniform(0,1)",13,20,1,0
"Uniform(0,1)",13,40,1,0
"Uniform(0,1)",13,75,1,0
"Uniform(0,1)",13,125,1,0
"Uniform(0,1)",13,200,1,0
"Uniform(0,1)",13,350,1,0
"Uniform(0,1)",13,500,1,0
"Uniform(0,1)",13,1000,1,0
"Uniform(0,1)",13,2000,1,0
"Uniform(0,1)",13,5000,1,0
"Uniform(0,1)",13,10000,1,0
"Uniform(0,1)",14,10,1,0
"Uniform(0,1)",14,20,1,0
"Uniform(0,1)",14,40,1,0
"Uniform(0,1)",14,75,1,0
"Uniform(0,1)",14,125,1,0
"Uniform(0,1)",14,200,1,0
"Uniform(0,1)",14,350,1,0
"Uniform(0,1)",14,500,1,0
"Uniform(0,1)",14,1000,1,0
"Uniform(0,1)",14,2000,1,0
"Uniform(0,1)",14,5000,1,0
"Uniform(0,1)",14,10000,1,0
"Uniform(0,1)",15,10,1,0
"Uniform(0,1)",15,20,1,0
"Uniform(0,1)",15,40,1,0
"Uniform(0,1)",15,75,1,0
"Uniform(0,1)",15,125,1,0
"Uniform(0,1)",15,200,1,0
"Uniform(0,1)",15,350,1,0
"Uniform(0,1)",15,500,1,0
"Uniform(0,1)",15,1000,1,0
"Uniform(0,1)",15,2000,1,0
"Uniform(0,1)",15,5000,1,0
"Uniform(0,1)",15,10000,1,0
"Uniform(0,1)",16,10,1,0
"Uniform(0,1)",16,20,1,0
"Uniform(0,1)",16,40,1,0
"Uniform(0,1)",16,75,1,0
"Uniform(0,1)",16,125,1,0
"Uniform(0,1)",16,200,1,0
"Uniform(0,1)",16,350,1,0
"Uniform(0,1)",16,500,1,0
"Uniform(0,1)",16,1000,1,0
"Uniform(0,1)",16,2000,1,0
"Uniform(0,1)",16,5000,1,0
"Uniform(0,1)",16,10000,1,0
"Uniform(0,1)",17,10,1,0
"Uniform(0,1)",17,20,1,0
"Uniform(0,1)",17,40,1,0
"Uniform(0,1)",17,75,1,0
"Uniform(0,1)",17,125,1,0
"Uniform(0,1)",17,200,1,0
"Uniform(0,1)",17,350,1,0
"Uniform(0,1)",17,500,1,0
"Uniform(0,1)",17,1000,1,0
"Uniform(0,1)",17,2000,1,0
"Uniform(0,1)",17,5000,1,0
"Uniform(0,1)",17,10000,1,0
"Uniform(0,1)",18,10,1,0
"Uniform(0,1)",18,20,1,0
"Uniform(0,1)",18,40,1,0
"Uniform(0,1)",18,75,1,0
"Uniform(0,1)",18,125,1,0
"Uniform(0,1)",18,200,1,0
"Uniform(0,1)",18,350,1,0
"Uniform(0,1)",18,500,1,0
"Uniform(0,1)",18,1000,1,0
"Uniform(0,1)",18,2000,1,0
"Uniform(0,1)",18,5000,1,0
"Uniform(0,1)",18,10000,1,0
"Uniform(0,1)",19,10,1,0
"Uniform(0,1)",19,20,1,0
"Uniform(0,1)",19,40,1,0
"Uniform(0,1)",19,75,1,0
"Uniform(0,1)",19,125,1,0
"Uniform(0,1)",19,200,1,0
"Uniform(0,1)",19,350,1,0
"Uniform(0,1)",19,500,1,0
"Uniform(0,1)",19,1000,1,0
"Uniform(0,1)",19,2000,1,0
"Uniform(0,1)",19,5000,1,0
"Uniform(0,1)",19,10000,1,0
"Uniform(0,1)",20,10,1,0
"Uniform(0,1)",20,20,1,0
"Uniform(0,1)",20,40,1,0
"Uniform(0,1)",20,75,1,0
"Uniform(0,1)",20,125,1,0
"Uniform(0,1)",20,200,1,0
"Uniform(0,1)",20,350,1,0
"Uniform(0,1)",20,500,1,0
"Uniform(0,1)",20,1000,1,0
"Uniform(0,1)",20,2000,1,0
"Uniform(0,1)",20,5000,1,0
"Uniform(0,1)",20,10000,1,0
"Uniform(0,1)",21,10,1,0
"Uniform(0,1)",21,20,1,0
"Uniform(0,1)",21,40,1,0
"Uniform(0,1)",21,75,1,0
"Uniform(0,1)",21,125,1,0
"Uniform(0,1)",21,200,1,0
"Uniform(0,1)",21,350,1,0
"Uniform(0,1)",21,500,1,0
"Uniform(0,1)",21,1000,1,0
"Uniform(0,1)",21,2000,1,0
"Uniform(0,1)",21,5000,1,0
"Uniform(0,1)",21,10000,1,0
"Uniform(0,1)",22,10,1,0
"Uniform(0,1)",22,20,1,0
"Uniform(0,1)",22,40,1,0
"Uniform(0,1)",22,75,1,0
"Uniform(0,1)",22,125,1,0
"Uniform(0,1)",22,200,1,0
"Uniform(0,1)",22,350,1,0
"Uniform(0,1)",22,500,1,0
"Uniform(0,1)",22,1000,1,0
"Uniform(0,1)",22,2000,1,0
"Uniform(0,1)",22,5000,1,0
"Uniform(0,1)",22,10000,1,0
"Uniform(0,1)",23,10,1,0
"Uniform(0,1)",23,20,1,0
"Uniform(0,1)",23,40,1,0
"Uniform(0,1)",23,75,1,0
"Uniform(0,1)",23,125,1,0
"Uniform(0,1)",23,200,1,0
"Uniform(0,1)",23,350,1,0
"Uniform(0,1)",23,500,1,0
"Uniform(0,1)",23,1000,1,0
"Uniform(0,1)",23,2000,1,0
"Uniform(0,1)",23,5000,1,0
"Uniform(0,1)",23,10000,1,0
"Uniform(0,1)",24,10,1,0
"Uniform(0,1)",24,20,1,0
"Uniform(0,1)",24,40,1,0
"Uniform(0,1)",24,75,1,0
"Uniform(0,1)",24,125,1,0
"Uniform(0,1)",24,200,1,0
"Uniform(0,1)",24,350,1,0
"Uniform(0,1)",24,500,1,0
"Uniform(0,1)",24,1000,1,0
"Uniform(0,1)",24,2000,1,0
"Uniform(0,1)",24,5000,1,0
"Uniform(0,1)",24,10000,1,0
"Uniform(0,1)",25,10,1,0
"Uniform(0,1)",25,20,1,0
"Uniform(0,1)",25,40,1,0
"Uniform(0,1)",25,75,1,0
"Uniform(0,1)",25,125,1,0
"Uniform(0,1)",25,200,1,0
"Uniform(0,1)",25,350,1,0
"Uniform(0,1)",25,500,1,0
"Uniform(0,1)",25,1000,1,0
"Uniform(0,1)",25,2000,1,0
"Uniform(0,1)",25,5000,1,0
"Uniform(0,1)",25,10000,1,0
"Uniform(0,1)",26,10,1,0
"Uniform(0,1)",26,20,1,0
"Uniform(0,1)",26,40,1,0
"Uniform(0,1)",26,75,1,0
"Uniform(0,1)",26,125,1,0
"Uniform(0,1)",26,200,1,0
"Uniform(0,1)",26,350,1,0
"Uniform(0,1)",26,500,1,0
"Uniform(0,1)",26,1000,1,0
"Uniform(0,1)",26,2000,1,0
"Uniform(0,1)",26,5000,1,0
"Uniform(0,1)",26,10000,1,0
"Uniform(0,1)",27,10,1,0
"Uniform(0,1)",27,20,1,0
"Uniform(0,1)",27,40,1,0
"Uniform(0,1)",27,75,1,0
"Uniform(0,1)",27,125,1,0
"Uniform(0,1)",27,200,1,0
"Uniform(0,1)",27,350,1,0
"Uniform(0,1)",27,500,1,0
"Uniform(0,1)",27,1000,1,0
"Uniform(0,1)",27,2000,1,0
"Uniform(0,1)",27,5000,1,0
"Uniform(0,1)",27,10000,1,0
"Uniform(0,1)",28,10,1,0
"Uniform(0,1)",28,20,1,0
"Uniform(0,1)",28,40,1,0
"Uniform(0,1)",28,75,1,0
"Uniform(0,1)",28,125,1,0
"Uniform(0,1)",28,200,1,0
"Uniform(0,1)",28,350,1,0
"Uniform(0,1)",28,500,1,0
"Uniform(0,1)",28,1000,1,0
"Uniform(0,1)",28,2000,1,0
"Uniform(0,1)",28,5000,1,0
"Uniform(0,1)",28,10000,1,0
"Uniform(0,1)",29,10,1,0
"Uniform(0,1)",29,20,1,0
"Uniform(0,1)",29,40,1,0
"Uniform(0,1)",29,75,1,0
"Uniform(0,1)",29,125,1,0
"Uniform(0,1)",29,200,1,0
"Uniform(0,1)",29,350,1,0
"Uniform(0,1)",29,500,1,0
"Uniform(0,1)",29,1000,1,0
"Uniform(0,1)",29,2000,1,0
"Uniform(0,1)",29,5000,1,0
"Uniform(0,1)",29,10000,1,0
"Uniform(0,1)",30,10,1,0
"Uniform(0,1)",30,20,1,0
"Uniform(0,1)",30,40,1,0
"Uniform(0,1)",30,75,1,0
"Uniform(0,1)",30,125,1,0
"Uniform(0,1)",30,200,1,0
"Uniform(0,1)",30,350,1,0
"Uniform(0,1)",30,500,1,0
"Uniform(0,1)",30,1000,1,0
"Uniform(0,1)",30,2000,1,0
"Uniform(0,1)",30,5000,1,0
"Uniform(0,1)",30,10000,1,0
"Uniform(0,1)",31,10,1,0
"Uniform(0,1)",31,20,1,0
"Uniform(0,1)",31,40,1,0
"Uniform(0,1)",31,75,1,0
"Uniform(0,1)",31,125,1,0
"Uniform(0,1)",31,200,1,0
"Uniform(0,1)",31,350,1,0
"Uniform(0,1)",31,500,1,0
"Uniform(0,1)",31,1000,1,0
"Uniform(0,1)",31,2000,1,0
"Uniform(0,1)",31,5000,1,0
"Uniform(0,1)",31,10000,1,0
"Uniform(0,1)",32,10,1,0
"Uniform(0,1)",32,20,1,0
"Uniform(0,1)",32,40,1,0
"Uniform(0,1)",32,75,1,0
"Uniform(0,1)",32,125,1,0
"Uniform(0,1)",32,200,1,0
"Uniform(0,1)",32,350,1,0
"Uniform(0,1)",32,500,1,0
"Uniform(0,1)",32,1000,1,0
"Uniform(0,1)",32,2000,1,0
"Uniform(0,1)",32,5000,1,0
"Uniform(0,1)",32,10000,1,0
"Uniform(0,1)",33,10,1,0
"Uniform(0,1)",33,20,1,0
"Uniform(0,1)",33,40,1,0
"Uniform(0,1)",33,75,1,0
"Uniform(0,1)",33,125,1,0
"Uniform(0,1)",33,200,1,0
"Uniform(0,1)",33,350,1,0
"Uniform(0,1)",33,500,1,0
"Uniform(0,1)",33,1000,1,0
"Uniform(0,1)",33,2000,1,0
"Uniform(0,1)",33,5000,1,0
"Uniform(0,1)",33,10000,1,0
"Uniform(0,1)",34,10,1,0
"Uniform(0,1)",34,20,1,0
"Uniform(0,1)",34,40,1,0
"Uniform(0,1)",34,75,1,0
"Uniform(0,1)",34,125,1,0
"Uniform(0,1)",34,200,1,0
"Uniform(0,1)",34,350,1,0
"Uniform(0,1)",34,500,1,0
"Uniform(0,1)",34,1000,1,0
"Uniform(0,1)",34,2000,1,0
"Uniform(0,1)",34,5000,1,0
"Uniform(0,1)",34,10000,1,0
"Uniform(0,1)",35,10,1,0
"Uniform(0,1)",35,20,1,0
"Uniform(0,1)",35,40,1,0
"Uniform(0,1)",35,75,1,0
"Uniform(0,1)",35,125,1,0
"Uniform(0,1)",35,200,1,0
"Uniform(0,1)",35,350,1,0
"Uniform(0,1)",35,500,1,0
"Uniform(0,1)",35,1000,1,0
"Uniform(0,1)",35,2000,1,0
"Uniform(0,1)",35,5000,1,0
"Uniform(0,1)",35,10000,1,0
"Uniform(0,1)",36,10,1,0
"Uniform(0,1)",36,20,1,0
"Uniform(0,1)",36,40,1,0
"Uniform(0,1)",36,75,1,0
"Uniform(0,1)",36,125,1,0
"Uniform(0,1)",36,200,1,0
"Uniform(0,1)",36,350,1,0
"Uniform(0,1)",36,500,1,0
"Uniform(0,1)",36,1000,1,0
"Uniform(0,1)",36,2000,1,0
"Uniform(0,1)",36,5000,1,0
"Uniform(0,1)",36,10000,1,0
"Uniform(0,1)",37,10,1,0
"Uniform(0,1)",37,20,1,0
"Uniform(0,1)",37,40,1,0
"Uniform(0,1)",37,75,1,0
"Uniform(0,1)",37,125,1,0
"Uniform(0,1)",37,200,1,0
"Uniform(0,1)",37,350,1,0
"Uniform(0,1)",37,500,1,0
"Uniform(0,1)",37,1000,1,0
"Uniform(0,1)",37,2000,1,0
"Uniform(0,1)",37,5000,1,0
"Uniform(0,1)",37,10000,1,0
"Uniform(0,1)",38,10,1,0
"Uniform(0,1)",38,20,1,0
"Uniform(0,1)",38,40,1,0
"Uniform(0,1)",38,75,1,0
"Uniform(0,1)",38,125,1,0
"Uniform(0,1)",38,200,1,0
"Uniform(0,1)",38,350,1,0
"Uniform(0,1)",38,500,1,0
"Uniform(0,1)",38,1000,1,0
"Uniform(0,1)",38,2000,1,0
"Uniform(0,1)",38,5000,1,0
"Uniform(0,1)",38,10000,1,0
"Uniform(0,1)",39,10,1,0
"Uniform(0,1)",39,20,1,0
"Uniform(0,1)",39,40,1,0
"Uniform(0,1)",39,75,1,0
"Uniform(0,1)",39,125,1,0
"Uniform(0,1)",39,200,1,0
"Uniform(0,1)",39,350,1,0
"Uniform(0,1)",39,500,1,0
"Uniform(0,1)",39,1000,1,0
"Uniform(0,1)",39,2000,1,0
"Uniform(0,1)",39,5000,1,0
"Uniform(0,1)",39,10000,1,0
"Beta(0.5,0.5)",0,10,1,0
"Beta(0.5,0.5)",0,20,1,0
"Beta(0.5,0.5)",0,40,1,0
"Beta(0.5,0.5)",0,75,1,0
"Beta(0.5,0.5)",0,125,1,0
"Beta(0.5,0.5)",0,200,1,0
"Beta(0.5,0.5)",0,350,1,0
"Beta(0.5,0.5)",0,500,1,0
"Beta(0.5,0.5)",0,1000,1,0
"Beta(0.5,0.5)",0,2000,1,0
"Beta(0.5,0.5)",0,5000,1,0
"Beta(0.5,0.5)",0,10000,1,0
"Beta(0.5,0.5)",1,10,1,0
"Beta(0.5,0.5)",1,20,1,0
"Beta(0.5,0.5)",1,40,1,0
"Beta(0.5,0.5)",1,75,1,0
"Beta(0.5,0.5)",1,125,1,0
"Beta(0.5,0.5)",1,200,1,0
"Beta(0.5,0.5)",1,350,1,0
"Beta(0.5,0.5)",1,500,1,0
"Beta(0.5,0.5)",1,1000,1,0
"Beta(0.5,0.5)",1,2000,1,0
"Beta(0.5,0.5)",1,5000,1,0
"Beta(0.5,0.5)",1,10000,1,0
"Beta(0.5,0.5)",2,10,1,0
"Beta(0.5,0.5)",2,20,1,0
"Beta(0.5,0.5)",2,40,1,0
"Beta(0.5,0.5)",2,75,1,0
"Beta(0.5,0.5)",2,125,1,0
"Beta(0.5,0.5)",2,200,1,0
"Beta(0.5,0.5)",2,350,1,0
"Beta(0.5,0.5)",2,500,1,0
"Beta(0.5,0.5)",2,1000,1,0
"Beta(0.5,0.5)",2,2000,1,0
"Beta(0.5,0.5)",2,5000,1,0
"Beta(0.5,0.5)",2,10000,1,0
"Beta(0.5,0.5)",3,10,1,0
"Beta(0.5,0.5)",3,20,1,0
"Beta(0.5,0.5)",3,40,1,0
"Beta(0.5,0.5)",3,75,1,0
"Beta(0.5,0.5)",3,125,1,0
"Beta(0.5,0.5)",3,200,1,0
"Beta(0.5,0.5)",3,350,1,0
"Beta(0.5,0.5)",3,500,1,0
"Beta(0.5,0.5)",3,1000,1,0
"Beta(0.5,0.5)",3,2000,1,0
"Beta(0.5,0.5)",3,5000,1,0
"Beta(0.5,0.5)",3,10000,1,0
"Beta(0.5,0.5)",4,10,1,0
"Beta(0.5,0.5)",4,20,1,0
"Beta(0.5,0.5)",4,40,1,0
"Beta(0.5,0.5)",4,75,1,0
"Beta(0.5,0.5)",4,125,1,0
"Beta(0.5,0.5)",4,200,1,0
"Beta(0.5,0.5)",4,350,1,0
"Beta(0.5,0.5)",4,500,1,0
"Beta(0.5,0.5)",4,1000,1,0
"Beta(0.5,0.5)",4,2000,1,0
"Beta(0.5,0.5)",4,5000,1,0
"Beta(0.5,0.5)",4,10000,1,0
"Beta(0.5,0.5)",5,10,1,0
"Beta(0.5,0.5)",5,20,1,0
"Beta(0.5,0.5)",5,40,1,0
"Beta(0.5,0.5)",5,75,1,0
"Beta(0.5,0.5)",5,125,1,0
"Beta(0.5,0.5)",5,200,1,0
"Beta(0.5,0.5)",5,350,1,0
"Beta(0.5,0.5)",5,500,1,0
"Beta(0.5,0.5)",5,1000,1,0
"Beta(0.5,0.5)",5,2000,1,0
"Beta(0.5,0.5)",5,5000,1,0
"Beta(0.5,0.5)",5,10000,1,0
"Beta(0.5,0.5)",6,10,1,0
"Beta(0.5,0.5)",6,20,1,0
"Beta(0.5,0.5)",6,40,1,0
"Beta(0.5,0.5)",6,75,1,0
"Beta(0.5,0.5)",6,125,1,0
"Beta(0.5,0.5)",6,200,1,0
"Beta(0.5,0.5)",6,350,1,0
"Beta(0.5,0.5)",6,500,1,0
"Beta(0.5,0.5)",6,1000,1,0
"Beta(0.5,0.5)",6,2000,1,0
"Beta(0.5,0.5)",6,5000,1,0
"Beta(0.5,0.5)",6,10000,1,0
"Beta(0.5,0.5)",7,10,1,0
"Beta(0.5,0.5)",7,20,1,0
"Beta(0.5,0.5)",7,40,1,0
"Beta(0.5,0.5)",7,75,1,0
"Beta(0.5,0.5)",7,125,1,0
"Beta(0.5,0.5)",7,200,1,0
"Beta(0.5,0.5)",7,350,1,0
"Beta(0.5,0.5)",7,500,1,0
"Beta(0.5,0.5)",7,1000,1,0
"Beta(0.5,0.5)",7,2000,1,0
"Beta(0.5,0.5)",7,5000,1,0
"Beta(0.5,0.5)",7,10000,1,0
"Beta(0.5,0.5)",8,10,1,0
"Beta(0.5,0.5)",8,20,1,0
"Beta(0.5,0.5)",8,40,1,0
"Beta(0.5,0.5)",8,75,1,0
"Beta(0.5,0.5)",8,125,1,0
"Beta(0.5,0.5)",8,200,1,0
"Beta(0.5,0.5)",8,350,1,0
"Beta(0.5,0.5)",8,500,1,0
"Beta(0.5,0.5)",8,1000,1,0
"Beta(0.5,0.5)",8,2000,1,0
"Beta(0.5,0.5)",8,5000,1,0
"Beta(0.5,0.5)",8,10000,1,0
"Beta(0.5,0.5)",9,10,1,0
"Beta(0.5,0.5)",9,20,1,0
"Beta(0.5,0.5)",9,40,1,0
"Beta(0.5,0.5)",9,75,1,0
"Beta(0.5,0.5)",9,125,1,0
"Beta(0.5,0.5)",9,200,1,0
"Beta(0.5,0.5)",9,350,1,0
"Beta(0.5,0.5)",9,500,1,0
"Beta(0.5,0.5)",9,1000,1,0
"Beta(0.5,0.5)",9,2000,1,0
"Beta(0.5,0.5)",9,5000,1,0
"Beta(0.5,0.5)",9,10000,1,0
"Beta(0.5,0.5)",10,10,1,0
"Beta(0.5,0.5)",10,20,1,0
"Beta(0.5,0.5)",10,40,1,0
"Beta(0.5,0.5)",10,75,1,0
"Beta(0.5,0.5)",10,125,1,0
"Beta(0.5,0.5)",10,200,1,0
"Beta(0.5,0.5)",10,350,1,0
"Beta(0.5,0.5)",10,500,1,0
"Beta(0.5,0.5)",10,1000,1,0
"Beta(0.5,0.5)",10,2000,1,0
"Beta(0.5,0.5)",10,5000,1,0
"Beta(0.5,0.5)",10,10000,1,0
"Beta(0.5,0.5)",11,10,1,0
"Beta(0.5,0.5)",11,20,1,0
"Beta(0.5,0.5)",11,40,1,0
"Beta(0.5,0.5)",11,75,1,0
"Beta(0.5,0.5)",11,125,1,0
"Beta(0.5,0.5)",11,200,1,0
"Beta(0.5,0.5)",11,350,1,0
"Beta(0.5,0.5)",11,500,1,0
"Beta(0.5,0.5)",11,1000,1,0
"Beta(0.5,0.5)",11,2000,1,0
"Beta(0.5,0.5)",11,5000,1,0
"Beta(0.5,0.5)",11,10000,1,0
"Beta(0.5,0.5)",12,10,1,0
"Beta(0.5,0.5)",12,20,1,0
"Beta(0.5,0.5)",12,40,1,0
"Beta(0.5,0.5)",12,75,1,0
"Beta(0.5,0.5)",12,125,1,0
"Beta(0.5,0.5)",12,200,1,0
"Beta(0.5,0.5)",12,350,1,0
"Beta(0.5,0.5)",12,500,1,0
"Beta(0.5,0.5)",12,1000,1,0
"Beta(0.5,0.5)",12,2000,1,0
"Beta(0.5,0.5)",12,5000,1,0
"Beta(0.5,0.5)",12,10000,1,0
"Beta(0.5,0.5)",13,10,1,0
"Beta(0.5,0.5)",13,20,1,0
"Beta(0.5,0.5)",13,40,1,0
"Beta(0.5,0.5)",13,75,1,0
"Beta(0.5,0.5)",13,125,1,0
"Beta(0.5,0.5)",13,200,1,0
"Beta(0.5,0.5)",13,350,1,0
"Beta(0.5,0.5)",13,500,1,0
"Beta(0.5,0.5)",13,1000,1,0
"Beta(0.5,0.5)",13,2000,1,0
"Beta(0.5,0.5)",13,5000,1,0
"Beta(0.5,0.5)",13,10000,1,0
"Beta(0.5,0.5)",14,10,1,0
"Beta(0.5,0.5)",14,20,1,0
"Beta(0.5,0.5)",14,40,1,0
"Beta(0.5,0.5)",14,75,1,0
"Beta(0.5,0.5)",14,125,1,0
"Beta(0.5,0.5)",14,200,1,0
"Beta(0.5,0.5)",14,350,1,0
"Beta(0.5,0.5)",14,500,1,0
"Beta(0.5,0.5)",14,1000,1,0
"Beta(0.5,0.5)",14,2000,1,0
"Beta(0.5,0.5)",14,5000,1,0
"Beta(0.5,0.5)",14,10000,1,0
"Beta(0.5,0.5)",15,10,1,0
"Beta(0.5,0.5)",15,20,1,0
"Beta(0.5,0.5)",15,40,1,0
"Beta(0.5,0.5)",15,75,1,0
"Beta(0.5,0.5)",15,125,1,0
"Beta(0.5,0.5)",15,200,1,0
"Beta(0.5,0.5)",15,350,1,0
"Beta(0.5,0.5)",15,500,1,0
"Beta(0.5,0.5)",15,1000,1,0
"Beta(0.5,0.5)",15,2000,1,0
"Beta(0.5,0.5)",15,5000,1,0
"Beta(0.5,0.5)",15,10000,1,0
"Beta(0.5,0.5)",16,10,1,0
"Beta(0.5,0.5)",16,20,1,0
"Beta(0.5,0.5)",16,40,1,0
"Beta(0.5,0.5)",16,75,1,0
"Beta(0.5,0.5)",16,125,1,0
"Beta(0.5,0.5)",16,200,1,0
"Beta(0.5,0.5)",16,350,1,0
"Beta(0.5,0.5)",16,500,1,0
"Beta(0.5,0.5)",16,1000,1,0
"Beta(0.5,0.5)",16,2000,1,0
"Beta(0.5,0.5)",16,5000,1,0
"Beta(0.5,0.5)",16,10000,1,0
"Beta(0.5,0.5)",17,10,1,0
"Beta(0.5,0.5)",17,20,1,0
"Beta(0.5,0.5)",17,40,1,0
"Beta(0.5,0.5)",17,75,1,0
"Beta(0.5,0.5)",17,125,1,0
"Beta(0.5,0.5)",17,200,1,0
"Beta(0.5,0.5)",17,350,1,0
"Beta(0.5,0.5)",17,500,1,0
"Beta(0.5,0.5)",17,1000,1,0
"Beta(0.5,0.5)",17,2000,1,0
"Beta(0.5,0.5)",17,5000,1,0
"Beta(0.5,0.5)",17,10000,1,0
"Beta(0.5,0.5)",18,10,1,0
"Beta(0.5,0.5)",18,20,1,0
"Beta(0.5,0.5)",18,40,1,0
"Beta(0.5,0.5)",18,75,1,0
"Beta(0.5,0.5)",18,125,1,0
"Beta(0.5,0.5)",18,200,1,0
"Beta(0.5,0.5)",18,350,1,0
"Beta(0.5,0.5)",18,500,1,0
"Beta(0.5,0.5)",18,1000,1,0
"Beta(0.5,0.5)",18,2000,1,0
"Beta(0.5,0.5)",18,5000,1,0
"Beta(0.5,0.5)",18,10000,1,0
"Beta(0.5,0.5)",19,10,1,0
"Beta(0.5,0.5)",19,20,1,0
"Beta(0.5,0.5)",19,40,1,0
"Beta(0.5,0.5)",19,75,1,0
"Beta(0.5,0.5)",19,125,1,0
"Beta(0.5,0.5)",19,200,1,0
"Beta(0.5,0.5)",19,350,1,0
"Beta(0.5,0.5)",19,500,1,0
"Beta(0.5,0.5)",19,1000,1,0
"Beta(0.5,0.5)",19,2000,1,0
"Beta(0.5,0.5)",19,5000,1,0
"Beta(0.5,0.5)",19,10000,1,0
"Beta(0.5,0.5)",20,10,1,0
"Beta(0.5,0.5)",20,20,1,0
"Beta(0.5,0.5)",20,40,1,0
"Beta(0.5,0.5)",20,75,1,0
"Beta(0.5,0.5)",20,125,1,0
"Beta(0.5,0.5)",20,200,1,0
"Beta(0.5,0.5)",20,350,1,0
"Beta(0.5,0.5)",20,500,1,0
"Beta(0.5,0.5)",20,1000,1,0
"Beta(0.5,0.5)",20,2000,1,0
"Beta(0.5,0.5)",20,5000,1,0
"Beta(0.5,0.5)",20,10000,1,0
"Beta(0.5,0.5)",21,10,1,0
"Beta(0.5,0.5)",21,20,1,0
"Beta(0.5,0.5)",21,40,1,0
"Beta(0.5,0.5)",21,75,1,0
"Beta(0.5,0.5)",21,125,1,0
"Beta(0.5,0.5)",21,200,1,0
"Beta(0.5,0.5)",21,350,1,0
"Beta(0.5,0.5)",21,500,1,0
"Beta(0.5,0.5)",21,1000,1,0
"Beta(0.5,0.5)",21,2000,1,0
"Beta(0.5,0.5)",21,5000,1,0
"Beta(0.5,0.5)",21,10000,1,0
"Beta(0.5,0.5)",22,10,1,0
"Beta(0.5,0.5)",22,20,1,0
"Beta(0.5,0.5)",22,40,1,0
"Beta(0.5,0.5)",22,75,1,0
"Beta(0.5,0.5)",22,125,1,0
"Beta(0.5,0.5)",22,200,1,0
"Beta(0.5,0.5)",22,350,1,0
"Beta(0.5,0.5)",22,500,1,0
"Beta(0.5,0.5)",22,1000,1,0
"Beta(0.5,0.5)",22,2000,1,0
"Beta(0.5,0.5)",22,5000,1,0
"Beta(0.5,0.5)",22,10000,1,0
"Beta(0.5,0.5)",23,10,1,0
"Beta(0.5,0.5)",23,20,1,0
"Beta(0.5,0.5)",23,40,1,0
"Beta(0.5,0.5)",23,75,1,0
"Beta(0.5,0.5)",23,125,1,0
"Beta(0.5,0.5)",23,200,1,0
"Beta(0.5,0.5)",23,350,1,0
"Beta(0.5,0.5)",23,500,1,0
"Beta(0.5,0.5)",23,1000,1,0
"Beta(0.5,0.5)",23,2000,1,0
"Beta(0.5,0.5)",23,5000,1,0
"Beta(0.5,0.5)",23,10000,1,0
"Beta(0.5,0.5)",24,10,1,0
"Beta(0.5,0.5)",24,20,1,0
"Beta(0.5,0.5)",24,40,1,0
"Beta(0.5,0.5)",24,75,1,0
"Beta(0.5,0.5)",24,125,1,0
"Beta(0.5,0.5)",24,200,1,0
"Beta(0.5,0.5)",24,350,1,0
"Beta(0.5,0.5)",24,500,1,0
"Beta(0.5,0.5)",24,1000,1,0
"Beta(0.5,0.5)",24,2000,1,0
"Beta(0.5,0.5)",24,5000,1,0
"Beta(0.5,0.5)",24,10000,1,0
"Beta(0.5,0.5)",25,10,1,0
"Beta(0.5,0.5)",25,20,1,0
"Beta(0.5,0.5)",25,40,1,0
"Beta(0.5,0.5)",25,75,1,0
"Beta(0.5,0.5)",25,125,1,0
"Beta(0.5,0.5)",25,200,1,0
"Beta(0.5,0.5)",25,350,1,0
"Beta(0.5,0.5)",25,500,1,0
"Beta(0.5,0.5)",25,1000,1,0
"Beta(0.5,0.5)",25,2000,1,0
"Beta(0.5,0.5)",25,5000,1,0
"Beta(0.5,0.5)",25,10000,1,0
"Beta(0.5,0.5)",26,10,1,0
"Beta(0.5,0.5)",26,20,1,0
"Beta(0.5,0.5)",26,40,1,0
"Beta(0.5,0.5)",26,75,1,0
"Beta(0.5,0.5)",26,125,1,0
"Beta(0.5,0.5)",26,200,1,0
"Beta(0.5,0.5)",26,350,1,0
"Beta(0.5,0.5)",26,500,1,0
"Beta(0.5,0.5)",26,1000,1,0
"Beta(0.5,0.5)",26,2000,1,0
"Beta(0.5,0.5)",26,5000,1,0
"Beta(0.5,0.5)",26,10000,1,0
"Beta(0.5,0.5)",27,10,1,0
"Beta(0.5,0.5)",27,20,1,0
"Beta(0.5,0.5)",27,40,1,0
"Beta(0.5,0.5)",27,75,1,0
"Beta(0.5,0.5)",27,125,1,0
"Beta(0.5,0.5)",27,200,1,0
"Beta(0.5,0.5)",27,350,1,0
"Beta(0.5,0.5)",27,500,1,0
"Beta(0.5,0.5)",27,1000,1,0
"Beta(0.5,0.5)",27,2000,1,0
"Beta(0.5,0.5)",27,5000,1,0
"Beta(0.5,0.5)",27,10000,1,0
"Beta(0.5,0.5)",28,10,1,0
"Beta(0.5,0.5)",28,20,1,0
"Beta(0.5,0.5)",28,40,1,0
"Beta(0.5,0.5)",28,75,1,0
"Beta(0.5,0.5)",28,125,1,0
"Beta(0.5,0.5)",28,200,1,0
"Beta(0.5,0.5)",28,350,1,0
"Beta(0.5,0.5)",28,500,1,0
"Beta(0.5,0.5)",28,1000,1,0
"Beta(0.5,0.5)",28,2000,1,0
"Beta(0.5,0.5)",28,5000,1,0
"Beta(0.5,0.5)",28,10000,1,0
"Beta(0.5,0.5)",29,10,1,0
"Beta(0.5,0.5)",29,20,1,0
"Beta(0.5,0.5)",29,40,1,0
"Beta(0.5,0.5)",29,75,1,0
"Beta(0.5,0.5)",29,125,1,0
"Beta(0.5,0.5)",29,200,1,0
"Beta(0.5,0.5)",29,350,1,0
"Beta(0.5,0.5)",29,500,1,0
"Beta(0.5,0.5)",29,1000,1,0
"Beta(0.5,0.5)",29,2000,1,0
"Beta(0.5,0.5)",29,5000,1,0
"Beta(0.5,0.5)",29,10000,1,0
"Beta(0.5,0.5)",30,10,1,0
"Beta(0.5,0.5)",30,20,1,0
"Beta(0.5,0.5)",30,40,1,0
"Beta(0.5,0.5)",30,75,1,0
"Beta(0.5,0.5)",30,125,1,0
"Beta(0.5,0.5)",30,200,1,0
"Beta(0.5,0.5)",30,350,1,0
"Beta(0.5,0.5)",30,500,1,0
"Beta(0.5,0.5)",30,1000,1,0
"Beta(0.5,0.5)",30,2000,1,0
"Beta(0.5,0.5)",30,5000,1,0
"Beta(0.5,0.5)",30,10000,1,0
"Beta(0.5,0.5)",31,10,1,0
"Beta(0.5,0.5)",31,20,1,0
"Beta(0.5,0.5)",31,40,1,0
"Beta(0.5,0.5)",31,75,1,0
"Beta(0.5,0.5)",31,125,1,0
"Beta(0.5,0.5)",31,200,1,0
"Beta(0.5,0.5)",31,350,1,0
"Beta(0.5,0.5)",31,500,1,0
"Beta(0.5,0.5)",31,1000,1,0
"Beta(0.5,0.5)",31,2000,1,0
"Beta(0.5,0.5)",31,5000,1,0
"Beta(0.5,0.5)",31,10000,1,0
"Beta(0.5,0.5)",32,10,1,0
"Beta(0.5,0.5)",32,20,1,0
"Beta(0.5,0.5)",32,40,1,0
"Beta(0.5,0.5)",32,75,1,0
"Beta(0.5,0.5)",32,125,1,0
"Beta(0.5,0.5)",32,200,1,0
"Beta(0.5,0.5)",32,350,1,0
"Beta(0.5,0.5)",32,500,1,0
"Beta(0.5,0.5)",32,1000,1,0
"Beta(0.5,0.5)",32,2000,1,0
"Beta(0.5,0.5)",32,5000,1,0
"Beta(0.5,0.5)",32,10000,1,0
"Beta(0.5,0.5)",33,10,1,0
"Beta(0.5,0.5)",33,20,1,0
"Beta(0.5,0.5)",33,40,1,0
"Beta(0.5,0.5)",33,75,1,0
"Beta(0.5,0.5)",33,125,1,0
"Beta(0.5,0.5)",33,200,1,0
"Beta(0.5,0.5)",33,350,1,0
"Beta(0.5,0.5)",33,500,1,0
"Beta(0.5,0.5)",33,1000,1,0
"Beta(0.5,0.5)",33,2000,1,0
"Beta(0.5,0.5)",33,5000,1,0
"Beta(0.5,0.5)",33,10000,1,0
"Beta(0.5,0.5)",34,10,1,0
"Beta(0.5,0.5)",34,20,1,0
"Beta(0.5,0.5)",34,40,1,0
"Beta(0.5,0.5)",34,75,1,0
"Beta(0.5,0.5)",34,125,1,0
"Beta(0.5,0.5)",34,200,1,0
"Beta(0.5,0.5)",34,350,1,0
"Beta(0.5,0.5)",34,500,1,0
"Beta(0.5,0.5)",34,1000,1,0
"Beta(0.5,0.5)",34,2000,1,0
"Beta(0.5,0.5)",34,5000,1,0
"Beta(0.5,0.5)",34,10000,1,0
"Beta(0.5,0.5)",35,10,1,0
"Beta(0.5,0.5)",35,20,1,0
"Beta(0.5,0.5)",35,40,1,0
"Beta(0.5,0.5)",35,75,1,0
"Beta(0.5,0.5)",35,125,1,0
"Beta(0.5,0.5)",35,200,1,0
"Beta(0.5,0.5)",35,350,1,0
"Beta(0.5,0.5)",35,500,1,0
"Beta(0.5,0.5)",35,1000,1,0
"Beta(0.5,0.5)",35,2000,1,0
"Beta(0.5,0.5)",35,5000,1,0
"Beta(0.5,0.5)",35,10000,1,0
"Beta(0.5,0.5)",36,10,1,0
"Beta(0.5,0.5)",36,20,1,0
"Beta(0.5,0.5)",36,40,1,0
"Beta(0.5,0.5)",36,75,1,0
"Beta(0.5,0.5)",36,125,1,0
"Beta(0.5,0.5)",36,200,1,0
"Beta(0.5,0.5)",36,350,1,0
"Beta(0.5,0.5)",36,500,1,0
"Beta(0.5,0.5)",36,1000,1,0
"Beta(0.5,0.5)",36,2000,1,0
"Beta(0.5,0.5)",36,5000,1,0
"Beta(0.5,0.5)",36,10000,1,0
"Beta(0.5,0.5)",37,10,1,0
"Beta(0.5,0.5)",37,20,1,0
"Beta(0.5,0.5)",37,40,1,0
"Beta(0.5,0.5)",37,75,1,0
"Beta(0.5,0.5)",37,125,1,0
"Beta(0.5,0.5)",37,200,1,0
"Beta(0.5,0.5)",37,350,1,0
"Beta(0.5,0.5)",37,500,1,0
"Beta(0.5,0.5)",37,1000,1,0
"Beta(0.5,0.5)",37,2000,1,0
"Beta(0.5,0.5)",37,5000,1,0
"Beta(0.5,0.5)",37,10000,1,0
"Beta(0.5,0.5)",38,10,1,0
"Beta(0.5,0.5)",38,20,1,0
"Beta(0.5,0.5)",38,40,1,0
"Beta(0.5,0.5)",38,75,1,0
"Beta(0.5,0.5)",38,125,1,0
"Beta(0.5,0.5)",38,200,1,0
"Beta(0.5,0.5)",38,350,1,0
"Beta(0.5,0.5)",38,500,1,0
"Beta(0.5,0.5)",38,1000,1,0
"Beta(0.5,0.5)",38,2000,1,0
"Beta(0.5,0.5)",38,5000,1,0
"Beta(0.5,0.5)",38,10000,1,0
"Beta(0.5,0.5)",39,10,1,0
"Beta(0.5,0.5)",39,20,1,0
"Beta(0.5,0.5)",39,40,1,0
"Beta(0.5,0.5)",39,75,1,0
"Beta(0.5,0.5)",39,125,1,0
"Beta(0.5,0.5)",39,200,1,0
"Beta(0.5,0.5)",39,350,1,0
"Beta(0.5,0.5)",39,500,1,0
"Beta(0.5,0.5)",39,1000,1,0
"Beta(0.5,0.5)",39,2000,1,0
"Beta(0.5,0.5)",39,5000,1,0
"Beta(0.5,0.5)",39,10000,1,0
Bernoulli(0.1),0,10,1,0
Bernoulli(0.1),0,20,1,0
Bernoulli(0.1),0,40,1,0
Bernoulli(0.1),0,75,1,0
Bernoulli(0.1),0,125,1,0
Bernoulli(0.1),0,200,1,0
Bernoulli(0.1),0,350,1,0
Bernoulli(0.1),0,500,1,0
Bernoulli(0.1),0,1000,1,0
Bernoulli(0.1),0,2000,1,0
Bernoulli(0.1),0,5000,1,0
Bernoulli(0.1),0,10000,1,0
Bernoulli(0.1),1,10,1,0
Bernoulli(0.1),1,20,1,0
Bernoulli(0.1),1,40,1,0
Bernoulli(0.1),1,75,1,0
Bernoulli(0.1),1,125,1,0
Bernoulli(0.1),1,200,1,0
Bernoulli(0.1),1,350,1,0
Bernoulli(0.1),1,500,1,0
Bernoulli(0.1),1,1000,1,0
Bernoulli(0.1),1,2000,1,0
Bernoulli(0.1),1,5000,1,0
Bernoulli(0.1),1,10000,1,0
Bernoulli(0.1),2,10,1,0
Bernoulli(0.1),2,20,1,0
Bernoulli(0.1),2,40,1,0
Bernoulli(0.1),2,75,1,0
Bernoulli(0.1),2,125,1,0
Bernoulli(0.1),2,200,1,0
Bernoulli(0.1),2,350,1,0
Bernoulli(0.1),2,500,1,0
Bernoulli(0.1),2,1000,1,0
Bernoulli(0.1),2,2000,1,0
Bernoulli(0.1),2,5000,1,0
Bernoulli(0.1),2,10000,1,0
Bernoulli(0.1),3,10,1,0
Bernoulli(0.1),3,20,1,0
Bernoulli(0.1),3,40,1,0
Bernoulli(0.1),3,75,1,0
Bernoulli(0.1),3,125,1,0
Bernoulli(0.1),3,200,1,0
Bernoulli(0.1),3,350,1,0
Bernoulli(0.1),3,500,1,0
Bernoulli(0.1),3,1000,1,0
Bernoulli(0.1),3,2000,1,0
Bernoulli(0.1),3,5000,1,0
Bernoulli(0.1),3,10000,1,0
Bernoulli(0.1),4,10,1,0
Bernoulli(0.1),4,20,1,0
Bernoulli(0.1),4,40,1,0
Bernoulli(0.1),4,75,1,0
Bernoulli(0.1),4,125,1,0
Bernoulli(0.1),4,200,1,0
Bernoulli(0.1),4,350,1,0
Bernoulli(0.1),4,500,1,0
Bernoulli(0.1),4,1000,1,0
Bernoulli(0.1),4,2000,1,0
Bernoulli(0.1),4,5000,1,0
Bernoulli(0.1),4,10000,1,0
Bernoulli(0.1),5,10,1,0
Bernoulli(0.1),5,20,1,0
Bernoulli(0.1),5,40,1,0
Bernoulli(0.1),5,75,1,0
Bernoulli(0.1),5,125,1,0
Bernoulli(0.1),5,200,1,0
Bernoulli(0.1),5,350,1,0
Bernoulli(0.1),5,500,1,0
Bernoulli(0.1),5,1000,1,0
Bernoulli(0.1),5,2000,1,0
Bernoulli(0.1),5,5000,1,0
Bernoulli(0.1),5,10000,1,0
Bernoulli(0.1),6,10,1,0
Bernoulli(0.1),6,20,1,0
Bernoulli(0.1),6,40,1,0
Bernoulli(0.1),6,75,1,0
Bernoulli(0.1),6,125,1,0
Bernoulli(0.1),6,200,1,0
Bernoulli(0.1),6,350,1,0
Bernoulli(0.1),6,500,1,0
Bernoulli(0.1),6,1000,1,0
Bernoulli(0.1),6,2000,1,0
Bernoulli(0.1),6,5000,1,0
Bernoulli(0.1),6,10000,1,0
Bernoulli(0.1),7,10,1,0
Bernoulli(0.1),7,20,1,0
Bernoulli(0.1),7,40,1,0
Bernoulli(0.1),7,75,1,0
Bernoulli(0.1),7,125,1,0
Bernoulli(0.1),7,200,1,0
Bernoulli(0.1),7,350,1,0
Bernoulli(0.1),7,500,1,0
Bernoulli(0.1),7,1000,1,0
Bernoulli(0.1),7,2000,1,0
Bernoulli(0.1),7,5000,1,0
Bernoulli(0.1),7,10000,1,0
Bernoulli(0.1),8,10,1,0
Bernoulli(0.1),8,20,1,0
Bernoulli(0.1),8,40,1,0
Bernoulli(0.1),8,75,1,0
Bernoulli(0.1),8,125,1,0
Bernoulli(0.1),8,200,1,0
Bernoulli(0.1),8,350,1,0
Bernoulli(0.1),8,500,1,0
Bernoulli(0.1),8,1000,1,0
Bernoulli(0.1),8,2000,1,0
Bernoulli(0.1),8,5000,1,0
Bernoulli(0.1),8,10000,1,0
Bernoulli(0.1),9,10,1,0
Bernoulli(0.1),9,20,1,0
Bernoulli(0.1),9,40,1,0
Bernoulli(0.1),9,75,1,0
Bernoulli(0.1),9,125,1,0
Bernoulli(0.1),9,200,1,0
Bernoulli(0.1),9,350,1,0
Bernoulli(0.1),9,500,1,0
Bernoulli(0.1),9,1000,1,0
Bernoulli(0.1),9,2000,1,0
Bernoulli(0.1),9,5000,1,0
Bernoulli(0.1),9,10000,1,0
Bernoulli(0.1),10,10,1,0
Bernoulli(0.1),10,20,1,0
Bernoulli(0.1),10,40,1,0
Bernoulli(0.1),10,75,1,0
Bernoulli(0.1),10,125,1,0
Bernoulli(0.1),10,200,1,0
Bernoulli(0.1),10,350,1,0
Bernoulli(0.1),10,500,1,0
Bernoulli(0.1),10,1000,1,0
Bernoulli(0.1),10,2000,1,0
Bernoulli(0.1),10,5000,1,0
Bernoulli(0.1),10,10000,1,0
Bernoulli(0.1),11,10,1,0
Bernoulli(0.1),11,20,1,0
Bernoulli(0.1),11,40,1,0
Bernoulli(0.1),11,75,1,0
Bernoulli(0.1),11,125,1,0
Bernoulli(0.1),11,200,1,0
Bernoulli(0.1),11,350,1,0
Bernoulli(0.1),11,500,1,0
Bernoulli(0.1),11,1000,1,0
Bernoulli(0.1),11,2000,1,0
Bernoulli(0.1),11,5000,1,0
Bernoulli(0.1),11,10000,1,0
Bernoulli(0.1),12,10,1,0
Bernoulli(0.1),12,20,1,0
Bernoulli(0.1),12,40,1,0
Bernoulli(0.1),12,75,1,0
Bernoulli(0.1),12,125,1,0
Bernoulli(0.1),12,200,1,0
Bernoulli(0.1),12,350,1,0
Bernoulli(0.1),12,500,1,0
Bernoulli(0.1),12,1000,1,0
Bernoulli(0.1),12,2000,1,0
Bernoulli(0.1),12,5000,1,0
Bernoulli(0.1),12,10000,1,0
Bernoulli(0.1),13,10,1,0
Bernoulli(0.1),13,20,1,0
Bernoulli(0.1),13,40,1,0
Bernoulli(0.1),13,75,1,0
Bernoulli(0.1),13,125,1,0
Bernoulli(0.1),13,200,1,0
Bernoulli(0.1),13,350,1,0
Bernoulli(0.1),13,500,1,0
Bernoulli(0.1),13,1000,1,0
Bernoulli(0.1),13,2000,1,0
Bernoulli(0.1),13,5000,1,0
Bernoulli(0.1),13,10000,1,0
Bernoulli(0.1),14,10,1,0
Bernoulli(0.1),14,20,1,0
Bernoulli(0.1),14,40,1,0
Bernoulli(0.1),14,75,1,0
Bernoulli(0.1),14,125,1,0
Bernoulli(0.1),14,200,1,0
Bernoulli(0.1),14,350,1,0
Bernoulli(0.1),14,500,1,0
Bernoulli(0.1),14,1000,1,0
Bernoulli(0.1),14,2000,1,0
Bernoulli(0.1),14,5000,1,0
Bernoulli(0.1),14,10000,1,0
Bernoulli(0.1),15,10,1,0
Bernoulli(0.1),15,20,1,0
Bernoulli(0.1),15,40,1,0
Bernoulli(0.1),15,75,1,0
Bernoulli(0.1),15,125,1,0
Bernoulli(0.1),15,200,1,0
Bernoulli(0.1),15,350,1,0
Bernoulli(0.1),15,500,1,0
Bernoulli(0.1),15,1000,1,0
Bernoulli(0.1),15,2000,1,0
Bernoulli(0.1),15,5000,1,0
Bernoulli(0.1),15,10000,1,0
Bernoulli(0.1),16,10,1,0
Bernoulli(0.1),16,20,1,0
Bernoulli(0.1),16,40,1,0
Bernoulli(0.1),16,75,1,0
Bernoulli(0.1),16,125,1,0
Bernoulli(0.1),16,200,1,0
Bernoulli(0.1),16,350,1,0
Bernoulli(0.1),16,500,1,0
Bernoulli(0.1),16,1000,1,0
Bernoulli(0.1),16,2000,1,0
Bernoulli(0.1),16,5000,1,0
Bernoulli(0.1),16,10000,1,0
Bernoulli(0.1),17,10,1,0
Bernoulli(0.1),17,20,1,0
Bernoulli(0.1),17,40,1,0
Bernoulli(0.1),17,75,1,0
Bernoulli(0.1),17,125,1,0
Bernoulli(0.1),17,200,1,0
Bernoulli(0.1),17,350,1,0
Bernoulli(0.1),17,500,1,0
Bernoulli(0.1),17,1000,1,0
Bernoulli(0.1),17,2000,1,0
Bernoulli(0.1),17,5000,1,0
Bernoulli(0.1),17,10000,1,0
Bernoulli(0.1),18,10,1,0
Bernoulli(0.1),18,20,1,0
Bernoulli(0.1),18,40,1,0
Bernoulli(0.1),18,75,1,0
Bernoulli(0.1),18,125,1,0
Bernoulli(0.1),18,200,1,0
Bernoulli(0.1),18,350,1,0
Bernoulli(0.1),18,500,1,0
Bernoulli(0.1),18,1000,1,0
Bernoulli(0.1),18,2000,1,0
Bernoulli(0.1),18,5000,1,0
Bernoulli(0.1),18,10000,1,0
Bernoulli(0.1),19,10,1,0
Bernoulli(0.1),19,20,1,0
Bernoulli(0.1),19,40,1,0
Bernoulli(0.1),19,75,1,0
Bernoulli(0.1),19,125,1,0
Bernoulli(0.1),19,200,1,0
Bernoulli(0.1),19,350,1,0
Bernoulli(0.1),19,500,1,0
Bernoulli(0.1),19,1000,1,0
Bernoulli(0.1),19,2000,1,0
Bernoulli(0.1),19,5000,1,0
Bernoulli(0.1),19,10000,1,0
Bernoulli(0.1),20,10,1,0
Bernoulli(0.1),20,20,1,0
Bernoulli(0.1),20,40,1,0
Bernoulli(0.1),20,75,1,0
Bernoulli(0.1),20,125,1,0
Bernoulli(0.1),20,200,1,0
Bernoulli(0.1),20,350,1,0
Bernoulli(0.1),20,500,1,0
Bernoulli(0.1),20,1000,1,0
Bernoulli(0.1),20,2000,1,0
Bernoulli(0.1),20,5000,1,0
Bernoulli(0.1),20,10000,1,0
Bernoulli(0.1),21,10,1,0
Bernoulli(0.1),21,20,1,0
Bernoulli(0.1),21,40,1,0
Bernoulli(0.1),21,75,1,0
Bernoulli(0.1),21,125,1,0
Bernoulli(0.1),21,200,1,0
Bernoulli(0.1),21,350,1,0
Bernoulli(0.1),21,500,1,0
Bernoulli(0.1),21,1000,1,0
Bernoulli(0.1),21,2000,1,0
Bernoulli(0.1),21,5000,1,0
Bernoulli(0.1),21,10000,1,0
Bernoulli(0.1),22,10,1,0
Bernoulli(0.1),22,20,1,0
Bernoulli(0.1),22,40,1,0
Bernoulli(0.1),22,75,1,0
Bernoulli(0.1),22,125,1,0
Bernoulli(0.1),22,200,1,0
Bernoulli(0.1),22,350,1,0
Bernoulli(0.1),22,500,1,0
Bernoulli(0.1),22,1000,1,0
Bernoulli(0.1),22,2000,1,0
Bernoulli(0.1),22,5000,1,0
Bernoulli(0.1),22,10000,1,0
Bernoulli(0.1),23,10,1,0
Bernoulli(0.1),23,20,1,0
Bernoulli(0.1),23,40,1,0
Bernoulli(0.1),23,75,1,0
Bernoulli(0.1),23,125,1,0
Bernoulli(0.1),23,200,1,0
Bernoulli(0.1),23,350,1,0
Bernoulli(0.1),23,500,1,0
Bernoulli(0.1),23,1000,1,0
Bernoulli(0.1),23,2000,1,0
Bernoulli(0.1),23,5000,1,0
Bernoulli(0.1),23,10000,1,0
Bernoulli(0.1),24,10,1,0
Bernoulli(0.1),24,20,1,0
Bernoulli(0.1),24,40,1,0
Bernoulli(0.1),24,75,1,0
Bernoulli(0.1),24,125,1,0
Bernoulli(0.1),24,200,1,0
Bernoulli(0.1),24,350,1,0
Bernoulli(0.1),24,500,1,0
Bernoulli(0.1),24,1000,1,0
Bernoulli(0.1),24,2000,1,0
Bernoulli(0.1),24,5000,1,0
Bernoulli(0.1),24,10000,1,0
Bernoulli(0.1),25,10,1,0
Bernoulli(0.1),25,20,1,0
Bernoulli(0.1),25,40,1,0
Bernoulli(0.1),25,75,1,0
Bernoulli(0.1),25,125,1,0
Bernoulli(0.1),25,200,1,0
Bernoulli(0.1),25,350,1,0
Bernoulli(0.1),25,500,1,0
Bernoulli(0.1),25,1000,1,0
Bernoulli(0.1),25,2000,1,0
Bernoulli(0.1),25,5000,1,0
Bernoulli(0.1),25,10000,1,0
Bernoulli(0.1),26,10,1,0
Bernoulli(0.1),26,20,1,0
Bernoulli(0.1),26,40,1,0
Bernoulli(0.1),26,75,1,0
Bernoulli(0.1),26,125,1,0
Bernoulli(0.1),26,200,1,0
Bernoulli(0.1),26,350,1,0
Bernoulli(0.1),26,500,1,0
Bernoulli(0.1),26,1000,1,0
Bernoulli(0.1),26,2000,1,0
Bernoulli(0.1),26,5000,1,0
Bernoulli(0.1),26,10000,1,0
Bernoulli(0.1),27,10,1,0
Bernoulli(0.1),27,20,1,0
Bernoulli(0.1),27,40,1,0
Bernoulli(0.1),27,75,1,0
Bernoulli(0.1),27,125,1,0
Bernoulli(0.1),27,200,1,0
Bernoulli(0.1),27,350,1,0
Bernoulli(0.1),27,500,1,0
Bernoulli(0.1),27,1000,1,0
Bernoulli(0.1),27,2000,1,0
Bernoulli(0.1),27,5000,1,0
Bernoulli(0.1),27,10000,1,0
Bernoulli(0.1),28,10,1,0
Bernoulli(0.1),28,20,1,0
Bernoulli(0.1),28,40,1,0
Bernoulli(0.1),28,75,1,0
Bernoulli(0.1),28,125,1,0
Bernoulli(0.1),28,200,1,0
Bernoulli(0.1),28,350,1,0
Bernoulli(0.1),28,500,1,0
Bernoulli(0.1),28,1000,1,0
Bernoulli(0.1),28,2000,1,0
Bernoulli(0.1),28,5000,1,0
Bernoulli(0.1),28,10000,1,0
Bernoulli(0.1),29,10,1,0
Bernoulli(0.1),29,20,1,0
Bernoulli(0.1),29,40,1,0
Bernoulli(0.1),29,75,1,0
Bernoulli(0.1),29,125,1,0
Bernoulli(0.1),29,200,1,0
Bernoulli(0.1),29,350,1,0
Bernoulli(0.1),29,500,1,0
Bernoulli(0.1),29,1000,1,0
Bernoulli(0.1),29,2000,1,0
Bernoulli(0.1),29,5000,1,0
Bernoulli(0.1),29,10000,1,0
Bernoulli(0.1),30,10,1,0
Bernoulli(0.1),30,20,1,0
Bernoulli(0.1),30,40,1,0
Bernoulli(0.1),30,75,1,0
Bernoulli(0.1),30,125,1,0
Bernoulli(0.1),30,200,1,0
Bernoulli(0.1),30,350,1,0
Bernoulli(0.1),30,500,1,0
Bernoulli(0.1),30,1000,1,0
Bernoulli(0.1),30,2000,1,0
Bernoulli(0.1),30,5000,1,0
Bernoulli(0.1),30,10000,1,0
Bernoulli(0.1),31,10,1,0
Bernoulli(0.1),31,20,1,0
Bernoulli(0.1),31,40,1,0
Bernoulli(0.1),31,75,1,0
Bernoulli(0.1),31,125,1,0
Bernoulli(0.1),31,200,1,0
Bernoulli(0.1),31,350,1,0
Bernoulli(0.1),31,500,1,0
Bernoulli(0.1),31,1000,1,0
Bernoulli(0.1),31,2000,1,0
Bernoulli(0.1),31,5000,1,0
Bernoulli(0.1),31,10000,1,0
Bernoulli(0.1),32,10,1,0
Bernoulli(0.1),32,20,1,0
Bernoulli(0.1),32,40,1,0
Bernoulli(0.1),32,75,1,0
Bernoulli(0.1),32,125,1,0
Bernoulli(0.1),32,200,1,0
Bernoulli(0.1),32,350,1,0
Bernoulli(0.1),32,500,1,0
Bernoulli(0.1),32,1000,1,0
Bernoulli(0.1),32,2000,1,0
Bernoulli(0.1),32,5000,1,0
Bernoulli(0.1),32,10000,1,0
Bernoulli(0.1),33,10,1,0
Bernoulli(0.1),33,20,1,0
Bernoulli(0.1),33,40,1,0
Bernoulli(0.1),33,75,1,0
Bernoulli(0.1),33,125,1,0
Bernoulli(0.1),33,200,1,0
Bernoulli(0.1),33,350,1,0
Bernoulli(0.1),33,500,1,0
Bernoulli(0.1),33,1000,1,0
Bernoulli(0.1),33,2000,1,0
Bernoulli(0.1),33,5000,1,0
Bernoulli(0.1),33,10000,1,0
Bernoulli(0.1),34,10,1,0
Bernoulli(0.1),34,20,1,0
Bernoulli(0.1),34,40,1,0
Bernoulli(0.1),34,75,1,0
Bernoulli(0.1),34,125,1,0
Bernoulli(0.1),34,200,1,0
Bernoulli(0.1),34,350,1,0
Bernoulli(0.1),34,500,1,0
Bernoulli(0.1),34,1000,1,0
Bernoulli(0.1),34,2000,1,0
Bernoulli(0.1),34,5000,1,0
Bernoulli(0.1),34,10000,1,0
Bernoulli(0.1),35,10,1,0
Bernoulli(0.1),35,20,1,0
Bernoulli(0.1),35,40,1,0
Bernoulli(0.1),35,75,1,0
Bernoulli(0.1),35,125,1,0
Bernoulli(0.1),35,200,1,0
Bernoulli(0.1),35,350,1,0
Bernoulli(0.1),35,500,1,0
Bernoulli(0.1),35,1000,1,0
Bernoulli(0.1),35,2000,1,0
Bernoulli(0.1),35,5000,1,0
Bernoulli(0.1),35,10000,1,0
Bernoulli(0.1),36,10,1,0
Bernoulli(0.1),36,20,1,0
Bernoulli(0.1),36,40,1,0
Bernoulli(0.1),36,75,1,0
Bernoulli(0.1),36,125,1,0
Bernoulli(0.1),36,200,1,0
Bernoulli(0.1),36,350,1,0
Bernoulli(0.1),36,500,1,0
Bernoulli(0.1),36,1000,1,0
Bernoulli(0.1),36,2000,1,0
Bernoulli(0.1),36,5000,1,0
Bernoulli(0.1),36,10000,1,0
Bernoulli(0.1),37,10,1,0
Bernoulli(0.1),37,20,1,0
Bernoulli(0.1),37,40,1,0
Bernoulli(0.1),37,75,1,0
Bernoulli(0.1),37,125,1,0
Bernoulli(0.1),37,200,1,0
Bernoulli(0.1),37,350,1,0
Bernoulli(0.1),37,500,1,0
Bernoulli(0.1),37,1000,1,0
Bernoulli(0.1),37,2000,1,0
Bernoulli(0.1),37,5000,1,0
Bernoulli(0.1),37,10000,1,0
Bernoulli(0.1),38,10,1,0
Bernoulli(0.1),38,20,1,0
Bernoulli(0.1),38,40,1,0
Bernoulli(0.1),38,75,1,0
Bernoulli(0.1),38,125,1,0
Bernoulli(0.1),38,200,1,0
Bernoulli(0.1),38,350,1,0
Bernoulli(0.1),38,500,1,0
Bernoulli(0.1),38,1000,1,0
Bernoulli(0.1),38,2000,1,0
Bernoulli(0.1),38,5000,1,0
Bernoulli(0.1),38,10000,1,0
Bernoulli(0.1),39,10,1,0
Bernoulli(0.1),39,20,1,0
Bernoulli(0.1),39,40,1,0
Bernoulli(0.1),39,75,1,0
Bernoulli(0.1),39,125,1,0
Bernoulli(0.1),39,200,1,0
Bernoulli(0.1),39,350,1,0
Bernoulli(0.1),39,500,1,0
Bernoulli(0.1),39,1000,1,0
Bernoulli(0.1),39,2000,1,0
Bernoulli(0.1),39,5000,1,0
Bernoulli(0.1),39,10000,1,0
"Beta(2,2)",0,10,1,0
"Beta(2,2)",0,20,1,0
"Beta(2,2)",0,40,1,0
"Beta(2,2)",0,75,1,0
"Beta(2,2)",0,125,1,0
"Beta(2,2)",0,200,1,0
"Beta(2,2)",0,350,1,0
"Beta(2,2)",0,500,1,0
"Beta(2,2)",0,1000,1,0
"Beta(2,2)",0,2000,1,0
"Beta(2,2)",0,5000,1,0
"Beta(2,2)",0,10000,1,0
"Beta(2,2)",1,10,1,0
"Beta(2,2)",1,20,1,0
"Beta(2,2)",1,40,1,0
"Beta(2,2)",1,75,1,0
"Beta(2,2)",1,125,1,0
"Beta(2,2)",1,200,1,0
"Beta(2,2)",1,350,1,0
"Beta(2,2)",1,500,1,0
"Beta(2,2)",1,1000,1,0
"Beta(2,2)",1,2000,1,0
"Beta(2,2)",1,5000,1,0
"Beta(2,2)",1,10000,1,0
"Beta(2,2)",2,10,1,0
"Beta(2,2)",2,20,1,0
"Beta(2,2)",2,40,1,0
"Beta(2,2)",2,75,1,0
"Beta(2,2)",2,125,1,0
"Beta(2,2)",2,200,1,0
"Beta(2,2)",2,350,1,0
"Beta(2,2)",2,500,1,0
"Beta(2,2)",2,1000,1,0
"Beta(2,2)",2,2000,1,0
"Beta(2,2)",2,5000,1,0
"Beta(2,2)",2,10000,1,0
"Beta(2,2)",3,10,1,0
"Beta(2,2)",3,20,1,0
"Beta(2,2)",3,40,1,0
"Beta(2,2)",3,75,1,0
"Beta(2,2)",3,125,1,0
"Beta(2,2)",3,200,1,0
"Beta(2,2)",3,350,1,0
"Beta(2,2)",3,500,1,0
"Beta(2,2)",3,1000,1,0
"Beta(2,2)",3,2000,1,0
"Beta(2,2)",3,5000,1,0
"Beta(2,2)",3,10000,1,0
"Beta(2,2)",4,10,1,0
"Beta(2,2)",4,20,1,0
"Beta(2,2)",4,40,1,0
"Beta(2,2)",4,75,1,0
"Beta(2,2)",4,125,1,0
"Beta(2,2)",4,200,1,0
"Beta(2,2)",4,350,1,0
"Beta(2,2)",4,500,1,0
"Beta(2,2)",4,1000,1,0
"Beta(2,2)",4,2000,1,0
"Beta(2,2)",4,5000,1,0
"Beta(2,2)",4,10000,1,0
"Beta(2,2)",5,10,1,0
"Beta(2,2)",5,20,1,0
"Beta(2,2)",5,40,1,0
"Beta(2,2)",5,75,1,0
"Beta(2,2)",5,125,1,0
"Beta(2,2)",5,200,1,0
"Beta(2,2)",5,350,1,0
"Beta(2,2)",5,500,1,0
"Beta(2,2)",5,1000,1,0
"Beta(2,2)",5,2000,1,0
"Beta(2,2)",5,5000,1,0
"Beta(2,2)",5,10000,1,0
"Beta(2,2)",6,10,1,0
"Beta(2,2)",6,20,1,0
"Beta(2,2)",6,40,1,0
"Beta(2,2)",6,75,1,0
"Beta(2,2)",6,125,1,0
"Beta(2,2)",6,200,1,0
"Beta(2,2)",6,350,1,0
"Beta(2,2)",6,500,1,0
"Beta(2,2)",6,1000,1,0
"Beta(2,2)",6,2000,1,0
"Beta(2,2)",6,5000,1,0
"Beta(2,2)",6,10000,1,0
"Beta(2,2)",7,10,1,0
"Beta(2,2)",7,20,1,0
"Beta(2,2)",7,40,1,0
"Beta(2,2)",7,75,1,0
"Beta(2,2)",7,125,1,0
"Beta(2,2)",7,200,1,0
"Beta(2,2)",7,350,1,0
"Beta(2,2)",7,500,1,0
"Beta(2,2)",7,1000,1,0
"Beta(2,2)",7,2000,1,0
"Beta(2,2)",7,5000,1,0
"Beta(2,2)",7,10000,1,0
"Beta(2,2)",8,10,1,0
"Beta(2,2)",8,20,1,0
"Beta(2,2)",8,40,1,0
"Beta(2,2)",8,75,1,0
"Beta(2,2)",8,125,1,0
"Beta(2,2)",8,200,1,0
"Beta(2,2)",8,350,1,0
"Beta(2,2)",8,500,1,0
"Beta(2,2)",8,1000,1,0
"Beta(2,2)",8,2000,1,0
"Beta(2,2)",8,5000,1,0
"Beta(2,2)",8,10000,1,0
"Beta(2,2)",9,10,1,0
"Beta(2,2)",9,20,1,0
"Beta(2,2)",9,40,1,0
"Beta(2,2)",9,75,1,0
"Beta(2,2)",9,125,1,0
"Beta(2,2)",9,200,1,0
"Beta(2,2)",9,350,1,0
"Beta(2,2)",9,500,1,0
"Beta(2,2)",9,1000,1,0
"Beta(2,2)",9,2000,1,0
"Beta(2,2)",9,5000,1,0
"Beta(2,2)",9,10000,1,0
"Beta(2,2)",10,10,1,0
"Beta(2,2)",10,20,1,0
"Beta(2,2)",10,40,1,0
"Beta(2,2)",10,75,1,0
"Beta(2,2)",10,125,1,0
"Beta(2,2)",10,200,1,0
"Beta(2,2)",10,350,1,0
"Beta(2,2)",10,500,1,0
"Beta(2,2)",10,1000,1,0
"Beta(2,2)",10,2000,1,0
"Beta(2,2)",10,5000,1,0
"Beta(2,2)",10,10000,1,0
"Beta(2,2)",11,10,1,0
"Beta(2,2)",11,20,1,0
"Beta(2,2)",11,40,1,0
"Beta(2,2)",11,75,1,0
"Beta(2,2)",11,125,1,0
"Beta(2,2)",11,200,1,0
"Beta(2,2)",11,350,1,0
"Beta(2,2)",11,500,1,0
"Beta(2,2)",11,1000,1,0
"Beta(2,2)",11,2000,1,0
"Beta(2,2)",11,5000,1,0
"Beta(2,2)",11,10000,1,0
"Beta(2,2)",12,10,1,0
"Beta(2,2)",12,20,1,0
"Beta(2,2)",12,40,1,0
"Beta(2,2)",12,75,1,0
"Beta(2,2)",12,125,1,0
"Beta(2,2)",12,200,1,0
"Beta(2,2)",12,350,1,0
"Beta(2,2)",12,500,1,0
"Beta(2,2)",12,1000,1,0
"Beta(2,2)",12,2000,1,0
"Beta(2,2)",12,5000,1,0
"Beta(2,2)",12,10000,1,0
"Beta(2,2)",13,10,1,0
"Beta(2,2)",13,20,1,0
"Beta(2,2)",13,40,1,0
"Beta(2,2)",13,75,1,0
"Beta(2,2)",13,125,1,0
"Beta(2,2)",13,200,1,0
"Beta(2,2)",13,350,1,0
"Beta(2,2)",13,500,1,0
"Beta(2,2)",13,1000,1,0
"Beta(2,2)",13,2000,1,0
"Beta(2,2)",13,5000,1,0
"Beta(2,2)",13,10000,1,0
"Beta(2,2)",14,10,1,0
"Beta(2,2)",14,20,1,0
"Beta(2,2)",14,40,1,0
"Beta(2,2)",14,75,1,0
"Beta(2,2)",14,125,1,0
"Beta(2,2)",14,200,1,0
"Beta(2,2)",14,350,1,0
"Beta(2,2)",14,500,1,0
"Beta(2,2)",14,1000,1,0
"Beta(2,2)",14,2000,1,0
"Beta(2,2)",14,5000,1,0
"Beta(2,2)",14,10000,1,0
"Beta(2,2)",15,10,1,0
"Beta(2,2)",15,20,1,0
"Beta(2,2)",15,40,1,0
"Beta(2,2)",15,75,1,0
"Beta(2,2)",15,125,1,0
"Beta(2,2)",15,200,1,0
"Beta(2,2)",15,350,1,0
"Beta(2,2)",15,500,1,0
"Beta(2,2)",15,1000,1,0
"Beta(2,2)",15,2000,1,0
"Beta(2,2)",15,5000,1,0
"Beta(2,2)",15,10000,1,0
"Beta(2,2)",16,10,1,0
"Beta(2,2)",16,20,1,0
"Beta(2,2)",16,40,1,0
"Beta(2,2)",16,75,1,0
"Beta(2,2)",16,125,1,0
"Beta(2,2)",16,200,1,0
"Beta(2,2)",16,350,1,0
"Beta(2,2)",16,500,1,0
"Beta(2,2)",16,1000,1,0
"Beta(2,2)",16,2000,1,0
"Beta(2,2)",16,5000,1,0
"Beta(2,2)",16,10000,1,0
"Beta(2,2)",17,10,1,0
"Beta(2,2)",17,20,1,0
"Beta(2,2)",17,40,1,0
"Beta(2,2)",17,75,1,0
"Beta(2,2)",17,125,1,0
"Beta(2,2)",17,200,1,0
"Beta(2,2)",17,350,1,0
"Beta(2,2)",17,500,1,0
"Beta(2,2)",17,1000,1,0
"Beta(2,2)",17,2000,1,0
"Beta(2,2)",17,5000,1,0
"Beta(2,2)",17,10000,1,0
"Beta(2,2)",18,10,1,0
"Beta(2,2)",18,20,1,0
"Beta(2,2)",18,40,1,0
"Beta(2,2)",18,75,1,0
"Beta(2,2)",18,125,1,0
"Beta(2,2)",18,200,1,0
"Beta(2,2)",18,350,1,0
"Beta(2,2)",18,500,1,0
"Beta(2,2)",18,1000,1,0
"Beta(2,2)",18,2000,1,0
"Beta(2,2)",18,5000,1,0
"Beta(2,2)",18,10000,1,0
"Beta(2,2)",19,10,1,0
"Beta(2,2)",19,20,1,0
"Beta(2,2)",19,40,1,0
"Beta(2,2)",19,75,1,0
"Beta(2,2)",19,125,1,0
"Beta(2,2)",19,200,1,0
"Beta(2,2)",19,350,1,0
"Beta(2,2)",19,500,1,0
"Beta(2,2)",19,1000,1,0
"Beta(2,2)",19,2000,1,0
"Beta(2,2)",19,5000,1,0
"Beta(2,2)",19,10000,1,0
"Beta(2,2)",20,10,1,0
"Beta(2,2)",20,20,1,0
"Beta(2,2)",20,40,1,0
"Beta(2,2)",20,75,1,0
"Beta(2,2)",20,125,1,0
"Beta(2,2)",20,200,1,0
"Beta(2,2)",20,350,1,0
"Beta(2,2)",20,500,1,0
"Beta(2,2)",20,1000,1,0
"Beta(2,2)",20,2000,1,0
"Beta(2,2)",20,5000,1,0
"Beta(2,2)",20,10000,1,0
"Beta(2,2)",21,10,1,0
"Beta(2,2)",21,20,1,0
"Beta(2,2)",21,40,1,0
"Beta(2,2)",21,75,1,0
"Beta(2,2)",21,125,1,0
"Beta(2,2)",21,200,1,0
"Beta(2,2)",21,350,1,0
"Beta(2,2)",21,500,1,0
"Beta(2,2)",21,1000,1,0
"Beta(2,2)",21,2000,1,0
"Beta(2,2)",21,5000,1,0
"Beta(2,2)",21,10000,1,0
"Beta(2,2)",22,10,1,0
"Beta(2,2)",22,20,1,0
"Beta(2,2)",22,40,1,0
"Beta(2,2)",22,75,1,0
"Beta(2,2)",22,125,1,0
"Beta(2,2)",22,200,1,0
"Beta(2,2)",22,350,1,0
"Beta(2,2)",22,500,1,0
"Beta(2,2)",22,1000,1,0
"Beta(2,2)",22,2000,1,0
"Beta(2,2)",22,5000,1,0
"Beta(2,2)",22,10000,1,0
"Beta(2,2)",23,10,1,0
"Beta(2,2)",23,20,1,0
"Beta(2,2)",23,40,1,0
"Beta(2,2)",23,75,1,0
"Beta(2,2)",23,125,1,0
"Beta(2,2)",23,200,1,0
"Beta(2,2)",23,350,1,0
"Beta(2,2)",23,500,1,0
"Beta(2,2)",23,1000,1,0
"Beta(2,2)",23,2000,1,0
"Beta(2,2)",23,5000,1,0
"Beta(2,2)",23,10000,1,0
"Beta(2,2)",24,10,1,0
"Beta(2,2)",24,20,1,0
"Beta(2,2)",24,40,1,0
"Beta(2,2)",24,75,1,0
"Beta(2,2)",24,125,1,0
"Beta(2,2)",24,200,1,0
"Beta(2,2)",24,350,1,0
"Beta(2,2)",24,500,1,0
"Beta(2,2)",24,1000,1,0
"Beta(2,2)",24,2000,1,0
"Beta(2,2)",24,5000,1,0
"Beta(2,2)",24,10000,1,0
"Beta(2,2)",25,10,1,0
"Beta(2,2)",25,20,1,0
"Beta(2,2)",25,40,1,0
"Beta(2,2)",25,75,1,0
"Beta(2,2)",25,125,1,0
"Beta(2,2)",25,200,1,0
"Beta(2,2)",25,350,1,0
"Beta(2,2)",25,500,1,0
"Beta(2,2)",25,1000,1,0
"Beta(2,2)",25,2000,1,0
"Beta(2,2)",25,5000,1,0
"Beta(2,2)",25,10000,1,0
"Beta(2,2)",26,10,1,0
"Beta(2,2)",26,20,1,0
"Beta(2,2)",26,40,1,0
"Beta(2,2)",26,75,1,0
"Beta(2,2)",26,125,1,0
"Beta(2,2)",26,200,1,0
"Beta(2,2)",26,350,1,0
"Beta(2,2)",26,500,1,0
"Beta(2,2)",26,1000,1,0
"Beta(2,2)",26,2000,1,0
"Beta(2,2)",26,5000,1,0
"Beta(2,2)",26,10000,1,0
"Beta(2,2)",27,10,1,0
"Beta(2,2)",27,20,1,0
"Beta(2,2)",27,40,1,0
"Beta(2,2)",27,75,1,0
"Beta(2,2)",27,125,1,0
"Beta(2,2)",27,200,1,0
"Beta(2,2)",27,350,1,0
"Beta(2,2)",27,500,1,0
"Beta(2,2)",27,1000,1,0
"Beta(2,2)",27,2000,1,0
"Beta(2,2)",27,5000,1,0
"Beta(2,2)",27,10000,1,0
"Beta(2,2)",28,10,1,0
"Beta(2,2)",28,20,1,0
"Beta(2,2)",28,40,1,0
"Beta(2,2)",28,75,1,0
"Beta(2,2)",28,125,1,0
"Beta(2,2)",28,200,1,0
"Beta(2,2)",28,350,1,0
"Beta(2,2)",28,500,1,0
"Beta(2,2)",28,1000,1,0
"Beta(2,2)",28,2000,1,0
"Beta(2,2)",28,5000,1,0
"Beta(2,2)",28,10000,1,0
"Beta(2,2)",29,10,1,0
"Beta(2,2)",29,20,1,0
"Beta(2,2)",29,40,1,0
"Beta(2,2)",29,75,1,0
"Beta(2,2)",29,125,1,0
"Beta(2,2)",29,200,1,0
"Beta(2,2)",29,350,1,0
"Beta(2,2)",29,500,1,0
"Beta(2,2)",29,1000,1,0
"Beta(2,2)",29,2000,1,0
"Beta(2,2)",29,5000,1,0
"Beta(2,2)",29,10000,1,0
"Beta(2,2)",30,10,1,0
"Beta(2,2)",30,20,1,0
"Beta(2,2)",30,40,1,0
"Beta(2,2)",30,75,1,0
"Beta(2,2)",30,125,1,0
"Beta(2,2)",30,200,1,0
"Beta(2,2)",30,350,1,0
"Beta(2,2)",30,500,1,0
"Beta(2,2)",30,1000,1,0
"Beta(2,2)",30,2000,1,0
"Beta(2,2)",30,5000,1,0
"Beta(2,2)",30,10000,1,0
"Beta(2,2)",31,10,1,0
"Beta(2,2)",31,20,1,0
"Beta(2,2)",31,40,1,0
"Beta(2,2)",31,75,1,0
"Beta(2,2)",31,125,1,0
"Beta(2,2)",31,200,1,0
"Beta(2,2)",31,350,1,0
"Beta(2,2)",31,500,1,0
"Beta(2,2)",31,1000,1,0
"Beta(2,2)",31,2000,1,0
"Beta(2,2)",31,5000,1,0
"Beta(2,2)",31,10000,1,0
"Beta(2,2)",32,10,1,0
"Beta(2,2)",32,20,1,0
"Beta(2,2)",32,40,1,0
"Beta(2,2)",32,75,1,0
"Beta(2,2)",32,125,1,0
"Beta(2,2)",32,200,1,0
"Beta(2,2)",32,350,1,0
"Beta(2,2)",32,500,1,0
"Beta(2,2)",32,1000,1,0
"Beta(2,2)",32,2000,1,0
"Beta(2,2)",32,5000,1,0
"Beta(2,2)",32,10000,1,0
"Beta(2,2)",33,10,1,0
"Beta(2,2)",33,20,1,0
"Beta(2,2)",33,40,1,0
"Beta(2,2)",33,75,1,0
"Beta(2,2)",33,125,1,0
"Beta(2,2)",33,200,1,0
"Beta(2,2)",33,350,1,0
"Beta(2,2)",33,500,1,0
"Beta(2,2)",33,1000,1,0
"Beta(2,2)",33,2000,1,0
"Beta(2,2)",33,5000,1,0
"Beta(2,2)",33,10000,1,0
"Beta(2,2)",34,10,1,0
"Beta(2,2)",34,20,1,0
"Beta(2,2)",34,40,1,0
"Beta(2,2)",34,75,1,0
"Beta(2,2)",34,125,1,0
"Beta(2,2)",34,200,1,0
"Beta(2,2)",34,350,1,0
"Beta(2,2)",34,500,1,0
"Beta(2,2)",34,1000,1,0
"Beta(2,2)",34,2000,1,0
"Beta(2,2)",34,5000,1,0
"Beta(2,2)",34,10000,1,0
"Beta(2,2)",35,10,1,0
"Beta(2,2)",35,20,1,0
"Beta(2,2)",35,40,1,0
"Beta(2,2)",35,75,1,0
"Beta(2,2)",35,125,1,0
"Beta(2,2)",35,200,1,0
"Beta(2,2)",35,350,1,0
"Beta(2,2)",35,500,1,0
"Beta(2,2)",35,1000,1,0
"Beta(2,2)",35,2000,1,0
"Beta(2,2)",35,5000,1,0
"Beta(2,2)",35,10000,1,0
"Beta(2,2)",36,10,1,0
"Beta(2,2)",36,20,1,0
"Beta(2,2)",36,40,1,0
"Beta(2,2)",36,75,1,0
"Beta(2,2)",36,125,1,0
"Beta(2,2)",36,200,1,0
"Beta(2,2)",36,350,1,0
"Beta(2,2)",36,500,1,0
"Beta(2,2)",36,1000,1,0
"Beta(2,2)",36,2000,1,0
"Beta(2,2)",36,5000,1,0
"Beta(2,2)",36,10000,1,0
"Beta(2,2)",37,10,1,0
"Beta(2,2)",37,20,1,0
"Beta(2,2)",37,40,1,0
"Beta(2,2)",37,75,1,0
"Beta(2,2)",37,125,1,0
"Beta(2,2)",37,200,1,0
"Beta(2,2)",37,350,1,0
"Beta(2,2)",37,500,1,0
"Beta(2,2)",37,1000,1,0
"Beta(2,2)",37,2000,1,0
"Beta(2,2)",37,5000,1,0
"Beta(2,2)",37,10000,1,0
"Beta(2,2)",38,10,1,0
"Beta(2,2)",38,20,1,0
"Beta(2,2)",38,40,1,0
"Beta(2,2)",38,75,1,0
"Beta(2,2)",38,125,1,0
"Beta(2,2)",38,200,1,0
"Beta(2,2)",38,350,1,0
"Beta(2,2)",38,500,1,0
"Beta(2,2)",38,1000,1,0
"Beta(2,2)",38,2000,1,0
"Beta(2,2)",38,5000,1,0
"Beta(2,2)",38,10000,1,0
"Beta(2,2)",39,10,1,0
"Beta(2,2)",39,20,1,0
"Beta(2,2)",39,40,1,0
"Beta(2,2)",39,75,1,0
"Beta(2,2)",39,125,1,0
"Beta(2,2)",39,200,1,0
"Beta(2,2)",39,350,1,0
"Beta(2,2)",39,500,1,0
"Beta(2,2)",39,1000,1,0
"Beta(2,2)",39,2000,1,0
"Beta(2,2)",39,5000,1,0
"Beta(2,2)",39,10000,1,0
"Beta(1,5)",0,10,1,0
"Beta(1,5)",0,20,1,0
"Beta(1,5)",0,40,1,0
"Beta(1,5)",0,75,1,0
"Beta(1,5)",0,125,1,0
"Beta(1,5)",0,200,1,0
"Beta(1,5)",0,350,1,0
"Beta(1,5)",0,500,1,0
"Beta(1,5)",0,1000,1,0
"Beta(1,5)",0,2000,1,0
"Beta(1,5)",0,5000,1,0
"Beta(1,5)",0,10000,1,0
"Beta(1,5)",1,10,1,0
"Beta(1,5)",1,20,1,0
"Beta(1,5)",1,40,1,0
"Beta(1,5)",1,75,1,0
"Beta(1,5)",1,125,1,0
"Beta(1,5)",1,200,1,0
"Beta(1,5)",1,350,1,0
"Beta(1,5)",1,500,1,0
"Beta(1,5)",1,1000,1,0
"Beta(1,5)",1,2000,1,0
"Beta(1,5)",1,5000,1,0
"Beta(1,5)",1,10000,1,0
"Beta(1,5)",2,10,1,0
"Beta(1,5)",2,20,1,0
"Beta(1,5)",2,40,1,0
"Beta(1,5)",2,75,1,0
"Beta(1,5)",2,125,1,0
"Beta(1,5)",2,200,1,0
"Beta(1,5)",2,350,1,0
"Beta(1,5)",2,500,1,0
"Beta(1,5)",2,1000,1,0
"Beta(1,5)",2,2000,1,0
"Beta(1,5)",2,5000,1,0
"Beta(1,5)",2,10000,1,0
"Beta(1,5)",3,10,1,0
"Beta(1,5)",3,20,1,0
"Beta(1,5)",3,40,1,0
"Beta(1,5)",3,75,1,0
"Beta(1,5)",3,125,1,0
"Beta(1,5)",3,200,1,0
"Beta(1,5)",3,350,1,0
"Beta(1,5)",3,500,1,0
"Beta(1,5)",3,1000,1,0
"Beta(1,5)",3,2000,1,0
"Beta(1,5)",3,5000,1,0
"Beta(1,5)",3,10000,1,0
"Beta(1,5)",4,10,1,0
"Beta(1,5)",4,20,1,0
"Beta(1,5)",4,40,1,0
"Beta(1,5)",4,75,1,0
"Beta(1,5)",4,125,1,0
"Beta(1,5)",4,200,1,0
"Beta(1,5)",4,350,1,0
"Beta(1,5)",4,500,1,0
"Beta(1,5)",4,1000,1,0
"Beta(1,5)",4,2000,1,0
"Beta(1,5)",4,5000,1,0
"Beta(1,5)",4,10000,1,0
"Beta(1,5)",5,10,1,0
"Beta(1,5)",5,20,1,0
"Beta(1,5)",5,40,1,0
"Beta(1,5)",5,75,1,0
"Beta(1,5)",5,125,1,0
"Beta(1,5)",5,200,1,0
"Beta(1,5)",5,350,1,0
"Beta(1,5)",5,500,1,0
"Beta(1,5)",5,1000,1,0
"Beta(1,5)",5,2000,1,0
"Beta(1,5)",5,5000,1,0
"Beta(1,5)",5,10000,1,0
"Beta(1,5)",6,10,1,0
"Beta(1,5)",6,20,1,0
"Beta(1,5)",6,40,1,0
"Beta(1,5)",6,75,1,0
"Beta(1,5)",6,125,1,0
"Beta(1,5)",6,200,1,0
"Beta(1,5)",6,350,1,0
"Beta(1,5)",6,500,1,0
"Beta(1,5)",6,1000,1,0
"Beta(1,5)",6,2000,1,0
"Beta(1,5)",6,5000,1,0
"Beta(1,5)",6,10000,1,0
"Beta(1,5)",7,10,1,0
"Beta(1,5)",7,20,1,0
"Beta(1,5)",7,40,1,0
"Beta(1,5)",7,75,1,0
"Beta(1,5)",7,125,1,0
"Beta(1,5)",7,200,1,0
"Beta(1,5)",7,350,1,0
"Beta(1,5)",7,500,1,0
"Beta(1,5)",7,1000,1,0
"Beta(1,5)",7,2000,1,0
"Beta(1,5)",7,5000,1,0
"Beta(1,5)",7,10000,1,0
"Beta(1,5)",8,10,1,0
"Beta(1,5)",8,20,1,0
"Beta(1,5)",8,40,1,0
"Beta(1,5)",8,75,1,0
"Beta(1,5)",8,125,1,0
"Beta(1,5)",8,200,1,0
"Beta(1,5)",8,350,1,0
"Beta(1,5)",8,500,1,0
"Beta(1,5)",8,1000,1,0
"Beta(1,5)",8,2000,1,0
"Beta(1,5)",8,5000,1,0
"Beta(1,5)",8,10000,1,0
"Beta(1,5)",9,10,1,0
"Beta(1,5)",9,20,1,0
"Beta(1,5)",9,40,1,0
"Beta(1,5)",9,75,1,0
"Beta(1,5)",9,125,1,0
"Beta(1,5)",9,200,1,0
"Beta(1,5)",9,350,1,0
"Beta(1,5)",9,500,1,0
"Beta(1,5)",9,1000,1,0
"Beta(1,5)",9,2000,1,0
"Beta(1,5)",9,5000,1,0
"Beta(1,5)",9,10000,1,0
"Beta(1,5)",10,10,1,0
"Beta(1,5)",10,20,1,0
"Beta(1,5)",10,40,1,0
"Beta(1,5)",10,75,1,0
"Beta(1,5)",10,125,1,0
"Beta(1,5)",10,200,1,0
"Beta(1,5)",10,350,1,0
"Beta(1,5)",10,500,1,0
"Beta(1,5)",10,1000,1,0
"Beta(1,5)",10,2000,1,0
"Beta(1,5)",10,5000,1,0
"Beta(1,5)",10,10000,1,0
"Beta(1,5)",11,10,1,0
"Beta(1,5)",11,20,1,0
"Beta(1,5)",11,40,1,0
"Beta(1,5)",11,75,1,0
"Beta(1,5)",11,125,1,0
"Beta(1,5)",11,200,1,0
"Beta(1,5)",11,350,1,0
"Beta(1,5)",11,500,1,0
"Beta(1,5)",11,1000,1,0
"Beta(1,5)",11,2000,1,0
"Beta(1,5)",11,5000,1,0
"Beta(1,5)",11,10000,1,0
"Beta(1,5)",12,10,1,0
"Beta(1,5)",12,20,1,0
"Beta(1,5)",12,40,1,0
"Beta(1,5)",12,75,1,0
"Beta(1,5)",12,125,1,0
"Beta(1,5)",12,200,1,0
"Beta(1,5)",12,350,1,0
"Beta(1,5)",12,500,1,0
"Beta(1,5)",12,1000,1,0
"Beta(1,5)",12,2000,1,0
"Beta(1,5)",12,5000,1,0
"Beta(1,5)",12,10000,1,0
"Beta(1,5)",13,10,1,0
"Beta(1,5)",13,20,1,0
"Beta(1,5)",13,40,1,0
"Beta(1,5)",13,75,1,0
"Beta(1,5)",13,125,1,0
"Beta(1,5)",13,200,1,0
"Beta(1,5)",13,350,1,0
"Beta(1,5)",13,500,1,0
"Beta(1,5)",13,1000,1,0
"Beta(1,5)",13,2000,1,0
"Beta(1,5)",13,5000,1,0
"Beta(1,5)",13,10000,1,0
"Beta(1,5)",14,10,1,0
"Beta(1,5)",14,20,1,0
"Beta(1,5)",14,40,1,0
"Beta(1,5)",14,75,1,0
"Beta(1,5)",14,125,1,0
"Beta(1,5)",14,200,1,0
"Beta(1,5)",14,350,1,0
"Beta(1,5)",14,500,1,0
"Beta(1,5)",14,1000,1,0
"Beta(1,5)",14,2000,1,0
"Beta(1,5)",14,5000,1,0
"Beta(1,5)",14,10000,1,0
"Beta(1,5)",15,10,1,0
"Beta(1,5)",15,20,1,0
"Beta(1,5)",15,40,1,0
"Beta(1,5)",15,75,1,0
"Beta(1,5)",15,125,1,0
"Beta(1,5)",15,200,1,0
"Beta(1,5)",15,350,1,0
"Beta(1,5)",15,500,1,0
"Beta(1,5)",15,1000,1,0
"Beta(1,5)",15,2000,1,0
"Beta(1,5)",15,5000,1,0
"Beta(1,5)",15,10000,1,0
"Beta(1,5)",16,10,1,0
"Beta(1,5)",16,20,1,0
"Beta(1,5)",16,40,1,0
"Beta(1,5)",16,75,1,0
"Beta(1,5)",16,125,1,0
"Beta(1,5)",16,200,1,0
"Beta(1,5)",16,350,1,0
"Beta(1,5)",16,500,1,0
"Beta(1,5)",16,1000,1,0
"Beta(1,5)",16,2000,1,0
"Beta(1,5)",16,5000,1,0
"Beta(1,5)",16,10000,1,0
"Beta(1,5)",17,10,1,0
"Beta(1,5)",17,20,1,0
"Beta(1,5)",17,40,1,0
"Beta(1,5)",17,75,1,0
"Beta(1,5)",17,125,1,0
"Beta(1,5)",17,200,1,0
"Beta(1,5)",17,350,1,0
"Beta(1,5)",17,500,1,0
"Beta(1,5)",17,1000,1,0
"Beta(1,5)",17,2000,1,0
"Beta(1,5)",17,5000,1,0
"Beta(1,5)",17,10000,1,0
"Beta(1,5)",18,10,1,0
"Beta(1,5)",18,20,1,0
"Beta(1,5)",18,40,1,0
"Beta(1,5)",18,75,1,0
"Beta(1,5)",18,125,1,0
"Beta(1,5)",18,200,1,0
"Beta(1,5)",18,350,1,0
"Beta(1,5)",18,500,1,0
"Beta(1,5)",18,1000,1,0
"Beta(1,5)",18,2000,1,0
"Beta(1,5)",18,5000,1,0
"Beta(1,5)",18,10000,1,0
"Beta(1,5)",19,10,1,0
"Beta(1,5)",19,20,1,0
"Beta(1,5)",19,40,1,0
"Beta(1,5)",19,75,1,0
"Beta(1,5)",19,125,1,0
"Beta(1,5)",19,200,1,0
"Beta(1,5)",19,350,1,0
"Beta(1,5)",19,500,1,0
"Beta(1,5)",19,1000,1,0
"Beta(1,5)",19,2000,1,0
"Beta(1,5)",19,5000,1,0
"Beta(1,5)",19,10000,1,0
"Beta(1,5)",20,10,1,0
"Beta(1,5)",20,20,1,0
"Beta(1,5)",20,40,1,0
"Beta(1,5)",20,75,1,0
"Beta(1,5)",20,125,1,0
"Beta(1,5)",20,200,1,0
"Beta(1,5)",20,350,1,0
"Beta(1,5)",20,500,1,0
"Beta(1,5)",20,1000,1,0
"Beta(1,5)",20,2000,1,0
"Beta(1,5)",20,5000,1,0
"Beta(1,5)",20,10000,1,0
"Beta(1,5)",21,10,1,0
"Beta(1,5)",21,20,1,0
"Beta(1,5)",21,40,1,0
"Beta(1,5)",21,75,1,0
"Beta(1,5)",21,125,1,0
"Beta(1,5)",21,200,1,0
"Beta(1,5)",21,350,1,0
"Beta(1,5)",21,500,1,0
"Beta(1,5)",21,1000,1,0
"Beta(1,5)",21,2000,1,0
"Beta(1,5)",21,5000,1,0
"Beta(1,5)",21,10000,1,0
"Beta(1,5)",22,10,1,0
"Beta(1,5)",22,20,1,0
"Beta(1,5)",22,40,1,0
"Beta(1,5)",22,75,1,0
"Beta(1,5)",22,125,1,0
"Beta(1,5)",22,200,1,0
"Beta(1,5)",22,350,1,0
"Beta(1,5)",22,500,1,0
"Beta(1,5)",22,1000,1,0
"Beta(1,5)",22,2000,1,0
"Beta(1,5)",22,5000,1,0
"Beta(1,5)",22,10000,1,0
"Beta(1,5)",23,10,1,0
"Beta(1,5)",23,20,1,0
"Beta(1,5)",23,40,1,0
"Beta(1,5)",23,75,1,0
"Beta(1,5)",23,125,1,0
"Beta(1,5)",23,200,1,0
"Beta(1,5)",23,350,1,0
"Beta(1,5)",23,500,1,0
"Beta(1,5)",23,1000,1,0
"Beta(1,5)",23,2000,1,0
"Beta(1,5)",23,5000,1,0
"Beta(1,5)",23,10000,1,0
"Beta(1,5)",24,10,1,0
"Beta(1,5)",24,20,1,0
"Beta(1,5)",24,40,1,0
"Beta(1,5)",24,75,1,0
"Beta(1,5)",24,125,1,0
"Beta(1,5)",24,200,1,0
"Beta(1,5)",24,350,1,0
"Beta(1,5)",24,500,1,0
"Beta(1,5)",24,1000,1,0
"Beta(1,5)",24,2000,1,0
"Beta(1,5)",24,5000,1,0
"Beta(1,5)",24,10000,1,0
"Beta(1,5)",25,10,1,0
"Beta(1,5)",25,20,1,0
"Beta(1,5)",25,40,1,0
"Beta(1,5)",25,75,1,0
"Beta(1,5)",25,125,1,0
"Beta(1,5)",25,200,1,0
"Beta(1,5)",25,350,1,0
"Beta(1,5)",25,500,1,0
"Beta(1,5)",25,1000,1,0
"Beta(1,5)",25,2000,1,0
"Beta(1,5)",25,5000,1,0
"Beta(1,5)",25,10000,1,0
"Beta(1,5)",26,10,1,0
"Beta(1,5)",26,20,1,0
"Beta(1,5)",26,40,1,0
"Beta(1,5)",26,75,1,0
"Beta(1,5)",26,125,1,0
"Beta(1,5)",26,200,1,0
"Beta(1,5)",26,350,1,0
"Beta(1,5)",26,500,1,0
"Beta(1,5)",26,1000,1,0
"Beta(1,5)",26,2000,1,0
"Beta(1,5)",26,5000,1,0
"Beta(1,5)",26,10000,1,0
"Beta(1,5)",27,10,1,0
"Beta(1,5)",27,20,1,0
"Beta(1,5)",27,40,1,0
"Beta(1,5)",27,75,1,0
"Beta(1,5)",27,125,1,0
"Beta(1,5)",27,200,1,0
"Beta(1,5)",27,350,1,0
"Beta(1,5)",27,500,1,0
"Beta(1,5)",27,1000,1,0
"Beta(1,5)",27,2000,1,0
"Beta(1,5)",27,5000,1,0
"Beta(1,5)",27,10000,1,0
"Beta(1,5)",28,10,1,0
"Beta(1,5)",28,20,1,0
"Beta(1,5)",28,40,1,0
"Beta(1,5)",28,75,1,0
"Beta(1,5)",28,125,1,0
"Beta(1,5)",28,200,1,0
"Beta(1,5)",28,350,1,0
"Beta(1,5)",28,500,1,0
"Beta(1,5)",28,1000,1,0
"Beta(1,5)",28,2000,1,0
"Beta(1,5)",28,5000,1,0
"Beta(1,5)",28,10000,1,0
"Beta(1,5)",29,10,1,0
"Beta(1,5)",29,20,1,0
"Beta(1,5)",29,40,1,0
"Beta(1,5)",29,75,1,0
"Beta(1,5)",29,125,1,0
"Beta(1,5)",29,200,1,0
"Beta(1,5)",29,350,1,0
"Beta(1,5)",29,500,1,0
"Beta(1,5)",29,1000,1,0
"Beta(1,5)",29,2000,1,0
"Beta(1,5)",29,5000,1,0
"Beta(1,5)",29,10000,1,0
"Beta(1,5)",30,10,1,0
"Beta(1,5)",30,20,1,0
"Beta(1,5)",30,40,1,0
"Beta(1,5)",30,75,1,0
"Beta(1,5)",30,125,1,0
"Beta(1,5)",30,200,1,0
"Beta(1,5)",30,350,1,0
"Beta(1,5)",30,500,1,0
"Beta(1,5)",30,1000,1,0
"Beta(1,5)",30,2000,1,0
"Beta(1,5)",30,5000,1,0
"Beta(1,5)",30,10000,1,0
"Beta(1,5)",31,10,1,0
"Beta(1,5)",31,20,1,0
"Beta(1,5)",31,40,1,0
"Beta(1,5)",31,75,1,0
"Beta(1,5)",31,125,1,0
"Beta(1,5)",31,200,1,0
"Beta(1,5)",31,350,1,0
"Beta(1,5)",31,500,1,0
"Beta(1,5)",31,1000,1,0
"Beta(1,5)",31,2000,1,0
"Beta(1,5)",31,5000,1,0
"Beta(1,5)",31,10000,1,0
"Beta(1,5)",32,10,1,0
"Beta(1,5)",32,20,1,0
"Beta(1,5)",32,40,1,0
"Beta(1,5)",32,75,1,0
"Beta(1,5)",32,125,1,0
"Beta(1,5)",32,200,1,0
"Beta(1,5)",32,350,1,0
"Beta(1,5)",32,500,1,0
"Beta(1,5)",32,1000,1,0
"Beta(1,5)",32,2000,1,0
"Beta(1,5)",32,5000,1,0
"Beta(1,5)",32,10000,1,0
"Beta(1,5)",33,10,1,0
"Beta(1,5)",33,20,1,0
"Beta(1,5)",33,40,1,0
"Beta(1,5)",33,75,1,0
"Beta(1,5)",33,125,1,0
"Beta(1,5)",33,200,1,0
"Beta(1,5)",33,350,1,0
"Beta(1,5)",33,500,1,0
"Beta(1,5)",33,1000,1,0
"Beta(1,5)",33,2000,1,0
"Beta(1,5)",33,5000,1,0
"Beta(1,5)",33,10000,1,0
"Beta(1,5)",34,10,1,0
"Beta(1,5)",34,20,1,0
"Beta(1,5)",34,40,1,0
"Beta(1,5)",34,75,1,0
"Beta(1,5)",34,125,1,0
"Beta(1,5)",34,200,1,0
"Beta(1,5)",34,350,1,0
"Beta(1,5)",34,500,1,0
"Beta(1,5)",34,1000,1,0
"Beta(1,5)",34,2000,1,0
"Beta(1,5)",34,5000,1,0
"Beta(1,5)",34,10000,1,0
"Beta(1,5)",35,10,1,0
"Beta(1,5)",35,20,1,0
"Beta(1,5)",35,40,1,0
"Beta(1,5)",35,75,1,0
"Beta(1,5)",35,125,1,0
"Beta(1,5)",35,200,1,0
"Beta(1,5)",35,350,1,0
"Beta(1,5)",35,500,1,0
"Beta(1,5)",35,1000,1,0
"Beta(1,5)",35,2000,1,0
"Beta(1,5)",35,5000,1,0
"Beta(1,5)",35,10000,1,0
"Beta(1,5)",36,10,1,0
"Beta(1,5)",36,20,1,0
"Beta(1,5)",36,40,1,0
"Beta(1,5)",36,75,1,0
"Beta(1,5)",36,125,1,0
"Beta(1,5)",36,200,1,0
"Beta(1,5)",36,350,1,0
"Beta(1,5)",36,500,1,0
"Beta(1,5)",36,1000,1,0
"Beta(1,5)",36,2000,1,0
"Beta(1,5)",36,5000,1,0
"Beta(1,5)",36,10000,1,0
"Beta(1,5)",37,10,1,0
"Beta(1,5)",37,20,1,0
"Beta(1,5)",37,40,1,0
"Beta(1,5)",37,75,1,0
"Beta(1,5)",37,125,1,0
"Beta(1,5)",37,200,1,0
"Beta(1,5)",37,350,1,0
"Beta(1,5)",37,500,1,0
"Beta(1,5)",37,1000,1,0
"Beta(1,5)",37,2000,1,0
"Beta(1,5)",37,5000,1,0
"Beta(1,5)",37,10000,1,0
"Beta(1,5)",38,10,1,0
"Beta(1,5)",38,20,1,0
"Beta(1,5)",38,40,1,0
"Beta(1,5)",38,75,1,0
"Beta(1,5)",38,125,1,0
"Beta(1,5)",38,200,1,0
"Beta(1,5)",38,350,1,0
"Beta(1,5)",38,500,1,0
"Beta(1,5)",38,1000,1,0
"Beta(1,5)",38,2000,1,0
"Beta(1,5)",38,5000,1,0
"Beta(1,5)",38,10000,1,0
"Beta(1,5)",39,10,1,0
"Beta(1,5)",39,20,1,0
"Beta(1,5)",39,40,1,0
"Beta(1,5)",39,75,1,0
"Beta(1,5)",39,125,1,0
"Beta(1,5)",39,200,1,0
"Beta(1,5)",39,350,1,0
"Beta(1,5)",39,500,1,0
"Beta(1,5)",39,1000,1,0
"Beta(1,5)",39,2000,1,0
"Beta(1,5)",39,5000,1,0
"Beta(1,5)",39,10000,1,0
Bernoulli(0.5),0,10,1,0
Bernoulli(0.5),0,20,1,0
Bernoulli(0.5),0,40,1,0
Bernoulli(0.5),0,75,1,0
Bernoulli(0.5),0,125,1,0
Bernoulli(0.5),0,200,1,0
Bernoulli(0.5),0,350,1,0
Bernoulli(0.5),0,500,1,0
Bernoulli(0.5),0,1000,1,0
Bernoulli(0.5),0,2000,1,0
Bernoulli(0.5),0,5000,1,0
Bernoulli(0.5),0,10000,1,0
Bernoulli(0.5),1,10,1,0
Bernoulli(0.5),1,20,1,0
Bernoulli(0.5),1,40,1,0
Bernoulli(0.5),1,75,1,0
Bernoulli(0.5),1,125,1,0
Bernoulli(0.5),1,200,1,0
Bernoulli(0.5),1,350,1,0
Bernoulli(0.5),1,500,1,0
Bernoulli(0.5),1,1000,1,0
Bernoulli(0.5),1,2000,1,0
Bernoulli(0.5),1,5000,1,0
Bernoulli(0.5),1,10000,1,0
Bernoulli(0.5),2,10,1,0
Bernoulli(0.5),2,20,1,0
Bernoulli(0.5),2,40,1,0
Bernoulli(0.5),2,75,1,0
Bernoulli(0.5),2,125,1,0
Bernoulli(0.5),2,200,1,0
Bernoulli(0.5),2,350,1,0
Bernoulli(0.5),2,500,1,0
Bernoulli(0.5),2,1000,1,0
Bernoulli(0.5),2,2000,1,0
Bernoulli(0.5),2,5000,1,0
Bernoulli(0.5),2,10000,1,0
Bernoulli(0.5),3,10,1,0
Bernoulli(0.5),3,20,1,0
Bernoulli(0.5),3,40,1,0
Bernoulli(0.5),3,75,1,0
Bernoulli(0.5),3,125,1,0
Bernoulli(0.5),3,200,1,0
Bernoulli(0.5),3,350,1,0
Bernoulli(0.5),3,500,1,0
Bernoulli(0.5),3,1000,1,0
Bernoulli(0.5),3,2000,1,0
Bernoulli(0.5),3,5000,1,0
Bernoulli(0.5),3,10000,1,0
Bernoulli(0.5),4,10,1,0
Bernoulli(0.5),4,20,1,0
Bernoulli(0.5),4,40,1,0
Bernoulli(0.5),4,75,1,0
Bernoulli(0.5),4,125,1,0
Bernoulli(0.5),4,200,1,0
Bernoulli(0.5),4,350,1,0
Bernoulli(0.5),4,500,1,0
Bernoulli(0.5),4,1000,1,0
Bernoulli(0.5),4,2000,1,0
Bernoulli(0.5),4,5000,1,0
Bernoulli(0.5),4,10000,1,0
Bernoulli(0.5),5,10,1,0
Bernoulli(0.5),5,20,1,0
Bernoulli(0.5),5,40,1,0
Bernoulli(0.5),5,75,1,0
Bernoulli(0.5),5,125,1,0
Bernoulli(0.5),5,200,1,0
Bernoulli(0.5),5,350,1,0
Bernoulli(0.5),5,500,1,0
Bernoulli(0.5),5,1000,1,0
Bernoulli(0.5),5,2000,1,0
Bernoulli(0.5),5,5000,1,0
Bernoulli(0.5),5,10000,1,0
Bernoulli(0.5),6,10,1,0
Bernoulli(0.5),6,20,1,0
Bernoulli(0.5),6,40,1,0
Bernoulli(0.5),6,75,1,0
Bernoulli(0.5),6,125,1,0
Bernoulli(0.5),6,200,1,0
Bernoulli(0.5),6,350,1,0
Bernoulli(0.5),6,500,1,0
Bernoulli(0.5),6,1000,1,0
Bernoulli(0.5),6,2000,1,0
Bernoulli(0.5),6,5000,1,0
Bernoulli(0.5),6,10000,1,0
Bernoulli(0.5),7,10,1,0
Bernoulli(0.5),7,20,1,0
Bernoulli(0.5),7,40,1,0
Bernoulli(0.5),7,75,1,0
Bernoulli(0.5),7,125,1,0
Bernoulli(0.5),7,200,1,0
Bernoulli(0.5),7,350,1,0
Bernoulli(0.5),7,500,1,0
Bernoulli(0.5),7,1000,1,0
Bernoulli(0.5),7,2000,1,0
Bernoulli(0.5),7,5000,1,0
Bernoulli(0.5),7,10000,1,0
Bernoulli(0.5),8,10,1,0
Bernoulli(0.5),8,20,1,0
Bernoulli(0.5),8,40,1,0
Bernoulli(0.5),8,75,1,0
Bernoulli(0.5),8,125,1,0
Bernoulli(0.5),8,200,1,0
Bernoulli(0.5),8,350,1,0
Bernoulli(0.5),8,500,1,0
Bernoulli(0.5),8,1000,1,0
Bernoulli(0.5),8,2000,1,0
Bernoulli(0.5),8,5000,1,0
Bernoulli(0.5),8,10000,1,0
Bernoulli(0.5),9,10,1,0
Bernoulli(0.5),9,20,1,0
Bernoulli(0.5),9,40,1,0
Bernoulli(0.5),9,75,1,0
Bernoulli(0.5),9,125,1,0
Bernoulli(0.5),9,200,1,0
Bernoulli(0.5),9,350,1,0
Bernoulli(0.5),9,500,1,0
Bernoulli(0.5),9,1000,1,0
Bernoulli(0.5),9,2000,1,0
Bernoulli(0.5),9,5000,1,0
Bernoulli(0.5),9,10000,1,0
Bernoulli(0.5),10,10,1,0
Bernoulli(0.5),10,20,1,0
Bernoulli(0.5),10,40,1,0
Bernoulli(0.5),10,75,1,0
Bernoulli(0.5),10,125,1,0
Bernoulli(0.5),10,200,1,0
Bernoulli(0.5),10,350,1,0
Bernoulli(0.5),10,500,1,0
Bernoulli(0.5),10,1000,1,0
Bernoulli(0.5),10,2000,1,0
Bernoulli(0.5),10,5000,1,0
Bernoulli(0.5),10,10000,1,0
Bernoulli(0.5),11,10,1,0
Bernoulli(0.5),11,20,1,0
Bernoulli(0.5),11,40,1,0
Bernoulli(0.5),11,75,1,0
Bernoulli(0.5),11,125,1,0
Bernoulli(0.5),11,200,1,0
Bernoulli(0.5),11,350,1,0
Bernoulli(0.5),11,500,1,0
Bernoulli(0.5),11,1000,1,0
Bernoulli(0.5),11,2000,1,0
Bernoulli(0.5),11,5000,1,0
Bernoulli(0.5),11,10000,1,0
Bernoulli(0.5),12,10,1,0
Bernoulli(0.5),12,20,1,0
Bernoulli(0.5),12,40,1,0
Bernoulli(0.5),12,75,1,0
Bernoulli(0.5),12,125,1,0
Bernoulli(0.5),12,200,1,0
Bernoulli(0.5),12,350,1,0
Bernoulli(0.5),12,500,1,0
Bernoulli(0.5),12,1000,1,0
Bernoulli(0.5),12,2000,1,0
Bernoulli(0.5),12,5000,1,0
Bernoulli(0.5),12,10000,1,0
Bernoulli(0.5),13,10,1,0
Bernoulli(0.5),13,20,1,0
Bernoulli(0.5),13,40,1,0
Bernoulli(0.5),13,75,1,0
Bernoulli(0.5),13,125,1,0
Bernoulli(0.5),13,200,1,0
Bernoulli(0.5),13,350,1,0
Bernoulli(0.5),13,500,1,0
Bernoulli(0.5),13,1000,1,0
Bernoulli(0.5),13,2000,1,0
Bernoulli(0.5),13,5000,1,0
Bernoulli(0.5),13,10000,1,0
Bernoulli(0.5),14,10,1,0
Bernoulli(0.5),14,20,1,0
Bernoulli(0.5),14,40,1,0
Bernoulli(0.5),14,75,1,0
Bernoulli(0.5),14,125,1,0
Bernoulli(0.5),14,200,1,0
Bernoulli(0.5),14,350,1,0
Bernoulli(0.5),14,500,1,0
Bernoulli(0.5),14,1000,1,0
Bernoulli(0.5),14,2000,1,0
Bernoulli(0.5),14,5000,1,0
Bernoulli(0.5),14,10000,1,0
Bernoulli(0.5),15,10,1,0
Bernoulli(0.5),15,20,1,0
Bernoulli(0.5),15,40,1,0
Bernoulli(0.5),15,75,1,0
Bernoulli(0.5),15,125,1,0
Bernoulli(0.5),15,200,1,0
Bernoulli(0.5),15,350,1,0
Bernoulli(0.5),15,500,1,0
Bernoulli(0.5),15,1000,1,0
Bernoulli(0.5),15,2000,1,0
Bernoulli(0.5),15,5000,1,0
Bernoulli(0.5),15,10000,1,0
Bernoulli(0.5),16,10,1,0
Bernoulli(0.5),16,20,1,0
Bernoulli(0.5),16,40,1,0
Bernoulli(0.5),16,75,1,0
Bernoulli(0.5),16,125,1,0
Bernoulli(0.5),16,200,1,0
Bernoulli(0.5),16,350,1,0
Bernoulli(0.5),16,500,1,0
Bernoulli(0.5),16,1000,1,0
Bernoulli(0.5),16,2000,1,0
Bernoulli(0.5),16,5000,1,0
Bernoulli(0.5),16,10000,1,0
Bernoulli(0.5),17,10,1,0
Bernoulli(0.5),17,20,1,0
Bernoulli(0.5),17,40,1,0
Bernoulli(0.5),17,75,1,0
Bernoulli(0.5),17,125,1,0
Bernoulli(0.5),17,200,1,0
Bernoulli(0.5),17,350,1,0
Bernoulli(0.5),17,500,1,0
Bernoulli(0.5),17,1000,1,0
Bernoulli(0.5),17,2000,1,0
Bernoulli(0.5),17,5000,1,0
Bernoulli(0.5),17,10000,1,0
Bernoulli(0.5),18,10,1,0
Bernoulli(0.5),18,20,1,0
Bernoulli(0.5),18,40,1,0
Bernoulli(0.5),18,75,1,0
Bernoulli(0.5),18,125,1,0
Bernoulli(0.5),18,200,1,0
Bernoulli(0.5),18,350,1,0
Bernoulli(0.5),18,500,1,0
Bernoulli(0.5),18,1000,1,0
Bernoulli(0.5),18,2000,1,0
Bernoulli(0.5),18,5000,1,0
Bernoulli(0.5),18,10000,1,0
Bernoulli(0.5),19,10,1,0
Bernoulli(0.5),19,20,1,0
Bernoulli(0.5),19,40,1,0
Bernoulli(0.5),19,75,1,0
Bernoulli(0.5),19,125,1,0
Bernoulli(0.5),19,200,1,0
Bernoulli(0.5),19,350,1,0
Bernoulli(0.5),19,500,1,0
Bernoulli(0.5),19,1000,1,0
Bernoulli(0.5),19,2000,1,0
Bernoulli(0.5),19,5000,1,0
Bernoulli(0.5),19,10000,1,0
Bernoulli(0.5),20,10,1,0
Bernoulli(0.5),20,20,1,0
Bernoulli(0.5),20,40,1,0
Bernoulli(0.5),20,75,1,0
Bernoulli(0.5),20,125,1,0
Bernoulli(0.5),20,200,1,0
Bernoulli(0.5),20,350,1,0
Bernoulli(0.5),20,500,1,0
Bernoulli(0.5),20,1000,1,0
Bernoulli(0.5),20,2000,1,0
Bernoulli(0.5),20,5000,1,0
Bernoulli(0.5),20,10000,1,0
Bernoulli(0.5),21,10,1,0
Bernoulli(0.5),21,20,1,0
Bernoulli(0.5),21,40,1,0
Bernoulli(0.5),21,75,1,0
Bernoulli(0.5),21,125,1,0
Bernoulli(0.5),21,200,1,0
Bernoulli(0.5),21,350,1,0
Bernoulli(0.5),21,500,1,0
Bernoulli(0.5),21,1000,1,0
Bernoulli(0.5),21,2000,1,0
Bernoulli(0.5),21,5000,1,0
Bernoulli(0.5),21,10000,1,0
Bernoulli(0.5),22,10,1,0
Bernoulli(0.5),22,20,1,0
Bernoulli(0.5),22,40,1,0
Bernoulli(0.5),22,75,1,0
Bernoulli(0.5),22,125,1,0
Bernoulli(0.5),22,200,1,0
Bernoulli(0.5),22,350,1,0
Bernoulli(0.5),22,500,1,0
Bernoulli(0.5),22,1000,1,0
Bernoulli(0.5),22,2000,1,0
Bernoulli(0.5),22,5000,1,0
Bernoulli(0.5),22,10000,1,0
Bernoulli(0.5),23,10,1,0
Bernoulli(0.5),23,20,1,0
Bernoulli(0.5),23,40,1,0
Bernoulli(0.5),23,75,1,0
Bernoulli(0.5),23,125,1,0
Bernoulli(0.5),23,200,1,0
Bernoulli(0.5),23,350,1,0
Bernoulli(0.5),23,500,1,0
Bernoulli(0.5),23,1000,1,0
Bernoulli(0.5),23,2000,1,0
Bernoulli(0.5),23,5000,1,0
Bernoulli(0.5),23,10000,1,0
Bernoulli(0.5),24,10,1,0
Bernoulli(0.5),24,20,1,0
Bernoulli(0.5),24,40,1,0
Bernoulli(0.5),24,75,1,0
Bernoulli(0.5),24,125,1,0
Bernoulli(0.5),24,200,1,0
Bernoulli(0.5),24,350,1,0
Bernoulli(0.5),24,500,1,0
Bernoulli(0.5),24,1000,1,0
Bernoulli(0.5),24,2000,1,0
Bernoulli(0.5),24,5000,1,0
Bernoulli(0.5),24,10000,1,0
Bernoulli(0.5),25,10,1,0
Bernoulli(0.5),25,20,1,0
Bernoulli(0.5),25,40,1,0
Bernoulli(0.5),25,75,1,0
Bernoulli(0.5),25,125,1,0
Bernoulli(0.5),25,200,1,0
Bernoulli(0.5),25,350,1,0
Bernoulli(0.5),25,500,1,0
Bernoulli(0.5),25,1000,1,0
Bernoulli(0.5),25,2000,1,0
Bernoulli(0.5),25,5000,1,0
Bernoulli(0.5),25,10000,1,0
Bernoulli(0.5),26,10,1,0
Bernoulli(0.5),26,20,1,0
Bernoulli(0.5),26,40,1,0
Bernoulli(0.5),26,75,1,0
Bernoulli(0.5),26,125,1,0
Bernoulli(0.5),26,200,1,0
Bernoulli(0.5),26,350,1,0
Bernoulli(0.5),26,500,1,0
Bernoulli(0.5),26,1000,1,0
Bernoulli(0.5),26,2000,1,0
Bernoulli(0.5),26,5000,1,0
Bernoulli(0.5),26,10000,1,0
Bernoulli(0.5),27,10,1,0
Bernoulli(0.5),27,20,1,0
Bernoulli(0.5),27,40,1,0
Bernoulli(0.5),27,75,1,0
Bernoulli(0.5),27,125,1,0
Bernoulli(0.5),27,200,1,0
Bernoulli(0.5),27,350,1,0
Bernoulli(0.5),27,500,1,0
Bernoulli(0.5),27,1000,1,0
Bernoulli(0.5),27,2000,1,0
Bernoulli(0.5),27,5000,1,0
Bernoulli(0.5),27,10000,1,0
Bernoulli(0.5),28,10,1,0
Bernoulli(0.5),28,20,1,0
Bernoulli(0.5),28,40,1,0
Bernoulli(0.5),28,75,1,0
Bernoulli(0.5),28,125,1,0
Bernoulli(0.5),28,200,1,0
Bernoulli(0.5),28,350,1,0
Bernoulli(0.5),28,500,1,0
Bernoulli(0.5),28,1000,1,0
Bernoulli(0.5),28,2000,1,0
Bernoulli(0.5),28,5000,1,0
Bernoulli(0.5),28,10000,1,0
Bernoulli(0.5),29,10,1,0
Bernoulli(0.5),29,20,1,0
Bernoulli(0.5),29,40,1,0
Bernoulli(0.5),29,75,1,0
Bernoulli(0.5),29,125,1,0
Bernoulli(0.5),29,200,1,0
Bernoulli(0.5),29,350,1,0
Bernoulli(0.5),29,500,1,0
Bernoulli(0.5),29,1000,1,0
Bernoulli(0.5),29,2000,1,0
Bernoulli(0.5),29,5000,1,0
Bernoulli(0.5),29,10000,1,0
Bernoulli(0.5),30,10,1,0
Bernoulli(0.5),30,20,1,0
Bernoulli(0.5),30,40,1,0
Bernoulli(0.5),30,75,1,0
Bernoulli(0.5),30,125,1,0
Bernoulli(0.5),30,200,1,0
Bernoulli(0.5),30,350,1,0
Bernoulli(0.5),30,500,1,0
Bernoulli(0.5),30,1000,1,0
Bernoulli(0.5),30,2000,1,0
Bernoulli(0.5),30,5000,1,0
Bernoulli(0.5),30,10000,1,0
Bernoulli(0.5),31,10,1,0
Bernoulli(0.5),31,20,1,0
Bernoulli(0.5),31,40,1,0
Bernoulli(0.5),31,75,1,0
Bernoulli(0.5),31,125,1,0
Bernoulli(0.5),31,200,1,0
Bernoulli(0.5),31,350,1,0
Bernoulli(0.5),31,500,1,0
Bernoulli(0.5),31,1000,1,0
Bernoulli(0.5),31,2000,1,0
Bernoulli(0.5),31,5000,1,0
Bernoulli(0.5),31,10000,1,0
Bernoulli(0.5),32,10,1,0
Bernoulli(0.5),32,20,1,0
Bernoulli(0.5),32,40,1,0
Bernoulli(0.5),32,75,1,0
Bernoulli(0.5),32,125,1,0
Bernoulli(0.5),32,200,1,0
Bernoulli(0.5),32,350,1,0
Bernoulli(0.5),32,500,1,0
Bernoulli(0.5),32,1000,1,0
Bernoulli(0.5),32,2000,1,0
Bernoulli(0.5),32,5000,1,0
Bernoulli(0.5),32,10000,1,0
Bernoulli(0.5),33,10,1,0
Bernoulli(0.5),33,20,1,0
Bernoulli(0.5),33,40,1,0
Bernoulli(0.5),33,75,1,0
Bernoulli(0.5),33,125,1,0
Bernoulli(0.5),33,200,1,0
Bernoulli(0.5),33,350,1,0
Bernoulli(0.5),33,500,1,0
Bernoulli(0.5),33,1000,1,0
Bernoulli(0.5),33,2000,1,0
Bernoulli(0.5),33,5000,1,0
Bernoulli(0.5),33,10000,1,0
Bernoulli(0.5),34,10,1,0
Bernoulli(0.5),34,20,1,0
Bernoulli(0.5),34,40,1,0
Bernoulli(0.5),34,75,1,0
Bernoulli(0.5),34,125,1,0
Bernoulli(0.5),34,200,1,0
Bernoulli(0.5),34,350,1,0
Bernoulli(0.5),34,500,1,0
Bernoulli(0.5),34,1000,1,0
Bernoulli(0.5),34,2000,1,0
Bernoulli(0.5),34,5000,1,0
Bernoulli(0.5),34,10000,1,0
Bernoulli(0.5),35,10,1,0
Bernoulli(0.5),35,20,1,0
Bernoulli(0.5),35,40,1,0
Bernoulli(0.5),35,75,1,0
Bernoulli(0.5),35,125,1,0
Bernoulli(0.5),35,200,1,0
Bernoulli(0.5),35,350,1,0
Bernoulli(0.5),35,500,1,0
Bernoulli(0.5),35,1000,1,0
Bernoulli(0.5),35,2000,1,0
Bernoulli(0.5),35,5000,1,0
Bernoulli(0.5),35,10000,1,0
Bernoulli(0.5),36,10,1,0
Bernoulli(0.5),36,20,1,0
Bernoulli(0.5),36,40,1,0
Bernoulli(0.5),36,75,1,0
Bernoulli(0.5),36,125,1,0
Bernoulli(0.5),36,200,1,0
Bernoulli(0.5),36,350,1,0
Bernoulli(0.5),36,500,1,0
Bernoulli(0.5),36,1000,1,0
Bernoulli(0.5),36,2000,1,0
Bernoulli(0.5),36,5000,1,0
Bernoulli(0.5),36,10000,1,0
Bernoulli(0.5),37,10,1,0
Bernoulli(0.5),37,20,1,0
Bernoulli(0.5),37,40,1,0
Bernoulli(0.5),37,75,1,0
Bernoulli(0.5),37,125,1,0
Bernoulli(0.5),37,200,1,0
Bernoulli(0.5),37,350,1,0
Bernoulli(0.5),37,500,1,0
Bernoulli(0.5),37,1000,1,0
Bernoulli(0.5),37,2000,1,0
Bernoulli(0.5),37,5000,1,0
Bernoulli(0.5),37,10000,1,0
Bernoulli(0.5),38,10,1,0
Bernoulli(0.5),38,20,1,0
Bernoulli(0.5),38,40,1,0
Bernoulli(0.5),38,75,1,0
Bernoulli(0.5),38,125,1,0
Bernoulli(0.5),38,200,1,0
Bernoulli(0.5),38,350,1,0
Bernoulli(0.5),38,500,1,0
Bernoulli(0.5),38,1000,1,0
Bernoulli(0.5),38,2000,1,0
Bernoulli(0.5),38,5000,1,0
Bernoulli(0.5),38,10000,1,0
Bernoulli(0.5),39,10,1,0
Bernoulli(0.5),39,20,1,0
Bernoulli(0.5),39,40,1,0
Bernoulli(0.5),39,75,1,0
Bernoulli(0.5),39,125,1,0
Bernoulli(0.5),39,200,1,0
Bernoulli(0.5),39,350,1,0
Bernoulli(0.5),39,500,1,0
Bernoulli(0.5),39,1000,1,0
Bernoulli(0.5),39,2000,1,0
Bernoulli(0.5),39,5000,1,0
Bernoulli(0.5),39,10000,1,0
"Beta(50,50)",0,10,1,0
"Beta(50,50)",0,20,1,0
"Beta(50,50)",0,40,1,0
"Beta(50,50)",0,75,1,0
"Beta(50,50)",0,125,1,0
"Beta(50,50)",0,200,1,0
"Beta(50,50)",0,350,1,0
"Beta(50,50)",0,500,1,0
"Beta(50,50)",0,1000,1,0
"Beta(50,50)",0,2000,1,0
"Beta(50,50)",0,5000,1,0
"Beta(50,50)",0,10000,1,0
"Beta(50,50)",1,10,1,0
"Beta(50,50)",1,20,1,0
"Beta(50,50)",1,40,1,0
"Beta(50,50)",1,75,1,0
"Beta(50,50)",1,125,1,0
"Beta(50,50)",1,200,1,0
"Beta(50,50)",1,350,1,0
"Beta(50,50)",1,500,1,0
"Beta(50,50)",1,1000,1,0
"Beta(50,50)",1,2000,1,0
"Beta(50,50)",1,5000,1,0
"Beta(50,50)",1,10000,1,0
"Beta(50,50)",2,10,1,0
"Beta(50,50)",2,20,1,0
"Beta(50,50)",2,40,1,0
"Beta(50,50)",2,75,1,0
"Beta(50,50)",2,125,1,0
"Beta(50,50)",2,200,1,0
"Beta(50,50)",2,350,1,0
"Beta(50,50)",2,500,1,0
"Beta(50,50)",2,1000,1,0
"Beta(50,50)",2,2000,1,0
"Beta(50,50)",2,5000,1,0
"Beta(50,50)",2,10000,1,0
"Beta(50,50)",3,10,1,0
"Beta(50,50)",3,20,1,0
"Beta(50,50)",3,40,1,0
"Beta(50,50)",3,75,1,0
"Beta(50,50)",3,125,1,0
"Beta(50,50)",3,200,1,0
"Beta(50,50)",3,350,1,0
"Beta(50,50)",3,500,1,0
"Beta(50,50)",3,1000,1,0
"Beta(50,50)",3,2000,1,0
"Beta(50,50)",3,5000,1,0
"Beta(50,50)",3,10000,1,0
"Beta(50,50)",4,10,1,0
"Beta(50,50)",4,20,1,0
"Beta(50,50)",4,40,1,0
"Beta(50,50)",4,75,1,0
"Beta(50,50)",4,125,1,0
"Beta(50,50)",4,200,1,0
"Beta(50,50)",4,350,1,0
"Beta(50,50)",4,500,1,0
"Beta(50,50)",4,1000,1,0
"Beta(50,50)",4,2000,1,0
"Beta(50,50)",4,5000,1,0
"Beta(50,50)",4,10000,1,0
"Beta(50,50)",5,10,1,0
"Beta(50,50)",5,20,1,0
"Beta(50,50)",5,40,1,0
"Beta(50,50)",5,75,1,0
"Beta(50,50)",5,125,1,0
"Beta(50,50)",5,200,1,0
"Beta(50,50)",5,350,1,0
"Beta(50,50)",5,500,1,0
"Beta(50,50)",5,1000,1,0
"Beta(50,50)",5,2000,1,0
"Beta(50,50)",5,5000,1,0
"Beta(50,50)",5,10000,1,0
"Beta(50,50)",6,10,1,0
"Beta(50,50)",6,20,1,0
"Beta(50,50)",6,40,1,0
"Beta(50,50)",6,75,1,0
"Beta(50,50)",6,125,1,0
"Beta(50,50)",6,200,1,0
"Beta(50,50)",6,350,1,0
"Beta(50,50)",6,500,1,0
"Beta(50,50)",6,1000,1,0
"Beta(50,50)",6,2000,1,0
"Beta(50,50)",6,5000,1,0
"Beta(50,50)",6,10000,1,0
"Beta(50,50)",7,10,1,0
"Beta(50,50)",7,20,1,0
"Beta(50,50)",7,40,1,0
"Beta(50,50)",7,75,1,0
"Beta(50,50)",7,125,1,0
"Beta(50,50)",7,200,1,0
"Beta(50,50)",7,350,1,0
"Beta(50,50)",7,500,1,0
"Beta(50,50)",7,1000,1,0
"Beta(50,50)",7,2000,1,0
"Beta(50,50)",7,5000,1,0
"Beta(50,50)",7,10000,1,0
"Beta(50,50)",8,10,1,0
"Beta(50,50)",8,20,1,0
"Beta(50,50)",8,40,1,0
"Beta(50,50)",8,75,1,0
"Beta(50,50)",8,125,1,0
"Beta(50,50)",8,200,1,0
"Beta(50,50)",8,350,1,0
"Beta(50,50)",8,500,1,0
"Beta(50,50)",8,1000,1,0
"Beta(50,50)",8,2000,1,0
"Beta(50,50)",8,5000,1,0
"Beta(50,50)",8,10000,1,0
"Beta(50,50)",9,10,1,0
"Beta(50,50)",9,20,1,0
"Beta(50,50)",9,40,1,0
"Beta(50,50)",9,75,1,0
"Beta(50,50)",9,125,1,0
"Beta(50,50)",9,200,1,0
"Beta(50,50)",9,350,1,0
"Beta(50,50)",9,500,1,0
"Beta(50,50)",9,1000,1,0
"Beta(50,50)",9,2000,1,0
"Beta(50,50)",9,5000,1,0
"Beta(50,50)",9,10000,1,0
"Beta(50,50)",10,10,1,0
"Beta(50,50)",10,20,1,0
"Beta(50,50)",10,40,1,0
"Beta(50,50)",10,75,1,0
"Beta(50,50)",10,125,1,0
"Beta(50,50)",10,200,1,0
"Beta(50,50)",10,350,1,0
"Beta(50,50)",10,500,1,0
"Beta(50,50)",10,1000,1,0
"Beta(50,50)",10,2000,1,0
"Beta(50,50)",10,5000,1,0
"Beta(50,50)",10,10000,1,0
"Beta(50,50)",11,10,1,0
"Beta(50,50)",11,20,1,0
"Beta(50,50)",11,40,1,0
"Beta(50,50)",11,75,1,0
"Beta(50,50)",11,125,1,0
"Beta(50,50)",11,200,1,0
"Beta(50,50)",11,350,1,0
"Beta(50,50)",11,500,1,0
"Beta(50,50)",11,1000,1,0
"Beta(50,50)",11,2000,1,0
"Beta(50,50)",11,5000,1,0
"Beta(50,50)",11,10000,1,0
"Beta(50,50)",12,10,1,0
"Beta(50,50)",12,20,1,0
"Beta(50,50)",12,40,1,0
"Beta(50,50)",12,75,1,0
"Beta(50,50)",12,125,1,0
"Beta(50,50)",12,200,1,0
"Beta(50,50)",12,350,1,0
"Beta(50,50)",12,500,1,0
"Beta(50,50)",12,1000,1,0
"Beta(50,50)",12,2000,1,0
"Beta(50,50)",12,5000,1,0
"Beta(50,50)",12,10000,1,0
"Beta(50,50)",13,10,1,0
"Beta(50,50)",13,20,1,0
"Beta(50,50)",13,40,1,0
"Beta(50,50)",13,75,1,0
"Beta(50,50)",13,125,1,0
"Beta(50,50)",13,200,1,0
"Beta(50,50)",13,350,1,0
"Beta(50,50)",13,500,1,0
"Beta(50,50)",13,1000,1,0
"Beta(50,50)",13,2000,1,0
"Beta(50,50)",13,5000,1,0
"Beta(50,50)",13,10000,1,0
"Beta(50,50)",14,10,1,0
"Beta(50,50)",14,20,1,0
"Beta(50,50)",14,40,1,0
"Beta(50,50)",14,75,1,0
"Beta(50,50)",14,125,1,0
"Beta(50,50)",14,200,1,0
"Beta(50,50)",14,350,1,0
"Beta(50,50)",14,500,1,0
"Beta(50,50)",14,1000,1,0
"Beta(50,50)",14,2000,1,0
"Beta(50,50)",14,5000,1,0
"Beta(50,50)",14,10000,1,0
"Beta(50,50)",15,10,1,0
"Beta(50,50)",15,20,1,0
"Beta(50,50)",15,40,1,0
"Beta(50,50)",15,75,1,0
"Beta(50,50)",15,125,1,0
"Beta(50,50)",15,200,1,0
"Beta(50,50)",15,350,1,0
"Beta(50,50)",15,500,1,0
"Beta(50,50)",15,1000,1,0
"Beta(50,50)",15,2000,1,0
"Beta(50,50)",15,5000,1,0
"Beta(50,50)",15,10000,1,0
"Beta(50,50)",16,10,1,0
"Beta(50,50)",16,20,1,0
"Beta(50,50)",16,40,1,0
"Beta(50,50)",16,75,1,0
"Beta(50,50)",16,125,1,0
"Beta(50,50)",16,200,1,0
"Beta(50,50)",16,350,1,0
"Beta(50,50)",16,500,1,0
"Beta(50,50)",16,1000,1,0
"Beta(50,50)",16,2000,1,0
"Beta(50,50)",16,5000,1,0
"Beta(50,50)",16,10000,1,0
"Beta(50,50)",17,10,1,0
"Beta(50,50)",17,20,1,0
"Beta(50,50)",17,40,1,0
"Beta(50,50)",17,75,1,0
"Beta(50,50)",17,125,1,0
"Beta(50,50)",17,200,1,0
"Beta(50,50)",17,350,1,0
"Beta(50,50)",17,500,1,0
"Beta(50,50)",17,1000,1,0
"Beta(50,50)",17,2000,1,0
"Beta(50,50)",17,5000,1,0
"Beta(50,50)",17,10000,1,0
"Beta(50,50)",18,10,1,0
"Beta(50,50)",18,20,1,0
"Beta(50,50)",18,40,1,0
"Beta(50,50)",18,75,1,0
"Beta(50,50)",18,125,1,0
"Beta(50,50)",18,200,1,0
"Beta(50,50)",18,350,1,0
"Beta(50,50)",18,500,1,0
"Beta(50,50)",18,1000,1,0
"Beta(50,50)",18,2000,1,0
"Beta(50,50)",18,5000,1,0
"Beta(50,50)",18,10000,1,0
"Beta(50,50)",19,10,1,0
"Beta(50,50)",19,20,1,0
"Beta(50,50)",19,40,1,0
"Beta(50,50)",19,75,1,0
"Beta(50,50)",19,125,1,0
"Beta(50,50)",19,200,1,0
"Beta(50,50)",19,350,1,0
"Beta(50,50)",19,500,1,0
"Beta(50,50)",19,1000,1,0
"Beta(50,50)",19,2000,1,0
"Beta(50,50)",19,5000,1,0
"Beta(50,50)",19,10000,1,0
"Beta(50,50)",20,10,1,0
"Beta(50,50)",20,20,1,0
"Beta(50,50)",20,40,1,0
"Beta(50,50)",20,75,1,0
"Beta(50,50)",20,125,1,0
"Beta(50,50)",20,200,1,0
"Beta(50,50)",20,350,1,0
"Beta(50,50)",20,500,1,0
"Beta(50,50)",20,1000,1,0
"Beta(50,50)",20,2000,1,0
"Beta(50,50)",20,5000,1,0
"Beta(50,50)",20,10000,1,0
"Beta(50,50)",21,10,1,0
"Beta(50,50)",21,20,1,0
"Beta(50,50)",21,40,1,0
"Beta(50,50)",21,75,1,0
"Beta(50,50)",21,125,1,0
"Beta(50,50)",21,200,1,0
"Beta(50,50)",21,350,1,0
"Beta(50,50)",21,500,1,0
"Beta(50,50)",21,1000,1,0
"Beta(50,50)",21,2000,1,0
"Beta(50,50)",21,5000,1,0
"Beta(50,50)",21,10000,1,0
"Beta(50,50)",22,10,1,0
"Beta(50,50)",22,20,1,0
"Beta(50,50)",22,40,1,0
"Beta(50,50)",22,75,1,0
"Beta(50,50)",22,125,1,0
"Beta(50,50)",22,200,1,0
"Beta(50,50)",22,350,1,0
"Beta(50,50)",22,500,1,0
"Beta(50,50)",22,1000,1,0
"Beta(50,50)",22,2000,1,0
"Beta(50,50)",22,5000,1,0
"Beta(50,50)",22,10000,1,0
"Beta(50,50)",23,10,1,0
"Beta(50,50)",23,20,1,0
"Beta(50,50)",23,40,1,0
"Beta(50,50)",23,75,1,0
"Beta(50,50)",23,125,1,0
"Beta(50,50)",23,200,1,0
"Beta(50,50)",23,350,1,0
"Beta(50,50)",23,500,1,0
"Beta(50,50)",23,1000,1,0
"Beta(50,50)",23,2000,1,0
"Beta(50,50)",23,5000,1,0
"Beta(50,50)",23,10000,1,0
"Beta(50,50)",24,10,1,0
"Beta(50,50)",24,20,1,0
"Beta(50,50)",24,40,1,0
"Beta(50,50)",24,75,1,0
"Beta(50,50)",24,125,1,0
"Beta(50,50)",24,200,1,0
"Beta(50,50)",24,350,1,0
"Beta(50,50)",24,500,1,0
"Beta(50,50)",24,1000,1,0
"Beta(50,50)",24,2000,1,0
"Beta(50,50)",24,5000,1,0
"Beta(50,50)",24,10000,1,0
"Beta(50,50)",25,10,1,0
"Beta(50,50)",25,20,1,0
"Beta(50,50)",25,40,1,0
"Beta(50,50)",25,75,1,0
"Beta(50,50)",25,125,1,0
"Beta(50,50)",25,200,1,0
"Beta(50,50)",25,350,1,0
"Beta(50,50)",25,500,1,0
"Beta(50,50)",25,1000,1,0
"Beta(50,50)",25,2000,1,0
"Beta(50,50)",25,5000,1,0
"Beta(50,50)",25,10000,1,0
"Beta(50,50)",26,10,1,0
"Beta(50,50)",26,20,1,0
"Beta(50,50)",26,40,1,0
"Beta(50,50)",26,75,1,0
"Beta(50,50)",26,125,1,0
"Beta(50,50)",26,200,1,0
"Beta(50,50)",26,350,1,0
"Beta(50,50)",26,500,1,0
"Beta(50,50)",26,1000,1,0
"Beta(50,50)",26,2000,1,0
"Beta(50,50)",26,5000,1,0
"Beta(50,50)",26,10000,1,0
"Beta(50,50)",27,10,1,0
"Beta(50,50)",27,20,1,0
"Beta(50,50)",27,40,1,0
"Beta(50,50)",27,75,1,0
"Beta(50,50)",27,125,1,0
"Beta(50,50)",27,200,1,0
"Beta(50,50)",27,350,1,0
"Beta(50,50)",27,500,1,0
"Beta(50,50)",27,1000,1,0
"Beta(50,50)",27,2000,1,0
"Beta(50,50)",27,5000,1,0
"Beta(50,50)",27,10000,1,0
"Beta(50,50)",28,10,1,0
"Beta(50,50)",28,20,1,0
"Beta(50,50)",28,40,1,0
"Beta(50,50)",28,75,1,0
"Beta(50,50)",28,125,1,0
"Beta(50,50)",28,200,1,0
"Beta(50,50)",28,350,1,0
"Beta(50,50)",28,500,1,0
"Beta(50,50)",28,1000,1,0
"Beta(50,50)",28,2000,1,0
"Beta(50,50)",28,5000,1,0
"Beta(50,50)",28,10000,1,0
"Beta(50,50)",29,10,1,0
"Beta(50,50)",29,20,1,0
"Beta(50,50)",29,40,1,0
"Beta(50,50)",29,75,1,0
"Beta(50,50)",29,125,1,0
"Beta(50,50)",29,200,1,0
"Beta(50,50)",29,350,1,0
"Beta(50,50)",29,500,1,0
"Beta(50,50)",29,1000,1,0
"Beta(50,50)",29,2000,1,0
"Beta(50,50)",29,5000,1,0
"Beta(50,50)",29,10000,1,0
"Beta(50,50)",30,10,1,0
"Beta(50,50)",30,20,1,0
"Beta(50,50)",30,40,1,0
"Beta(50,50)",30,75,1,0
"Beta(50,50)",30,125,1,0
"Beta(50,50)",30,200,1,0
"Beta(50,50)",30,350,1,0
"Beta(50,50)",30,500,1,0
"Beta(50,50)",30,1000,1,0
"Beta(50,50)",30,2000,1,0
"Beta(50,50)",30,5000,1,0
"Beta(50,50)",30,10000,1,0
"Beta(50,50)",31,10,1,0
"Beta(50,50)",31,20,1,0
"Beta(50,50)",31,40,1,0
"Beta(50,50)",31,75,1,0
"Beta(50,50)",31,125,1,0
"Beta(50,50)",31,200,1,0
"Beta(50,50)",31,350,1,0
"Beta(50,50)",31,500,1,0
"Beta(50,50)",31,1000,1,0
"Beta(50,50)",31,2000,1,0
"Beta(50,50)",31,5000,1,0
"Beta(50,50)",31,10000,1,0
"Beta(50,50)",32,10,1,0
"Beta(50,50)",32,20,1,0
"Beta(50,50)",32,40,1,0
"Beta(50,50)",32,75,1,0
"Beta(50,50)",32,125,1,0
"Beta(50,50)",32,200,1,0
"Beta(50,50)",32,350,1,0
"Beta(50,50)",32,500,1,0
"Beta(50,50)",32,1000,1,0
"Beta(50,50)",32,2000,1,0
"Beta(50,50)",32,5000,1,0
"Beta(50,50)",32,10000,1,0
"Beta(50,50)",33,10,1,0
"Beta(50,50)",33,20,1,0
"Beta(50,50)",33,40,1,0
"Beta(50,50)",33,75,1,0
"Beta(50,50)",33,125,1,0
"Beta(50,50)",33,200,1,0
"Beta(50,50)",33,350,1,0
"Beta(50,50)",33,500,1,0
"Beta(50,50)",33,1000,1,0
"Beta(50,50)",33,2000,1,0
"Beta(50,50)",33,5000,1,0
"Beta(50,50)",33,10000,1,0
"Beta(50,50)",34,10,1,0
"Beta(50,50)",34,20,1,0
"Beta(50,50)",34,40,1,0
"Beta(50,50)",34,75,1,0
"Beta(50,50)",34,125,1,0
"Beta(50,50)",34,200,1,0
"Beta(50,50)",34,350,1,0
"Beta(50,50)",34,500,1,0
"Beta(50,50)",34,1000,1,0
"Beta(50,50)",34,2000,1,0
"Beta(50,50)",34,5000,1,0
"Beta(50,50)",34,10000,1,0
"Beta(50,50)",35,10,1,0
"Beta(50,50)",35,20,1,0
"Beta(50,50)",35,40,1,0
"Beta(50,50)",35,75,1,0
"Beta(50,50)",35,125,1,0
"Beta(50,50)",35,200,1,0
"Beta(50,50)",35,350,1,0
"Beta(50,50)",35,500,1,0
"Beta(50,50)",35,1000,1,0
"Beta(50,50)",35,2000,1,0
"Beta(50,50)",35,5000,1,0
"Beta(50,50)",35,10000,1,0
"Beta(50,50)",36,10,1,0
"Beta(50,50)",36,20,1,0
"Beta(50,50)",36,40,1,0
"Beta(50,50)",36,75,1,0
"Beta(50,50)",36,125,1,0
"Beta(50,50)",36,200,1,0
"Beta(50,50)",36,350,1,0
"Beta(50,50)",36,500,1,0
"Beta(50,50)",36,1000,1,0
"Beta(50,50)",36,2000,1,0
"Beta(50,50)",36,5000,1,0
"Beta(50,50)",36,10000,1,0
"Beta(50,50)",37,10,1,0
"Beta(50,50)",37,20,1,0
"Beta(50,50)",37,40,1,0
"Beta(50,50)",37,75,1,0
"Beta(50,50)",37,125,1,0
"Beta(50,50)",37,200,1,0
"Beta(50,50)",37,350,1,0
"Beta(50,50)",37,500,1,0
"Beta(50,50)",37,1000,1,0
"Beta(50,50)",37,2000,1,0
"Beta(50,50)",37,5000,1,0
"Beta(50,50)",37,10000,1,0
"Beta(50,50)",38,10,1,0
"Beta(50,50)",38,20,1,0
"Beta(50,50)",38,40,1,0
"Beta(50,50)",38,75,1,0
"Beta(50,50)",38,125,1,0
"Beta(50,50)",38,200,1,0
"Beta(50,50)",38,350,1,0
"Beta(50,50)",38,500,1,0
"Beta(50,50)",38,1000,1,0
"Beta(50,50)",38,2000,1,0
"Beta(50,50)",38,5000,1,0
"Beta(50,50)",38,10000,1,0
"Beta(50,50)",39,10,1,0
"Beta(50,50)",39,20,1,0
"Beta(50,50)",39,40,1,0
"Beta(50,50)",39,75,1,0
"Beta(50,50)",39,125,1,0
"Beta(50,50)",39,200,1,0
"Beta(50,50)",39,350,1,0
"Beta(50,50)",39,500,1,0
"Beta(50,50)",39,1000,1,0
"Beta(50,50)",39,2000,1,0
"Beta(50,50)",39,5000,1,0
"Beta(50,50)",39,10000,1,0
"Beta(20,80)",0,10,1,0
"Beta(20,80)",0,20,1,0
"Beta(20,80)",0,40,1,0
"Beta(20,80)",0,75,1,0
"Beta(20,80)",0,125,1,0
"Beta(20,80)",0,200,1,0
"Beta(20,80)",0,350,1,0
"Beta(20,80)",0,500,1,0
"Beta(20,80)",0,1000,1,0
"Beta(20,80)",0,2000,1,0
"Beta(20,80)",0,5000,1,0
"Beta(20,80)",0,10000,1,0
"Beta(20,80)",1,10,1,0
"Beta(20,80)",1,20,1,0
"Beta(20,80)",1,40,1,0
"Beta(20,80)",1,75,1,0
"Beta(20,80)",1,125,1,0
"Beta(20,80)",1,200,1,0
"Beta(20,80)",1,350,1,0
"Beta(20,80)",1,500,1,0
"Beta(20,80)",1,1000,1,0
"Beta(20,80)",1,2000,1,0
"Beta(20,80)",1,5000,1,0
"Beta(20,80)",1,10000,1,0
"Beta(20,80)",2,10,1,0
"Beta(20,80)",2,20,1,0
"Beta(20,80)",2,40,1,0
"Beta(20,80)",2,75,1,0
"Beta(20,80)",2,125,1,0
"Beta(20,80)",2,200,1,0
"Beta(20,80)",2,350,1,0
"Beta(20,80)",2,500,1,0
"Beta(20,80)",2,1000,1,0
"Beta(20,80)",2,2000,1,0
"Beta(20,80)",2,5000,1,0
"Beta(20,80)",2,10000,1,0
"Beta(20,80)",3,10,1,0
"Beta(20,80)",3,20,1,0
"Beta(20,80)",3,40,1,0
"Beta(20,80)",3,75,1,0
"Beta(20,80)",3,125,1,0
"Beta(20,80)",3,200,1,0
"Beta(20,80)",3,350,1,0
"Beta(20,80)",3,500,1,0
"Beta(20,80)",3,1000,1,0
"Beta(20,80)",3,2000,1,0
"Beta(20,80)",3,5000,1,0
"Beta(20,80)",3,10000,1,0
"Beta(20,80)",4,10,1,0
"Beta(20,80)",4,20,1,0
"Beta(20,80)",4,40,1,0
"Beta(20,80)",4,75,1,0
"Beta(20,80)",4,125,1,0
"Beta(20,80)",4,200,1,0
"Beta(20,80)",4,350,1,0
"Beta(20,80)",4,500,1,0
"Beta(20,80)",4,1000,1,0
"Beta(20,80)",4,2000,1,0
"Beta(20,80)",4,5000,1,0
"Beta(20,80)",4,10000,1,0
"Beta(20,80)",5,10,1,0
"Beta(20,80)",5,20,1,0
"Beta(20,80)",5,40,1,0
"Beta(20,80)",5,75,1,0
"Beta(20,80)",5,125,1,0
"Beta(20,80)",5,200,1,0
"Beta(20,80)",5,350,1,0
"Beta(20,80)",5,500,1,0
"Beta(20,80)",5,1000,1,0
"Beta(20,80)",5,2000,1,0
"Beta(20,80)",5,5000,1,0
"Beta(20,80)",5,10000,1,0
"Beta(20,80)",6,10,1,0
"Beta(20,80)",6,20,1,0
"Beta(20,80)",6,40,1,0
"Beta(20,80)",6,75,1,0
"Beta(20,80)",6,125,1,0
"Beta(20,80)",6,200,1,0
"Beta(20,80)",6,350,1,0
"Beta(20,80)",6,500,1,0
"Beta(20,80)",6,1000,1,0
"Beta(20,80)",6,2000,1,0
"Beta(20,80)",6,5000,1,0
"Beta(20,80)",6,10000,1,0
"Beta(20,80)",7,10,1,0
"Beta(20,80)",7,20,1,0
"Beta(20,80)",7,40,1,0
"Beta(20,80)",7,75,1,0
"Beta(20,80)",7,125,1,0
"Beta(20,80)",7,200,1,0
"Beta(20,80)",7,350,1,0
"Beta(20,80)",7,500,1,0
"Beta(20,80)",7,1000,1,0
"Beta(20,80)",7,2000,1,0
"Beta(20,80)",7,5000,1,0
"Beta(20,80)",7,10000,1,0
"Beta(20,80)",8,10,1,0
"Beta(20,80)",8,20,1,0
"Beta(20,80)",8,40,1,0
"Beta(20,80)",8,75,1,0
"Beta(20,80)",8,125,1,0
"Beta(20,80)",8,200,1,0
"Beta(20,80)",8,350,1,0
"Beta(20,80)",8,500,1,0
"Beta(20,80)",8,1000,1,0
"Beta(20,80)",8,2000,1,0
"Beta(20,80)",8,5000,1,0
"Beta(20,80)",8,10000,1,0
"Beta(20,80)",9,10,1,0
"Beta(20,80)",9,20,1,0
"Beta(20,80)",9,40,1,0
"Beta(20,80)",9,75,1,0
"Beta(20,80)",9,125,1,0
"Beta(20,80)",9,200,1,0
"Beta(20,80)",9,350,1,0
"Beta(20,80)",9,500,1,0
"Beta(20,80)",9,1000,1,0
"Beta(20,80)",9,2000,1,0
"Beta(20,80)",9,5000,1,0
"Beta(20,80)",9,10000,1,0
"Beta(20,80)",10,10,1,0
"Beta(20,80)",10,20,1,0
"Beta(20,80)",10,40,1,0
"Beta(20,80)",10,75,1,0
"Beta(20,80)",10,125,1,0
"Beta(20,80)",10,200,1,0
"Beta(20,80)",10,350,1,0
"Beta(20,80)",10,500,1,0
"Beta(20,80)",10,1000,1,0
"Beta(20,80)",10,2000,1,0
"Beta(20,80)",10,5000,1,0
"Beta(20,80)",10,10000,1,0
"Beta(20,80)",11,10,1,0
"Beta(20,80)",11,20,1,0
"Beta(20,80)",11,40,1,0
"Beta(20,80)",11,75,1,0
"Beta(20,80)",11,125,1,0
"Beta(20,80)",11,200,1,0
"Beta(20,80)",11,350,1,0
"Beta(20,80)",11,500,1,0
"Beta(20,80)",11,1000,1,0
"Beta(20,80)",11,2000,1,0
"Beta(20,80)",11,5000,1,0
"Beta(20,80)",11,10000,1,0
"Beta(20,80)",12,10,1,0
"Beta(20,80)",12,20,1,0
"Beta(20,80)",12,40,1,0
"Beta(20,80)",12,75,1,0
"Beta(20,80)",12,125,1,0
"Beta(20,80)",12,200,1,0
"Beta(20,80)",12,350,1,0
"Beta(20,80)",12,500,1,0
"Beta(20,80)",12,1000,1,0
"Beta(20,80)",12,2000,1,0
"Beta(20,80)",12,5000,1,0
"Beta(20,80)",12,10000,1,0
"Beta(20,80)",13,10,1,0
"Beta(20,80)",13,20,1,0
"Beta(20,80)",13,40,1,0
"Beta(20,80)",13,75,1,0
"Beta(20,80)",13,125,1,0
"Beta(20,80)",13,200,1,0
"Beta(20,80)",13,350,1,0
"Beta(20,80)",13,500,1,0
"Beta(20,80)",13,1000,1,0
"Beta(20,80)",13,2000,1,0
"Beta(20,80)",13,5000,1,0
"Beta(20,80)",13,10000,1,0
"Beta(20,80)",14,10,1,0
"Beta(20,80)",14,20,1,0
"Beta(20,80)",14,40,1,0
"Beta(20,80)",14,75,1,0
"Beta(20,80)",14,125,1,0
"Beta(20,80)",14,200,1,0
"Beta(20,80)",14,350,1,0
"Beta(20,80)",14,500,1,0
"Beta(20,80)",14,1000,1,0
"Beta(20,80)",14,2000,1,0
"Beta(20,80)",14,5000,1,0
"Beta(20,80)",14,10000,1,0
"Beta(20,80)",15,10,1,0
"Beta(20,80)",15,20,1,0
"Beta(20,80)",15,40,1,0
"Beta(20,80)",15,75,1,0
"Beta(20,80)",15,125,1,0
"Beta(20,80)",15,200,1,0
"Beta(20,80)",15,350,1,0
"Beta(20,80)",15,500,1,0
"Beta(20,80)",15,1000,1,0
"Beta(20,80)",15,2000,1,0
"Beta(20,80)",15,5000,1,0
"Beta(20,80)",15,10000,1,0
"Beta(20,80)",16,10,1,0
"Beta(20,80)",16,20,1,0
"Beta(20,80)",16,40,1,0
"Beta(20,80)",16,75,1,0
"Beta(20,80)",16,125,1,0
"Beta(20,80)",16,200,1,0
"Beta(20,80)",16,350,1,0
"Beta(20,80)",16,500,1,0
"Beta(20,80)",16,1000,1,0
"Beta(20,80)",16,2000,1,0
"Beta(20,80)",16,5000,1,0
"Beta(20,80)",16,10000,1,0
"Beta(20,80)",17,10,1,0
"Beta(20,80)",17,20,1,0
"Beta(20,80)",17,40,1,0
"Beta(20,80)",17,75,1,0
"Beta(20,80)",17,125,1,0
"Beta(20,80)",17,200,1,0
"Beta(20,80)",17,350,1,0
"Beta(20,80)",17,500,1,0
"Beta(20,80)",17,1000,1,0
"Beta(20,80)",17,2000,1,0
"Beta(20,80)",17,5000,1,0
"Beta(20,80)",17,10000,1,0
"Beta(20,80)",18,10,1,0
"Beta(20,80)",18,20,1,0
"Beta(20,80)",18,40,1,0
"Beta(20,80)",18,75,1,0
"Beta(20,80)",18,125,1,0
"Beta(20,80)",18,200,1,0
"Beta(20,80)",18,350,1,0
"Beta(20,80)",18,500,1,0
"Beta(20,80)",18,1000,1,0
"Beta(20,80)",18,2000,1,0
"Beta(20,80)",18,5000,1,0
"Beta(20,80)",18,10000,1,0
"Beta(20,80)",19,10,1,0
"Beta(20,80)",19,20,1,0
"Beta(20,80)",19,40,1,0
"Beta(20,80)",19,75,1,0
"Beta(20,80)",19,125,1,0
"Beta(20,80)",19,200,1,0
"Beta(20,80)",19,350,1,0
"Beta(20,80)",19,500,1,0
"Beta(20,80)",19,1000,1,0
"Beta(20,80)",19,2000,1,0
"Beta(20,80)",19,5000,1,0
"Beta(20,80)",19,10000,1,0
"Beta(20,80)",20,10,1,0
"Beta(20,80)",20,20,1,0
"Beta(20,80)",20,40,1,0
"Beta(20,80)",20,75,1,0
"Beta(20,80)",20,125,1,0
"Beta(20,80)",20,200,1,0
"Beta(20,80)",20,350,1,0
"Beta(20,80)",20,500,1,0
"Beta(20,80)",20,1000,1,0
"Beta(20,80)",20,2000,1,0
"Beta(20,80)",20,5000,1,0
"Beta(20,80)",20,10000,1,0
"Beta(20,80)",21,10,1,0
"Beta(20,80)",21,20,1,0
"Beta(20,80)",21,40,1,0
"Beta(20,80)",21,75,1,0
"Beta(20,80)",21,125,1,0
"Beta(20,80)",21,200,1,0
"Beta(20,80)",21,350,1,0
"Beta(20,80)",21,500,1,0
"Beta(20,80)",21,1000,1,0
"Beta(20,80)",21,2000,1,0
"Beta(20,80)",21,5000,1,0
"Beta(20,80)",21,10000,1,0
"Beta(20,80)",22,10,1,0
"Beta(20,80)",22,20,1,0
"Beta(20,80)",22,40,1,0
"Beta(20,80)",22,75,1,0
"Beta(20,80)",22,125,1,0
"Beta(20,80)",22,200,1,0
"Beta(20,80)",22,350,1,0
"Beta(20,80)",22,500,1,0
"Beta(20,80)",22,1000,1,0
"Beta(20,80)",22,2000,1,0
"Beta(20,80)",22,5000,1,0
"Beta(20,80)",22,10000,1,0
"Beta(20,80)",23,10,1,0
"Beta(20,80)",23,20,1,0
"Beta(20,80)",23,40,1,0
"Beta(20,80)",23,75,1,0
"Beta(20,80)",23,125,1,0
"Beta(20,80)",23,200,1,0
"Beta(20,80)",23,350,1,0
"Beta(20,80)",23,500,1,0
"Beta(20,80)",23,1000,1,0
"Beta(20,80)",23,2000,1,0
"Beta(20,80)",23,5000,1,0
"Beta(20,80)",23,10000,1,0
"Beta(20,80)",24,10,1,0
"Beta(20,80)",24,20,1,0
"Beta(20,80)",24,40,1,0
"Beta(20,80)",24,75,1,0
"Beta(20,80)",24,125,1,0
"Beta(20,80)",24,200,1,0
"Beta(20,80)",24,350,1,0
"Beta(20,80)",24,500,1,0
"Beta(20,80)",24,1000,1,0
"Beta(20,80)",24,2000,1,0
"Beta(20,80)",24,5000,1,0
"Beta(20,80)",24,10000,1,0
"Beta(20,80)",25,10,1,0
"Beta(20,80)",25,20,1,0
"Beta(20,80)",25,40,1,0
"Beta(20,80)",25,75,1,0
"Beta(20,80)",25,125,1,0
"Beta(20,80)",25,200,1,0
"Beta(20,80)",25,350,1,0
"Beta(20,80)",25,500,1,0
"Beta(20,80)",25,1000,1,0
"Beta(20,80)",25,2000,1,0
"Beta(20,80)",25,5000,1,0
"Beta(20,80)",25,10000,1,0
"Beta(20,80)",26,10,1,0
"Beta(20,80)",26,20,1,0
"Beta(20,80)",26,40,1,0
"Beta(20,80)",26,75,1,0
"Beta(20,80)",26,125,1,0
"Beta(20,80)",26,200,1,0
"Beta(20,80)",26,350,1,0
"Beta(20,80)",26,500,1,0
"Beta(20,80)",26,1000,1,0
"Beta(20,80)",26,2000,1,0
"Beta(20,80)",26,5000,1,0
"Beta(20,80)",26,10000,1,0
"Beta(20,80)",27,10,1,0
"Beta(20,80)",27,20,1,0
"Beta(20,80)",27,40,1,0
"Beta(20,80)",27,75,1,0
"Beta(20,80)",27,125,1,0
"Beta(20,80)",27,200,1,0
"Beta(20,80)",27,350,1,0
"Beta(20,80)",27,500,1,0
"Beta(20,80)",27,1000,1,0
"Beta(20,80)",27,2000,1,0
"Beta(20,80)",27,5000,1,0
"Beta(20,80)",27,10000,1,0
"Beta(20,80)",28,10,1,0
"Beta(20,80)",28,20,1,0
"Beta(20,80)",28,40,1,0
"Beta(20,80)",28,75,1,0
"Beta(20,80)",28,125,1,0
"Beta(20,80)",28,200,1,0
"Beta(20,80)",28,350,1,0
"Beta(20,80)",28,500,1,0
"Beta(20,80)",28,1000,1,0
"Beta(20,80)",28,2000,1,0
"Beta(20,80)",28,5000,1,0
"Beta(20,80)",28,10000,1,0
"Beta(20,80)",29,10,1,0
"Beta(20,80)",29,20,1,0
"Beta(20,80)",29,40,1,0
"Beta(20,80)",29,75,1,0
"Beta(20,80)",29,125,1,0
"Beta(20,80)",29,200,1,0
"Beta(20,80)",29,350,1,0
"Beta(20,80)",29,500,1,0
"Beta(20,80)",29,1000,1,0
"Beta(20,80)",29,2000,1,0
"Beta(20,80)",29,5000,1,0
"Beta(20,80)",29,10000,1,0
"Beta(20,80)",30,10,1,0
"Beta(20,80)",30,20,1,0
"Beta(20,80)",30,40,1,0
"Beta(20,80)",30,75,1,0
"Beta(20,80)",30,125,1,0
"Beta(20,80)",30,200,1,0
"Beta(20,80)",30,350,1,0
"Beta(20,80)",30,500,1,0
"Beta(20,80)",30,1000,1,0
"Beta(20,80)",30,2000,1,0
"Beta(20,80)",30,5000,1,0
"Beta(20,80)",30,10000,1,0
"Beta(20,80)",31,10,1,0
"Beta(20,80)",31,20,1,0
"Beta(20,80)",31,40,1,0
"Beta(20,80)",31,75,1,0
"Beta(20,80)",31,125,1,0
"Beta(20,80)",31,200,1,0
"Beta(20,80)",31,350,1,0
"Beta(20,80)",31,500,1,0
"Beta(20,80)",31,1000,1,0
"Beta(20,80)",31,2000,1,0
"Beta(20,80)",31,5000,1,0
"Beta(20,80)",31,10000,1,0
"Beta(20,80)",32,10,1,0
"Beta(20,80)",32,20,1,0
"Beta(20,80)",32,40,1,0
"Beta(20,80)",32,75,1,0
"Beta(20,80)",32,125,1,0
"Beta(20,80)",32,200,1,0
"Beta(20,80)",32,350,1,0
"Beta(20,80)",32,500,1,0
"Beta(20,80)",32,1000,1,0
"Beta(20,80)",32,2000,1,0
"Beta(20,80)",32,5000,1,0
"Beta(20,80)",32,10000,1,0
"Beta(20,80)",33,10,1,0
"Beta(20,80)",33,20,1,0
"Beta(20,80)",33,40,1,0
"Beta(20,80)",33,75,1,0
"Beta(20,80)",33,125,1,0
"Beta(20,80)",33,200,1,0
"Beta(20,80)",33,350,1,0
"Beta(20,80)",33,500,1,0
"Beta(20,80)",33,1000,1,0
"Beta(20,80)",33,2000,1,0
"Beta(20,80)",33,5000,1,0
"Beta(20,80)",33,10000,1,0
"Beta(20,80)",34,10,1,0
"Beta(20,80)",34,20,1,0
"Beta(20,80)",34,40,1,0
"Beta(20,80)",34,75,1,0
"Beta(20,80)",34,125,1,0
"Beta(20,80)",34,200,1,0
"Beta(20,80)",34,350,1,0
"Beta(20,80)",34,500,1,0
"Beta(20,80)",34,1000,1,0
"Beta(20,80)",34,2000,1,0
"Beta(20,80)",34,5000,1,0
"Beta(20,80)",34,10000,1,0
"Beta(20,80)",35,10,1,0
"Beta(20,80)",35,20,1,0
"Beta(20,80)",35,40,1,0
"Beta(20,80)",35,75,1,0
"Beta(20,80)",35,125,1,0
"Beta(20,80)",35,200,1,0
"Beta(20,80)",35,350,1,0
"Beta(20,80)",35,500,1,0
"Beta(20,80)",35,1000,1,0
"Beta(20,80)",35,2000,1,0
"Beta(20,80)",35,5000,1,0
"Beta(20,80)",35,10000,1,0
"Beta(20,80)",36,10,1,0
"Beta(20,80)",36,20,1,0
"Beta(20,80)",36,40,1,0
"Beta(20,80)",36,75,1,0
"Beta(20,80)",36,125,1,0
"Beta(20,80)",36,200,1,0
"Beta(20,80)",36,350,1,0
"Beta(20,80)",36,500,1,0
"Beta(20,80)",36,1000,1,0
"Beta(20,80)",36,2000,1,0
"Beta(20,80)",36,5000,1,0
"Beta(20,80)",36,10000,1,0
"Beta(20,80)",37,10,1,0
"Beta(20,80)",37,20,1,0
"Beta(20,80)",37,40,1,0
"Beta(20,80)",37,75,1,0
"Beta(20,80)",37,125,1,0
"Beta(20,80)",37,200,1,0
"Beta(20,80)",37,350,1,0
"Beta(20,80)",37,500,1,0
"Beta(20,80)",37,1000,1,0
"Beta(20,80)",37,2000,1,0
"Beta(20,80)",37,5000,1,0
"Beta(20,80)",37,10000,1,0
"Beta(20,80)",38,10,1,0
"Beta(20,80)",38,20,1,0
"Beta(20,80)",38,40,1,0
"Beta(20,80)",38,75,1,0
"Beta(20,80)",38,125,1,0
"Beta(20,80)",38,200,1,0
"Beta(20,80)",38,350,1,0
"Beta(20,80)",38,500,1,0
"Beta(20,80)",38,1000,1,0
"Beta(20,80)",38,2000,1,0
"Beta(20,80)",38,5000,1,0
"Beta(20,80)",38,10000,1,0
"Beta(20,80)",39,10,1,0
"Beta(20,80)",39,20,1,0
"Beta(20,80)",39,40,1,0
"Beta(20,80)",39,75,1,0
"Beta(20,80)",39,125,1,0
"Beta(20,80)",39,200,1,0
"Beta(20,80)",39,350,1,0
"Beta(20,80)",39,500,1,0
"Beta(20,80)",39,1000,1,0
"Beta(20,80)",39,2000,1,0
"Beta(20,80)",39,5000,1,0
"Beta(20,80)",39,10000,1,0
"Uniform(0.45,0.55)",0,10,1,0
"Uniform(0.45,0.55)",0,20,1,0
"Uniform(0.45,0.55)",0,40,1,0
"Uniform(0.45,0.55)",0,75,1,0
"Uniform(0.45,0.55)",0,125,1,0
"Uniform(0.45,0.55)",0,200,1,0
"Uniform(0.45,0.55)",0,350,1,0
"Uniform(0.45,0.55)",0,500,1,0
"Uniform(0.45,0.55)",0,1000,1,0
"Uniform(0.45,0.55)",0,2000,1,0
"Uniform(0.45,0.55)",0,5000,1,0
"Uniform(0.45,0.55)",0,10000,1,0
"Uniform(0.45,0.55)",1,10,1,0
"Uniform(0.45,0.55)",1,20,1,0
"Uniform(0.45,0.55)",1,40,1,0
"Uniform(0.45,0.55)",1,75,1,0
"Uniform(0.45,0.55)",1,125,1,0
"Uniform(0.45,0.55)",1,200,1,0
"Uniform(0.45,0.55)",1,350,1,0
"Uniform(0.45,0.55)",1,500,1,0
"Uniform(0.45,0.55)",1,1000,1,0
"Uniform(0.45,0.55)",1,2000,1,0
"Uniform(0.45,0.55)",1,5000,1,0
"Uniform(0.45,0.55)",1,10000,1,0
"Uniform(0.45,0.55)",2,10,1,0
"Uniform(0.45,0.55)",2,20,1,0
"Uniform(0.45,0.55)",2,40,1,0
"Uniform(0.45,0.55)",2,75,1,0
"Uniform(0.45,0.55)",2,125,1,0
"Uniform(0.45,0.55)",2,200,1,0
"Uniform(0.45,0.55)",2,350,1,0
"Uniform(0.45,0.55)",2,500,1,0
"Uniform(0.45,0.55)",2,1000,1,0
"Uniform(0.45,0.55)",2,2000,1,0
"Uniform(0.45,0.55)",2,5000,1,0
"Uniform(0.45,0.55)",2,10000,1,0
"Uniform(0.45,0.55)",3,10,1,0
"Uniform(0.45,0.55)",3,20,1,0
"Uniform(0.45,0.55)",3,40,1,0
"Uniform(0.45,0.55)",3,75,1,0
"Uniform(0.45,0.55)",3,125,1,0
"Uniform(0.45,0.55)",3,200,1,0
"Uniform(0.45,0.55)",3,350,1,0
"Uniform(0.45,0.55)",3,500,1,0
"Uniform(0.45,0.55)",3,1000,1,0
"Uniform(0.45,0.55)",3,2000,1,0
"Uniform(0.45,0.55)",3,5000,1,0
"Uniform(0.45,0.55)",3,10000,1,0
"Uniform(0.45,0.55)",4,10,1,0
"Uniform(0.45,0.55)",4,20,1,0
"Uniform(0.45,0.55)",4,40,1,0
"Uniform(0.45,0.55)",4,75,1,0
"Uniform(0.45,0.55)",4,125,1,0
"Uniform(0.45,0.55)",4,200,1,0
"Uniform(0.45,0.55)",4,350,1,0
"Uniform(0.45,0.55)",4,500,1,0
"Uniform(0.45,0.55)",4,1000,1,0
"Uniform(0.45,0.55)",4,2000,1,0
"Uniform(0.45,0.55)",4,5000,1,0
"Uniform(0.45,0.55)",4,10000,1,0
"Uniform(0.45,0.55)",5,10,1,0
"Uniform(0.45,0.55)",5,20,1,0
"Uniform(0.45,0.55)",5,40,1,0
"Uniform(0.45,0.55)",5,75,1,0
"Uniform(0.45,0.55)",5,125,1,0
"Uniform(0.45,0.55)",5,200,1,0
"Uniform(0.45,0.55)",5,350,1,0
"Uniform(0.45,0.55)",5,500,1,0
"Uniform(0.45,0.55)",5,1000,1,0
"Uniform(0.45,0.55)",5,2000,1,0
"Uniform(0.45,0.55)",5,5000,1,0
"Uniform(0.45,0.55)",5,10000,1,0
"Uniform(0.45,0.55)",6,10,1,0
"Uniform(0.45,0.55)",6,20,1,0
"Uniform(0.45,0.55)",6,40,1,0
"Uniform(0.45,0.55)",6,75,1,0
"Uniform(0.45,0.55)",6,125,1,0
"Uniform(0.45,0.55)",6,200,1,0
"Uniform(0.45,0.55)",6,350,1,0
"Uniform(0.45,0.55)",6,500,1,0
"Uniform(0.45,0.55)",6,1000,1,0
"Uniform(0.45,0.55)",6,2000,1,0
"Uniform(0.45,0.55)",6,5000,1,0
"Uniform(0.45,0.55)",6,10000,1,0
"Uniform(0.45,0.55)",7,10,1,0
"Uniform(0.45,0.55)",7,20,1,0
"Uniform(0.45,0.55)",7,40,1,0
"Uniform(0.45,0.55)",7,75,1,0
"Uniform(0.45,0.55)",7,125,1,0
"Uniform(0.45,0.55)",7,200,1,0
"Uniform(0.45,0.55)",7,350,1,0
"Uniform(0.45,0.55)",7,500,1,0
"Uniform(0.45,0.55)",7,1000,1,0
"Uniform(0.45,0.55)",7,2000,1,0
"Uniform(0.45,0.55)",7,5000,1,0
"Uniform(0.45,0.55)",7,10000,1,0
"Uniform(0.45,0.55)",8,10,1,0
"Uniform(0.45,0.55)",8,20,1,0
"Uniform(0.45,0.55)",8,40,1,0
"Uniform(0.45,0.55)",8,75,1,0
"Uniform(0.45,0.55)",8,125,1,0
"Uniform(0.45,0.55)",8,200,1,0
"Uniform(0.45,0.55)",8,350,1,0
"Uniform(0.45,0.55)",8,500,1,0
"Uniform(0.45,0.55)",8,1000,1,0
"Uniform(0.45,0.55)",8,2000,1,0
"Uniform(0.45,0.55)",8,5000,1,0
"Uniform(0.45,0.55)",8,10000,1,0
"Uniform(0.45,0.55)",9,10,1,0
"Uniform(0.45,0.55)",9,20,1,0
"Uniform(0.45,0.55)",9,40,1,0
"Uniform(0.45,0.55)",9,75,1,0
"Uniform(0.45,0.55)",9,125,1,0
"Uniform(0.45,0.55)",9,200,1,0
"Uniform(0.45,0.55)",9,350,1,0
"Uniform(0.45,0.55)",9,500,1,0
"Uniform(0.45,0.55)",9,1000,1,0
"Uniform(0.45,0.55)",9,2000,1,0
"Uniform(0.45,0.55)",9,5000,1,0
"Uniform(0.45,0.55)",9,10000,1,0
"Uniform(0.45,0.55)",10,10,1,0
"Uniform(0.45,0.55)",10,20,1,0
"Uniform(0.45,0.55)",10,40,1,0
"Uniform(0.45,0.55)",10,75,1,0
"Uniform(0.45,0.55)",10,125,1,0
"Uniform(0.45,0.55)",10,200,1,0
"Uniform(0.45,0.55)",10,350,1,0
"Uniform(0.45,0.55)",10,500,1,0
"Uniform(0.45,0.55)",10,1000,1,0
"Uniform(0.45,0.55)",10,2000,1,0
"Uniform(0.45,0.55)",10,5000,1,0
"Uniform(0.45,0.55)",10,10000,1,0
"Uniform(0.45,0.55)",11,10,1,0
"Uniform(0.45,0.55)",11,20,1,0
"Uniform(0.45,0.55)",11,40,1,0
"Uniform(0.45,0.55)",11,75,1,0
"Uniform(0.45,0.55)",11,125,1,0
"Uniform(0.45,0.55)",11,200,1,0
"Uniform(0.45,0.55)",11,350,1,0
"Uniform(0.45,0.55)",11,500,1,0
"Uniform(0.45,0.55)",11,1000,1,0
"Uniform(0.45,0.55)",11,2000,1,0
"Uniform(0.45,0.55)",11,5000,1,0
"Uniform(0.45,0.55)",11,10000,1,0
"Uniform(0.45,0.55)",12,10,1,0
"Uniform(0.45,0.55)",12,20,1,0
"Uniform(0.45,0.55)",12,40,1,0
"Uniform(0.45,0.55)",12,75,1,0
"Uniform(0.45,0.55)",12,125,1,0
"Uniform(0.45,0.55)",12,200,1,0
"Uniform(0.45,0.55)",12,350,1,0
"Uniform(0.45,0.55)",12,500,1,0
"Uniform(0.45,0.55)",12,1000,1,0
"Uniform(0.45,0.55)",12,2000,1,0
"Uniform(0.45,0.55)",12,5000,1,0
"Uniform(0.45,0.55)",12,10000,1,0
"Uniform(0.45,0.55)",13,10,1,0
"Uniform(0.45,0.55)",13,20,1,0
"Uniform(0.45,0.55)",13,40,1,0
"Uniform(0.45,0.55)",13,75,1,0
"Uniform(0.45,0.55)",13,125,1,0
"Uniform(0.45,0.55)",13,200,1,0
"Uniform(0.45,0.55)",13,350,1,0
"Uniform(0.45,0.55)",13,500,1,0
"Uniform(0.45,0.55)",13,1000,1,0
"Uniform(0.45,0.55)",13,2000,1,0
"Uniform(0.45,0.55)",13,5000,1,0
"Uniform(0.45,0.55)",13,10000,1,0
"Uniform(0.45,0.55)",14,10,1,0
"Uniform(0.45,0.55)",14,20,1,0
"Uniform(0.45,0.55)",14,40,1,0
"Uniform(0.45,0.55)",14,75,1,0
"Uniform(0.45,0.55)",14,125,1,0
"Uniform(0.45,0.55)",14,200,1,0
"Uniform(0.45,0.55)",14,350,1,0
"Uniform(0.45,0.55)",14,500,1,0
"Uniform(0.45,0.55)",14,1000,1,0
"Uniform(0.45,0.55)",14,2000,1,0
"Uniform(0.45,0.55)",14,5000,1,0
"Uniform(0.45,0.55)",14,10000,1,0
"Uniform(0.45,0.55)",15,10,1,0
"Uniform(0.45,0.55)",15,20,1,0
"Uniform(0.45,0.55)",15,40,1,0
"Uniform(0.45,0.55)",15,75,1,0
"Uniform(0.45,0.55)",15,125,1,0
"Uniform(0.45,0.55)",15,200,1,0
"Uniform(0.45,0.55)",15,350,1,0
"Uniform(0.45,0.55)",15,500,1,0
"Uniform(0.45,0.55)",15,1000,1,0
"Uniform(0.45,0.55)",15,2000,1,0
"Uniform(0.45,0.55)",15,5000,1,0
"Uniform(0.45,0.55)",15,10000,1,0
"Uniform(0.45,0.55)",16,10,1,0
"Uniform(0.45,0.55)",16,20,1,0
"Uniform(0.45,0.55)",16,40,1,0
"Uniform(0.45,0.55)",16,75,1,0
"Uniform(0.45,0.55)",16,125,1,0
"Uniform(0.45,0.55)",16,200,1,0
"Uniform(0.45,0.55)",16,350,1,0
"Uniform(0.45,0.55)",16,500,1,0
"Uniform(0.45,0.55)",16,1000,1,0
"Uniform(0.45,0.55)",16,2000,1,0
"Uniform(0.45,0.55)",16,5000,1,0
"Uniform(0.45,0.55)",16,10000,1,0
"Uniform(0.45,0.55)",17,10,1,0
"Uniform(0.45,0.55)",17,20,1,0
"Uniform(0.45,0.55)",17,40,1,0
"Uniform(0.45,0.55)",17,75,1,0
"Uniform(0.45,0.55)",17,125,1,0
"Uniform(0.45,0.55)",17,200,1,0
"Uniform(0.45,0.55)",17,350,1,0
"Uniform(0.45,0.55)",17,500,1,0
"Uniform(0.45,0.55)",17,1000,1,0
"Uniform(0.45,0.55)",17,2000,1,0
"Uniform(0.45,0.55)",17,5000,1,0
"Uniform(0.45,0.55)",17,10000,1,0
"Uniform(0.45,0.55)",18,10,1,0
"Uniform(0.45,0.55)",18,20,1,0
"Uniform(0.45,0.55)",18,40,1,0
"Uniform(0.45,0.55)",18,75,1,0
"Uniform(0.45,0.55)",18,125,1,0
"Uniform(0.45,0.55)",18,200,1,0
"Uniform(0.45,0.55)",18,350,1,0
"Uniform(0.45,0.55)",18,500,1,0
"Uniform(0.45,0.55)",18,1000,1,0
"Uniform(0.45,0.55)",18,2000,1,0
"Uniform(0.45,0.55)",18,5000,1,0
"Uniform(0.45,0.55)",18,10000,1,0
"Uniform(0.45,0.55)",19,10,1,0
"Uniform(0.45,0.55)",19,20,1,0
"Uniform(0.45,0.55)",19,40,1,0
"Uniform(0.45,0.55)",19,75,1,0
"Uniform(0.45,0.55)",19,125,1,0
"Uniform(0.45,0.55)",19,200,1,0
"Uniform(0.45,0.55)",19,350,1,0
"Uniform(0.45,0.55)",19,500,1,0
"Uniform(0.45,0.55)",19,1000,1,0
"Uniform(0.45,0.55)",19,2000,1,0
"Uniform(0.45,0.55)",19,5000,1,0
"Uniform(0.45,0.55)",19,10000,1,0
"Uniform(0.45,0.55)",20,10,1,0
"Uniform(0.45,0.55)",20,20,1,0
"Uniform(0.45,0.55)",20,40,1,0
"Uniform(0.45,0.55)",20,75,1,0
"Uniform(0.45,0.55)",20,125,1,0
"Uniform(0.45,0.55)",20,200,1,0
"Uniform(0.45,0.55)",20,350,1,0
"Uniform(0.45,0.55)",20,500,1,0
"Uniform(0.45,0.55)",20,1000,1,0
"Uniform(0.45,0.55)",20,2000,1,0
"Uniform(0.45,0.55)",20,5000,1,0
"Uniform(0.45,0.55)",20,10000,1,0
"Uniform(0.45,0.55)",21,10,1,0
"Uniform(0.45,0.55)",21,20,1,0
"Uniform(0.45,0.55)",21,40,1,0
"Uniform(0.45,0.55)",21,75,1,0
"Uniform(0.45,0.55)",21,125,1,0
"Uniform(0.45,0.55)",21,200,1,0
"Uniform(0.45,0.55)",21,350,1,0
"Uniform(0.45,0.55)",21,500,1,0
"Uniform(0.45,0.55)",21,1000,1,0
"Uniform(0.45,0.55)",21,2000,1,0
"Uniform(0.45,0.55)",21,5000,1,0
"Uniform(0.45,0.55)",21,10000,1,0
"Uniform(0.45,0.55)",22,10,1,0
"Uniform(0.45,0.55)",22,20,1,0
"Uniform(0.45,0.55)",22,40,1,0
"Uniform(0.45,0.55)",22,75,1,0
"Uniform(0.45,0.55)",22,125,1,0
"Uniform(0.45,0.55)",22,200,1,0
"Uniform(0.45,0.55)",22,350,1,0
"Uniform(0.45,0.55)",22,500,1,0
"Uniform(0.45,0.55)",22,1000,1,0
"Uniform(0.45,0.55)",22,2000,1,0
"Uniform(0.45,0.55)",22,5000,1,0
"Uniform(0.45,0.55)",22,10000,1,0
"Uniform(0.45,0.55)",23,10,1,0
"Uniform(0.45,0.55)",23,20,1,0
"Uniform(0.45,0.55)",23,40,1,0
"Uniform(0.45,0.55)",23,75,1,0
"Uniform(0.45,0.55)",23,125,1,0
"Uniform(0.45,0.55)",23,200,1,0
"Uniform(0.45,0.55)",23,350,1,0
"Uniform(0.45,0.55)",23,500,1,0
"Uniform(0.45,0.55)",23,1000,1,0
"Uniform(0.45,0.55)",23,2000,1,0
"Uniform(0.45,0.55)",23,5000,1,0
"Uniform(0.45,0.55)",23,10000,1,0
"Uniform(0.45,0.55)",24,10,1,0
"Uniform(0.45,0.55)",24,20,1,0
"Uniform(0.45,0.55)",24,40,1,0
"Uniform(0.45,0.55)",24,75,1,0
"Uniform(0.45,0.55)",24,125,1,0
"Uniform(0.45,0.55)",24,200,1,0
"Uniform(0.45,0.55)",24,350,1,0
"Uniform(0.45,0.55)",24,500,1,0
"Uniform(0.45,0.55)",24,1000,1,0
"Uniform(0.45,0.55)",24,2000,1,0
"Uniform(0.45,0.55)",24,5000,1,0
"Uniform(0.45,0.55)",24,10000,1,0
"Uniform(0.45,0.55)",25,10,1,0
"Uniform(0.45,0.55)",25,20,1,0
"Uniform(0.45,0.55)",25,40,1,0
"Uniform(0.45,0.55)",25,75,1,0
"Uniform(0.45,0.55)",25,125,1,0
"Uniform(0.45,0.55)",25,200,1,0
"Uniform(0.45,0.55)",25,350,1,0
"Uniform(0.45,0.55)",25,500,1,0
"Uniform(0.45,0.55)",25,1000,1,0
"Uniform(0.45,0.55)",25,2000,1,0
"Uniform(0.45,0.55)",25,5000,1,0
"Uniform(0.45,0.55)",25,10000,1,0
"Uniform(0.45,0.55)",26,10,1,0
"Uniform(0.45,0.55)",26,20,1,0
"Uniform(0.45,0.55)",26,40,1,0
"Uniform(0.45,0.55)",26,75,1,0
"Uniform(0.45,0.55)",26,125,1,0
"Uniform(0.45,0.55)",26,200,1,0
"Uniform(0.45,0.55)",26,350,1,0
"Uniform(0.45,0.55)",26,500,1,0
"Uniform(0.45,0.55)",26,1000,1,0
"Uniform(0.45,0.55)",26,2000,1,0
"Uniform(0.45,0.55)",26,5000,1,0
"Uniform(0.45,0.55)",26,10000,1,0
"Uniform(0.45,0.55)",27,10,1,0
"Uniform(0.45,0.55)",27,20,1,0
"Uniform(0.45,0.55)",27,40,1,0
"Uniform(0.45,0.55)",27,75,1,0
"Uniform(0.45,0.55)",27,125,1,0
"Uniform(0.45,0.55)",27,200,1,0
"Uniform(0.45,0.55)",27,350,1,0
"Uniform(0.45,0.55)",27,500,1,0
"Uniform(0.45,0.55)",27,1000,1,0
"Uniform(0.45,0.55)",27,2000,1,0
"Uniform(0.45,0.55)",27,5000,1,0
"Uniform(0.45,0.55)",27,10000,1,0
"Uniform(0.45,0.55)",28,10,1,0
"Uniform(0.45,0.55)",28,20,1,0
"Uniform(0.45,0.55)",28,40,1,0
"Uniform(0.45,0.55)",28,75,1,0
"Uniform(0.45,0.55)",28,125,1,0
"Uniform(0.45,0.55)",28,200,1,0
"Uniform(0.45,0.55)",28,350,1,0
"Uniform(0.45,0.55)",28,500,1,0
"Uniform(0.45,0.55)",28,1000,1,0
"Uniform(0.45,0.55)",28,2000,1,0
"Uniform(0.45,0.55)",28,5000,1,0
"Uniform(0.45,0.55)",28,10000,1,0
"Uniform(0.45,0.55)",29,10,1,0
"Uniform(0.45,0.55)",29,20,1,0
"Uniform(0.45,0.55)",29,40,1,0
"Uniform(0.45,0.55)",29,75,1,0
"Uniform(0.45,0.55)",29,125,1,0
"Uniform(0.45,0.55)",29,200,1,0
"Uniform(0.45,0.55)",29,350,1,0
"Uniform(0.45,0.55)",29,500,1,0
"Uniform(0.45,0.55)",29,1000,1,0
"Uniform(0.45,0.55)",29,2000,1,0
"Uniform(0.45,0.55)",29,5000,1,0
"Uniform(0.45,0.55)",29,10000,1,0
"Uniform(0.45,0.55)",30,10,1,0
"Uniform(0.45,0.55)",30,20,1,0
"Uniform(0.45,0.55)",30,40,1,0
"Uniform(0.45,0.55)",30,75,1,0
"Uniform(0.45,0.55)",30,125,1,0
"Uniform(0.45,0.55)",30,200,1,0
"Uniform(0.45,0.55)",30,350,1,0
"Uniform(0.45,0.55)",30,500,1,0
"Uniform(0.45,0.55)",30,1000,1,0
"Uniform(0.45,0.55)",30,2000,1,0
"Uniform(0.45,0.55)",30,5000,1,0
"Uniform(0.45,0.55)",30,10000,1,0
"Uniform(0.45,0.55)",31,10,1,0
"Uniform(0.45,0.55)",31,20,1,0
"Uniform(0.45,0.55)",31,40,1,0
"Uniform(0.45,0.55)",31,75,1,0
"Uniform(0.45,0.55)",31,125,1,0
"Uniform(0.45,0.55)",31,200,1,0
"Uniform(0.45,0.55)",31,350,1,0
"Uniform(0.45,0.55)",31,500,1,0
"Uniform(0.45,0.55)",31,1000,1,0
"Uniform(0.45,0.55)",31,2000,1,0
"Uniform(0.45,0.55)",31,5000,1,0
"Uniform(0.45,0.55)",31,10000,1,0
"Uniform(0.45,0.55)",32,10,1,0
"Uniform(0.45,0.55)",32,20,1,0
"Uniform(0.45,0.55)",32,40,1,0
"Uniform(0.45,0.55)",32,75,1,0
"Uniform(0.45,0.55)",32,125,1,0
"Uniform(0.45,0.55)",32,200,1,0
"Uniform(0.45,0.55)",32,350,1,0
"Uniform(0.45,0.55)",32,500,1,0
"Uniform(0.45,0.55)",32,1000,1,0
"Uniform(0.45,0.55)",32,2000,1,0
"Uniform(0.45,0.55)",32,5000,1,0
"Uniform(0.45,0.55)",32,10000,1,0
"Uniform(0.45,0.55)",33,10,1,0
"Uniform(0.45,0.55)",33,20,1,0
"Uniform(0.45,0.55)",33,40,1,0
"Uniform(0.45,0.55)",33,75,1,0
"Uniform(0.45,0.55)",33,125,1,0
"Uniform(0.45,0.55)",33,200,1,0
"Uniform(0.45,0.55)",33,350,1,0
"Uniform(0.45,0.55)",33,500,1,0
"Uniform(0.45,0.55)",33,1000,1,0
"Uniform(0.45,0.55)",33,2000,1,0
"Uniform(0.45,0.55)",33,5000,1,0
"Uniform(0.45,0.55)",33,10000,1,0
"Uniform(0.45,0.55)",34,10,1,0
"Uniform(0.45,0.55)",34,20,1,0
"Uniform(0.45,0.55)",34,40,1,0
"Uniform(0.45,0.55)",34,75,1,0
"Uniform(0.45,0.55)",34,125,1,0
"Uniform(0.45,0.55)",34,200,1,0
"Uniform(0.45,0.55)",34,350,1,0
"Uniform(0.45,0.55)",34,500,1,0
"Uniform(0.45,0.55)",34,1000,1,0
"Uniform(0.45,0.55)",34,2000,1,0
"Uniform(0.45,0.55)",34,5000,1,0
"Uniform(0.45,0.55)",34,10000,1,0
"Uniform(0.45,0.55)",35,10,1,0
"Uniform(0.45,0.55)",35,20,1,0
"Uniform(0.45,0.55)",35,40,1,0
"Uniform(0.45,0.55)",35,75,1,0
"Uniform(0.45,0.55)",35,125,1,0
"Uniform(0.45,0.55)",35,200,1,0
"Uniform(0.45,0.55)",35,350,1,0
"Uniform(0.45,0.55)",35,500,1,0
"Uniform(0.45,0.55)",35,1000,1,0
"Uniform(0.45,0.55)",35,2000,1,0
"Uniform(0.45,0.55)",35,5000,1,0
"Uniform(0.45,0.55)",35,10000,1,0
"Uniform(0.45,0.55)",36,10,1,0
"Uniform(0.45,0.55)",36,20,1,0
"Uniform(0.45,0.55)",36,40,1,0
"Uniform(0.45,0.55)",36,75,1,0
"Uniform(0.45,0.55)",36,125,1,0
"Uniform(0.45,0.55)",36,200,1,0
"Uniform(0.45,0.55)",36,350,1,0
"Uniform(0.45,0.55)",36,500,1,0
"Uniform(0.45,0.55)",36,1000,1,0
"Uniform(0.45,0.55)",36,2000,1,0
"Uniform(0.45,0.55)",36,5000,1,0
"Uniform(0.45,0.55)",36,10000,1,0
"Uniform(0.45,0.55)",37,10,1,0
"Uniform(0.45,0.55)",37,20,1,0
"Uniform(0.45,0.55)",37,40,1,0
"Uniform(0.45,0.55)",37,75,1,0
"Uniform(0.45,0.55)",37,125,1,0
"Uniform(0.45,0.55)",37,200,1,0
"Uniform(0.45,0.55)",37,350,1,0
"Uniform(0.45,0.55)",37,500,1,0
"Uniform(0.45,0.55)",37,1000,1,0
"Uniform(0.45,0.55)",37,2000,1,0
"Uniform(0.45,0.55)",37,5000,1,0
"Uniform(0.45,0.55)",37,10000,1,0
"Uniform(0.45,0.55)",38,10,1,0
"Uniform(0.45,0.55)",38,20,1,0
"Uniform(0.45,0.55)",38,40,1,0
"Uniform(0.45,0.55)",38,75,1,0
"Uniform(0.45,0.55)",38,125,1,0
"Uniform(0.45,0.55)",38,200,1,0
"Uniform(0.45,0.55)",38,350,1,0
"Uniform(0.45,0.55)",38,500,1,0
"Uniform(0.45,0.55)",38,1000,1,0
"Uniform(0.45,0.55)",38,2000,1,0
"Uniform(0.45,0.55)",38,5000,1,0
"Uniform(0.45,0.55)",38,10000,1,0
"Uniform(0.45,0.55)",39,10,1,0
"Uniform(0.45,0.55)",39,20,1,0
"Uniform(0.45,0.55)",39,40,1,0
"Uniform(0.45,0.55)",39,75,1,0
"Uniform(0.45,0.55)",39,125,1,0
"Uniform(0.45,0.55)",39,200,1,0
"Uniform(0.45,0.55)",39,350,1,0
"Uniform(0.45,0.55)",39,500,1,0
"Uniform(0.45,0.55)",39,1000,1,0
"Uniform(0.45,0.55)",39,2000,1,0
"Uniform(0.45,0.55)",39,5000,1,0
"Uniform(0.45,0.55)",39,10000,1,0
