distribution,true_mean,true_variance,n,rep,method,calibration,lower,upper,width,sqrt_n_width,covered,empty,runtime_seconds,score_evaluations,topology_escalated,backend
"Beta(2,2)",0.5,0.05,1000,0,Original STaR,deterministic_markov,0.4709943485968417,0.5087115983741515,0.0377172497773097,1.192724163737775,True,False,0.0019075060263276,84,False,
"Beta(2,2)",0.5,0.05,1000,0,Squared-hinge STaR,deterministic_markov,0.4707200262875078,0.5088880468947281,0.0381680206072203,1.206978788990591,True,False,0.0024540890008211,84,False,
"Beta(2,2)",0.5,0.05,1000,0,Efficient betting,deterministic_markov,0.4723143722797729,0.5089041117690474,0.0365897394892744,1.157069157783134,True,False,0.0015803368296474,123,False,
"Beta(2,2)",0.5,0.05,1000,0,Original STaR,randomized_markov,0.4711928531824903,0.5087115983741515,0.0375187451916611,1.1864468975713989,True,False,0.0014685860369354,84,False,
"Beta(2,2)",0.5,0.05,1000,0,Squared-hinge STaR,randomized_markov,0.4709474794585636,0.5088880468947281,0.0379405674361645,1.1997860881749498,True,False,0.0023255560081452,84,False,
"Beta(2,2)",0.5,0.05,1000,0,Efficient betting,randomized_markov,0.4727164713122407,0.5088358227983436,0.0361193514861029,1.1421941830427276,True,False,0.0013896271120756,123,False,
"Beta(2,2)",0.5,0.05,1000,0,Gaffke,not_applicable,0.4717372399185732,0.5085658293277778,0.0368285894092046,1.164622255442416,True,False,0.0162936681881546,0,False,bspline-exact
"Beta(2,2)",0.5,0.05,10000,0,Original STaR,deterministic_markov,0.4945069902729266,0.5064607294351444,0.0119537391622177,1.1953739162217758,True,False,0.0056903650984168,86,False,
"Beta(2,2)",0.5,0.05,10000,0,Squared-hinge STaR,deterministic_markov,0.4944716294116273,0.506583166417393,0.0121115370057656,1.2111537005765616,True,False,0.0136867500841617,86,False,
"Beta(2,2)",0.5,0.05,10000,0,Efficient betting,deterministic_markov,0.4945491342994462,0.5061102318979295,0.0115610975984832,1.1561097598483228,True,False,0.0090215820819139,123,False,
"Beta(2,2)",0.5,0.05,10000,0,Original STaR,randomized_markov,0.4945069902729266,0.5064607294351444,0.0119537391622177,1.1953739162217758,True,False,0.0057865669950842,86,False,
"Beta(2,2)",0.5,0.05,10000,0,Squared-hinge STaR,randomized_markov,0.4944716294116273,0.506583166417393,0.0121115370057656,1.2111537005765616,True,False,0.0138223359826952,86,False,
"Beta(2,2)",0.5,0.05,10000,0,Efficient betting,randomized_markov,0.4945752469354827,0.5060733750001907,0.0114981280647079,1.1498128064707958,True,False,0.0093778348527848,123,False,
"Beta(2,2)",0.5,0.05,10000,0,Gaffke,not_applicable,0.4945201194096079,0.5061002084331673,0.0115800890235593,1.1580089023559392,True,False,0.1518190028145909,0,False,cornish-fisher-moments
"Beta(2,2)",0.5,0.05,100000,0,Original STaR,deterministic_markov,0.4975459856755967,0.5011621902854064,0.0036162046098097,1.1435443052199172,True,False,0.049685122910887,90,False,
"Beta(2,2)",0.5,0.05,100000,0,Squared-hinge STaR,deterministic_markov,0.4975717516935725,0.5011600897948105,0.003588338101238,1.134732141467608,True,False,0.1407748779747635,90,False,
"Beta(2,2)",0.5,0.05,100000,0,Efficient betting,deterministic_markov,0.4973055549045989,0.5009520496659754,0.0036464947613765,1.1531228921821988,True,False,0.1027982449159026,123,False,
"Beta(2,2)",0.5,0.05,100000,0,Original STaR,randomized_markov,0.4975459856755967,0.5011621902854064,0.0036162046098097,1.1435443052199172,True,False,0.0492501910775899,90,False,
"Beta(2,2)",0.5,0.05,100000,0,Squared-hinge STaR,randomized_markov,0.4975717516935725,0.5011600897948105,0.003588338101238,1.134732141467608,True,False,0.1399556600954383,90,False,
"Beta(2,2)",0.5,0.05,100000,0,Efficient betting,randomized_markov,0.497305641078572,0.500950240012539,0.0036445989339669,1.1525233789157203,True,False,0.0997574478387832,123,False,
"Beta(2,2)",0.5,0.05,100000,0,Gaffke,not_applicable,0.4973032421453467,0.5009500130844743,0.0036467709391275,1.1532102272554392,True,False,0.0002840170636773,0,False,cornish-fisher-moments
"Beta(2,2)",0.5,0.05,1000000,0,Original STaR,deterministic_markov,0.499094210720625,0.5002995894399209,0.0012053787192958,1.2053787192958798,True,False,0.4961395259015262,94,False,
"Beta(2,2)",0.5,0.05,1000000,0,Squared-hinge STaR,deterministic_markov,0.4990855676299737,0.500309340619117,0.0012237729891433,1.2237729891433349,True,False,1.267211931059137,94,False,
"Beta(2,2)",0.5,0.05,1000000,0,Efficient betting,deterministic_markov,0.4991247581646844,0.5002773475456945,0.00115258938101,1.152589381010094,True,False,0.8519283859059215,123,False,
"Beta(2,2)",0.5,0.05,1000000,0,Original STaR,randomized_markov,0.499094210720625,0.5002995894399209,0.0012053787192958,1.2053787192958798,True,False,0.4861198568250984,94,False,
"Beta(2,2)",0.5,0.05,1000000,0,Squared-hinge STaR,randomized_markov,0.4990855676299737,0.500309340619117,0.0012237729891433,1.2237729891433349,True,False,1.2734110378660262,94,False,
"Beta(2,2)",0.5,0.05,1000000,0,Efficient betting,randomized_markov,0.4991254537033404,0.5002772111655658,0.0011517574622254,1.1517574622254,True,False,0.8331683571450412,123,False,
"Beta(2,2)",0.5,0.05,1000000,0,Gaffke,not_applicable,0.4991250100731256,0.5002771242092229,0.0011521141360972,1.152114136097282,True,False,0.0007500478532165,0,False,cornish-fisher-moments
"Beta(2,2)",0.5,0.05,10000000,0,Original STaR,deterministic_markov,0.4996604952446739,0.5000254341415646,0.0003649388968907,1.154038120963983,True,False,4.9877478699199855,96,False,
"Beta(2,2)",0.5,0.05,10000000,0,Squared-hinge STaR,deterministic_markov,0.4996606775808767,0.5000272855553156,0.0003666079744388,1.159316207607656,True,False,13.474575078114867,96,False,
"Beta(2,2)",0.5,0.05,10000000,0,Efficient betting,deterministic_markov,0.4996791134972356,0.5000434924385687,0.0003643789413331,1.1522673860135335,True,False,8.308706460986286,123,False,
"Beta(2,2)",0.5,0.05,10000000,0,Original STaR,randomized_markov,0.4996604952446739,0.5000254341415646,0.0003649388968907,1.154038120963983,True,False,4.925427864072844,96,False,
"Beta(2,2)",0.5,0.05,10000000,0,Squared-hinge STaR,randomized_markov,0.4996606775808767,0.5000272855553156,0.0003666079744388,1.159316207607656,True,False,13.46434284793213,96,False,
"Beta(2,2)",0.5,0.05,10000000,0,Efficient betting,randomized_markov,0.499679199810231,0.5000433974942737,0.0003641976840427,1.1516942001333614,True,False,8.394151085987687,123,False,
"Beta(2,2)",0.5,0.05,10000000,0,Gaffke,not_applicable,0.4996791718890295,0.5000435333581422,0.0003643614691127,1.152212134001312,True,False,0.0051924041472375,0,False,cornish-fisher-moments
"Beta(2,2)",0.5,0.05,1000,1,Original STaR,deterministic_markov,0.4640528358278106,0.5029275555047741,0.0388747196769634,1.2293265757976957,True,False,0.0015182490460574,84,False,
"Beta(2,2)",0.5,0.05,1000,1,Squared-hinge STaR,deterministic_markov,0.4638541333541058,0.5032312864288659,0.0393771530747601,1.245214914893446,True,False,0.0024298131465911,84,False,
"Beta(2,2)",0.5,0.05,1000,1,Efficient betting,deterministic_markov,0.4653429280149166,0.502928265156466,0.0375853371415494,1.1885527199261865,True,False,0.0014885338023304,123,False,
"Beta(2,2)",0.5,0.05,1000,1,Original STaR,randomized_markov,0.4640542551311942,0.5028679447626627,0.0388136896314684,1.227396636303018,True,False,0.0013128619175404,84,False,
"Beta(2,2)",0.5,0.05,1000,1,Squared-hinge STaR,randomized_markov,0.4638541333541058,0.5032029003611938,0.0393487670070879,1.244317268616848,True,False,0.002321908948943,84,False,
"Beta(2,2)",0.5,0.05,1000,1,Efficient betting,randomized_markov,0.4654896621493448,0.5026444044797449,0.0371547423304001,1.174936116407367,True,False,0.001421146094799,123,False,
"Beta(2,2)",0.5,0.05,1000,1,Gaffke,not_applicable,0.4655185214456793,0.5034005391051992,0.0378820176595199,1.1979345816680391,True,False,0.0164531590417027,0,False,bspline-exact
"Beta(2,2)",0.5,0.05,10000,1,Original STaR,deterministic_markov,0.4936592987664356,0.5055459296499751,0.0118866308835395,1.1886630883539528,True,False,0.0055715811904519,86,False,
"Beta(2,2)",0.5,0.05,10000,1,Squared-hinge STaR,deterministic_markov,0.4935970790579298,0.505583705901568,0.0119866268436381,1.198662684363816,True,False,0.014776580967009,86,False,
"Beta(2,2)",0.5,0.05,10000,1,Efficient betting,deterministic_markov,0.4933263720459501,0.5049197498198399,0.0115933777738898,1.15933777738898,True,False,0.0106289410032331,123,False,
"Beta(2,2)",0.5,0.05,10000,1,Original STaR,randomized_markov,0.4936592987664356,0.5055459296499751,0.0118866308835395,1.1886630883539528,True,False,0.0054684760980308,86,False,
"Beta(2,2)",0.5,0.05,10000,1,Squared-hinge STaR,randomized_markov,0.4935970790579298,0.505583705901568,0.0119866268436381,1.198662684363816,True,False,0.0143975340761244,86,False,
"Beta(2,2)",0.5,0.05,10000,1,Efficient betting,randomized_markov,0.4933266455391743,0.5049010155339821,0.0115743699948078,1.157436999480782,True,False,0.0097333469893783,123,False,
"Beta(2,2)",0.5,0.05,10000,1,Gaffke,not_applicable,0.493370416367356,0.505013228663589,0.0116428122962329,1.164281229623293,True,False,0.00019455794245,0,False,cornish-fisher-moments
"Beta(2,2)",0.5,0.05,100000,1,Original STaR,deterministic_markov,0.4981044178018236,0.5016683201545087,0.0035639023526851,1.1270048792917655,True,False,0.0509170019067823,90,False,
"Beta(2,2)",0.5,0.05,100000,1,Squared-hinge STaR,deterministic_markov,0.4981160622491437,0.5016182350015775,0.0035021727524338,1.1074842657071835,True,False,0.1359976578969508,90,False,
"Beta(2,2)",0.5,0.05,100000,1,Efficient betting,deterministic_markov,0.4980383336747014,0.5016924238367048,0.0036540901620032,1.1555247687544086,True,False,0.094653882086277,123,False,
"Beta(2,2)",0.5,0.05,100000,1,Original STaR,randomized_markov,0.4981044178018236,0.5016683201545087,0.0035639023526851,1.1270048792917655,True,False,0.0507136369124054,90,False,
"Beta(2,2)",0.5,0.05,100000,1,Squared-hinge STaR,randomized_markov,0.4981160622491437,0.5016182350015775,0.0035021727524338,1.1074842657071835,True,False,0.1343684080056846,90,False,
"Beta(2,2)",0.5,0.05,100000,1,Efficient betting,randomized_markov,0.498039412863517,0.5016912583127839,0.0036518454492668,1.154814928260424,True,False,0.0923296890687197,123,False,
"Beta(2,2)",0.5,0.05,100000,1,Gaffke,not_applicable,0.498054385091114,0.5017079559148316,0.0036535708237176,1.1553605395685291,True,False,0.0004040030762553,0,False,cornish-fisher-moments
"Beta(2,2)",0.5,0.05,1000000,1,Original STaR,deterministic_markov,0.499674749818416,0.5008655015190318,0.0011907517006157,1.1907517006157775,True,False,0.4959452780894935,94,False,
"Beta(2,2)",0.5,0.05,1000000,1,Squared-hinge STaR,deterministic_markov,0.4996774120050253,0.5008723344646628,0.0011949224596374,1.194922459637482,True,False,1.3143579349853098,94,False,
"Beta(2,2)",0.5,0.05,1000000,1,Efficient betting,deterministic_markov,0.4996794410690501,0.5008324682201868,0.0011530271511366,1.1530271511366874,True,False,0.8617082110140473,123,False,
"Beta(2,2)",0.5,0.05,1000000,1,Original STaR,randomized_markov,0.499674749818416,0.5008655015190318,0.0011907517006157,1.1907517006157775,True,False,0.4975514151155948,94,False,
"Beta(2,2)",0.5,0.05,1000000,1,Squared-hinge STaR,randomized_markov,0.4996774120050253,0.5008723344646628,0.0011949224596374,1.194922459637482,True,False,1.2880096018780025,94,False,
"Beta(2,2)",0.5,0.05,1000000,1,Efficient betting,randomized_markov,0.4996798506362208,0.5008323180455576,0.0011524674093368,1.1524674093368326,True,False,0.842177313985303,123,False,
"Beta(2,2)",0.5,0.05,1000000,1,Gaffke,not_applicable,0.4996794463862378,0.5008327612696752,0.0011533148834374,1.1533148834374507,True,False,0.0007488350383937,0,False,cornish-fisher-moments
"Beta(2,2)",0.5,0.05,10000000,1,Original STaR,deterministic_markov,0.4998139124522003,0.5001716443462032,0.0003577318940028,1.1312475767350918,True,False,4.950732183875516,96,False,
"Beta(2,2)",0.5,0.05,10000000,1,Squared-hinge STaR,deterministic_markov,0.499813267207832,0.5001701434516945,0.0003568762438624,1.1285417734111602,True,False,13.533882859861478,96,False,
"Beta(2,2)",0.5,0.05,10000000,1,Efficient betting,deterministic_markov,0.4997889664201395,0.5001533115294154,0.0003643451092759,1.1521603996548166,True,False,8.4703687899746,123,False,
"Beta(2,2)",0.5,0.05,10000000,1,Original STaR,randomized_markov,0.4998139124522003,0.5001716443462032,0.0003577318940028,1.1312475767350918,True,False,4.971052702981979,96,False,
"Beta(2,2)",0.5,0.05,10000000,1,Squared-hinge STaR,randomized_markov,0.499813267207832,0.5001701434516945,0.0003568762438624,1.1285417734111602,True,False,13.49701492395252,96,False,
"Beta(2,2)",0.5,0.05,10000000,1,Efficient betting,randomized_markov,0.4997890095802979,0.5001532640532411,0.0003642544729431,1.1518737824046663,True,False,8.394333790056407,123,False,
"Beta(2,2)",0.5,0.05,10000000,1,Gaffke,not_applicable,0.4997889945933513,0.5001533869606375,0.0003643923672861,1.152309842604998,True,False,0.0056082510855048,0,False,cornish-fisher-moments
"Beta(2,2)",0.5,0.05,1000,2,Original STaR,deterministic_markov,0.4833994235972617,0.5216653298487723,0.0382659062515106,1.210074204852495,True,False,0.001671619946137,84,False,
"Beta(2,2)",0.5,0.05,1000,2,Squared-hinge STaR,deterministic_markov,0.4830885804933122,0.5218711583905766,0.0387825778972643,1.2264127968825904,True,False,0.0024057170376181,84,False,
"Beta(2,2)",0.5,0.05,1000,2,Efficient betting,deterministic_markov,0.4845172632210801,0.5216676455545016,0.0371503823334214,1.1747982411969282,True,False,0.0013819220475852,123,False,
"Beta(2,2)",0.5,0.05,1000,2,Original STaR,randomized_markov,0.4834260272863385,0.5216653298487723,0.0382393025624338,1.2092329223360383,True,False,0.0013320581056177,84,False,
"Beta(2,2)",0.5,0.05,1000,2,Squared-hinge STaR,randomized_markov,0.4831011822407697,0.5218711583905766,0.0387699761498069,1.2260142946379533,True,False,0.0023675649426877,84,False,
"Beta(2,2)",0.5,0.05,1000,2,Efficient betting,randomized_markov,0.4847033813373742,0.52155907665333,0.0368556953159557,1.1654794194761935,True,False,0.0013416458386927,123,False,
"Beta(2,2)",0.5,0.05,1000,2,Gaffke,not_applicable,0.4848832590932711,0.522273737455438,0.0373904783621669,1.182390744276896,True,False,0.0167731537949293,0,False,bspline-exact
"Beta(2,2)",0.5,0.05,10000,2,Original STaR,deterministic_markov,0.4959111144927351,0.5080002228016458,0.0120891083089106,1.2089108308910634,True,False,0.0054686667863279,86,False,
"Beta(2,2)",0.5,0.05,10000,2,Squared-hinge STaR,deterministic_markov,0.4958368772767916,0.5080717928122263,0.0122349155354346,1.2234915535434654,True,False,0.0139874080196022,86,False,
"Beta(2,2)",0.5,0.05,10000,2,Efficient betting,deterministic_markov,0.4962416940805452,0.5078760438750223,0.011634349794477,1.1634349794477084,True,False,0.0096300728619098,123,False,
"Beta(2,2)",0.5,0.05,10000,2,Original STaR,randomized_markov,0.4959142262323257,0.5079975555962826,0.0120833293639568,1.208332936395684,True,False,0.0057474139612168,86,False,
"Beta(2,2)",0.5,0.05,10000,2,Squared-hinge STaR,randomized_markov,0.4958373218110188,0.5080717928122263,0.0122344710012074,1.2234471001207448,True,False,0.0140215731225907,86,False,
"Beta(2,2)",0.5,0.05,10000,2,Efficient betting,randomized_markov,0.4963139137949961,0.5078195538332264,0.0115056400382302,1.1505640038230291,True,False,0.0092762131243944,123,False,
"Beta(2,2)",0.5,0.05,10000,2,Gaffke,not_applicable,0.4962772520010512,0.507922853520097,0.0116456015190457,1.1645601519045756,True,False,0.0001883159857243,0,False,cornish-fisher-moments
"Beta(2,2)",0.5,0.05,100000,2,Original STaR,deterministic_markov,0.4984034733418796,0.5020113568530022,0.0036078835111226,1.1409129427712923,True,False,0.0523035719525069,90,False,
"Beta(2,2)",0.5,0.05,100000,2,Squared-hinge STaR,deterministic_markov,0.4984334981161895,0.5019962041631636,0.003562706046974,1.1266265742092876,True,False,0.1421281851362437,90,False,
"Beta(2,2)",0.5,0.05,100000,2,Efficient betting,deterministic_markov,0.4982735800380667,0.5019388473468192,0.0036652673087524,1.159059292901332,True,False,0.089421811979264,123,False,
"Beta(2,2)",0.5,0.05,100000,2,Original STaR,randomized_markov,0.4984034733418796,0.5020113568530022,0.0036078835111226,1.1409129427712923,True,False,0.0496330352034419,90,False,
"Beta(2,2)",0.5,0.05,100000,2,Squared-hinge STaR,randomized_markov,0.4984334981161895,0.5019962041631636,0.003562706046974,1.1266265742092876,True,False,0.1383775358553975,90,False,
"Beta(2,2)",0.5,0.05,100000,2,Efficient betting,randomized_markov,0.4982936972844052,0.5019376385852365,0.0036439413008313,1.1523154170583862,True,False,0.0892332659568637,123,False,
"Beta(2,2)",0.5,0.05,100000,2,Gaffke,not_applicable,0.498289454929937,0.5019432368866185,0.0036537819566814,1.1554273056739974,True,False,0.0002416667994111,0,False,cornish-fisher-moments
"Beta(2,2)",0.5,0.05,1000000,2,Original STaR,deterministic_markov,0.4991567002554143,0.5003466909954466,0.0011899907400322,1.189990740032287,True,False,0.4869069340638816,94,False,
"Beta(2,2)",0.5,0.05,1000000,2,Squared-hinge STaR,deterministic_markov,0.4991450793387238,0.5003469571233097,0.0012018777845858,1.2018777845858586,True,False,1.2971395479980856,94,False,
"Beta(2,2)",0.5,0.05,1000000,2,Efficient betting,deterministic_markov,0.4991791454111536,0.5003338127951975,0.0011546673840438,1.1546673840438504,True,False,0.8653879759367555,123,False,
"Beta(2,2)",0.5,0.05,1000000,2,Original STaR,randomized_markov,0.4991567002554143,0.5003466909954466,0.0011899907400322,1.189990740032287,True,False,0.4902231032028794,94,False,
"Beta(2,2)",0.5,0.05,1000000,2,Squared-hinge STaR,randomized_markov,0.4991450793387238,0.5003469571233097,0.0012018777845858,1.2018777845858586,True,False,1.3211090550757945,94,False,
"Beta(2,2)",0.5,0.05,1000000,2,Efficient betting,randomized_markov,0.4991811652533969,0.500331560944048,0.001150395690651,1.150395690651007,True,False,0.8754810951650143,123,False,
"Beta(2,2)",0.5,0.05,1000000,2,Gaffke,not_applicable,0.4991800259634257,0.5003329478335382,0.0011529218701124,1.1529218701124555,True,False,0.0007017368916422,0,False,cornish-fisher-moments
"Beta(2,2)",0.5,0.05,10000000,2,Original STaR,deterministic_markov,0.4996706811976628,0.5000407230945423,0.0003700418968795,1.170175223828383,True,False,4.999431039905176,96,False,
"Beta(2,2)",0.5,0.05,10000000,2,Squared-hinge STaR,deterministic_markov,0.4996724204590991,0.5000405688052214,0.0003681483461223,1.1641872905705173,True,False,13.56391007383354,96,False,
"Beta(2,2)",0.5,0.05,10000000,2,Efficient betting,deterministic_markov,0.4996819168049625,0.500046324444261,0.0003644076392985,1.1523581369483875,True,False,8.366390414070338,123,False,
"Beta(2,2)",0.5,0.05,10000000,2,Original STaR,randomized_markov,0.4996706811976628,0.5000407230945423,0.0003700418968795,1.170175223828383,True,False,5.167905414011329,96,False,
"Beta(2,2)",0.5,0.05,10000000,2,Squared-hinge STaR,randomized_markov,0.4996724204590991,0.5000405688052214,0.0003681483461223,1.1641872905705173,True,False,13.3299799580127,96,False,
"Beta(2,2)",0.5,0.05,10000000,2,Efficient betting,randomized_markov,0.4996819772259553,0.5000463158126907,0.0003643385867353,1.152139773570506,True,False,8.334175924072042,123,False,
"Beta(2,2)",0.5,0.05,10000000,2,Gaffke,not_applicable,0.4996820226923116,0.5000463955925436,0.000364372900232,1.152248282374421,True,False,0.0053289120551198,0,False,cornish-fisher-moments
"Beta(1,5)",0.1666666666666666,0.0198412698412698,1000,0,Original STaR,deterministic_markov,0.1523511943374032,0.1766926808757433,0.0243414865383401,0.7697453909548237,True,False,0.0017285968642681,84,False,
"Beta(1,5)",0.1666666666666666,0.0198412698412698,1000,0,Squared-hinge STaR,deterministic_markov,0.1520798356773142,0.1768428502313266,0.0247630145540123,0.7830752772257774,True,False,0.0024093349929898,84,False,
"Beta(1,5)",0.1666666666666666,0.0198412698412698,1000,0,Efficient betting,deterministic_markov,0.1520674397813405,0.1762182929766955,0.024150853195355,0.7637170353367727,True,False,0.0013084840029478,123,False,
"Beta(1,5)",0.1666666666666666,0.0198412698412698,1000,0,Original STaR,randomized_markov,0.1523670016379909,0.1765837861383613,0.0242167845003704,0.7658019662663319,True,False,0.0011644610203802,84,False,
"Beta(1,5)",0.1666666666666666,0.0198412698412698,1000,0,Squared-hinge STaR,randomized_markov,0.1520859829608761,0.1767251736602847,0.0246391906994086,0.7791596231336847,True,False,0.0024634159635752,84,False,
"Beta(1,5)",0.1666666666666666,0.0198412698412698,1000,0,Efficient betting,randomized_markov,0.1522890121998349,0.1759829398346118,0.0236939276347769,0.7492677804110137,True,False,0.0014072800986468,123,False,
"Beta(1,5)",0.1666666666666666,0.0198412698412698,1000,0,Gaffke,not_applicable,0.152527616867147,0.1765581269987442,0.0240305101315971,0.7599114535159966,True,False,0.0192285350058227,0,False,bspline-exact
"Beta(1,5)",0.1666666666666666,0.0198412698412698,10000,0,Original STaR,deterministic_markov,0.1631961361605384,0.1707920992379653,0.0075959630774269,0.7595963077426937,True,False,0.0054324988741427,87,False,
"Beta(1,5)",0.1666666666666666,0.0198412698412698,10000,0,Squared-hinge STaR,deterministic_markov,0.163184820435869,0.1708568817616974,0.0076720613258284,0.7672061325828428,True,False,0.0139994209166616,87,False,
"Beta(1,5)",0.1666666666666666,0.0198412698412698,10000,0,Efficient betting,deterministic_markov,0.1635639516148151,0.1708944521437006,0.0073305005288855,0.7330500528885509,True,False,0.0092414279934018,123,False,
"Beta(1,5)",0.1666666666666666,0.0198412698412698,10000,0,Original STaR,randomized_markov,0.1631964190536551,0.1707920992379653,0.0075956801843102,0.7595680184310227,True,False,0.0055594679433852,87,False,
"Beta(1,5)",0.1666666666666666,0.0198412698412698,10000,0,Squared-hinge STaR,randomized_markov,0.1631851033289857,0.1708568817616974,0.0076717784327117,0.7671778432711718,True,False,0.0137056158855557,87,False,
"Beta(1,5)",0.1666666666666666,0.0198412698412698,10000,0,Efficient betting,randomized_markov,0.1635707410496167,0.1708636385549856,0.0072928975053688,0.729289750536885,True,False,0.0099399390164762,123,False,
"Beta(1,5)",0.1666666666666666,0.0198412698412698,10000,0,Gaffke,not_applicable,0.163510497293273,0.1709633615035138,0.0074528642102408,0.74528642102408,True,False,0.0002259181346744,0,False,cornish-fisher-moments
"Beta(1,5)",0.1666666666666666,0.0198412698412698,100000,0,Original STaR,deterministic_markov,0.1652499782305549,0.1676625741389948,0.0024125959084398,0.7629298144273121,True,False,0.0496705260593444,90,False,
"Beta(1,5)",0.1666666666666666,0.0198412698412698,100000,0,Squared-hinge STaR,deterministic_markov,0.1652261603980765,0.1676648762343273,0.0024387158362507,0.7711896608474661,True,False,0.139079252956435,90,False,
"Beta(1,5)",0.1666666666666666,0.0198412698412698,100000,0,Efficient betting,deterministic_markov,0.1652915623815977,0.1676077699671226,0.0023162075855248,0.7324491504017824,True,False,0.0832541240379214,123,False,
"Beta(1,5)",0.1666666666666666,0.0198412698412698,100000,0,Original STaR,randomized_markov,0.1652499782305549,0.1676623085126103,0.0024123302820553,0.7628458159891468,True,False,0.0504754071589559,90,False,
"Beta(1,5)",0.1666666666666666,0.0198412698412698,100000,0,Squared-hinge STaR,randomized_markov,0.1652261603980765,0.1676648762343273,0.0024387158362507,0.7711896608474661,True,False,0.1385343130677938,90,False,
"Beta(1,5)",0.1666666666666666,0.0198412698412698,100000,0,Efficient betting,randomized_markov,0.1652951040667246,0.1675831688773565,0.0022880648106319,0.7235496235678743,True,False,0.0896259578876197,123,False,
"Beta(1,5)",0.1666666666666666,0.0198412698412698,100000,0,Gaffke,not_applicable,0.1652929271409685,0.1676026109388762,0.0023096837979077,0.7303861476176438,True,False,0.000264239963144,0,False,cornish-fisher-moments
"Beta(1,5)",0.1666666666666666,0.0198412698412698,1000000,0,Original STaR,deterministic_markov,0.1664160183711278,0.1671520617238074,0.0007360433526796,0.736043352679655,True,False,0.4922388638369739,94,False,
"Beta(1,5)",0.1666666666666666,0.0198412698412698,1000000,0,Squared-hinge STaR,deterministic_markov,0.1664150399618097,0.1671584633162026,0.0007434233543928,0.7434233543928415,True,False,1.3171127729583532,94,False,
"Beta(1,5)",0.1666666666666666,0.0198412698412698,1000000,0,Efficient betting,deterministic_markov,0.1664511884229983,0.1671770004096665,0.0007258119866682,0.7258119866682677,True,False,0.8531190571375191,123,False,
"Beta(1,5)",0.1666666666666666,0.0198412698412698,1000000,0,Original STaR,randomized_markov,0.1664160183711278,0.1671520617238074,0.0007360433526796,0.736043352679655,True,False,0.5007154960185289,94,False,
"Beta(1,5)",0.1666666666666666,0.0198412698412698,1000000,0,Squared-hinge STaR,randomized_markov,0.1664150399618097,0.1671584633162026,0.0007434233543928,0.7434233543928415,True,False,1.3332130960188806,94,False,
"Beta(1,5)",0.1666666666666666,0.0198412698412698,1000000,0,Efficient betting,randomized_markov,0.1664513260454078,0.1671766649550432,0.0007253389096353,0.7253389096353868,True,False,0.8463595809880644,123,False,
"Beta(1,5)",0.1666666666666666,0.0198412698412698,1000000,0,Gaffke,not_applicable,0.1664502178078002,0.1671772227896774,0.0007270049818771,0.7270049818771662,True,False,0.0007485051173716,0,False,cornish-fisher-moments
"Beta(1,5)",0.1666666666666666,0.0198412698412698,10000000,0,Original STaR,deterministic_markov,0.1665692379701933,0.1668030451418452,0.0002338071716519,0.7393631957021,True,False,5.152197101153433,97,False,
"Beta(1,5)",0.1666666666666666,0.0198412698412698,10000000,0,Squared-hinge STaR,deterministic_markov,0.1665678593067983,0.1668035135338961,0.0002356542270977,0.7452040978754895,True,False,13.24556643795222,97,False,
"Beta(1,5)",0.1666666666666666,0.0198412698412698,10000000,0,Efficient betting,deterministic_markov,0.1665601505525737,0.1667899060310136,0.0002297554784398,0.7265506167717839,True,False,8.445386994862929,123,False,
"Beta(1,5)",0.1666666666666666,0.0198412698412698,10000000,0,Original STaR,randomized_markov,0.1665692379701933,0.1668030363042594,0.0002337983340661,0.7393352488018605,True,False,5.172485393937677,97,False,
"Beta(1,5)",0.1666666666666666,0.0198412698412698,10000000,0,Squared-hinge STaR,randomized_markov,0.1665678593067983,0.1668035046963102,0.0002356453895119,0.74517615097525,True,False,13.379681532038376,97,False,
"Beta(1,5)",0.1666666666666666,0.0198412698412698,10000000,0,Efficient betting,randomized_markov,0.1665602103762319,0.1667897836644401,0.0002295732882082,0.7259744806722446,True,False,8.397332622902468,123,False,
"Beta(1,5)",0.1666666666666666,0.0198412698412698,10000000,0,Gaffke,not_applicable,0.1665602661411643,0.1667898846109712,0.0002296184698068,0.7261173574323279,True,False,0.0052572069689631,0,False,cornish-fisher-moments
"Beta(1,5)",0.1666666666666666,0.0198412698412698,1000,1,Original STaR,deterministic_markov,0.1617456589334247,0.1866852895079506,0.0249396305745258,0.7886603661867551,True,False,0.0017423429526388,84,False,
"Beta(1,5)",0.1666666666666666,0.0198412698412698,1000,1,Squared-hinge STaR,deterministic_markov,0.1616699805515065,0.1869132255868234,0.0252432450353169,0.7982614984533902,True,False,0.0026974589563906,84,False,
"Beta(1,5)",0.1666666666666666,0.0198412698412698,1000,1,Efficient betting,deterministic_markov,0.1607421926962591,0.1863641761539048,0.0256219834576456,0.8102382589731671,True,False,0.0014302129857242,123,False,
"Beta(1,5)",0.1666666666666666,0.0198412698412698,1000,1,Original STaR,randomized_markov,0.1617465598665428,0.1861933800254822,0.0244468201589394,0.7730763325076822,True,False,0.0013962991070002,84,False,
"Beta(1,5)",0.1666666666666666,0.0198412698412698,1000,1,Squared-hinge STaR,randomized_markov,0.1616699805515065,0.1863474395886729,0.0246774590371663,0.7803697742295157,True,False,0.0023214879911392,84,False,
"Beta(1,5)",0.1666666666666666,0.0198412698412698,1000,1,Efficient betting,randomized_markov,0.1619378002464909,0.1859084426012544,0.0239706423547635,0.758018268183546,True,False,0.0014981520362198,123,False,
"Beta(1,5)",0.1666666666666666,0.0198412698412698,1000,1,Gaffke,not_applicable,0.1611076044893664,0.1857092049706337,0.0246016004812673,0.7779709160629942,True,False,0.0159565210342407,0,False,bspline-exact
"Beta(1,5)",0.1666666666666666,0.0198412698412698,10000,1,Original STaR,deterministic_markov,0.1658979560044527,0.1733106090939382,0.0074126530894854,0.741265308948541,True,False,0.0055871510412544,87,False,
"Beta(1,5)",0.1666666666666666,0.0198412698412698,10000,1,Squared-hinge STaR,deterministic_markov,0.1659942717734814,0.17339509661063,0.0074008248371485,0.7400824837148573,True,False,0.0144684389233589,87,False,
"Beta(1,5)",0.1666666666666666,0.0198412698412698,10000,1,Efficient betting,deterministic_markov,0.1660311321605714,0.1734103151953674,0.0073791830347959,0.7379183034795955,True,False,0.0095412840601056,123,False,
"Beta(1,5)",0.1666666666666666,0.0198412698412698,10000,1,Original STaR,randomized_markov,0.1658979560044527,0.1733007522169907,0.0074027962125379,0.7402796212537976,True,False,0.0060184160247445,87,False,
"Beta(1,5)",0.1666666666666666,0.0198412698412698,10000,1,Squared-hinge STaR,randomized_markov,0.1659942717734814,0.1733908722347953,0.0073966004613139,0.7396600461313962,True,False,0.014359151944518,87,False,
"Beta(1,5)",0.1666666666666666,0.0198412698412698,10000,1,Efficient betting,randomized_markov,0.1660432637014298,0.1733093634446535,0.0072660997432237,0.7266099743223786,True,False,0.0097420441452413,123,False,
"Beta(1,5)",0.1666666666666666,0.0198412698412698,10000,1,Gaffke,not_applicable,0.1659793624054927,0.1733992239067918,0.007419861501299,0.741986150129903,True,False,0.0002127320040017,0,False,cornish-fisher-moments
"Beta(1,5)",0.1666666666666666,0.0198412698412698,100000,1,Original STaR,deterministic_markov,0.1653878138840894,0.167719687972374,0.0023318740882846,0.7374033335707941,True,False,0.0506236280780285,90,False,
"Beta(1,5)",0.1666666666666666,0.0198412698412698,100000,1,Squared-hinge STaR,deterministic_markov,0.1653862294314984,0.1676982978623951,0.0023120684308967,0.7311402347805218,True,False,0.1330300930421799,90,False,
"Beta(1,5)",0.1666666666666666,0.0198412698412698,100000,1,Efficient betting,deterministic_markov,0.1654636001474448,0.1677624377220898,0.002298837574645,0.7269562706655707,True,False,0.0870015800464898,123,False,
"Beta(1,5)",0.1666666666666666,0.0198412698412698,100000,1,Original STaR,randomized_markov,0.1653878138840894,0.1677195119220861,0.0023316980379967,0.7373476615815437,True,False,0.0487991599366068,90,False,
"Beta(1,5)",0.1666666666666666,0.0198412698412698,100000,1,Squared-hinge STaR,randomized_markov,0.1653862294314984,0.1676982978623951,0.0023120684308967,0.7311402347805218,True,False,0.13100366294384,90,False,
"Beta(1,5)",0.1666666666666666,0.0198412698412698,100000,1,Efficient betting,randomized_markov,0.1654713734447717,0.1677550165253387,0.0022836430805669,0.7221513497474857,True,False,0.0818703710101544,123,False,
"Beta(1,5)",0.1666666666666666,0.0198412698412698,100000,1,Gaffke,not_applicable,0.165470117451346,0.1677663750570257,0.0022962576056797,0.7261404128432725,True,False,0.0002846179995685,0,False,cornish-fisher-moments
"Beta(1,5)",0.1666666666666666,0.0198412698412698,1000000,1,Original STaR,deterministic_markov,0.166215086195949,0.1669538826312236,0.0007387964352745,0.7387964352745524,True,False,0.4868446108885109,94,False,
"Beta(1,5)",0.1666666666666666,0.0198412698412698,1000000,1,Squared-hinge STaR,deterministic_markov,0.1662132145522404,0.1669609781163281,0.0007477635640877,0.7477635640877611,True,False,1.3076481190510094,94,False,
"Beta(1,5)",0.1666666666666666,0.0198412698412698,1000000,1,Efficient betting,deterministic_markov,0.1662553093449282,0.1669808882366298,0.0007255788917016,0.7255788917016059,True,False,0.8355472171679139,123,False,
"Beta(1,5)",0.1666666666666666,0.0198412698412698,1000000,1,Original STaR,randomized_markov,0.166215086195949,0.1669538826312236,0.0007387964352745,0.7387964352745524,True,False,0.5038160600233823,94,False,
"Beta(1,5)",0.1666666666666666,0.0198412698412698,1000000,1,Squared-hinge STaR,randomized_markov,0.1662132145522404,0.1669609781163281,0.0007477635640877,0.7477635640877611,True,False,1.3279295249376446,94,False,
"Beta(1,5)",0.1666666666666666,0.0198412698412698,1000000,1,Efficient betting,randomized_markov,0.1662553781079577,0.166980664756784,0.0007252866488263,0.7252866488263177,True,False,0.8352792500518262,123,False,
"Beta(1,5)",0.1666666666666666,0.0198412698412698,1000000,1,Gaffke,not_applicable,0.166254485842283,0.1669809825566197,0.0007264967143367,0.7264967143367773,True,False,0.0007627219893038,0,False,cornish-fisher-moments
"Beta(1,5)",0.1666666666666666,0.0198412698412698,10000000,1,Original STaR,deterministic_markov,0.1665773675955129,0.1668091212170865,0.0002317536215735,0.7328693001650466,True,False,5.400321688968688,97,False,
"Beta(1,5)",0.1666666666666666,0.0198412698412698,10000000,1,Squared-hinge STaR,deterministic_markov,0.166579019948999,0.1668098899590827,0.0002308700100836,0.7300750752903757,True,False,13.04943963396363,97,False,
"Beta(1,5)",0.1666666666666666,0.0198412698412698,10000000,1,Efficient betting,deterministic_markov,0.166570084257882,0.1667996873050294,0.0002296030471473,0.7260685867006094,True,False,8.328690366121009,123,False,
"Beta(1,5)",0.1666666666666666,0.0198412698412698,10000000,1,Original STaR,randomized_markov,0.1665773675955129,0.1668091212170865,0.0002317536215735,0.7328693001650466,True,False,5.194682750152424,97,False,
"Beta(1,5)",0.1666666666666666,0.0198412698412698,10000000,1,Squared-hinge STaR,randomized_markov,0.166579019948999,0.1668098899590827,0.0002308700100836,0.7300750752903757,True,False,13.159768784884363,97,False,
"Beta(1,5)",0.1666666666666666,0.0198412698412698,10000000,1,Efficient betting,randomized_markov,0.1665700896954912,0.1667996791486156,0.0002295894531244,0.7260255986256576,True,False,8.420890572015196,123,False,
"Beta(1,5)",0.1666666666666666,0.0198412698412698,10000000,1,Gaffke,not_applicable,0.1665701290906424,0.1667997093584367,0.0002295802677942,0.7259965520612814,True,False,0.0054443050175905,0,False,cornish-fisher-moments
"Beta(1,5)",0.1666666666666666,0.0198412698412698,1000,2,Original STaR,deterministic_markov,0.1600433266969148,0.186064869077915,0.0260215423810001,0.8228734215456158,True,False,0.0014556928072124,84,False,
"Beta(1,5)",0.1666666666666666,0.0198412698412698,1000,2,Squared-hinge STaR,deterministic_markov,0.1599399180324339,0.1862217649826446,0.0262818469502106,0.8311049747861553,True,False,0.0024165699724107,84,False,
"Beta(1,5)",0.1666666666666666,0.0198412698412698,1000,2,Efficient betting,deterministic_markov,0.1599276776832232,0.1838197421684752,0.0238920644852519,0.7555334177701472,True,False,0.0014002681709825,123,False,
"Beta(1,5)",0.1666666666666666,0.0198412698412698,1000,2,Original STaR,randomized_markov,0.1601110772012298,0.1860541716298652,0.0259430944286354,0.8203926794731249,True,False,0.0014173099771142,84,False,
"Beta(1,5)",0.1666666666666666,0.0198412698412698,1000,2,Squared-hinge STaR,randomized_markov,0.1599693360145707,0.1862173077126238,0.026247971698053,0.8300337452548519,True,False,0.0026035630144178,84,False,
"Beta(1,5)",0.1666666666666666,0.0198412698412698,1000,2,Efficient betting,randomized_markov,0.1602422923733015,0.183707281817183,0.0234649894438814,0.7420281191447324,True,False,0.0016022392082959,123,False,
"Beta(1,5)",0.1666666666666666,0.0198412698412698,1000,2,Gaffke,not_applicable,0.1601881248876389,0.1845497918473615,0.0243616669597225,0.7703835519119275,True,False,0.016829403117299,0,False,bspline-exact
"Beta(1,5)",0.1666666666666666,0.0198412698412698,10000,2,Original STaR,deterministic_markov,0.1629247456682824,0.1700543901668576,0.0071296444985751,0.7129644498575172,True,False,0.0055343150161206,87,False,
"Beta(1,5)",0.1666666666666666,0.0198412698412698,10000,2,Squared-hinge STaR,deterministic_markov,0.1628977983679254,0.169966325278062,0.0070685269101366,0.7068526910136624,True,False,0.0146711829584091,87,False,
"Beta(1,5)",0.1666666666666666,0.0198412698412698,10000,2,Efficient betting,deterministic_markov,0.1630908209614817,0.1703777470862484,0.0072869261247666,0.7286926124766668,True,False,0.0094800561200827,123,False,
"Beta(1,5)",0.1666666666666666,0.0198412698412698,10000,2,Original STaR,randomized_markov,0.1629247456682824,0.1700496674441146,0.0071249217758321,0.7124921775832183,True,False,0.0057240240275859,87,False,
"Beta(1,5)",0.1666666666666666,0.0198412698412698,10000,2,Squared-hinge STaR,randomized_markov,0.1628977983679254,0.169966325278062,0.0070685269101366,0.7068526910136624,True,False,0.0142277230042964,87,False,
"Beta(1,5)",0.1666666666666666,0.0198412698412698,10000,2,Efficient betting,randomized_markov,0.1630942401272685,0.170322271121358,0.0072280309940894,0.7228030994089474,True,False,0.008924304973334,123,False,
"Beta(1,5)",0.1666666666666666,0.0198412698412698,10000,2,Gaffke,not_applicable,0.1630829582277491,0.1704039332744386,0.0073209750466894,0.7320975046689437,True,False,0.0002297251485288,0,False,cornish-fisher-moments
"Beta(1,5)",0.1666666666666666,0.0198412698412698,100000,2,Original STaR,deterministic_markov,0.1657419558115861,0.1681167426889299,0.0023747868773437,0.7509735489885232,True,False,0.0496929960791021,90,False,
"Beta(1,5)",0.1666666666666666,0.0198412698412698,100000,2,Squared-hinge STaR,deterministic_markov,0.1657341815009129,0.1681360901211734,0.0024019086202605,0.7595501971615691,True,False,0.1380023539531976,90,False,
"Beta(1,5)",0.1666666666666666,0.0198412698412698,100000,2,Efficient betting,deterministic_markov,0.1658280950379306,0.1681239631479248,0.0022958681099942,0.7260172434927705,True,False,0.1020923699252307,123,False,
"Beta(1,5)",0.1666666666666666,0.0198412698412698,100000,2,Original STaR,randomized_markov,0.1657419558115861,0.1681167426889299,0.0023747868773437,0.7509735489885232,True,False,0.0491894939914345,90,False,
"Beta(1,5)",0.1666666666666666,0.0198412698412698,100000,2,Squared-hinge STaR,randomized_markov,0.1657341815009129,0.1681360901211734,0.0024019086202605,0.7595501971615691,True,False,0.134324710117653,90,False,
"Beta(1,5)",0.1666666666666666,0.0198412698412698,100000,2,Efficient betting,randomized_markov,0.1658297803780066,0.1681233923069314,0.0022936119289247,0.7253037763934422,True,False,0.0925769270397722,123,False,
"Beta(1,5)",0.1666666666666666,0.0198412698412698,100000,2,Gaffke,not_applicable,0.16582488155867,0.1681294314297707,0.0023045498711006,0.7287626574125425,True,False,0.0002887558657675,0,False,cornish-fisher-moments
"Beta(1,5)",0.1666666666666666,0.0198412698412698,1000000,2,Original STaR,deterministic_markov,0.1662321144903025,0.1669672036752142,0.0007350891849117,0.7350891849117192,True,False,0.5036741050425917,94,False,
"Beta(1,5)",0.1666666666666666,0.0198412698412698,1000000,2,Squared-hinge STaR,deterministic_markov,0.1662376192065159,0.1669676228160426,0.0007300036095267,0.7300036095267415,True,False,1.363522794097662,94,False,
"Beta(1,5)",0.1666666666666666,0.0198412698412698,1000000,2,Efficient betting,deterministic_markov,0.1662047209503639,0.1669323150374872,0.0007275940871232,0.7275940871232511,True,False,0.8434583351481706,123,False,
"Beta(1,5)",0.1666666666666666,0.0198412698412698,1000000,2,Original STaR,randomized_markov,0.1662321144903025,0.1669672036752142,0.0007350891849117,0.7350891849117192,True,False,0.4964621278923005,94,False,
"Beta(1,5)",0.1666666666666666,0.0198412698412698,1000000,2,Squared-hinge STaR,randomized_markov,0.1662376192065159,0.1669676228160426,0.0007300036095267,0.7300036095267415,True,False,1.3475411529652774,94,False,
"Beta(1,5)",0.1666666666666666,0.0198412698412698,1000000,2,Efficient betting,randomized_markov,0.1662050562630267,0.1669321430822755,0.0007270868192488,0.7270868192488233,True,False,0.8994500020053238,123,False,
"Beta(1,5)",0.1666666666666666,0.0198412698412698,1000000,2,Gaffke,not_applicable,0.1662051616171797,0.1669318593719654,0.0007266977547857,0.72669775478576,True,False,0.0007587848231196,0,False,cornish-fisher-moments
"Beta(1,5)",0.1666666666666666,0.0198412698412698,10000000,2,Original STaR,deterministic_markov,0.1665727854907394,0.1668093561331663,0.0002365706424268,0.7481020575982076,True,False,5.189362480072305,97,False,
"Beta(1,5)",0.1666666666666666,0.0198412698412698,10000000,2,Squared-hinge STaR,deterministic_markov,0.1665724409189193,0.1668106637390477,0.0002382228201283,0.7533267022341488,True,False,13.486646140925586,97,False,
"Beta(1,5)",0.1666666666666666,0.0198412698412698,10000000,2,Efficient betting,deterministic_markov,0.1665797024132225,0.1668092375379344,0.0002295351247118,0.7258537971001738,True,False,8.373204388888553,123,False,
"Beta(1,5)",0.1666666666666666,0.0198412698412698,10000000,2,Original STaR,randomized_markov,0.1665727854907394,0.1668093561331663,0.0002365706424268,0.7481020575982076,True,False,5.199088045861572,97,False,
"Beta(1,5)",0.1666666666666666,0.0198412698412698,10000000,2,Squared-hinge STaR,randomized_markov,0.1665724409189193,0.1668106637390477,0.0002382228201283,0.7533267022341488,True,False,13.364463006146252,97,False,
"Beta(1,5)",0.1666666666666666,0.0198412698412698,10000000,2,Efficient betting,randomized_markov,0.1665797078502532,0.1668092021972348,0.0002294943469816,0.7257248465949537,True,False,8.351140909129754,123,False,
"Beta(1,5)",0.1666666666666666,0.0198412698412698,10000000,2,Gaffke,not_applicable,0.1665796929090322,0.1668092487638253,0.0002295558547931,0.7259193513731321,True,False,0.0052409579511731,0,False,cornish-fisher-moments
Bernoulli(0.5),0.5,0.25,1000,0,Original STaR,deterministic_markov,0.4739759713033363,0.5570880439996839,0.0831120726963475,2.6282345077795024,True,False,0.0015849261544644,80,False,
Bernoulli(0.5),0.5,0.25,1000,0,Squared-hinge STaR,deterministic_markov,0.474095137388778,0.5577685450665484,0.0836734076777703,2.6459854784957444,True,False,0.0024034138768911,80,False,
Bernoulli(0.5),0.5,0.25,1000,0,Efficient betting,deterministic_markov,0.4769591036831232,0.559887120259649,0.0829280165765258,2.6224141422202063,True,False,0.0013113389723002,123,False,
Bernoulli(0.5),0.5,0.25,1000,0,Original STaR,randomized_markov,0.4740261464972065,0.5570441407050475,0.0830179942078409,2.6252594847544333,True,False,0.0013868210371583,80,False,
Bernoulli(0.5),0.5,0.25,1000,0,Squared-hinge STaR,randomized_markov,0.4741076811872455,0.5577622731673144,0.0836545919800688,2.645390473890726,True,False,0.0023316971492022,80,False,
Bernoulli(0.5),0.5,0.25,1000,0,Efficient betting,randomized_markov,0.4777802400289602,0.5589434406518596,0.0811632006228993,2.56660576157559,True,False,0.0013297540135681,123,False,
Bernoulli(0.5),0.5,0.25,1000,0,Gaffke,not_applicable,0.4767919848052903,0.5590342800493695,0.0822422952440792,2.6007297297132386,True,False,0.0001983151305466,0,False,beta-exact
Bernoulli(0.5),0.5,0.25,10000,0,Original STaR,deterministic_markov,0.4763691016903184,0.5029651833786495,0.0265960816883311,2.6596081688331106,True,False,0.0057041440159082,84,False,
Bernoulli(0.5),0.5,0.25,10000,0,Squared-hinge STaR,deterministic_markov,0.4762590243172841,0.5031179033376338,0.0268588790203497,2.685887902034972,True,False,0.0142988220322877,84,False,
Bernoulli(0.5),0.5,0.25,10000,0,Efficient betting,deterministic_markov,0.477483186925577,0.5033573960005866,0.0258742090750095,2.587420907500959,True,False,0.0105342448223382,123,False,
Bernoulli(0.5),0.5,0.25,10000,0,Original STaR,randomized_markov,0.4763691016903184,0.5029651833786495,0.0265960816883311,2.6596081688331106,True,False,0.0054819930810481,84,False,
Bernoulli(0.5),0.5,0.25,10000,0,Squared-hinge STaR,randomized_markov,0.4762590243172841,0.5031179033376338,0.0268588790203497,2.685887902034972,True,False,0.0140309450216591,84,False,
Bernoulli(0.5),0.5,0.25,10000,0,Efficient betting,randomized_markov,0.4775799146518469,0.5033216952309538,0.0257417805791069,2.574178057910692,True,False,0.0089005860500037,123,False,
Bernoulli(0.5),0.5,0.25,10000,0,Gaffke,not_applicable,0.4774802982712925,0.5033288815705813,0.0258485832992887,2.5848583299288794,True,False,0.000188386067748,0,False,beta-exact
Bernoulli(0.5),0.5,0.25,100000,0,Original STaR,deterministic_markov,0.4943353317670382,0.5027123964421245,0.0083770646750862,2.649060447981095,True,False,0.051569630857557,88,False,
Bernoulli(0.5),0.5,0.25,100000,0,Squared-hinge STaR,deterministic_markov,0.4943055357752702,0.5027130237261617,0.0084074879508914,2.658681132523874,True,False,0.135492276167497,88,False,
Bernoulli(0.5),0.5,0.25,100000,0,Efficient betting,deterministic_markov,0.4946727020106729,0.502831544219733,0.00815884220906,2.5800524450549416,True,False,0.0900796640198677,123,False,
Bernoulli(0.5),0.5,0.25,100000,0,Original STaR,randomized_markov,0.4943356454090568,0.5027123964421245,0.0083767510330676,2.6489612656662307,True,False,0.0480264229699969,88,False,
Bernoulli(0.5),0.5,0.25,100000,0,Squared-hinge STaR,randomized_markov,0.4943055357752702,0.5027130237261617,0.0084074879508914,2.658681132523874,True,False,0.1390702500939369,88,False,
Bernoulli(0.5),0.5,0.25,100000,0,Efficient betting,randomized_markov,0.494678974851045,0.5028224727275024,0.0081434978764572,2.5752001410349545,True,False,0.0964261528570205,123,False,
Bernoulli(0.5),0.5,0.25,100000,0,Gaffke,not_applicable,0.4946724065272283,0.5028277125883865,0.0081553060611582,2.5789342169036416,True,False,0.0001972732134163,0,False,beta-exact
Bernoulli(0.5),0.5,0.25,1000000,0,Original STaR,deterministic_markov,0.4988819032162607,0.5015621030403462,0.0026801998240855,2.6801998240855163,True,False,0.4905854049138725,90,False,
Bernoulli(0.5),0.5,0.25,1000000,0,Squared-hinge STaR,deterministic_markov,0.4988627610571351,0.5015763852730615,0.0027136242159263,2.713624215926358,True,False,1.3133738560136408,90,False,
Bernoulli(0.5),0.5,0.25,1000000,0,Efficient betting,deterministic_markov,0.4988978372136037,0.5014748341734043,0.0025769969598006,2.576996959800626,True,False,0.9170452610123904,123,False,
Bernoulli(0.5),0.5,0.25,1000000,0,Original STaR,randomized_markov,0.4988819032162607,0.5015621030403462,0.0026801998240855,2.6801998240855163,True,False,0.4959504879079759,90,False,
Bernoulli(0.5),0.5,0.25,1000000,0,Squared-hinge STaR,randomized_markov,0.4988627610571351,0.5015763852730615,0.0027136242159263,2.713624215926358,True,False,1.2996067279018462,90,False,
Bernoulli(0.5),0.5,0.25,1000000,0,Efficient betting,randomized_markov,0.4988980813543338,0.5014744679623091,0.0025763866079752,2.576386607975268,True,False,0.8827204399276525,123,False,
Bernoulli(0.5),0.5,0.25,1000000,0,Gaffke,not_applicable,0.4988975870127828,0.501474411216809,0.0025768242040262,2.576824204026218,True,False,0.0003164489753544,0,False,beta-exact
Bernoulli(0.5),0.5,0.25,10000000,0,Original STaR,deterministic_markov,0.49959986967006,0.50042731853345,0.00082744886339,2.6166230556300234,True,False,4.928373612929136,94,False,
Bernoulli(0.5),0.5,0.25,10000000,0,Squared-hinge STaR,deterministic_markov,0.4995995873927584,0.5004307685893581,0.0008311811965996,2.628425729559062,True,False,12.816628341795877,94,False,
Bernoulli(0.5),0.5,0.25,10000000,0,Efficient betting,deterministic_markov,0.4995915859169403,0.5004062623355898,0.0008146764186495,2.576233038961353,True,False,8.234148818999529,123,False,
Bernoulli(0.5),0.5,0.25,10000000,0,Original STaR,randomized_markov,0.49959986967006,0.50042731853345,0.00082744886339,2.6166230556300234,True,False,4.927658201893792,94,False,
Bernoulli(0.5),0.5,0.25,10000000,0,Squared-hinge STaR,randomized_markov,0.4995995873927584,0.5004307685893581,0.0008311811965996,2.628425729559062,True,False,13.070304001215844,94,False,
Bernoulli(0.5),0.5,0.25,10000000,0,Efficient betting,randomized_markov,0.4995917017230127,0.5004062140830596,0.0008145123600468,2.575714240107243,True,False,8.315566037083045,123,False,
Bernoulli(0.5),0.5,0.25,10000000,0,Gaffke,not_applicable,0.49959157570516,0.5004062242959121,0.000814648590752,2.5761450394228027,True,False,0.0030710999853909,0,False,beta-exact
Bernoulli(0.5),0.5,0.25,1000,1,Original STaR,deterministic_markov,0.4791933957821016,0.5635031103938862,0.0843097146117846,2.6661072705201803,True,False,0.0017341009806841,80,False,
Bernoulli(0.5),0.5,0.25,1000,1,Squared-hinge STaR,deterministic_markov,0.4788171391063824,0.563957753877047,0.0851406147706645,2.692382640622746,True,False,0.0024490340147167,80,False,
Bernoulli(0.5),0.5,0.25,1000,1,Efficient betting,deterministic_markov,0.4788235306460661,0.5614109062057282,0.082587375559662,2.611642127442553,True,False,0.0013485110830515,123,False,
Bernoulli(0.5),0.5,0.25,1000,1,Original STaR,randomized_markov,0.4791933957821016,0.5634874330323979,0.0842940372502962,2.665611508820131,True,False,0.0013412579428404,80,False,
Bernoulli(0.5),0.5,0.25,1000,1,Squared-hinge STaR,randomized_markov,0.4788171391063824,0.5639514829324517,0.0851343438260692,2.6921843359427244,True,False,0.0023184870369732,80,False,
Bernoulli(0.5),0.5,0.25,1000,1,Efficient betting,randomized_markov,0.4798760845773729,0.5612218131071616,0.0813457285297886,2.572377800798721,True,False,0.001390489982441,123,False,
Bernoulli(0.5),0.5,0.25,1000,1,Gaffke,not_applicable,0.4787885039992592,0.5610184564764087,0.0822299524771494,2.600339417151971,True,False,0.0001641009002923,0,False,beta-exact
Bernoulli(0.5),0.5,0.25,10000,1,Original STaR,deterministic_markov,0.4982140409346652,0.5231796184171204,0.024965577482455,2.496557748245509,True,False,0.0057011260651052,84,False,
Bernoulli(0.5),0.5,0.25,10000,1,Squared-hinge STaR,deterministic_markov,0.498512548872308,0.5231339992638593,0.0246214503915512,2.462145039155128,True,False,0.0151781470049172,84,False,
Bernoulli(0.5),0.5,0.25,10000,1,Efficient betting,deterministic_markov,0.4957607908675339,0.5216266981941136,0.0258659073265796,2.586590732657968,True,False,0.0094543581362813,123,False,
Bernoulli(0.5),0.5,0.25,10000,1,Original STaR,randomized_markov,0.4982140409346652,0.5231766432549511,0.0249626023202858,2.49626023202858,True,False,0.0058440170250833,84,False,
Bernoulli(0.5),0.5,0.25,10000,1,Squared-hinge STaR,randomized_markov,0.498512548872308,0.5231310241016901,0.024618475229382,2.4618475229382097,True,False,0.014382281107828,84,False,
Bernoulli(0.5),0.5,0.25,10000,1,Efficient betting,randomized_markov,0.4958654555469221,0.5215867242203531,0.025721268673431,2.572126867343105,True,False,0.0103886849246919,123,False,
Bernoulli(0.5),0.5,0.25,10000,1,Gaffke,not_applicable,0.4957711245873116,0.5216205561824472,0.0258494315951355,2.584943159513559,True,False,0.0001696709077805,0,False,beta-exact
Bernoulli(0.5),0.5,0.25,100000,1,Original STaR,deterministic_markov,0.4952299461855994,0.503587586825565,0.0083576406399656,2.642918028747869,True,False,0.0497131678275764,88,False,
Bernoulli(0.5),0.5,0.25,100000,1,Squared-hinge STaR,deterministic_markov,0.4951897999026439,0.503580059397511,0.0083902594948671,2.653233016363388,True,False,0.1333555108867585,88,False,
Bernoulli(0.5),0.5,0.25,100000,1,Efficient betting,deterministic_markov,0.4954125948845865,0.5035689492032194,0.0081563543186328,2.5792657050230448,True,False,0.0981134220492094,123,False,
Bernoulli(0.5),0.5,0.25,100000,1,Original STaR,randomized_markov,0.4952299461855994,0.503587586825565,0.0083576406399656,2.642918028747869,True,False,0.0507939429953694,88,False,
Bernoulli(0.5),0.5,0.25,100000,1,Squared-hinge STaR,randomized_markov,0.4951897999026439,0.503580059397511,0.0083902594948671,2.653233016363388,True,False,0.1335222059860825,88,False,
Bernoulli(0.5),0.5,0.25,100000,1,Efficient betting,randomized_markov,0.495418385213859,0.5035646064562651,0.008146221242406,2.576061344964975,True,False,0.1074263418558985,123,False,
Bernoulli(0.5),0.5,0.25,100000,1,Gaffke,not_applicable,0.4954123606607101,0.5035676879384606,0.0081553272777504,2.5789409261792144,True,False,0.0001795291900634,0,False,beta-exact
Bernoulli(0.5),0.5,0.25,1000000,1,Original STaR,deterministic_markov,0.4993566057283619,0.5020159750713973,0.0026593693430354,2.6593693430354004,True,False,0.4944854930508882,90,False,
Bernoulli(0.5),0.5,0.25,1000000,1,Squared-hinge STaR,deterministic_markov,0.4993433153284825,0.5020214300862731,0.0026781147577906,2.6781147577906173,True,False,1.3265573540702462,90,False,
Bernoulli(0.5),0.5,0.25,1000000,1,Efficient betting,deterministic_markov,0.4993843500103144,0.5019615279194226,0.0025771779091081,2.577177909108164,True,False,0.8557200029026717,123,False,
Bernoulli(0.5),0.5,0.25,1000000,1,Original STaR,randomized_markov,0.4993566057283619,0.5020159750713973,0.0026593693430354,2.6593693430354004,True,False,0.5074485789518803,90,False,
Bernoulli(0.5),0.5,0.25,1000000,1,Squared-hinge STaR,randomized_markov,0.4993433153284825,0.5020214300862731,0.0026781147577906,2.6781147577906173,True,False,1.3303622228559109,90,False,
Bernoulli(0.5),0.5,0.25,1000000,1,Efficient betting,randomized_markov,0.4993850824318922,0.5019606429100162,0.0025755604781239,2.5755604781239616,True,False,0.8767614339012653,123,False,
Bernoulli(0.5),0.5,0.25,1000000,1,Gaffke,not_applicable,0.4993845857726218,0.5019614078215464,0.0025768220489245,2.576822048924565,True,False,0.0005048348102718,0,False,beta-exact
Bernoulli(0.5),0.5,0.25,10000000,1,Original STaR,deterministic_markov,0.4998296492998736,0.5006433605365675,0.0008137112366939,2.573180865625221,True,False,4.968085791915655,94,False,
Bernoulli(0.5),0.5,0.25,10000000,1,Squared-hinge STaR,deterministic_markov,0.499830402039223,0.5006447405587082,0.0008143385194852,2.575164507982649,True,False,13.20064029796049,94,False,
Bernoulli(0.5),0.5,0.25,10000000,1,Efficient betting,deterministic_markov,0.4998767473806723,0.5006914236678142,0.0008146762871418,2.576232623097688,True,False,8.422949825180694,123,False,
Bernoulli(0.5),0.5,0.25,10000000,1,Original STaR,randomized_markov,0.4998296492998736,0.5006433605365675,0.0008137112366939,2.573180865625221,True,False,4.951972189126536,94,False,
Bernoulli(0.5),0.5,0.25,10000000,1,Squared-hinge STaR,randomized_markov,0.499830402039223,0.5006447405587082,0.0008143385194852,2.575164507982649,True,False,13.287088796962053,94,False,
Bernoulli(0.5),0.5,0.25,10000000,1,Efficient betting,randomized_markov,0.4998768245847081,0.5006913368132739,0.0008145122285658,2.575713824327661,True,False,8.383184707025066,123,False,
Bernoulli(0.5),0.5,0.25,10000000,1,Gaffke,not_applicable,0.4998767756351712,0.5006914240944873,0.0008146484593161,2.5761446237859364,True,False,0.0031005239579826,0,False,beta-exact
Bernoulli(0.5),0.5,0.25,1000,2,Original STaR,deterministic_markov,0.4818236395570615,0.5655249467359211,0.0837013071788596,2.646867738185989,True,False,0.0017091932240873,80,False,
Bernoulli(0.5),0.5,0.25,1000,2,Squared-hinge STaR,deterministic_markov,0.4818487120271042,0.5660890773118824,0.0842403652847781,2.6639142522447794,True,False,0.0025306870229542,80,False,
Bernoulli(0.5),0.5,0.25,1000,2,Efficient betting,deterministic_markov,0.4834158619454954,0.5662659105501162,0.0828500486046208,2.619948578462568,True,False,0.0015134632121771,123,False,
Bernoulli(0.5),0.5,0.25,1000,2,Original STaR,randomized_markov,0.4818330417333275,0.5654622655608144,0.0836292238274868,2.644588262468828,True,False,0.0014385511167347,80,False,
Bernoulli(0.5),0.5,0.25,1000,2,Squared-hinge STaR,randomized_markov,0.4818487120271042,0.5660702729593504,0.0842215609322462,2.663319606405521,True,False,0.0022862439509481,80,False,
Bernoulli(0.5),0.5,0.25,1000,2,Efficient betting,randomized_markov,0.4842017874487576,0.5654751634179997,0.0812733759692421,2.570089811940001,True,False,0.0014335608575493,123,False,
Bernoulli(0.5),0.5,0.25,1000,2,Gaffke,not_applicable,0.4837826492238283,0.5659760496152495,0.0821934003914212,2.599183538710662,True,False,0.0001518281642347,0,False,beta-exact
Bernoulli(0.5),0.5,0.25,10000,2,Original STaR,deterministic_markov,0.4947095325792401,0.5214861763792125,0.0267766437999723,2.6776643799972355,True,False,0.0053239699918776,84,False,
Bernoulli(0.5),0.5,0.25,10000,2,Squared-hinge STaR,deterministic_markov,0.4944011053117663,0.5215873325891234,0.027186227277357,2.718622727735709,True,False,0.0143309261184185,84,False,
Bernoulli(0.5),0.5,0.25,10000,2,Efficient betting,deterministic_markov,0.4955161503661888,0.5213819305565552,0.0258657801903664,2.586578019036645,True,False,0.0100725810043513,123,False,
Bernoulli(0.5),0.5,0.25,10000,2,Original STaR,randomized_markov,0.4947234167649141,0.5214861763792125,0.0267627596142983,2.6762759614298304,True,False,0.0056093200109899,84,False,
Bernoulli(0.5),0.5,0.25,10000,2,Squared-hinge STaR,randomized_markov,0.4944179646800848,0.5215873325891234,0.0271693679090385,2.7169367909038566,True,False,0.0142679868731647,84,False,
Bernoulli(0.5),0.5,0.25,10000,2,Efficient betting,randomized_markov,0.4955906062190344,0.52134073571994,0.0257501295009056,2.5750129500905605,True,False,0.0098269779700785,123,False,
Bernoulli(0.5),0.5,0.25,10000,2,Gaffke,not_applicable,0.4955711316230747,0.5214207403936562,0.0258496087705814,2.58496087705814,True,False,0.0002653619740158,0,False,beta-exact
Bernoulli(0.5),0.5,0.25,100000,2,Original STaR,deterministic_markov,0.495659599334046,0.5037562931847683,0.0080966938507223,2.5603994085361865,True,False,0.0504468569997698,88,False,
Bernoulli(0.5),0.5,0.25,100000,2,Squared-hinge STaR,deterministic_markov,0.4956505036872642,0.5037340245323025,0.0080835208450382,2.556233738376995,True,False,0.1360684640239924,88,False,
Bernoulli(0.5),0.5,0.25,100000,2,Efficient betting,deterministic_markov,0.4960166095018259,0.5041748980109932,0.0081582885091673,2.5798773497748253,True,False,0.095317946979776,123,False,
Bernoulli(0.5),0.5,0.25,100000,2,Original STaR,randomized_markov,0.495659599334046,0.5037562931847683,0.0080966938507223,2.5603994085361865,True,False,0.0494104858953505,88,False,
Bernoulli(0.5),0.5,0.25,100000,2,Squared-hinge STaR,randomized_markov,0.4956505036872642,0.5037340245323025,0.0080835208450382,2.556233738376995,True,False,0.1371381380595266,88,False,
Bernoulli(0.5),0.5,0.25,100000,2,Efficient betting,randomized_markov,0.496024619461326,0.5041748980109932,0.0081502785496672,2.577344378176234,True,False,0.0885385840665549,123,False,
Bernoulli(0.5),0.5,0.25,100000,2,Gaffke,not_applicable,0.4960223295593931,0.5041776609113595,0.0081553313519663,2.57894221455941,True,False,0.000222350936383,0,False,beta-exact
Bernoulli(0.5),0.5,0.25,1000000,2,Original STaR,deterministic_markov,0.4987928856728788,0.5014438267191129,0.002650941046234,2.65094104623409,True,False,0.4868692189920693,90,False,
Bernoulli(0.5),0.5,0.25,1000000,2,Squared-hinge STaR,deterministic_markov,0.4987722557814684,0.5014551334865204,0.0026828777050519,2.6828777050519337,True,False,1.311868497170508,90,False,
Bernoulli(0.5),0.5,0.25,1000000,2,Efficient betting,deterministic_markov,0.498914952221555,0.5014921322507198,0.0025771800291647,2.5771800291647384,True,False,0.8381520160473883,123,False,
Bernoulli(0.5),0.5,0.25,1000000,2,Original STaR,randomized_markov,0.4987928856728788,0.5014438267191129,0.002650941046234,2.65094104623409,True,False,0.4949549830053001,90,False,
Bernoulli(0.5),0.5,0.25,1000000,2,Squared-hinge STaR,randomized_markov,0.4987722557814684,0.5014551334865204,0.0026828777050519,2.6828777050519337,True,False,1.3052562410011888,90,False,
Bernoulli(0.5),0.5,0.25,1000000,2,Efficient betting,randomized_markov,0.498915532055781,0.501491705004448,0.0025761729486669,2.576172948666966,True,False,0.8534584371373057,123,False,
Bernoulli(0.5),0.5,0.25,1000000,2,Gaffke,not_applicable,0.4989155869452003,0.5014924111130568,0.0025768241678564,2.576824167856484,True,False,0.0005530458875,0,False,beta-exact
Bernoulli(0.5),0.5,0.25,10000000,2,Original STaR,deterministic_markov,0.4995310863147293,0.5003618597716674,0.000830773456938,2.627136343536052,True,False,4.962735276902095,94,False,
Bernoulli(0.5),0.5,0.25,10000000,2,Squared-hinge STaR,deterministic_markov,0.4995235589200727,0.5003598211022812,0.0008362621822084,2.644493216841431,True,False,13.149093128973618,94,False,
Bernoulli(0.5),0.5,0.25,10000000,2,Efficient betting,deterministic_markov,0.4995336087157273,0.500348294779213,0.0008146860634857,2.576263538611604,True,False,8.224998047109693,123,False,
Bernoulli(0.5),0.5,0.25,10000000,2,Original STaR,randomized_markov,0.4995310863147293,0.5003618597716674,0.000830773456938,2.627136343536052,True,False,5.168358146911487,94,False,
Bernoulli(0.5),0.5,0.25,10000000,2,Squared-hinge STaR,randomized_markov,0.4995235589200727,0.5003598211022812,0.0008362621822084,2.644493216841431,True,False,13.249102071858944,94,False,
Bernoulli(0.5),0.5,0.25,10000000,2,Efficient betting,randomized_markov,0.499533705220787,0.5003481886236474,0.0008144834028603,2.5756226694433293,True,False,8.250121359946206,123,False,
Bernoulli(0.5),0.5,0.25,10000000,2,Gaffke,not_applicable,0.4995336757355144,0.500348324320623,0.0008146485851086,2.576145021576885,True,False,0.0033024880103766,0,False,beta-exact
"Uniform(0,1)",0.5,0.0833333333333333,1000,0,Original STaR,deterministic_markov,0.4644172414746615,0.5129893758710355,0.048572134396374,1.5359857550834972,True,False,0.0015844979789108,82,False,
"Uniform(0,1)",0.5,0.0833333333333333,1000,0,Squared-hinge STaR,deterministic_markov,0.4643066070622728,0.5133666210804915,0.0490600140182186,1.551413863373603,True,False,0.0026175519451498,82,False,
"Uniform(0,1)",0.5,0.0833333333333333,1000,0,Efficient betting,deterministic_markov,0.4650787459719383,0.5128917859952902,0.0478130400233518,1.5119810833058216,True,False,0.0015539298765361,123,False,
"Uniform(0,1)",0.5,0.0833333333333333,1000,0,Original STaR,randomized_markov,0.4644698381625183,0.5129893758710355,0.0485195377085171,1.534322501773412,True,False,0.0013847299851477,82,False,
"Uniform(0,1)",0.5,0.0833333333333333,1000,0,Squared-hinge STaR,randomized_markov,0.4643138617778393,0.5133666210804915,0.0490527593026521,1.5511844491239346,True,False,0.0023177349939942,82,False,
"Uniform(0,1)",0.5,0.0833333333333333,1000,0,Efficient betting,randomized_markov,0.4653800956954683,0.5123995814468578,0.0470194857513894,1.4868866938422436,True,False,0.0014334819279611,123,False,
"Uniform(0,1)",0.5,0.0833333333333333,1000,0,Gaffke,not_applicable,0.4650418633036956,0.5131131789339763,0.0480713156302807,1.5201484751253975,True,False,0.0156049837823957,0,False,bspline-exact
"Uniform(0,1)",0.5,0.0833333333333333,10000,0,Original STaR,deterministic_markov,0.4898586258523764,0.505305215464489,0.0154465896121126,1.544658961211265,True,False,0.005657864967361,86,False,
"Uniform(0,1)",0.5,0.0833333333333333,10000,0,Squared-hinge STaR,deterministic_markov,0.4897599255992638,0.5054487279014861,0.0156888023022222,1.568880230222225,True,False,0.0143158640712499,86,False,
"Uniform(0,1)",0.5,0.0833333333333333,10000,0,Efficient betting,deterministic_markov,0.4900043418096129,0.5048549337394691,0.0148505919298561,1.485059192985616,True,False,0.0111381630413234,123,False,
"Uniform(0,1)",0.5,0.0833333333333333,10000,0,Original STaR,randomized_markov,0.4898591930952103,0.5053023792503191,0.0154431861551087,1.5443186155108757,True,False,0.0055931110400706,86,False,
"Uniform(0,1)",0.5,0.0833333333333333,10000,0,Squared-hinge STaR,randomized_markov,0.4897599255992638,0.5054487279014861,0.0156888023022222,1.568880230222225,True,False,0.0144302109256386,86,False,
"Uniform(0,1)",0.5,0.0833333333333333,10000,0,Efficient betting,randomized_markov,0.4900696183695848,0.504742881462726,0.014673263093141,1.4673263093141098,True,False,0.0100452848710119,123,False,
"Uniform(0,1)",0.5,0.0833333333333333,10000,0,Gaffke,not_applicable,0.490023865044985,0.5048546289588138,0.0148307639138288,1.4830763913828815,True,False,0.0002379599027335,0,False,cornish-fisher-moments
"Uniform(0,1)",0.5,0.0833333333333333,100000,0,Original STaR,deterministic_markov,0.4978509750380837,0.5026758538819102,0.0048248788438264,1.525760658085136,True,False,0.050583389820531,90,False,
"Uniform(0,1)",0.5,0.0833333333333333,100000,0,Squared-hinge STaR,deterministic_markov,0.4978373991268743,0.5027109702389052,0.0048735711120309,1.54115850528173,True,False,0.1344086320605129,90,False,
"Uniform(0,1)",0.5,0.0833333333333333,100000,0,Efficient betting,deterministic_markov,0.4980408637448719,0.502758987192552,0.00471812344768,1.4920016376515326,True,False,0.0870595900341868,123,False,
"Uniform(0,1)",0.5,0.0833333333333333,100000,0,Original STaR,randomized_markov,0.4978509750380837,0.5026758538819102,0.0048248788438264,1.525760658085136,True,False,0.0483179448638111,90,False,
"Uniform(0,1)",0.5,0.0833333333333333,100000,0,Squared-hinge STaR,randomized_markov,0.4978373991268743,0.5027109702389052,0.0048735711120309,1.54115850528173,True,False,0.134752461919561,90,False,
"Uniform(0,1)",0.5,0.0833333333333333,100000,0,Efficient betting,randomized_markov,0.4980537295314949,0.502754809989103,0.004701080457608,1.4866121709748197,True,False,0.0846270089969039,123,False,
"Uniform(0,1)",0.5,0.0833333333333333,100000,0,Gaffke,not_applicable,0.4980501977701079,0.5027611779407392,0.0047109801706312,1.4897427351083288,True,False,0.0002389522269368,0,False,cornish-fisher-moments
"Uniform(0,1)",0.5,0.0833333333333333,1000000,0,Original STaR,deterministic_markov,0.499714985559192,0.5012014412326986,0.0014864556735065,1.4864556735065817,True,False,0.4979128860868513,92,False,
"Uniform(0,1)",0.5,0.0833333333333333,1000000,0,Squared-hinge STaR,deterministic_markov,0.4997183072478479,0.5012027584540621,0.0014844512062142,1.48445120621421,True,False,1.3340629530139267,92,False,
"Uniform(0,1)",0.5,0.0833333333333333,1000000,0,Efficient betting,deterministic_markov,0.4996202623647167,0.5011082731524081,0.0014880107876914,1.4880107876914517,True,False,0.8871979259420186,123,False,
"Uniform(0,1)",0.5,0.0833333333333333,1000000,0,Original STaR,randomized_markov,0.499714985559192,0.5012014412326986,0.0014864556735065,1.4864556735065817,True,False,0.5013949240092188,92,False,
"Uniform(0,1)",0.5,0.0833333333333333,1000000,0,Squared-hinge STaR,randomized_markov,0.4997183072478479,0.5012027584540621,0.0014844512062142,1.48445120621421,True,False,1.3258873149752617,92,False,
"Uniform(0,1)",0.5,0.0833333333333333,1000000,0,Efficient betting,randomized_markov,0.4996204562033119,0.5011079207185986,0.0014874645152865,1.487464515286585,True,False,0.851395099889487,123,False,
"Uniform(0,1)",0.5,0.0833333333333333,1000000,0,Gaffke,not_applicable,0.4996201698578963,0.5011085236553016,0.0014883537974051,1.4883537974051952,True,False,0.0010346369817852,0,False,cornish-fisher-moments
"Uniform(0,1)",0.5,0.0833333333333333,10000000,0,Original STaR,deterministic_markov,0.4998553728010256,0.5003232821258468,0.0004679093248211,1.479659204866244,True,False,5.189756714971736,96,False,
"Uniform(0,1)",0.5,0.0833333333333333,10000000,0,Squared-hinge STaR,deterministic_markov,0.4998551735982014,0.5003226664080263,0.0004674928098248,1.4783420687984112,True,False,13.580426562111825,96,False,
"Uniform(0,1)",0.5,0.0833333333333333,10000000,0,Efficient betting,deterministic_markov,0.4998234648269634,0.5002938843859752,0.0004704195590118,1.4875972623693914,True,False,8.31908379192464,123,False,
"Uniform(0,1)",0.5,0.0833333333333333,10000000,0,Original STaR,randomized_markov,0.4998553728010256,0.5003232821258468,0.0004679093248211,1.479659204866244,True,False,5.231356418924406,96,False,
"Uniform(0,1)",0.5,0.0833333333333333,10000000,0,Squared-hinge STaR,randomized_markov,0.4998551735982014,0.5003226664080263,0.0004674928098248,1.4783420687984112,True,False,13.621728324797004,96,False,
"Uniform(0,1)",0.5,0.0833333333333333,10000000,0,Efficient betting,randomized_markov,0.4998234871153912,0.5002938565254403,0.000470369410049,1.487438677424774,True,False,8.354097842006013,123,False,
"Uniform(0,1)",0.5,0.0833333333333333,10000000,0,Gaffke,not_applicable,0.4998234711887973,0.5002938835898381,0.0004704124010407,1.4875746268772747,True,False,0.0074838129803538,0,False,cornish-fisher-moments
"Uniform(0,1)",0.5,0.0833333333333333,1000,1,Original STaR,deterministic_markov,0.4606628598376859,0.508175398073759,0.047512538236073,1.5024783824182972,True,False,0.0016776730772107,82,False,
"Uniform(0,1)",0.5,0.0833333333333333,1000,1,Squared-hinge STaR,deterministic_markov,0.4605293571102608,0.5075114926184554,0.0469821355081946,1.4857055754456745,True,False,0.0024423890281468,82,False,
"Uniform(0,1)",0.5,0.0833333333333333,1000,1,Efficient betting,deterministic_markov,0.4613523695063054,0.5092323871833575,0.047880017677052,1.5140991026860888,True,False,0.0015738059300929,123,False,
"Uniform(0,1)",0.5,0.0833333333333333,1000,1,Original STaR,randomized_markov,0.460664663928597,0.5081555530737364,0.0474908891451393,1.5017937780520707,True,False,0.0012330010067671,82,False,
"Uniform(0,1)",0.5,0.0833333333333333,1000,1,Squared-hinge STaR,randomized_markov,0.4605293571102608,0.5075114926184554,0.0469821355081946,1.4857055754456745,True,False,0.0022372610401362,82,False,
"Uniform(0,1)",0.5,0.0833333333333333,1000,1,Efficient betting,randomized_markov,0.4616099381779282,0.5085779185112815,0.0469679803333533,1.4852579495139095,True,False,0.0015246940311044,123,False,
"Uniform(0,1)",0.5,0.0833333333333333,1000,1,Gaffke,not_applicable,0.46148301924016,0.5093044747661583,0.0478214555259982,1.5122472048659998,True,False,0.0168166330549865,0,False,bspline-exact
"Uniform(0,1)",0.5,0.0833333333333333,10000,1,Original STaR,deterministic_markov,0.4894175245324288,0.5046500142849476,0.0152324897525187,1.5232489752518783,True,False,0.0058296048082411,86,False,
"Uniform(0,1)",0.5,0.0833333333333333,10000,1,Squared-hinge STaR,deterministic_markov,0.4893495866033063,0.5046874377204812,0.0153378511171748,1.5337851117174894,True,False,0.0143557589035481,86,False,
"Uniform(0,1)",0.5,0.0833333333333333,10000,1,Efficient betting,deterministic_markov,0.489856220201871,0.5048711225712219,0.0150149023693509,1.5014902369350935,True,False,0.0099621200934052,123,False,
"Uniform(0,1)",0.5,0.0833333333333333,10000,1,Original STaR,randomized_markov,0.4894175245324288,0.5046500142849476,0.0152324897525187,1.5232489752518783,True,False,0.0055947510991245,86,False,
"Uniform(0,1)",0.5,0.0833333333333333,10000,1,Squared-hinge STaR,randomized_markov,0.4893495866033063,0.5046874377204812,0.0153378511171748,1.5337851117174894,True,False,0.0140814101323485,86,False,
"Uniform(0,1)",0.5,0.0833333333333333,10000,1,Efficient betting,randomized_markov,0.4898579917254466,0.5047340066464736,0.014876014921027,1.4876014921027023,True,False,0.0110955229029059,123,False,
"Uniform(0,1)",0.5,0.0833333333333333,10000,1,Gaffke,not_applicable,0.4898204321988486,0.5048718725666752,0.0150514403678266,1.505144036782663,True,False,0.0002010599710047,0,False,cornish-fisher-moments
"Uniform(0,1)",0.5,0.0833333333333333,100000,1,Original STaR,deterministic_markov,0.496964011970308,0.5017421441747771,0.004778132204469,1.5109780727523725,True,False,0.0500440399628132,90,False,
"Uniform(0,1)",0.5,0.0833333333333333,100000,1,Squared-hinge STaR,deterministic_markov,0.4969781094213028,0.5017352761858309,0.004757166764528,1.504348218516266,True,False,0.1392197150271386,90,False,
"Uniform(0,1)",0.5,0.0833333333333333,100000,1,Efficient betting,deterministic_markov,0.4970668580193551,0.5017682884120508,0.0047014303926956,1.4867228301658135,True,False,0.1081281469669193,123,False,
"Uniform(0,1)",0.5,0.0833333333333333,100000,1,Original STaR,randomized_markov,0.496964011970308,0.5017421441747771,0.004778132204469,1.5109780727523725,True,False,0.0503589860163629,90,False,
"Uniform(0,1)",0.5,0.0833333333333333,100000,1,Squared-hinge STaR,randomized_markov,0.4969781094213028,0.5017352761858309,0.004757166764528,1.504348218516266,True,False,0.1340033300220966,90,False,
"Uniform(0,1)",0.5,0.0833333333333333,100000,1,Efficient betting,randomized_markov,0.4970681926892718,0.5017675098545995,0.0046993171653276,1.4860545689961508,True,False,0.0883232620544731,123,False,
"Uniform(0,1)",0.5,0.0833333333333333,100000,1,Gaffke,not_applicable,0.4970588569864246,0.5017626801026444,0.0047038231162196,1.4874794757805156,True,False,0.00028991792351,0,False,cornish-fisher-moments
"Uniform(0,1)",0.5,0.0833333333333333,1000000,1,Original STaR,deterministic_markov,0.4989922923943499,0.5005067377235252,0.0015144453291752,1.514445329175218,True,False,0.4903684591408819,92,False,
"Uniform(0,1)",0.5,0.0833333333333333,1000000,1,Squared-hinge STaR,deterministic_markov,0.4989975037585002,0.5005100592523244,0.0015125554938241,1.5125554938241192,True,False,1.3233598968945444,92,False,
"Uniform(0,1)",0.5,0.0833333333333333,1000000,1,Efficient betting,deterministic_markov,0.4990318798194867,0.5005208410052897,0.0014889611858029,1.488961185802995,True,False,0.840230860048905,123,False,
"Uniform(0,1)",0.5,0.0833333333333333,1000000,1,Original STaR,randomized_markov,0.4989922923943499,0.5005067377235252,0.0015144453291752,1.514445329175218,True,False,0.4863785931374877,92,False,
"Uniform(0,1)",0.5,0.0833333333333333,1000000,1,Squared-hinge STaR,randomized_markov,0.4989975037585002,0.5005100592523244,0.0015125554938241,1.5125554938241192,True,False,1.311930341878906,92,False,
"Uniform(0,1)",0.5,0.0833333333333333,1000000,1,Efficient betting,randomized_markov,0.4990333247285664,0.5005202947591741,0.0014869700306077,1.486970030607715,True,False,0.8709217810537666,123,False,
"Uniform(0,1)",0.5,0.0833333333333333,1000000,1,Gaffke,not_applicable,0.4990326348022494,0.5005209170210808,0.0014882822188313,1.4882822188313494,True,False,0.0011195479892194,0,False,cornish-fisher-moments
"Uniform(0,1)",0.5,0.0833333333333333,10000000,1,Original STaR,deterministic_markov,0.4997095115144657,0.5001944281678643,0.0004849166533986,1.533441100086053,True,False,4.982453519012779,96,False,
"Uniform(0,1)",0.5,0.0833333333333333,10000000,1,Squared-hinge STaR,deterministic_markov,0.4997083887707017,0.500196619329081,0.0004882305583792,1.5439205877742856,True,False,13.053607162088156,96,False,
"Uniform(0,1)",0.5,0.0833333333333333,10000000,1,Efficient betting,deterministic_markov,0.4997156761577998,0.500186264594876,0.0004705884370762,1.4881313016996285,True,False,8.170251291012391,123,False,
"Uniform(0,1)",0.5,0.0833333333333333,10000000,1,Original STaR,randomized_markov,0.4997095115144657,0.5001944281678643,0.0004849166533986,1.533441100086053,True,False,5.163721543038264,96,False,
"Uniform(0,1)",0.5,0.0833333333333333,10000000,1,Squared-hinge STaR,randomized_markov,0.4997083887707017,0.500196619329081,0.0004882305583792,1.5439205877742856,True,False,13.171906641218811,96,False,
"Uniform(0,1)",0.5,0.0833333333333333,10000000,1,Efficient betting,randomized_markov,0.4997159213226912,0.500186153156289,0.0004702318335977,1.4870036224863046,True,False,8.223148369928822,123,False,
"Uniform(0,1)",0.5,0.0833333333333333,10000000,1,Gaffke,not_applicable,0.4997158385504989,0.5001862359593735,0.0004703974088746,1.487527217485277,True,False,0.0072369209956377,0,False,cornish-fisher-moments
"Uniform(0,1)",0.5,0.0833333333333333,1000,2,Original STaR,deterministic_markov,0.4739552678888687,0.5235765186259809,0.0496212507371121,1.569161726755833,True,False,0.0015281208325177,82,False,
"Uniform(0,1)",0.5,0.0833333333333333,1000,2,Squared-hinge STaR,deterministic_markov,0.473809419551042,0.5240359408901354,0.0502265213390933,1.5883020637858525,True,False,0.0023294768761843,82,False,
"Uniform(0,1)",0.5,0.0833333333333333,1000,2,Efficient betting,deterministic_markov,0.4752406264853603,0.5236471288549194,0.048406502369559,1.5307480105014415,True,False,0.001290762098506,123,False,
"Uniform(0,1)",0.5,0.0833333333333333,1000,2,Original STaR,randomized_markov,0.4739990223902168,0.5235710493133126,0.0495720269230957,1.5676051330817098,True,False,0.001225559040904,82,False,
"Uniform(0,1)",0.5,0.0833333333333333,1000,2,Squared-hinge STaR,randomized_markov,0.4738185350721562,0.5240359408901354,0.0502174058179791,1.5880138056980495,True,False,0.0022070449776947,82,False,
"Uniform(0,1)",0.5,0.0833333333333333,1000,2,Efficient betting,randomized_markov,0.4755244697889771,0.5232202419892032,0.0476957722002261,1.5082727491325514,True,False,0.0013306369073688,123,False,
"Uniform(0,1)",0.5,0.0833333333333333,1000,2,Gaffke,not_applicable,0.4748526388591457,0.5231649734376411,0.0483123345784953,1.5277701634815624,True,False,0.0173889470752328,0,False,bspline-exact
"Uniform(0,1)",0.5,0.0833333333333333,10000,2,Original STaR,deterministic_markov,0.4950628462338385,0.5093124868955332,0.0142496406616947,1.424964066169471,True,False,0.0054946150630712,86,False,
"Uniform(0,1)",0.5,0.0833333333333333,10000,2,Squared-hinge STaR,deterministic_markov,0.4950484932517054,0.5092464631777212,0.0141979699260156,1.4197969926015686,True,False,0.014240990858525,86,False,
"Uniform(0,1)",0.5,0.0833333333333333,10000,2,Efficient betting,deterministic_markov,0.4956657818909815,0.5108377231030353,0.0151719412120537,1.5171941212053786,True,False,0.0101005281321704,123,False,
"Uniform(0,1)",0.5,0.0833333333333333,10000,2,Original STaR,randomized_markov,0.4950662909495504,0.5093124868955332,0.0142461959459828,1.424619594598281,True,False,0.0055598278995603,86,False,
"Uniform(0,1)",0.5,0.0833333333333333,10000,2,Squared-hinge STaR,randomized_markov,0.4950490673709908,0.5092464631777212,0.0141973958067303,1.419739580673035,True,False,0.0142198919784277,86,False,
"Uniform(0,1)",0.5,0.0833333333333333,10000,2,Efficient betting,randomized_markov,0.4957726564040954,0.510717776335425,0.0149451199313296,1.4945119931329631,True,False,0.0099435411393642,123,False,
"Uniform(0,1)",0.5,0.0833333333333333,10000,2,Gaffke,not_applicable,0.4957369338640223,0.5107461894949026,0.0150092556308802,1.5009255630880292,True,False,0.0002088448964059,0,False,cornish-fisher-moments
"Uniform(0,1)",0.5,0.0833333333333333,100000,2,Original STaR,deterministic_markov,0.4994693599145042,0.5043843438806973,0.004914983966193,1.554254399637807,True,False,0.0490587791427969,90,False,
"Uniform(0,1)",0.5,0.0833333333333333,100000,2,Squared-hinge STaR,deterministic_markov,0.4994420111810814,0.5044174883721964,0.0049754771911149,1.573384037013999,True,False,0.1382709110621363,90,False,
"Uniform(0,1)",0.5,0.0833333333333333,100000,2,Efficient betting,deterministic_markov,0.4995327579845199,0.5042578054847153,0.0047250475001954,1.4941912153102432,True,False,0.0913403269369155,123,False,
"Uniform(0,1)",0.5,0.0833333333333333,100000,2,Original STaR,randomized_markov,0.4994695410319442,0.5043843438806973,0.0049148028487531,1.55419712527439,True,False,0.049051997018978,90,False,
"Uniform(0,1)",0.5,0.0833333333333333,100000,2,Squared-hinge STaR,randomized_markov,0.4994420111810814,0.5044174883721964,0.0049754771911149,1.573384037013999,True,False,0.1320655618328601,90,False,
"Uniform(0,1)",0.5,0.0833333333333333,100000,2,Efficient betting,randomized_markov,0.4995480833063563,0.5042495019467019,0.0047014186403455,1.4867191137463984,True,False,0.087674262933433,123,False,
"Uniform(0,1)",0.5,0.0833333333333333,100000,2,Gaffke,not_applicable,0.499532634497131,0.5042463489500918,0.0047137144529607,1.4906073911010629,True,False,0.0003149958793073,0,False,cornish-fisher-moments
"Uniform(0,1)",0.5,0.0833333333333333,1000000,2,Original STaR,deterministic_markov,0.4991287350106109,0.5006717037941361,0.0015429687835251,1.5429687835251116,True,False,0.4973045520018786,92,False,
"Uniform(0,1)",0.5,0.0833333333333333,1000000,2,Squared-hinge STaR,deterministic_markov,0.4991239805404212,0.5006784058786203,0.0015544253381991,1.5544253381991613,True,False,1.288923365995288,92,False,
"Uniform(0,1)",0.5,0.0833333333333333,1000000,2,Efficient betting,deterministic_markov,0.4991461159259619,0.5006345691347063,0.0014884532087443,1.4884532087443558,True,False,0.8697275610174984,123,False,
"Uniform(0,1)",0.5,0.0833333333333333,1000000,2,Original STaR,randomized_markov,0.4991287350106109,0.5006717037941361,0.0015429687835251,1.5429687835251116,True,False,0.5032129290048033,92,False,
"Uniform(0,1)",0.5,0.0833333333333333,1000000,2,Squared-hinge STaR,randomized_markov,0.4991239805404212,0.5006784058786203,0.0015544253381991,1.5544253381991613,True,False,1.27655655099079,92,False,
"Uniform(0,1)",0.5,0.0833333333333333,1000000,2,Efficient betting,randomized_markov,0.4991463979334616,0.5006342695017378,0.0014878715682762,1.4878715682762331,True,False,0.8671080560889095,123,False,
"Uniform(0,1)",0.5,0.0833333333333333,1000000,2,Gaffke,not_applicable,0.4991456013239483,0.5006342740221277,0.0014886726981793,1.4886726981793164,True,False,0.0008058939129114,0,False,cornish-fisher-moments
"Uniform(0,1)",0.5,0.0833333333333333,10000000,2,Original STaR,deterministic_markov,0.4997718678783779,0.5002463549416336,0.0004744870632557,1.5004598401724067,True,False,5.14561654208228,96,False,
"Uniform(0,1)",0.5,0.0833333333333333,10000000,2,Squared-hinge STaR,deterministic_markov,0.4997730628318703,0.5002460471505825,0.0004729843187121,1.4957077446734794,True,False,13.374078813940288,96,False,
"Uniform(0,1)",0.5,0.0833333333333333,10000000,2,Efficient betting,deterministic_markov,0.4997590722662435,0.5002294048466696,0.000470332580426,1.4873222119304963,True,False,8.382688898127526,123,False,
"Uniform(0,1)",0.5,0.0833333333333333,10000000,2,Original STaR,randomized_markov,0.4997718678783779,0.5002463549416336,0.0004744870632557,1.5004598401724067,True,False,5.041383583797142,96,False,
"Uniform(0,1)",0.5,0.0833333333333333,10000000,2,Squared-hinge STaR,randomized_markov,0.4997730628318703,0.5002460471505825,0.0004729843187121,1.4957077446734794,True,False,13.421739778947083,96,False,
"Uniform(0,1)",0.5,0.0833333333333333,10000000,2,Efficient betting,randomized_markov,0.4997591614003036,0.5002293547087608,0.0004701933084572,1.486881795294901,True,False,8.330770549131557,123,False,
"Uniform(0,1)",0.5,0.0833333333333333,10000000,2,Gaffke,not_applicable,0.4997590563387801,0.5002293650722647,0.0004703087334845,1.4872468012803757,True,False,0.0053292589727789,0,False,cornish-fisher-moments
"Beta(0.5,0.5)",0.5,0.125,1000,0,Original STaR,deterministic_markov,0.4644514268326954,0.5232073771414172,0.0587559503087217,1.8580262906323424,True,False,0.0014862308744341,82,False,
"Beta(0.5,0.5)",0.5,0.125,1000,0,Squared-hinge STaR,deterministic_markov,0.4642540409335861,0.5233105561341335,0.0590565152005473,1.867530987060852,True,False,0.0024547919165343,82,False,
"Beta(0.5,0.5)",0.5,0.125,1000,0,Efficient betting,deterministic_markov,0.4602494709813337,0.5196288087493928,0.059379337768059,1.877739532995256,True,False,0.0013377598952502,123,False,
"Beta(0.5,0.5)",0.5,0.125,1000,0,Original STaR,randomized_markov,0.4644514268326954,0.5231266283645088,0.0586752015318134,1.8554727900993109,True,False,0.0012949989177286,82,False,
"Beta(0.5,0.5)",0.5,0.125,1000,0,Squared-hinge STaR,randomized_markov,0.4642540409335861,0.5232185922493211,0.0589645513157349,1.8646228336760071,True,False,0.0021856138482689,82,False,
"Beta(0.5,0.5)",0.5,0.125,1000,0,Efficient betting,randomized_markov,0.4609382511467569,0.5193071939627323,0.0583689428159753,1.845788039146044,True,False,0.0013240850530564,123,False,
"Beta(0.5,0.5)",0.5,0.125,1000,0,Gaffke,not_applicable,0.460709915629452,0.519872297797438,0.059162382167986,1.870878794521663,True,False,0.0163411758840084,0,False,bspline-exact
"Beta(0.5,0.5)",0.5,0.125,10000,0,Original STaR,deterministic_markov,0.4937654776766353,0.5122405896364555,0.0184751119598201,1.847511195982016,True,False,0.0059858509339392,86,False,
"Beta(0.5,0.5)",0.5,0.125,10000,0,Squared-hinge STaR,deterministic_markov,0.4937549313174847,0.5123425377749101,0.0185876064574253,1.858760645742536,True,False,0.0140195051208138,86,False,
"Beta(0.5,0.5)",0.5,0.125,10000,0,Efficient betting,deterministic_markov,0.4946581052899644,0.5130472779436812,0.0183891726537167,1.838917265371676,True,False,0.0096678650006651,123,False,
"Beta(0.5,0.5)",0.5,0.125,10000,0,Original STaR,randomized_markov,0.4937668838578554,0.5122405896364555,0.0184737057786,1.847370577860008,True,False,0.0054352390579879,86,False,
"Beta(0.5,0.5)",0.5,0.125,10000,0,Squared-hinge STaR,randomized_markov,0.4937556344080948,0.5123425377749101,0.0185869033668153,1.8586903366815344,True,False,0.0137811349704861,86,False,
"Beta(0.5,0.5)",0.5,0.125,10000,0,Efficient betting,randomized_markov,0.4946953150084031,0.5129523066274339,0.0182569916190307,1.825699161903072,True,False,0.0088183979969471,123,False,
"Beta(0.5,0.5)",0.5,0.125,10000,0,Gaffke,not_applicable,0.4946454717679269,0.5130025165239996,0.0183570447560726,1.835704475607269,True,False,0.0001735379919409,0,False,cornish-fisher-moments
"Beta(0.5,0.5)",0.5,0.125,100000,0,Original STaR,deterministic_markov,0.4985581267954235,0.5045577126297507,0.0059995858343271,1.8972356254155367,True,False,0.0504009530413895,88,False,
"Beta(0.5,0.5)",0.5,0.125,100000,0,Squared-hinge STaR,deterministic_markov,0.4985168299645013,0.5045985654087277,0.0060817354442264,1.92321361303314,True,False,0.1364859340246766,88,False,
"Beta(0.5,0.5)",0.5,0.125,100000,0,Efficient betting,deterministic_markov,0.4986051023675709,0.5043797588126309,0.0057746564450599,1.826106707136052,True,False,0.0954605629667639,123,False,
"Beta(0.5,0.5)",0.5,0.125,100000,0,Original STaR,randomized_markov,0.4985581267954235,0.5045577126297507,0.0059995858343271,1.8972356254155367,True,False,0.0510993839707225,88,False,
"Beta(0.5,0.5)",0.5,0.125,100000,0,Squared-hinge STaR,randomized_markov,0.4985168299645013,0.5045985654087277,0.0060817354442264,1.92321361303314,True,False,0.1410633909981697,88,False,
"Beta(0.5,0.5)",0.5,0.125,100000,0,Efficient betting,randomized_markov,0.4986059221557777,0.504377504395062,0.0057715822392842,1.82513455791132,True,False,0.0882982378825545,123,False,
"Beta(0.5,0.5)",0.5,0.125,100000,0,Gaffke,not_applicable,0.4986048719510194,0.5043809574668479,0.0057760855158284,1.826558618992637,True,False,0.0004101651720702,0,False,cornish-fisher-moments
"Beta(0.5,0.5)",0.5,0.125,1000000,0,Original STaR,deterministic_markov,0.4993605406442994,0.5011572687284387,0.0017967280841392,1.7967280841392763,True,False,0.5010439271572977,92,False,
"Beta(0.5,0.5)",0.5,0.125,1000000,0,Squared-hinge STaR,deterministic_markov,0.4993492514926624,0.5011543938513137,0.0018051423586512,1.8051423586512567,True,False,1.3415795180480927,92,False,
"Beta(0.5,0.5)",0.5,0.125,1000000,0,Efficient betting,deterministic_markov,0.4992258825863952,0.5010476161683792,0.001821733581984,1.8217335819840088,True,False,0.8681351100094616,123,False,
"Beta(0.5,0.5)",0.5,0.125,1000000,0,Original STaR,randomized_markov,0.4993605406442994,0.5011572687284387,0.0017967280841392,1.7967280841392763,True,False,0.4903548411093652,92,False,
"Beta(0.5,0.5)",0.5,0.125,1000000,0,Squared-hinge STaR,randomized_markov,0.4993492514926624,0.5011543938513137,0.0018051423586512,1.8051423586512567,True,False,1.3322964508552104,92,False,
"Beta(0.5,0.5)",0.5,0.125,1000000,0,Efficient betting,randomized_markov,0.4992260767619609,0.5010473572676251,0.0018212805056641,1.821280505664158,True,False,0.8743809431325644,123,False,
"Beta(0.5,0.5)",0.5,0.125,1000000,0,Gaffke,not_applicable,0.4992257743529356,0.5010478100208479,0.0018220356679122,1.8220356679122247,True,False,0.0008387470152229,0,False,cornish-fisher-moments
"Beta(0.5,0.5)",0.5,0.125,10000000,0,Original STaR,deterministic_markov,0.4998197344597782,0.5004203701525127,0.0006006356927344,1.8993768330340584,True,False,5.065491987159476,96,False,
"Beta(0.5,0.5)",0.5,0.125,10000000,0,Squared-hinge STaR,deterministic_markov,0.4998138350027858,0.5004222109605216,0.0006083759577357,1.92385370013138,True,False,13.16172223398462,96,False,
"Beta(0.5,0.5)",0.5,0.125,10000000,0,Efficient betting,deterministic_markov,0.4998279106158325,0.5004039760426318,0.0005760654267992,1.8216788299625413,True,False,8.18496872507967,123,False,
"Beta(0.5,0.5)",0.5,0.125,10000000,0,Original STaR,randomized_markov,0.4998197344597782,0.5004203701525127,0.0006006356927344,1.8993768330340584,True,False,5.011294014053419,96,False,
"Beta(0.5,0.5)",0.5,0.125,10000000,0,Squared-hinge STaR,randomized_markov,0.4998138350027858,0.5004222109605216,0.0006083759577357,1.92385370013138,True,False,13.042868757853284,96,False,
"Beta(0.5,0.5)",0.5,0.125,10000000,0,Efficient betting,randomized_markov,0.4998279652088412,0.5004039282737494,0.0005759630649081,1.821355133241144,True,False,8.203947580885142,123,False,
"Beta(0.5,0.5)",0.5,0.125,10000000,0,Gaffke,not_applicable,0.4998279159786135,0.5004040047181861,0.0005760887395726,1.8217525514249924,True,False,0.0054492659401148,0,False,cornish-fisher-moments
"Beta(0.5,0.5)",0.5,0.125,1000,1,Original STaR,deterministic_markov,0.4671460370781092,0.527571722224371,0.0604256851462617,1.9108279423839167,True,False,0.001421949127689,82,False,
"Beta(0.5,0.5)",0.5,0.125,1000,1,Squared-hinge STaR,deterministic_markov,0.4668138551673431,0.5276951682047234,0.0608813130373802,1.925236161398255,True,False,0.0023827261757105,82,False,
"Beta(0.5,0.5)",0.5,0.125,1000,1,Efficient betting,deterministic_markov,0.4675575524545703,0.5277736384118145,0.0602160859572441,1.9041998340537205,True,False,0.0013730670325458,123,False,
"Beta(0.5,0.5)",0.5,0.125,1000,1,Original STaR,randomized_markov,0.4671819486360299,0.527571722224371,0.060389773588341,1.909692319210374,True,False,0.0013208379969,82,False,
"Beta(0.5,0.5)",0.5,0.125,1000,1,Squared-hinge STaR,randomized_markov,0.4668228330568232,0.5276951682047234,0.0608723351479001,1.9249522556048704,True,False,0.002421679906547,82,False,
"Beta(0.5,0.5)",0.5,0.125,1000,1,Efficient betting,randomized_markov,0.4685575512212843,0.5268433909402926,0.0582858397190083,1.8431600884757493,True,False,0.001401038840413,123,False,
"Beta(0.5,0.5)",0.5,0.125,1000,1,Gaffke,not_applicable,0.4680117469582194,0.5272116022811973,0.0591998553229778,1.872063799730531,True,False,0.0153961488977074,0,False,bspline-exact
"Beta(0.5,0.5)",0.5,0.125,10000,1,Original STaR,deterministic_markov,0.4936605748671165,0.5121691421495309,0.0185085672824143,1.8508567282414343,True,False,0.0054133979137986,86,False,
"Beta(0.5,0.5)",0.5,0.125,10000,1,Squared-hinge STaR,deterministic_markov,0.4934957792233442,0.5121531493233419,0.0186573700999976,1.8657370099997683,True,False,0.014626583084464,86,False,
"Beta(0.5,0.5)",0.5,0.125,10000,1,Efficient betting,deterministic_markov,0.4940899474832744,0.5122787652173373,0.0181888177340628,1.818881773406289,True,False,0.0096547498833388,123,False,
"Beta(0.5,0.5)",0.5,0.125,10000,1,Original STaR,randomized_markov,0.4936661375892692,0.5121691421495309,0.0185030045602616,1.850300456026166,True,False,0.0053621819242835,86,False,
"Beta(0.5,0.5)",0.5,0.125,10000,1,Squared-hinge STaR,randomized_markov,0.4934985605844205,0.5121531493233419,0.0186545887389213,1.865458873892134,True,False,0.0141489789821207,86,False,
"Beta(0.5,0.5)",0.5,0.125,10000,1,Efficient betting,randomized_markov,0.4941601233627386,0.5122115846498014,0.0180514612870628,1.8051461287062809,True,False,0.0099413320422172,123,False,
"Beta(0.5,0.5)",0.5,0.125,10000,1,Gaffke,not_applicable,0.4941322055443141,0.5122880844546629,0.0181558789103487,1.8155878910348755,True,False,0.0001817229203879,0,False,cornish-fisher-moments
"Beta(0.5,0.5)",0.5,0.125,100000,1,Original STaR,deterministic_markov,0.4982591067316055,0.5042309719501885,0.0059718652185829,1.888469597026142,True,False,0.0498017088975757,88,False,
"Beta(0.5,0.5)",0.5,0.125,100000,1,Squared-hinge STaR,deterministic_markov,0.4982151731166364,0.504263589330999,0.0060484162143626,1.9126771474079176,True,False,0.1397231058217585,88,False,
"Beta(0.5,0.5)",0.5,0.125,100000,1,Efficient betting,deterministic_markov,0.498499196939439,0.5042791811558918,0.0057799842164527,1.82779149638144,True,False,0.08758200192824,123,False,
"Beta(0.5,0.5)",0.5,0.125,100000,1,Original STaR,randomized_markov,0.4982591067316055,0.5042309719501885,0.0059718652185829,1.888469597026142,True,False,0.0498805281240493,88,False,
"Beta(0.5,0.5)",0.5,0.125,100000,1,Squared-hinge STaR,randomized_markov,0.4982151731166364,0.504263589330999,0.0060484162143626,1.9126771474079176,True,False,0.1328884898684919,88,False,
"Beta(0.5,0.5)",0.5,0.125,100000,1,Efficient betting,randomized_markov,0.4985094378753292,0.5042716028633331,0.0057621649880038,1.8221565615769004,True,False,0.0860690898261964,123,False,
"Beta(0.5,0.5)",0.5,0.125,100000,1,Gaffke,not_applicable,0.4985126121363905,0.5042850871433152,0.0057724750069246,1.8254168758278235,True,False,0.0002758619375526,0,False,cornish-fisher-moments
"Beta(0.5,0.5)",0.5,0.125,1000000,1,Original STaR,deterministic_markov,0.498980267630659,0.5007727549300566,0.0017924872993975,1.792487299397516,True,False,0.489770428976044,92,False,
"Beta(0.5,0.5)",0.5,0.125,1000000,1,Squared-hinge STaR,deterministic_markov,0.4989784443581039,0.5007584492530849,0.0017800048949809,1.78000489498098,True,False,1.3057560678571465,92,False,
"Beta(0.5,0.5)",0.5,0.125,1000000,1,Efficient betting,deterministic_markov,0.4990573710219852,0.5008803414965594,0.0018229704745741,1.822970474574137,True,False,0.8760677620302886,123,False,
"Beta(0.5,0.5)",0.5,0.125,1000000,1,Original STaR,randomized_markov,0.498980267630659,0.5007727549300566,0.0017924872993975,1.792487299397516,True,False,0.494346952997148,92,False,
"Beta(0.5,0.5)",0.5,0.125,1000000,1,Squared-hinge STaR,randomized_markov,0.4989784443581039,0.5007584492530849,0.0017800048949809,1.78000489498098,True,False,1.2863589730113745,92,False,
"Beta(0.5,0.5)",0.5,0.125,1000000,1,Efficient betting,randomized_markov,0.4990581478008253,0.5008795431405292,0.0018213953397038,1.821395339703824,True,False,0.891176976962015,123,False,
"Beta(0.5,0.5)",0.5,0.125,1000000,1,Gaffke,not_applicable,0.4990583204750453,0.5008805356824741,0.0018222152074288,1.8222152074288125,True,False,0.0007124468684196,0,False,cornish-fisher-moments
"Beta(0.5,0.5)",0.5,0.125,10000000,1,Original STaR,deterministic_markov,0.4995752648722845,0.5001731471647675,0.0005978822924829,1.8906698169289973,True,False,5.0662956279702485,96,False,
"Beta(0.5,0.5)",0.5,0.125,10000000,1,Squared-hinge STaR,deterministic_markov,0.4995674808706278,0.5001742338202695,0.0006067529496416,1.9187212978930004,True,False,13.34323700494133,96,False,
"Beta(0.5,0.5)",0.5,0.125,10000000,1,Efficient betting,deterministic_markov,0.499578834458843,0.500154840346057,0.0005760058872139,1.821490549262172,True,False,8.2612420769874,123,False,
"Beta(0.5,0.5)",0.5,0.125,10000000,1,Original STaR,randomized_markov,0.4995752648722845,0.5001731471647675,0.0005978822924829,1.8906698169289973,True,False,5.176615671953186,96,False,
"Beta(0.5,0.5)",0.5,0.125,10000000,1,Squared-hinge STaR,randomized_markov,0.4995674808706278,0.5001742338202695,0.0006067529496416,1.9187212978930004,True,False,13.194927040021868,96,False,
"Beta(0.5,0.5)",0.5,0.125,10000000,1,Efficient betting,randomized_markov,0.4995788412824254,0.50015479258098,0.0005759512985545,1.8213179247639697,True,False,8.293650459032506,123,False,
"Beta(0.5,0.5)",0.5,0.125,10000000,1,Gaffke,not_applicable,0.499578744389566,0.5001547872428372,0.0005760428532712,1.8216074461992635,True,False,0.0054326539393514,0,False,cornish-fisher-moments
"Beta(0.5,0.5)",0.5,0.125,1000,2,Original STaR,deterministic_markov,0.4610730427269305,0.5209817596853805,0.0599087169584499,1.8944799728705684,True,False,0.0015547799412161,82,False,
"Beta(0.5,0.5)",0.5,0.125,1000,2,Squared-hinge STaR,deterministic_markov,0.4609661543347808,0.5214026327294703,0.0604364783946895,1.911169254867756,True,False,0.00239626201801,82,False,
"Beta(0.5,0.5)",0.5,0.125,1000,2,Efficient betting,deterministic_markov,0.4619342308543873,0.520426162730352,0.0584919318759646,1.8496772947145383,True,False,0.0014942360576242,123,False,
"Beta(0.5,0.5)",0.5,0.125,1000,2,Original STaR,randomized_markov,0.4610908574589555,0.5209817596853805,0.059890902226425,1.893916621579525,True,False,0.0012986159417778,82,False,
"Beta(0.5,0.5)",0.5,0.125,1000,2,Squared-hinge STaR,randomized_markov,0.4609661543347808,0.5214026327294703,0.0604364783946895,1.911169254867756,True,False,0.0022676191292703,82,False,
"Beta(0.5,0.5)",0.5,0.125,1000,2,Efficient betting,randomized_markov,0.4624275618950786,0.520356959348255,0.0579293974531763,1.8318883943319464,True,False,0.0013986648991703,123,False,
"Beta(0.5,0.5)",0.5,0.125,1000,2,Gaffke,not_applicable,0.4618441552613881,0.5205885905450414,0.0587444352836532,1.857662153567038,True,False,0.0169053031131625,0,False,bspline-exact
"Beta(0.5,0.5)",0.5,0.125,10000,2,Original STaR,deterministic_markov,0.49071257622645,0.5090900218020151,0.0183774455755651,1.8377445575565143,True,False,0.0055407390464097,86,False,
"Beta(0.5,0.5)",0.5,0.125,10000,2,Squared-hinge STaR,deterministic_markov,0.4906929294593882,0.5091356303684085,0.0184427009090202,1.844270090902028,True,False,0.0144903559703379,86,False,
"Beta(0.5,0.5)",0.5,0.125,10000,2,Efficient betting,deterministic_markov,0.4897727428982528,0.5081165622763466,0.0183438193780937,1.834381937809376,True,False,0.0096349429804831,123,False,
"Beta(0.5,0.5)",0.5,0.125,10000,2,Original STaR,randomized_markov,0.49071257622645,0.5090900218020151,0.0183774455755651,1.8377445575565143,True,False,0.0056579099036753,86,False,
"Beta(0.5,0.5)",0.5,0.125,10000,2,Squared-hinge STaR,randomized_markov,0.4906929294593882,0.5091356303684085,0.0184427009090202,1.844270090902028,True,False,0.0143330479040741,86,False,
"Beta(0.5,0.5)",0.5,0.125,10000,2,Efficient betting,randomized_markov,0.4898424781263953,0.5080809390173884,0.018238460890993,1.823846089099307,True,False,0.0098771001212298,123,False,
"Beta(0.5,0.5)",0.5,0.125,10000,2,Gaffke,not_applicable,0.4897757070340078,0.5080958833697081,0.0183201763357002,1.832017633570027,True,False,0.000207973876968,0,False,cornish-fisher-moments
"Beta(0.5,0.5)",0.5,0.125,100000,2,Original STaR,deterministic_markov,0.4986496663697706,0.504422660761588,0.0057729943918174,1.825581119752164,True,False,0.0508422160055488,88,False,
"Beta(0.5,0.5)",0.5,0.125,100000,2,Squared-hinge STaR,deterministic_markov,0.4986971460315634,0.5043645314560288,0.0056673854244653,1.792184631935075,True,False,0.1393085399176925,88,False,
"Beta(0.5,0.5)",0.5,0.125,100000,2,Efficient betting,deterministic_markov,0.4985223570465702,0.5042900266165043,0.0057676695699341,1.8238972632235668,True,False,0.085728766163811,123,False,
"Beta(0.5,0.5)",0.5,0.125,100000,2,Original STaR,randomized_markov,0.4986496663697706,0.504422660761588,0.0057729943918174,1.825581119752164,True,False,0.050156980054453,88,False,
"Beta(0.5,0.5)",0.5,0.125,100000,2,Squared-hinge STaR,randomized_markov,0.4986971460315634,0.5043645314560288,0.0056673854244653,1.792184631935075,True,False,0.1407752239610999,88,False,
"Beta(0.5,0.5)",0.5,0.125,100000,2,Efficient betting,randomized_markov,0.4985265213303508,0.5042878420741933,0.0057613207438425,1.8218895881317816,True,False,0.0855754560325294,123,False,
"Beta(0.5,0.5)",0.5,0.125,100000,2,Gaffke,not_applicable,0.498519328486002,0.5042913006421971,0.005771972156195,1.8252578604649583,True,False,0.0002868231385946,0,False,cornish-fisher-moments
"Beta(0.5,0.5)",0.5,0.125,1000000,2,Original STaR,deterministic_markov,0.499599493242143,0.5014942682435457,0.0018947750014026,1.894775001402671,True,False,0.4952837049495429,92,False,
"Beta(0.5,0.5)",0.5,0.125,1000000,2,Squared-hinge STaR,deterministic_markov,0.499588758966762,0.50150991362531,0.001921154658548,1.92115465854803,True,False,1.2849801059346646,92,False,
"Beta(0.5,0.5)",0.5,0.125,1000000,2,Efficient betting,deterministic_markov,0.499593041343592,0.5014167564134001,0.001823715069808,1.823715069808052,True,False,0.8970139459706843,123,False,
"Beta(0.5,0.5)",0.5,0.125,1000000,2,Original STaR,randomized_markov,0.499599493242143,0.5014941279262205,0.0018946346840774,1.8946346840774675,True,False,0.5103658500593156,92,False,
"Beta(0.5,0.5)",0.5,0.125,1000000,2,Squared-hinge STaR,randomized_markov,0.499588758966762,0.5015097733079849,0.0019210143412228,1.9210143412228264,True,False,1.3059517180081457,92,False,
"Beta(0.5,0.5)",0.5,0.125,1000000,2,Efficient betting,randomized_markov,0.4995942070567556,0.5014161303822566,0.001821923325501,1.821923325501018,True,False,0.8440557071007788,123,False,
"Beta(0.5,0.5)",0.5,0.125,1000000,2,Gaffke,not_applicable,0.4995941620886916,0.5014172290049799,0.0018230669162882,1.823066916288252,True,False,0.0007042519282549,0,False,cornish-fisher-moments
"Beta(0.5,0.5)",0.5,0.125,10000000,2,Original STaR,deterministic_markov,0.4997684773332532,0.5003596023818342,0.0005911250485809,1.8693015354934632,True,False,4.989209066843614,96,False,
"Beta(0.5,0.5)",0.5,0.125,10000000,2,Squared-hinge STaR,deterministic_markov,0.4997649731214318,0.500359491489055,0.0005945183676231,1.880032152494436,True,False,13.281426647910848,96,False,
"Beta(0.5,0.5)",0.5,0.125,10000000,2,Efficient betting,deterministic_markov,0.4997604785517904,0.5003365750697311,0.0005760965179406,1.821777148784544,True,False,8.415287085110322,123,False,
"Beta(0.5,0.5)",0.5,0.125,10000000,2,Original STaR,randomized_markov,0.4997684773332532,0.5003596023818342,0.0005911250485809,1.8693015354934632,True,False,4.975954783149064,96,False,
"Beta(0.5,0.5)",0.5,0.125,10000000,2,Squared-hinge STaR,randomized_markov,0.4997649731214318,0.500359491489055,0.0005945183676231,1.880032152494436,True,False,13.297051582019776,96,False,
"Beta(0.5,0.5)",0.5,0.125,10000000,2,Efficient betting,randomized_markov,0.4997605126726455,0.500336540948876,0.0005760282762304,1.821561349548976,True,False,8.347175864968449,123,False,
"Beta(0.5,0.5)",0.5,0.125,10000000,2,Gaffke,not_applicable,0.4997604907587756,0.5003365832923097,0.000576092533534,1.8217645489846188,True,False,0.005239020101726,0,False,cornish-fisher-moments
Bernoulli(0.1),0.1,0.09,1000,0,Original STaR,deterministic_markov,0.0734321099248969,0.1249699785393024,0.0515378686144055,1.6297705057202772,True,False,0.0014318579342216,80,False,
Bernoulli(0.1),0.1,0.09,1000,0,Squared-hinge STaR,deterministic_markov,0.0728971725925385,0.1250758515529984,0.0521786789604599,1.6500347081376017,True,False,0.0022631911560893,80,False,
Bernoulli(0.1),0.1,0.09,1000,0,Efficient betting,deterministic_markov,0.0726634947060342,0.1245181250901615,0.0518546303841273,1.6397873924001447,True,False,0.0014481290709227,123,False,
Bernoulli(0.1),0.1,0.09,1000,0,Original STaR,randomized_markov,0.0735937055773802,0.1249681211180095,0.0513744155406293,1.624601665683394,True,False,0.0011645830236375,80,False,
Bernoulli(0.1),0.1,0.09,1000,0,Squared-hinge STaR,randomized_markov,0.0730680553514863,0.1250758515529984,0.052007796201512,1.644630920826315,True,False,0.0022240369580686,80,False,
Bernoulli(0.1),0.1,0.09,1000,0,Efficient betting,randomized_markov,0.0733733153970482,0.1228727355817643,0.049499420184716,1.5653091064141536,True,False,0.0013723450247198,123,False,
Bernoulli(0.1),0.1,0.09,1000,0,Gaffke,not_applicable,0.0743644467667231,0.1235677540426846,0.0492033072759614,1.5559451940517326,True,False,0.0001715540420264,0,False,beta-exact
Bernoulli(0.1),0.1,0.09,10000,0,Original STaR,deterministic_markov,0.0907127748011629,0.1054918965886587,0.0147791217874958,1.4779121787495897,True,False,0.0055099020246416,84,False,
Bernoulli(0.1),0.1,0.09,10000,0,Squared-hinge STaR,deterministic_markov,0.0907429362741985,0.1055143698430775,0.0147714335688789,1.4771433568878958,True,False,0.0143343631643801,84,False,
Bernoulli(0.1),0.1,0.09,10000,0,Efficient betting,deterministic_markov,0.0912758117107049,0.1064089554939231,0.0151331437832182,1.51331437832182,True,False,0.0099448810797184,123,False,
Bernoulli(0.1),0.1,0.09,10000,0,Original STaR,randomized_markov,0.0907127748011629,0.1054918965886587,0.0147791217874958,1.4779121787495897,True,False,0.0056363709736615,84,False,
Bernoulli(0.1),0.1,0.09,10000,0,Squared-hinge STaR,randomized_markov,0.0907429362741985,0.1055143698430775,0.0147714335688789,1.4771433568878958,True,False,0.014108435017988,84,False,
Bernoulli(0.1),0.1,0.09,10000,0,Efficient betting,randomized_markov,0.0912761756500478,0.1063228838393476,0.0150467081892998,1.5046708189299889,True,False,0.009239044971764,123,False,
Bernoulli(0.1),0.1,0.09,10000,0,Gaffke,not_applicable,0.0910635872536822,0.1065216202895019,0.0154580330358196,1.5458033035819634,True,False,0.0001879960764199,0,False,beta-exact
Bernoulli(0.1),0.1,0.09,100000,0,Original STaR,deterministic_markov,0.09744293752272,0.1025217333934252,0.0050787958707051,1.6060562722486469,True,False,0.0506427278742194,87,False,
Bernoulli(0.1),0.1,0.09,100000,0,Squared-hinge STaR,deterministic_markov,0.0974128264566766,0.10254243475133,0.0051296082946533,1.6221245715596844,True,False,0.1394133830908686,87,False,
Bernoulli(0.1),0.1,0.09,100000,0,Efficient betting,deterministic_markov,0.0975812819470679,0.1024874748175638,0.0049061928704959,1.5514744110846566,True,False,0.0897237979806959,123,False,
Bernoulli(0.1),0.1,0.09,100000,0,Original STaR,randomized_markov,0.09744293752272,0.1025217333934252,0.0050787958707051,1.6060562722486469,True,False,0.0498592159710824,87,False,
Bernoulli(0.1),0.1,0.09,100000,0,Squared-hinge STaR,randomized_markov,0.0974128264566766,0.10254243475133,0.0051296082946533,1.6221245715596844,True,False,0.1357243459206074,87,False,
Bernoulli(0.1),0.1,0.09,100000,0,Efficient betting,randomized_markov,0.0975946582090987,0.1024647178003426,0.0048700595912438,1.5400480649079238,True,False,0.0910539641045034,123,False,
Bernoulli(0.1),0.1,0.09,100000,0,Gaffke,not_applicable,0.0975803299892231,0.1024778292593739,0.0048974992701508,1.548725253268892,True,False,0.0002193551044911,0,False,beta-exact
Bernoulli(0.1),0.1,0.09,1000000,0,Original STaR,deterministic_markov,0.0990907059427882,0.1006504572802367,0.0015597513374484,1.559751337448484,True,False,0.4940737350843847,91,False,
Bernoulli(0.1),0.1,0.09,1000000,0,Squared-hinge STaR,deterministic_markov,0.0990823182639713,0.1006412962693303,0.001558978005359,1.5589780053590074,True,False,1.3166756951250136,91,False,
Bernoulli(0.1),0.1,0.09,1000000,0,Efficient betting,deterministic_markov,0.0991458985167383,0.1006924345697224,0.001546536052984,1.5465360529840626,True,False,0.864604595117271,123,False,
Bernoulli(0.1),0.1,0.09,1000000,0,Original STaR,randomized_markov,0.0990907059427882,0.1006504572802367,0.0015597513374484,1.559751337448484,True,False,0.5034302230924368,91,False,
Bernoulli(0.1),0.1,0.09,1000000,0,Squared-hinge STaR,randomized_markov,0.0990823182639713,0.1006412962693303,0.001558978005359,1.5589780053590074,True,False,1.3203779170289636,91,False,
Bernoulli(0.1),0.1,0.09,1000000,0,Efficient betting,randomized_markov,0.099146612361744,0.1006893046339282,0.0015426922721841,1.5426922721841765,True,False,0.8290068740025163,123,False,
Bernoulli(0.1),0.1,0.09,1000000,0,Gaffke,not_applicable,0.0991449446946766,0.1006908648072885,0.0015459201126118,1.545920112611829,True,False,0.0005368450656533,0,False,beta-exact
Bernoulli(0.1),0.1,0.09,10000000,0,Original STaR,deterministic_markov,0.0997186776495965,0.1002106782499711,0.0004920006003745,1.5558425073538638,True,False,4.989461129996926,95,False,
Bernoulli(0.1),0.1,0.09,10000000,0,Squared-hinge STaR,deterministic_markov,0.0997173227944283,0.1002076674607085,0.0004903446662801,1.5506059839603368,True,False,13.074177544098347,95,False,
Bernoulli(0.1),0.1,0.09,10000000,0,Efficient betting,deterministic_markov,0.0997434305350701,0.1002320990023281,0.0004886684672579,1.5453053772386331,True,False,8.333660956006497,123,False,
Bernoulli(0.1),0.1,0.09,10000000,0,Original STaR,randomized_markov,0.0997186776495965,0.1002106782499711,0.0004920006003745,1.5558425073538638,True,False,5.019134277943522,95,False,
Bernoulli(0.1),0.1,0.09,10000000,0,Squared-hinge STaR,randomized_markov,0.0997173227944283,0.1002076674607085,0.0004903446662801,1.5506059839603368,True,False,13.10822162614204,95,False,
Bernoulli(0.1),0.1,0.09,10000000,0,Efficient betting,randomized_markov,0.0997435231747397,0.1002318789831127,0.000488355808373,1.5443166630315062,True,False,8.317803994985297,123,False,
Bernoulli(0.1),0.1,0.09,10000000,0,Gaffke,not_applicable,0.0997431893902612,0.1002319912580464,0.0004888018677852,1.5457272267457216,True,False,0.00323231308721,0,False,beta-exact
Bernoulli(0.1),0.1,0.09,1000,1,Original STaR,deterministic_markov,0.0667808076787121,0.1158154655066622,0.0490346578279501,1.5506120302332742,True,False,0.0017281279433518,80,False,
Bernoulli(0.1),0.1,0.09,1000,1,Squared-hinge STaR,deterministic_markov,0.0664216121459514,0.1154419736342893,0.0490203614883378,1.5501599402794917,True,False,0.002347219036892,80,False,
Bernoulli(0.1),0.1,0.09,1000,1,Efficient betting,deterministic_markov,0.0658913416646564,0.1163216796472634,0.050430337982607,1.594747311971392,True,False,0.0013052891008555,123,False,
Bernoulli(0.1),0.1,0.09,1000,1,Original STaR,randomized_markov,0.0668505023343223,0.115804743251953,0.0489542409176306,1.5480690242432429,True,False,0.0011875061318278,80,False,
Bernoulli(0.1),0.1,0.09,1000,1,Squared-hinge STaR,randomized_markov,0.0664412696129184,0.1154401865918377,0.0489989169789193,1.5494818053488162,True,False,0.0024621470365673,80,False,
Bernoulli(0.1),0.1,0.09,1000,1,Efficient betting,randomized_markov,0.0669685158685263,0.1152796964332086,0.0483111805646823,1.527733670360557,True,False,0.0013354560360312,123,False,
Bernoulli(0.1),0.1,0.09,1000,1,Gaffke,not_applicable,0.0673137590580371,0.1147006038288749,0.0473868447708377,1.4985036060468708,True,False,0.0001671558711677,0,False,beta-exact
Bernoulli(0.1),0.1,0.09,10000,1,Original STaR,deterministic_markov,0.0923764135225106,0.1086323843057568,0.0162559707832462,1.62559707832462,True,False,0.0054573121014982,84,False,
Bernoulli(0.1),0.1,0.09,10000,1,Squared-hinge STaR,deterministic_markov,0.0922965608855021,0.1088397627958983,0.0165432019103961,1.654320191039618,True,False,0.0140523570589721,84,False,
Bernoulli(0.1),0.1,0.09,10000,1,Efficient betting,deterministic_markov,0.0927655232293112,0.1084131562710305,0.0156476330417193,1.5647633041719318,True,False,0.0090918149799108,123,False,
Bernoulli(0.1),0.1,0.09,10000,1,Original STaR,randomized_markov,0.0923764135225106,0.1086311924753536,0.016254778952843,1.625477895284308,True,False,0.0056116529740393,84,False,
Bernoulli(0.1),0.1,0.09,10000,1,Squared-hinge STaR,randomized_markov,0.0922965608855021,0.1088391668806967,0.0165426059951946,1.654260599519461,True,False,0.0140843070112168,84,False,
Bernoulli(0.1),0.1,0.09,10000,1,Efficient betting,randomized_markov,0.092768090248641,0.1082959901744784,0.0155278999258374,1.5527899925837447,True,False,0.0096465139649808,123,False,
Bernoulli(0.1),0.1,0.09,10000,1,Gaffke,not_applicable,0.0927041813027041,0.1082793692330038,0.0155751879302996,1.5575187930299674,True,False,0.0002028930466622,0,False,beta-exact
Bernoulli(0.1),0.1,0.09,100000,1,Original STaR,deterministic_markov,0.0975524435938553,0.1026368097140254,0.0050843661201701,1.6078177397930895,True,False,0.0518961399793624,87,False,
Bernoulli(0.1),0.1,0.09,100000,1,Squared-hinge STaR,deterministic_markov,0.0975467982708009,0.1026682353456945,0.0051214370748935,1.619540604989394,True,False,0.1410373121034354,87,False,
Bernoulli(0.1),0.1,0.09,100000,1,Efficient betting,deterministic_markov,0.0975621347317652,0.1024911676168171,0.0049290328850519,1.5586970578634984,True,False,0.0936693050898611,123,False,
Bernoulli(0.1),0.1,0.09,100000,1,Original STaR,randomized_markov,0.0975524435938553,0.1026368097140254,0.0050843661201701,1.6078177397930895,True,False,0.0497153459582477,87,False,
Bernoulli(0.1),0.1,0.09,100000,1,Squared-hinge STaR,randomized_markov,0.0975467982708009,0.1026682353456945,0.0051214370748935,1.619540604989394,True,False,0.1342041890602558,87,False,
Bernoulli(0.1),0.1,0.09,100000,1,Efficient betting,randomized_markov,0.0975632927467507,0.1024665597983752,0.0049032670516244,1.5505491859191656,True,False,0.1004308529663831,123,False,
Bernoulli(0.1),0.1,0.09,100000,1,Gaffke,not_applicable,0.0975605481490044,0.1024576130171925,0.004897064868188,1.54858788330665,True,False,0.000208294019103,0,False,beta-exact
Bernoulli(0.1),0.1,0.09,1000000,1,Original STaR,deterministic_markov,0.0991490374440648,0.1007483313871283,0.0015992939430635,1.5992939430635456,True,False,0.5138717680238187,91,False,
Bernoulli(0.1),0.1,0.09,1000000,1,Squared-hinge STaR,deterministic_markov,0.0991420751955405,0.1007598756282712,0.0016178004327306,1.6178004327306594,True,False,1.3175245351158082,91,False,
Bernoulli(0.1),0.1,0.09,1000000,1,Efficient betting,deterministic_markov,0.0992207907160847,0.1007660345404272,0.0015452438243425,1.5452438243425264,True,False,0.864082066109404,123,False,
Bernoulli(0.1),0.1,0.09,1000000,1,Original STaR,randomized_markov,0.0991490374440648,0.1007483313871283,0.0015992939430635,1.5992939430635456,True,False,0.5143717241007835,91,False,
Bernoulli(0.1),0.1,0.09,1000000,1,Squared-hinge STaR,randomized_markov,0.0991420751955405,0.1007598756282712,0.0016178004327306,1.6178004327306594,True,False,1.3070350571069866,91,False,
Bernoulli(0.1),0.1,0.09,1000000,1,Efficient betting,randomized_markov,0.0992208456450671,0.1007637458328256,0.0015429001877584,1.5429001877584336,True,False,0.8685534428805113,123,False,
Bernoulli(0.1),0.1,0.09,1000000,1,Gaffke,not_applicable,0.0992176935511798,0.1007641152545859,0.001546421703406,1.5464217034060757,True,False,0.0007888521067798,0,False,beta-exact
Bernoulli(0.1),0.1,0.09,10000000,1,Original STaR,deterministic_markov,0.0998530953753034,0.1003594327077291,0.0005063373324257,1.6011792348390654,True,False,5.234432259108871,95,False,
Bernoulli(0.1),0.1,0.09,10000000,1,Squared-hinge STaR,deterministic_markov,0.0998499324143512,0.1003599598678877,0.0005100274535365,1.61284842239116,True,False,12.998448204947636,95,False,
Bernoulli(0.1),0.1,0.09,10000000,1,Efficient betting,deterministic_markov,0.0998593539539457,0.1003488250577775,0.0004894711038318,1.5478435369455517,True,False,8.179416106082499,123,False,
Bernoulli(0.1),0.1,0.09,10000000,1,Original STaR,randomized_markov,0.0998530953753034,0.1003594327077291,0.0005063373324257,1.6011792348390654,True,False,4.906304758042097,95,False,
Bernoulli(0.1),0.1,0.09,10000000,1,Squared-hinge STaR,randomized_markov,0.0998499324143512,0.1003599598678877,0.0005100274535365,1.61284842239116,True,False,13.158265996025875,95,False,
Bernoulli(0.1),0.1,0.09,10000000,1,Efficient betting,randomized_markov,0.099859371332852,0.1003485122374636,0.0004891409046116,1.5467993553278805,True,False,8.192035807063803,123,False,
Bernoulli(0.1),0.1,0.09,10000000,1,Gaffke,not_applicable,0.0998592631741204,0.1003483173635563,0.0004890541894358,1.546525137864858,True,False,0.0031384059693664,0,False,beta-exact
Bernoulli(0.1),0.1,0.09,1000,2,Original STaR,deterministic_markov,0.0748009636122546,0.1262091812072706,0.051408217595016,1.6256705804979423,True,False,0.001645472832024,82,False,
Bernoulli(0.1),0.1,0.09,1000,2,Squared-hinge STaR,deterministic_markov,0.0748377677600025,0.1263755359550911,0.0515377681950886,1.629767330182652,True,False,0.0023841299116611,82,False,
Bernoulli(0.1),0.1,0.09,1000,2,Efficient betting,deterministic_markov,0.0687425054524985,0.1225354478008403,0.0537929423483417,1.701082198628866,True,False,0.0012816539965569,123,False,
Bernoulli(0.1),0.1,0.09,1000,2,Original STaR,randomized_markov,0.0748009636122546,0.1262077090413607,0.0514067454291061,1.625624026524252,True,False,0.0015823328867554,82,False,
Bernoulli(0.1),0.1,0.09,1000,2,Squared-hinge STaR,randomized_markov,0.0748377677600025,0.1263755359550911,0.0515377681950886,1.629767330182652,True,False,0.0024113110266625,82,False,
Bernoulli(0.1),0.1,0.09,1000,2,Efficient betting,randomized_markov,0.0710968384730493,0.1221198440401177,0.0510230055670684,1.6134891065938737,True,False,0.001464920816943,123,False,
Bernoulli(0.1),0.1,0.09,1000,2,Gaffke,not_applicable,0.0725968468040245,0.1213558303831692,0.0487589835791447,1.541894445048462,True,False,0.0001606030855327,0,False,beta-exact
Bernoulli(0.1),0.1,0.09,10000,2,Original STaR,deterministic_markov,0.0969426766234878,0.1134039533870492,0.0164612767635614,1.6461276763561434,True,False,0.0053199229296296,84,False,
Bernoulli(0.1),0.1,0.09,10000,2,Squared-hinge STaR,deterministic_markov,0.0968368632518502,0.1134489544761365,0.0166120912242863,1.6612091224286365,True,False,0.014007044956088,84,False,
Bernoulli(0.1),0.1,0.09,10000,2,Efficient betting,deterministic_markov,0.0972082625728568,0.1132902110293406,0.0160819484564837,1.6081948456483752,True,False,0.0090435361489653,123,False,
Bernoulli(0.1),0.1,0.09,10000,2,Original STaR,randomized_markov,0.0969426766234878,0.1134039533870492,0.0164612767635614,1.6461276763561434,True,False,0.0056503179948776,84,False,
Bernoulli(0.1),0.1,0.09,10000,2,Squared-hinge STaR,randomized_markov,0.0968368632518502,0.1134489544761365,0.0166120912242863,1.6612091224286365,True,False,0.0141653441824018,84,False,
Bernoulli(0.1),0.1,0.09,10000,2,Efficient betting,randomized_markov,0.0972479308925513,0.1130894369395666,0.0158415060470153,1.584150604701534,True,False,0.0095787090249359,123,False,
Bernoulli(0.1),0.1,0.09,10000,2,Gaffke,not_applicable,0.0972434673736499,0.1131355065371927,0.0158920391635427,1.589203916354276,True,False,0.0001785478089004,0,False,beta-exact
Bernoulli(0.1),0.1,0.09,100000,2,Original STaR,deterministic_markov,0.0957041240538611,0.1007290747180292,0.005024950664168,1.58902892287469,True,False,0.0494685119483619,87,False,
Bernoulli(0.1),0.1,0.09,100000,2,Squared-hinge STaR,deterministic_markov,0.0956514852690433,0.1007318746533918,0.0050803893843485,1.6065601855081988,True,False,0.1334017748013138,87,False,
Bernoulli(0.1),0.1,0.09,100000,2,Efficient betting,deterministic_markov,0.0957598571262207,0.1006416808381073,0.0048818237118865,1.543768206497918,True,False,0.1011716509237885,123,False,
Bernoulli(0.1),0.1,0.09,100000,2,Original STaR,randomized_markov,0.0957041240538611,0.1007290747180292,0.005024950664168,1.58902892287469,True,False,0.0503440268803387,87,False,
Bernoulli(0.1),0.1,0.09,100000,2,Squared-hinge STaR,randomized_markov,0.0956514852690433,0.1007318746533918,0.0050803893843485,1.6065601855081988,True,False,0.1361495330929756,87,False,
Bernoulli(0.1),0.1,0.09,100000,2,Efficient betting,randomized_markov,0.0957599719953638,0.1006234166443571,0.0048634446489932,1.5379562364976909,True,False,0.0823589649517089,123,False,
Bernoulli(0.1),0.1,0.09,100000,2,Gaffke,not_applicable,0.0957803070713268,0.1006380266954395,0.0048577196241126,1.5361458246693094,True,False,0.0002862219698727,0,False,beta-exact
Bernoulli(0.1),0.1,0.09,1000000,2,Original STaR,deterministic_markov,0.0993279397020281,0.1009132862611181,0.00158534655909,1.5853465590900118,True,False,0.5194027929101139,91,False,
Bernoulli(0.1),0.1,0.09,1000000,2,Squared-hinge STaR,deterministic_markov,0.0993287137388818,0.1009246586487387,0.0015959449098568,1.5959449098568723,True,False,1.3070626079570502,91,False,
Bernoulli(0.1),0.1,0.09,1000000,2,Efficient betting,deterministic_markov,0.0993481997731677,0.1008962918010834,0.0015480920279156,1.548092027915643,True,False,0.8517059709411114,123,False,
Bernoulli(0.1),0.1,0.09,1000000,2,Original STaR,randomized_markov,0.0993279397020281,0.1009132862611181,0.00158534655909,1.5853465590900118,True,False,0.5126639469526708,91,False,
Bernoulli(0.1),0.1,0.09,1000000,2,Squared-hinge STaR,randomized_markov,0.0993287137388818,0.1009246586487387,0.0015959449098568,1.5959449098568723,True,False,1.2975101901683956,91,False,
Bernoulli(0.1),0.1,0.09,1000000,2,Efficient betting,randomized_markov,0.0993483096955611,0.1008943131980016,0.0015460035024404,1.5460035024404128,True,False,0.8724688249640167,123,False,
Bernoulli(0.1),0.1,0.09,1000000,2,Gaffke,not_applicable,0.0993492397513485,0.100896567795536,0.0015473280441874,1.5473280441874595,True,False,0.0007818490266799,0,False,beta-exact
Bernoulli(0.1),0.1,0.09,10000000,2,Original STaR,deterministic_markov,0.0996740789838488,0.1001799867622838,0.000505907778435,1.5998208658506243,True,False,5.013844002969563,95,False,
Bernoulli(0.1),0.1,0.09,10000000,2,Squared-hinge STaR,deterministic_markov,0.0996720659634222,0.1001822255420107,0.0005101595785884,1.6132662384913052,True,False,13.103763566119596,95,False,
Bernoulli(0.1),0.1,0.09,10000000,2,Efficient betting,deterministic_markov,0.0996935702603521,0.1001822696808482,0.000488699420496,1.545403259972023,True,False,8.317549568135291,123,False,
Bernoulli(0.1),0.1,0.09,10000000,2,Original STaR,randomized_markov,0.0996740789838488,0.1001799867622838,0.000505907778435,1.5998208658506243,True,False,5.018105522962287,95,False,
Bernoulli(0.1),0.1,0.09,10000000,2,Squared-hinge STaR,randomized_markov,0.0996720659634222,0.1001822255420107,0.0005101595785884,1.6132662384913052,True,False,13.161961433012038,95,False,
Bernoulli(0.1),0.1,0.09,10000000,2,Efficient betting,randomized_markov,0.0996936397247521,0.100181980245848,0.0004883405210958,1.5442683204163503,True,False,8.297201092122123,123,False,
Bernoulli(0.1),0.1,0.09,10000000,2,Gaffke,not_applicable,0.0996935434053586,0.1001822372902669,0.0004886938849083,1.5453857549064511,True,False,0.0041528849396854,0,False,beta-exact
"Beta(50,50)",0.5,0.0024752475247524,1000,0,Original STaR,deterministic_markov,0.4937772971922789,0.5041810878236774,0.0104037906313985,0.3289967469474059,True,False,0.0015790569595992,89,False,
"Beta(50,50)",0.5,0.0024752475247524,1000,0,Squared-hinge STaR,deterministic_markov,0.4937036458061749,0.5041951792878554,0.0104915334816804,0.3317714195002673,True,False,0.0024716351181268,89,False,
"Beta(50,50)",0.5,0.0024752475247524,1000,0,Efficient betting,deterministic_markov,0.4944865820086922,0.5041277450075707,0.0096411629988785,0.3048803436939551,True,False,0.0014473469927906,123,False,
"Beta(50,50)",0.5,0.0024752475247524,1000,0,Original STaR,randomized_markov,0.4942797988048689,0.5038234777772026,0.0095436789723336,0.3017976281002944,True,False,0.0011993879452347,88,False,
"Beta(50,50)",0.5,0.0024752475247524,1000,0,Squared-hinge STaR,randomized_markov,0.4942224935172113,0.5038125177495085,0.0095900242322971,0.3032631939026671,True,False,0.0022436529397964,88,False,
"Beta(50,50)",0.5,0.0024752475247524,1000,0,Efficient betting,randomized_markov,0.4949904060509973,0.5038128670251166,0.0088224609741193,0.2789907124616487,True,False,0.0013968020211905,123,False,
"Beta(50,50)",0.5,0.0024752475247524,1000,0,Gaffke,not_applicable,0.4944294716632196,0.5041652117028101,0.0097357400395905,0.3078711323240399,True,False,0.0210384421516209,0,False,bspline-exact
"Beta(50,50)",0.5,0.0024752475247524,10000,0,Original STaR,deterministic_markov,0.4993573060473602,0.5020759132250547,0.0027186071776945,0.271860717769451,True,False,0.0057765860110521,90,False,
"Beta(50,50)",0.5,0.0024752475247524,10000,0,Squared-hinge STaR,deterministic_markov,0.4993568101321509,0.5020863274444511,0.0027295173123002,0.2729517312300256,True,False,0.0144409828353673,90,False,
"Beta(50,50)",0.5,0.0024752475247524,10000,0,Efficient betting,deterministic_markov,0.4992462172257319,0.501893824604376,0.0026476073786441,0.2647607378644112,True,False,0.0105408569797873,123,False,
"Beta(50,50)",0.5,0.0024752475247524,10000,0,Original STaR,randomized_markov,0.4993681169989242,0.5020397114147717,0.0026715944158474,0.2671594415847467,True,False,0.0059025341179221,90,False,
"Beta(50,50)",0.5,0.0024752475247524,10000,0,Squared-hinge STaR,randomized_markov,0.4993590913421139,0.5020469517768282,0.0026878604347143,0.2687860434714306,True,False,0.0145813389681279,90,False,
"Beta(50,50)",0.5,0.0024752475247524,10000,0,Efficient betting,randomized_markov,0.4993066425866259,0.5018206427784044,0.0025140001917785,0.2514000191778553,True,False,0.0110024390742182,123,False,
"Beta(50,50)",0.5,0.0024752475247524,10000,0,Gaffke,not_applicable,0.4992269090209382,0.5019172985889463,0.0026903895680081,0.26903895680081,True,False,0.0002086949534714,0,False,cornish-fisher-moments
"Beta(50,50)",0.5,0.0024752475247524,100000,0,Original STaR,deterministic_markov,0.4998204626427601,0.5006403962094987,0.0008199335667386,0.2592857600919815,True,False,0.053151458967477,94,False,
"Beta(50,50)",0.5,0.0024752475247524,100000,0,Squared-hinge STaR,deterministic_markov,0.4998203377052618,0.5006365856158017,0.0008162479105399,0.2581202532659486,True,False,0.1376792420633137,94,False,
"Beta(50,50)",0.5,0.0024752475247524,100000,0,Efficient betting,deterministic_markov,0.4998635432545416,0.500680720988386,0.0008171777338443,0.2584142892123093,True,False,0.09875104483217,123,False,
"Beta(50,50)",0.5,0.0024752475247524,100000,0,Original STaR,randomized_markov,0.4998207125177566,0.5006403962094987,0.0008196836917421,0.2592067426800462,True,False,0.0510584900621324,94,False,
"Beta(50,50)",0.5,0.0024752475247524,100000,0,Squared-hinge STaR,randomized_markov,0.4998205563458838,0.5006365856158017,0.0008160292699179,0.2580511130304942,True,False,0.1367793700192123,94,False,
"Beta(50,50)",0.5,0.0024752475247524,100000,0,Efficient betting,randomized_markov,0.4998640141728043,0.5006749834740425,0.0008109693012381,0.2564510104387732,True,False,0.0908760700840503,123,False,
"Beta(50,50)",0.5,0.0024752475247524,100000,0,Gaffke,not_applicable,0.4998621465785065,0.500683743693663,0.0008215971151564,0.259811820291802,True,False,0.0002311270218342,0,False,cornish-fisher-moments
"Beta(50,50)",0.5,0.0024752475247524,1000000,0,Original STaR,deterministic_markov,0.4999392403719669,0.5001801873575586,0.0002409469855916,0.2409469855916834,True,False,0.5273465048521757,98,False,
"Beta(50,50)",0.5,0.0024752475247524,1000000,0,Squared-hinge STaR,deterministic_markov,0.4999546922780463,0.5001800194020578,0.0002253271240114,0.2253271240114651,True,False,1.3552901491057128,98,False,
"Beta(50,50)",0.5,0.0024752475247524,1000000,0,Efficient betting,deterministic_markov,0.4999131742102186,0.5001703118021019,0.0002571375918832,0.257137591883283,True,False,0.841323170112446,123,False,
"Beta(50,50)",0.5,0.0024752475247524,1000000,0,Original STaR,randomized_markov,0.4999392403719669,0.5001801873575586,0.0002409469855916,0.2409469855916834,True,False,0.5182488688733429,98,False,
"Beta(50,50)",0.5,0.0024752475247524,1000000,0,Squared-hinge STaR,randomized_markov,0.4999546922780463,0.5001800194020578,0.0002253271240114,0.2253271240114651,True,False,1.3428732950706035,98,False,
"Beta(50,50)",0.5,0.0024752475247524,1000000,0,Efficient betting,randomized_markov,0.499913551160121,0.500170254043649,0.0002567028835279,0.2567028835279705,True,False,0.8399314780253917,123,False,
"Beta(50,50)",0.5,0.0024752475247524,1000000,0,Gaffke,not_applicable,0.4999132454972482,0.5001708419617016,0.0002575964644533,0.2575964644533912,True,False,0.0010642330162227,0,False,cornish-fisher-moments
"Beta(50,50)",0.5,0.0024752475247524,10000000,0,Original STaR,deterministic_markov,0.4999545461652055,0.5000380329560977,8.348679089220656e-05,0.2640084137575737,True,False,5.2548777759075165,100,False,
"Beta(50,50)",0.5,0.0024752475247524,10000000,0,Squared-hinge STaR,deterministic_markov,0.4999541372375702,0.5000381921569328,8.405491936258613e-05,0.2658049937275606,True,False,13.428762543015182,100,False,
"Beta(50,50)",0.5,0.0024752475247524,10000000,0,Efficient betting,deterministic_markov,0.4999586732607617,0.5000398066166838,8.11333559220806e-05,0.2565661989268853,True,False,8.422734378837049,123,False,
"Beta(50,50)",0.5,0.0024752475247524,10000000,0,Original STaR,randomized_markov,0.4999545461652055,0.5000380329560977,8.348679089220656e-05,0.2640084137575737,True,False,5.379112041089684,100,False,
"Beta(50,50)",0.5,0.0024752475247524,10000000,0,Squared-hinge STaR,randomized_markov,0.4999541372375702,0.5000381921569328,8.405491936258613e-05,0.2658049937275606,True,False,13.500728050945328,100,False,
"Beta(50,50)",0.5,0.0024752475247524,10000000,0,Efficient betting,randomized_markov,0.4999586732607617,0.5000397768415653,8.11035808035987e-05,0.2564720417348812,True,False,8.259406788973138,123,False,
"Beta(50,50)",0.5,0.0024752475247524,10000000,0,Gaffke,not_applicable,0.499958648150989,0.5000398183000336,8.117014904462927e-05,0.2566825489963689,True,False,0.0053341288585215,0,False,cornish-fisher-moments
"Beta(50,50)",0.5,0.0024752475247524,1000,1,Original STaR,deterministic_markov,0.4966841842248615,0.5071846618060635,0.0105004775812019,0.3320542567613393,True,False,0.0015270879957824,89,False,
"Beta(50,50)",0.5,0.0024752475247524,1000,1,Squared-hinge STaR,deterministic_markov,0.4966460050016271,0.5072621198141611,0.0106161148125339,0.3357110270945887,True,False,0.0024198871105909,89,False,
"Beta(50,50)",0.5,0.0024752475247524,1000,1,Efficient betting,deterministic_markov,0.4961994020694121,0.5056848597439052,0.009485457674493,0.2999565090052207,True,False,0.0014115499798208,123,False,
"Beta(50,50)",0.5,0.0024752475247524,1000,1,Original STaR,randomized_markov,0.4972031162270623,0.5069056174992885,0.0097025012722261,0.3068200302091606,True,False,0.0014171700458973,89,False,
"Beta(50,50)",0.5,0.0024752475247524,1000,1,Squared-hinge STaR,randomized_markov,0.4971985347202743,0.506953998210971,0.0097554634906966,0.3084948426121831,True,False,0.0023372201249003,89,False,
"Beta(50,50)",0.5,0.0024752475247524,1000,1,Efficient betting,randomized_markov,0.4965307742321794,0.5055008476353691,0.0089700734031896,0.2836586273297724,True,False,0.0014041049871593,123,False,
"Beta(50,50)",0.5,0.0024752475247524,1000,1,Gaffke,not_applicable,0.4963839235226405,0.5059411537879607,0.0095572302653201,0.3022261576110712,True,False,0.0205681228544563,0,False,bspline-exact
"Beta(50,50)",0.5,0.0024752475247524,10000,1,Original STaR,deterministic_markov,0.4993675112910573,0.5021490713735807,0.0027815600825233,0.2781560082523393,True,False,0.0056875380687415,90,False,
"Beta(50,50)",0.5,0.0024752475247524,10000,1,Squared-hinge STaR,deterministic_markov,0.4993344010104318,0.5021593503860734,0.0028249493756415,0.2824949375641594,True,False,0.0146191611420363,90,False,
"Beta(50,50)",0.5,0.0024752475247524,10000,1,Efficient betting,deterministic_markov,0.4994353778628149,0.5021168924383916,0.0026815145755767,0.2681514575576749,True,False,0.0094396739732474,123,False,
"Beta(50,50)",0.5,0.0024752475247524,10000,1,Original STaR,randomized_markov,0.4993916274357518,0.5021490713735807,0.0027574439378288,0.275744393782884,True,False,0.0056083479430526,90,False,
"Beta(50,50)",0.5,0.0024752475247524,10000,1,Squared-hinge STaR,randomized_markov,0.4993637554980311,0.5021593503860734,0.0027955948880422,0.2795594888042263,True,False,0.0146038820967078,90,False,
"Beta(50,50)",0.5,0.0024752475247524,10000,1,Efficient betting,randomized_markov,0.4994583992014449,0.5020704240032174,0.0026120248017724,0.2612024801772472,True,False,0.0098270471207797,123,False,
"Beta(50,50)",0.5,0.0024752475247524,10000,1,Gaffke,not_applicable,0.4994294749346316,0.5021109597118251,0.0026814847771934,0.2681484777193488,True,False,0.00020661088638,0,False,cornish-fisher-moments
"Beta(50,50)",0.5,0.0024752475247524,100000,1,Original STaR,deterministic_markov,0.4993807024705972,0.5002196549339706,0.0008389524633733,0.2653000632868931,True,False,0.0513518871739506,94,False,
"Beta(50,50)",0.5,0.0024752475247524,100000,1,Squared-hinge STaR,deterministic_markov,0.4993743266444029,0.50022037377712,0.000846047132717,0.2675435947240721,True,False,0.1407426230143755,94,False,
"Beta(50,50)",0.5,0.0024752475247524,100000,1,Efficient betting,deterministic_markov,0.4994063368019676,0.5002257795256861,0.0008194427237184,0.2591305419002471,True,False,0.0922576279845088,123,False,
"Beta(50,50)",0.5,0.0024752475247524,100000,1,Original STaR,randomized_markov,0.499380858740847,0.5002196549339706,0.0008387961931235,0.2652506462948876,True,False,0.0507796159945428,94,False,
"Beta(50,50)",0.5,0.0024752475247524,100000,1,Squared-hinge STaR,randomized_markov,0.4993743266444029,0.50022037377712,0.000846047132717,0.2675435947240721,True,False,0.1423971829935908,94,False,
"Beta(50,50)",0.5,0.0024752475247524,100000,1,Efficient betting,randomized_markov,0.4994109912512556,0.5002255294932865,0.0008145382420308,0.2575796086126873,True,False,0.0945602329447865,123,False,
"Beta(50,50)",0.5,0.0024752475247524,100000,1,Gaffke,not_applicable,0.4994077783178188,0.5002298861516181,0.0008221078337993,0.259973323707302,True,False,0.0002368979621678,0,False,cornish-fisher-moments
"Beta(50,50)",0.5,0.0024752475247524,1000000,1,Original STaR,deterministic_markov,0.4998469979471144,0.5001150749276483,0.0002680769805338,0.2680769805338823,True,False,0.5308576030656695,98,False,
"Beta(50,50)",0.5,0.0024752475247524,1000000,1,Squared-hinge STaR,deterministic_markov,0.4998456847638648,0.5001176617999145,0.0002719770360496,0.2719770360496421,True,False,1.3168590490240604,98,False,
"Beta(50,50)",0.5,0.0024752475247524,1000000,1,Efficient betting,deterministic_markov,0.4998603587702122,0.5001172262240943,0.000256867453882,0.256867453882037,True,False,0.8985105780884624,123,False,
"Beta(50,50)",0.5,0.0024752475247524,1000000,1,Original STaR,randomized_markov,0.4998469979471144,0.5001150749276483,0.0002680769805338,0.2680769805338823,True,False,0.5206730498466641,98,False,
"Beta(50,50)",0.5,0.0024752475247524,1000000,1,Squared-hinge STaR,randomized_markov,0.4998456847638648,0.5001176617999145,0.0002719770360496,0.2719770360496421,True,False,1.3321850169450045,98,False,
"Beta(50,50)",0.5,0.0024752475247524,1000000,1,Efficient betting,randomized_markov,0.4998604772529114,0.5001171259695025,0.0002566487165911,0.2566487165911457,True,False,0.8469600540120155,123,False,
"Beta(50,50)",0.5,0.0024752475247524,1000000,1,Gaffke,not_applicable,0.499860177769458,0.5001176138177584,0.0002574360483003,0.2574360483003635,True,False,0.0007390878163278,0,False,cornish-fisher-moments
"Beta(50,50)",0.5,0.0024752475247524,10000000,1,Original STaR,deterministic_markov,0.4999503233202857,0.5000352799080368,8.495658775098391e-05,0.268656319529071,True,False,5.337325926870108,100,False,
"Beta(50,50)",0.5,0.0024752475247524,10000000,1,Squared-hinge STaR,deterministic_markov,0.4999497709854452,0.500035869689307,8.609870386178109e-05,0.2722680077915633,True,False,13.144809541059658,100,False,
"Beta(50,50)",0.5,0.0024752475247524,10000000,1,Efficient betting,deterministic_markov,0.4999522826567201,0.5000333801018243,8.109744510420569e-05,0.2564526389497611,True,False,8.164205444045365,123,False,
"Beta(50,50)",0.5,0.0024752475247524,10000000,1,Original STaR,randomized_markov,0.4999503233202857,0.5000352799080368,8.495658775098391e-05,0.268656319529071,True,False,5.365670644911006,100,False,
"Beta(50,50)",0.5,0.0024752475247524,10000000,1,Squared-hinge STaR,randomized_markov,0.4999497709854452,0.500035869689307,8.609870386178109e-05,0.2722680077915633,True,False,13.07841481291689,100,False,
"Beta(50,50)",0.5,0.0024752475247524,10000000,1,Efficient betting,randomized_markov,0.4999522855372147,0.5000333695400108,8.108400279605021e-05,0.25641013063898,True,False,8.205003616167232,123,False,
"Beta(50,50)",0.5,0.0024752475247524,10000000,1,Gaffke,not_applicable,0.499952261362121,0.500033404263329,8.114290120792012e-05,0.2565963837710556,True,False,0.0053496190812438,0,False,cornish-fisher-moments
"Beta(50,50)",0.5,0.0024752475247524,1000,2,Original STaR,deterministic_markov,0.4929861596619845,0.5034290794638204,0.0104429198018359,0.3302341199627575,True,False,0.0016821210738271,89,False,
"Beta(50,50)",0.5,0.0024752475247524,1000,2,Squared-hinge STaR,deterministic_markov,0.4929418846750138,0.5034743032005119,0.010532418525498,0.3330643181072615,True,False,0.0023933670017868,89,False,
"Beta(50,50)",0.5,0.0024752475247524,1000,2,Efficient betting,deterministic_markov,0.4936486496977947,0.5030446777019429,0.0093960280041481,0.2971284945183428,True,False,0.001443349989131,123,False,
"Beta(50,50)",0.5,0.0024752475247524,1000,2,Original STaR,randomized_markov,0.4952385231241543,0.5033569744850396,0.0081184513608852,0.2567279737369113,True,False,0.0013951591681689,88,False,
"Beta(50,50)",0.5,0.0024752475247524,1000,2,Squared-hinge STaR,randomized_markov,0.4952321981260156,0.5034173782172638,0.0081851800912482,0.258838121470093,True,False,0.0022472909186035,88,False,
"Beta(50,50)",0.5,0.0024752475247524,1000,2,Efficient betting,randomized_markov,0.4954113780252093,0.5028485054519807,0.0074371274267713,0.2351826191750469,True,False,0.0013159390073269,123,False,
"Beta(50,50)",0.5,0.0024752475247524,1000,2,Gaffke,not_applicable,0.4934741457939876,0.5032848152458405,0.0098106694518528,0.3102406083889072,True,False,0.0160986790433526,0,False,bspline-exact
"Beta(50,50)",0.5,0.0024752475247524,10000,2,Original STaR,deterministic_markov,0.4985780697582874,0.5012162952480064,0.0026382254897189,0.2638225489718926,True,False,0.0054588050115853,90,False,
"Beta(50,50)",0.5,0.0024752475247524,10000,2,Squared-hinge STaR,deterministic_markov,0.4986123708294383,0.5012301930958001,0.0026178222663617,0.2617822266361758,True,False,0.014274891000241,90,False,
"Beta(50,50)",0.5,0.0024752475247524,10000,2,Efficient betting,deterministic_markov,0.4984176834389709,0.501059593791771,0.0026419103528,0.2641910352800036,True,False,0.009844240033999,123,False,
"Beta(50,50)",0.5,0.0024752475247524,10000,2,Original STaR,randomized_markov,0.4985780697582874,0.5012156052839316,0.0026375355256441,0.2637535525644163,True,False,0.0059487409889698,90,False,
"Beta(50,50)",0.5,0.0024752475247524,10000,2,Squared-hinge STaR,randomized_markov,0.4986123708294383,0.501229700264318,0.0026173294348796,0.2617329434879689,True,False,0.0143297428730875,90,False,
"Beta(50,50)",0.5,0.0024752475247524,10000,2,Efficient betting,randomized_markov,0.498418138360339,0.50105704623211,0.002638907871771,0.2638907871771012,True,False,0.010512142907828,123,False,
"Beta(50,50)",0.5,0.0024752475247524,10000,2,Gaffke,not_applicable,0.4983842647443379,0.5010587600840793,0.0026744953397414,0.2674495339741456,True,False,0.0002114300150424,0,False,cornish-fisher-moments
"Beta(50,50)",0.5,0.0024752475247524,100000,2,Original STaR,deterministic_markov,0.499461391718337,0.5003117623804677,0.0008503706621306,0.268910814771842,True,False,0.0540370380040258,94,False,
"Beta(50,50)",0.5,0.0024752475247524,100000,2,Squared-hinge STaR,deterministic_markov,0.4994553416996905,0.5003150992464223,0.0008597575467317,0.2718792083190928,True,False,0.1372584269847721,94,False,
"Beta(50,50)",0.5,0.0024752475247524,100000,2,Efficient betting,deterministic_markov,0.4994702736350851,0.5002849870897765,0.0008147134546914,0.2576350157209274,True,False,0.0845173299312591,123,False,
"Beta(50,50)",0.5,0.0024752475247524,100000,2,Original STaR,randomized_markov,0.499461391718337,0.5003116064521521,0.000850214733815,0.2688615059089433,True,False,0.0510335669387131,94,False,
"Beta(50,50)",0.5,0.0024752475247524,100000,2,Squared-hinge STaR,randomized_markov,0.4994553416996905,0.5003150992464223,0.0008597575467317,0.2718792083190928,True,False,0.1397690160665661,94,False,
"Beta(50,50)",0.5,0.0024752475247524,100000,2,Efficient betting,randomized_markov,0.4994702928262624,0.500281945288173,0.0008116524619106,0.256667044812061,True,False,0.0834586869459599,123,False,
"Beta(50,50)",0.5,0.0024752475247524,100000,2,Gaffke,not_applicable,0.4994653211326086,0.500285653874369,0.0008203327417603,0.2594119903173446,True,False,0.000280390959233,0,False,cornish-fisher-moments
"Beta(50,50)",0.5,0.0024752475247524,1000000,2,Original STaR,deterministic_markov,0.4998907607382064,0.500154161714904,0.0002634009766976,0.2634009766976364,True,False,0.5235683610662818,98,False,
"Beta(50,50)",0.5,0.0024752475247524,1000000,2,Squared-hinge STaR,deterministic_markov,0.4998897539971105,0.5001546650854518,0.0002649110883412,0.2649110883412575,True,False,1.331560636172071,98,False,
"Beta(50,50)",0.5,0.0024752475247524,1000000,2,Efficient betting,deterministic_markov,0.4998952633611841,0.5001521448161702,0.000256881454986,0.2568814549860909,True,False,0.8666942259296775,123,False,
"Beta(50,50)",0.5,0.0024752475247524,1000000,2,Original STaR,randomized_markov,0.4998907607382064,0.500154161714904,0.0002634009766976,0.2634009766976364,True,False,0.5221981189679354,98,False,
"Beta(50,50)",0.5,0.0024752475247524,1000000,2,Squared-hinge STaR,randomized_markov,0.4998897539971105,0.5001546650854518,0.0002649110883412,0.2649110883412575,True,False,1.3220030588563532,98,False,
"Beta(50,50)",0.5,0.0024752475247524,1000000,2,Efficient betting,randomized_markov,0.4998956976416568,0.5001521265946118,0.000256428952955,0.2564289529550234,True,False,0.8552848950494081,123,False,
"Beta(50,50)",0.5,0.0024752475247524,1000000,2,Gaffke,not_applicable,0.4998949247230639,0.500152268642442,0.000257343919378,0.2573439193780946,True,False,0.0006912581156939,0,False,cornish-fisher-moments
"Beta(50,50)",0.5,0.0024752475247524,10000000,2,Original STaR,deterministic_markov,0.4999662251762444,0.5000509470324568,8.472185621233308e-05,0.2679140332282585,True,False,5.285311774117872,100,False,
"Beta(50,50)",0.5,0.0024752475247524,10000000,2,Squared-hinge STaR,deterministic_markov,0.4999656073151937,0.5000515399294246,8.593261423095466e-05,0.2717427862624153,True,False,13.106618758989498,100,False,
"Beta(50,50)",0.5,0.0024752475247524,10000000,2,Efficient betting,deterministic_markov,0.4999681439300556,0.5000492464743315,8.110254427584618e-05,0.2564687639463252,True,False,8.288429501000792,123,False,
"Beta(50,50)",0.5,0.0024752475247524,10000000,2,Original STaR,randomized_markov,0.4999662251762444,0.5000509470324568,8.472185621233308e-05,0.2679140332282585,True,False,5.303341872990131,100,False,
"Beta(50,50)",0.5,0.0024752475247524,10000000,2,Squared-hinge STaR,randomized_markov,0.4999656073151937,0.5000515399294246,8.593261423095466e-05,0.2717427862624153,True,False,13.069633837090803,100,False,
"Beta(50,50)",0.5,0.0024752475247524,10000000,2,Efficient betting,randomized_markov,0.4999681458503696,0.5000492263110338,8.10804606641291e-05,0.2563989294343365,True,False,8.249287034152076,123,False,
"Beta(50,50)",0.5,0.0024752475247524,10000000,2,Gaffke,not_applicable,0.4999680852028214,0.5000492274427244,8.114223990302039e-05,0.2565942925413446,True,False,0.0057972050271928,0,False,cornish-fisher-moments
"Beta(20,80)",0.2,0.0015841584158415,1000,0,Original STaR,deterministic_markov,0.1961364603660573,0.2055221845037854,0.009385724137728,0.2968026576524057,True,False,0.0014599920250475,89,False,
"Beta(20,80)",0.2,0.0015841584158415,1000,0,Squared-hinge STaR,deterministic_markov,0.1961712895165384,0.2055304627366534,0.0093591732201149,0.2959630439161558,True,False,0.0027433589566498,89,False,
"Beta(20,80)",0.2,0.0015841584158415,1000,0,Efficient betting,deterministic_markov,0.1957568051529953,0.2048869893279544,0.009130184174959,0.288721774496959,True,False,0.0015747281722724,124,False,
"Beta(20,80)",0.2,0.0015841584158415,1000,0,Original STaR,randomized_markov,0.1961397413729867,0.2043060919046682,0.0081663505316815,0.2582426785144073,True,False,0.0014164689928293,89,False,
"Beta(20,80)",0.2,0.0015841584158415,1000,0,Squared-hinge STaR,randomized_markov,0.1961712895165384,0.2043129567807051,0.0081416672641666,0.2574621250599832,True,False,0.0024376099463552,89,False,
"Beta(20,80)",0.2,0.0015841584158415,1000,0,Efficient betting,randomized_markov,0.1958825317853898,0.2038384105761121,0.0079558787907223,0.2515869776690861,True,False,0.0014165400061756,123,False,
"Beta(20,80)",0.2,0.0015841584158415,1000,0,Gaffke,not_applicable,0.1960033802492519,0.2047490894721295,0.0087457092228775,0.2765636089783411,True,False,0.0181381669826805,0,False,bspline-exact
"Beta(20,80)",0.2,0.0015841584158415,10000,0,Original STaR,deterministic_markov,0.1982630138157323,0.2005075779183269,0.0022445641025946,0.2244564102594659,True,False,0.0056455580051988,90,False,
"Beta(20,80)",0.2,0.0015841584158415,10000,0,Squared-hinge STaR,deterministic_markov,0.1982415358710338,0.2005212096765857,0.0022796738055518,0.2279673805551829,True,False,0.0142871239222586,90,False,
"Beta(20,80)",0.2,0.0015841584158415,10000,0,Efficient betting,deterministic_markov,0.1982738808144336,0.2004370872184759,0.0021632064040423,0.2163206404042328,True,False,0.010360135929659,123,False,
"Beta(20,80)",0.2,0.0015841584158415,10000,0,Original STaR,randomized_markov,0.1982630138157323,0.2003444723456727,0.0020814585299404,0.2081458529940461,True,False,0.0057203890755772,90,False,
"Beta(20,80)",0.2,0.0015841584158415,10000,0,Squared-hinge STaR,randomized_markov,0.1982415358710338,0.2003450271265321,0.0021034912554982,0.2103491255498246,True,False,0.0146211250685155,90,False,
"Beta(20,80)",0.2,0.0015841584158415,10000,0,Efficient betting,randomized_markov,0.1982818306412536,0.2003021840222551,0.0020203533810015,0.202035338100151,True,False,0.0110534979030489,123,False,
"Beta(20,80)",0.2,0.0015841584158415,10000,0,Gaffke,not_applicable,0.1982841995679589,0.2004710565096639,0.0021868569417049,0.2186856941704951,True,False,0.0001956799533218,0,False,cornish-fisher-moments
"Beta(20,80)",0.2,0.0015841584158415,100000,0,Original STaR,deterministic_markov,0.1995922162492819,0.2002871187962029,0.000694902546921,0.2197474800122581,True,False,0.0548752350732684,94,False,
"Beta(20,80)",0.2,0.0015841584158415,100000,0,Squared-hinge STaR,deterministic_markov,0.1995897176783523,0.2002932902663988,0.0007035725880464,0.2224891877486253,True,False,0.1362986047752201,94,False,
"Beta(20,80)",0.2,0.0015841584158415,100000,0,Efficient betting,deterministic_markov,0.1995920115586634,0.2002492202801461,0.0006572087214826,0.2078276458012475,True,False,0.0916303151752799,123,False,
"Beta(20,80)",0.2,0.0015841584158415,100000,0,Original STaR,randomized_markov,0.1995922162492819,0.2002871187962029,0.000694902546921,0.2197474800122581,True,False,0.0527298469096422,94,False,
"Beta(20,80)",0.2,0.0015841584158415,100000,0,Squared-hinge STaR,randomized_markov,0.1995897176783523,0.2002932902663988,0.0007035725880464,0.2224891877486253,True,False,0.13676646980457,94,False,
"Beta(20,80)",0.2,0.0015841584158415,100000,0,Efficient betting,randomized_markov,0.1995921576289639,0.200249066521935,0.0006569088929711,0.2077328317008618,True,False,0.0939383418299257,123,False,
"Beta(20,80)",0.2,0.0015841584158415,100000,0,Gaffke,not_applicable,0.1995894025524225,0.2002490509274138,0.0006596483749913,0.2085991319801539,True,False,0.0002656418364495,0,False,cornish-fisher-moments
"Beta(20,80)",0.2,0.0015841584158415,1000000,0,Original STaR,deterministic_markov,0.1998836136970945,0.2000967404394373,0.0002131267423428,0.2131267423428062,True,False,0.5377454878762364,98,False,
"Beta(20,80)",0.2,0.0015841584158415,1000000,0,Squared-hinge STaR,deterministic_markov,0.1998822717382739,0.2000968351659423,0.0002145634276684,0.2145634276684016,True,False,1.403475108090788,98,False,
"Beta(20,80)",0.2,0.0015841584158415,1000000,0,Efficient betting,deterministic_markov,0.1998815081576328,0.2000869942357945,0.0002054860781616,0.2054860781616763,True,False,0.8366095700766891,123,False,
"Beta(20,80)",0.2,0.0015841584158415,1000000,0,Original STaR,randomized_markov,0.1998836136970945,0.2000967404394373,0.0002131267423428,0.2131267423428062,True,False,0.5465811910107732,98,False,
"Beta(20,80)",0.2,0.0015841584158415,1000000,0,Squared-hinge STaR,randomized_markov,0.1998822717382739,0.2000968351659423,0.0002145634276684,0.2145634276684016,True,False,1.3693656020332128,98,False,
"Beta(20,80)",0.2,0.0015841584158415,1000000,0,Efficient betting,randomized_markov,0.1998816441751784,0.2000869602314081,0.0002053160562296,0.2053160562296985,True,False,0.8487933059222996,123,False,
"Beta(20,80)",0.2,0.0015841584158415,1000000,0,Gaffke,not_applicable,0.199881091213427,0.2000871230770357,0.0002060318636087,0.2060318636087077,True,False,0.0006574329454451,0,False,cornish-fisher-moments
"Beta(20,80)",0.2,0.0015841584158415,10000000,0,Original STaR,deterministic_markov,0.1999665574197126,0.2000323207909379,6.576337122538023e-05,0.2079620396833799,True,False,5.323099754052237,100,False,
"Beta(20,80)",0.2,0.0015841584158415,10000000,0,Squared-hinge STaR,deterministic_markov,0.1999663527826284,0.2000323182953637,6.596551273529982e-05,0.2086012672643913,True,False,13.315814119996505,100,False,
"Beta(20,80)",0.2,0.0015841584158415,10000000,0,Efficient betting,deterministic_markov,0.1999693431524012,0.2000342349923302,6.489183992905434e-05,0.205206015734871,True,False,8.369325164007023,123,False,
"Beta(20,80)",0.2,0.0015841584158415,10000000,0,Original STaR,randomized_markov,0.1999665574197126,0.2000323207909379,6.576337122538023e-05,0.2079620396833799,True,False,5.291760778054595,100,False,
"Beta(20,80)",0.2,0.0015841584158415,10000000,0,Squared-hinge STaR,randomized_markov,0.1999663527826284,0.2000323182953637,6.596551273529982e-05,0.2086012672643913,True,False,13.430825971066952,100,False,
"Beta(20,80)",0.2,0.0015841584158415,10000000,0,Efficient betting,randomized_markov,0.1999693554383049,0.200034201973964,6.484653565902443e-05,0.2050627510538451,True,False,8.41155430697836,123,False,
"Beta(20,80)",0.2,0.0015841584158415,10000000,0,Gaffke,not_applicable,0.1999693300105606,0.2000342425140567,6.491250349605071e-05,0.205271359671163,True,False,0.0050452828872948,0,False,cornish-fisher-moments
"Beta(20,80)",0.2,0.0015841584158415,1000,1,Original STaR,deterministic_markov,0.1975123773168748,0.2068522180497344,0.0093398407328596,0.2953516969905273,True,False,0.0014939659740775,89,False,
"Beta(20,80)",0.2,0.0015841584158415,1000,1,Squared-hinge STaR,deterministic_markov,0.1975516756964571,0.2068644771668871,0.00931280147043,0.2944966404352405,True,False,0.0026408149860799,89,False,
"Beta(20,80)",0.2,0.0015841584158415,1000,1,Efficient betting,deterministic_markov,0.1973160850478867,0.206486338158087,0.0091702531102002,0.2899888654847586,True,False,0.0015973611734807,124,False,
"Beta(20,80)",0.2,0.0015841584158415,1000,1,Original STaR,randomized_markov,0.1975190506266152,0.2060603186272064,0.0085412680005912,0.2700986098778071,True,False,0.0014261479955166,89,False,
"Beta(20,80)",0.2,0.0015841584158415,1000,1,Squared-hinge STaR,randomized_markov,0.1975519228560772,0.2060668436411749,0.0085149207850976,0.2692654377681782,True,False,0.0023327618837356,89,False,
"Beta(20,80)",0.2,0.0015841584158415,1000,1,Efficient betting,randomized_markov,0.1974224017090501,0.2058199730077925,0.0083975712987424,0.2655545211768429,True,False,0.0014447621069848,123,False,
"Beta(20,80)",0.2,0.0015841584158415,1000,1,Gaffke,not_applicable,0.1977672815891798,0.2063990040959927,0.0086317225068129,0.2729590325206705,True,False,0.0203081620857119,0,False,bspline-exact
"Beta(20,80)",0.2,0.0015841584158415,10000,1,Original STaR,deterministic_markov,0.2002561747315512,0.2024688112306508,0.0022126364990995,0.2212636499099585,False,False,0.0055179968476295,90,False,
"Beta(20,80)",0.2,0.0015841584158415,10000,1,Squared-hinge STaR,deterministic_markov,0.2002433179031842,0.2024834033364662,0.002240085433282,0.2240085433282024,False,False,0.0148949131835252,90,False,
"Beta(20,80)",0.2,0.0015841584158415,10000,1,Efficient betting,deterministic_markov,0.2003163118029813,0.2024472082399,0.0021308964369186,0.2130896436918689,False,False,0.011127658188343,123,False,
"Beta(20,80)",0.2,0.0015841584158415,10000,1,Original STaR,randomized_markov,0.2002590931527143,0.2024625011308388,0.0022034079781244,0.2203407978124461,False,False,0.005464375950396,90,False,
"Beta(20,80)",0.2,0.0015841584158415,10000,1,Squared-hinge STaR,randomized_markov,0.2002434756556795,0.2024763044741777,0.0022328288184981,0.2232828818498178,False,False,0.0149574419483542,90,False,
"Beta(20,80)",0.2,0.0015841584158415,10000,1,Efficient betting,randomized_markov,0.2003310919983103,0.2024198563841762,0.0020887643858658,0.208876438586586,False,False,0.0108554731123149,123,False,
"Beta(20,80)",0.2,0.0015841584158415,10000,1,Gaffke,not_applicable,0.2003415444309876,0.2025186281051578,0.0021770836741702,0.2177083674170216,False,False,0.0001858419273048,0,False,cornish-fisher-moments
"Beta(20,80)",0.2,0.0015841584158415,100000,1,Original STaR,deterministic_markov,0.1997208413170021,0.200373797814191,0.0006529564971888,0.2064829744122203,True,False,0.0538399659562855,94,False,
"Beta(20,80)",0.2,0.0015841584158415,100000,1,Squared-hinge STaR,deterministic_markov,0.1997131183100114,0.2003765970918057,0.0006634787817942,0.2098104129663817,True,False,0.1390852630138397,94,False,
"Beta(20,80)",0.2,0.0015841584158415,100000,1,Efficient betting,deterministic_markov,0.1997773257790092,0.2004330719409089,0.0006557461618997,0.2073651438516756,True,False,0.0915620748419314,123,False,
"Beta(20,80)",0.2,0.0015841584158415,100000,1,Original STaR,randomized_markov,0.1997208413170021,0.200373797814191,0.0006529564971888,0.2064829744122203,True,False,0.052808083826676,94,False,
"Beta(20,80)",0.2,0.0015841584158415,100000,1,Squared-hinge STaR,randomized_markov,0.1997131183100114,0.2003765970918057,0.0006634787817942,0.2098104129663817,True,False,0.1404438228346407,94,False,
"Beta(20,80)",0.2,0.0015841584158415,100000,1,Efficient betting,randomized_markov,0.1997777256758113,0.2004287499793169,0.0006510243035056,0.2058719611202468,True,False,0.0953801269643008,123,False,
"Beta(20,80)",0.2,0.0015841584158415,100000,1,Gaffke,not_applicable,0.1997828648033102,0.2004427161616555,0.0006598513583452,0.2086633209527061,True,False,0.0002882848493754,0,False,cornish-fisher-moments
"Beta(20,80)",0.2,0.0015841584158415,1000000,1,Original STaR,deterministic_markov,0.1999018895724669,0.2001112814428171,0.0002093918703501,0.209391870350184,True,False,0.5260095130652189,98,False,
"Beta(20,80)",0.2,0.0015841584158415,1000000,1,Squared-hinge STaR,deterministic_markov,0.1999012733887392,0.2001104124657651,0.0002091390770259,0.209139077025966,True,False,1.3348552889656276,98,False,
"Beta(20,80)",0.2,0.0015841584158415,1000000,1,Efficient betting,deterministic_markov,0.1999180516341184,0.2001237208796993,0.0002056692455808,0.2056692455808806,True,False,0.8511696089990437,123,False,
"Beta(20,80)",0.2,0.0015841584158415,1000000,1,Original STaR,randomized_markov,0.1999018895724669,0.2001112814428171,0.0002093918703501,0.209391870350184,True,False,0.5292165190912783,98,False,
"Beta(20,80)",0.2,0.0015841584158415,1000000,1,Squared-hinge STaR,randomized_markov,0.1999012733887392,0.2001104124657651,0.0002091390770259,0.209139077025966,True,False,1.317780952900648,98,False,
"Beta(20,80)",0.2,0.0015841584158415,1000000,1,Efficient betting,randomized_markov,0.199918141570205,0.2001234146108642,0.0002052730406592,0.2052730406592595,True,False,0.8134495129343122,123,False,
"Beta(20,80)",0.2,0.0015841584158415,1000000,1,Gaffke,not_applicable,0.1999187356875355,0.2001249211748137,0.0002061854872782,0.2061854872782431,True,False,0.0007064160890877,0,False,cornish-fisher-moments
"Beta(20,80)",0.2,0.0015841584158415,10000000,1,Original STaR,deterministic_markov,0.1999860163025152,0.2000532033411644,6.718703864921904e-05,0.2124640713732948,True,False,5.309498046059161,100,False,
"Beta(20,80)",0.2,0.0015841584158415,10000000,1,Squared-hinge STaR,deterministic_markov,0.1999859414033602,0.2000537326285263,6.77912251660362e-05,0.2143746768980007,True,False,13.86357408715412,100,False,
"Beta(20,80)",0.2,0.0015841584158415,10000000,1,Efficient betting,deterministic_markov,0.1999894427468061,0.2000543253881207,6.488264131460086e-05,0.2051769271618802,True,False,8.3144317320548,123,False,
"Beta(20,80)",0.2,0.0015841584158415,10000000,1,Original STaR,randomized_markov,0.1999860163025152,0.2000531833680564,6.716706554121821e-05,0.2124009108600597,True,False,5.270172283984721,100,False,
"Beta(20,80)",0.2,0.0015841584158415,10000000,1,Squared-hinge STaR,randomized_markov,0.1999859414033602,0.2000537326285263,6.77912251660362e-05,0.2143746768980007,True,False,13.348871669033542,100,False,
"Beta(20,80)",0.2,0.0015841584158415,10000000,1,Efficient betting,randomized_markov,0.1999894811566292,0.2000540803334496,6.459917682039018e-05,0.2042805337243868,True,False,8.37482002703473,123,False,
"Beta(20,80)",0.2,0.0015841584158415,10000000,1,Gaffke,not_applicable,0.1999895141109339,0.2000544542548009,6.494014386701497e-05,0.205358766198782,True,False,0.0053379260934889,0,False,cornish-fisher-moments
"Beta(20,80)",0.2,0.0015841584158415,1000,2,Original STaR,deterministic_markov,0.1985232423122883,0.2077667331423587,0.0092434908300703,0.2923048455390279,True,False,0.0016594890039414,89,False,
"Beta(20,80)",0.2,0.0015841584158415,1000,2,Squared-hinge STaR,deterministic_markov,0.1985473451547583,0.207772822281509,0.0092254771267506,0.2917352022231794,True,False,0.0025396838318556,89,False,
"Beta(20,80)",0.2,0.0015841584158415,1000,2,Efficient betting,deterministic_markov,0.1979097908176015,0.2073357391893462,0.0094259483717446,0.2980746596186862,True,False,0.001542777987197,124,False,
"Beta(20,80)",0.2,0.0015841584158415,1000,2,Original STaR,randomized_markov,0.1985234960264196,0.2069534271231816,0.0084299310967619,0.2665778278404916,True,False,0.0013123119715601,89,False,
"Beta(20,80)",0.2,0.0015841584158415,1000,2,Squared-hinge STaR,randomized_markov,0.1985473451547583,0.2069595162623319,0.0084121711075735,0.2660162076699366,True,False,0.002377187134698,89,False,
"Beta(20,80)",0.2,0.0015841584158415,1000,2,Efficient betting,randomized_markov,0.1984756904291481,0.2066473932347576,0.0081717028056095,0.2584119322771427,True,False,0.0014139851555228,123,False,
"Beta(20,80)",0.2,0.0015841584158415,1000,2,Gaffke,not_applicable,0.1985440105961952,0.2073156401133174,0.0087716295171221,0.2773832806526902,True,False,0.0193308328744024,0,False,bspline-exact
"Beta(20,80)",0.2,0.0015841584158415,10000,2,Original STaR,deterministic_markov,0.1987202518291069,0.2008993153815702,0.0021790635524633,0.2179063552463361,True,False,0.0056463901419192,90,False,
"Beta(20,80)",0.2,0.0015841584158415,10000,2,Squared-hinge STaR,deterministic_markov,0.1986940823194787,0.2009065453962423,0.0022124630767636,0.2212463076763676,True,False,0.0143936248496174,90,False,
"Beta(20,80)",0.2,0.0015841584158415,10000,2,Efficient betting,deterministic_markov,0.1987863345259191,0.2009329476446371,0.0021466131187179,0.2146613118717971,True,False,0.0103952828794717,123,False,
"Beta(20,80)",0.2,0.0015841584158415,10000,2,Original STaR,randomized_markov,0.1987202518291069,0.2006743990555767,0.0019541472264698,0.195414722646986,True,False,0.0055668000131845,90,False,
"Beta(20,80)",0.2,0.0015841584158415,10000,2,Squared-hinge STaR,randomized_markov,0.1986940823194787,0.2006678763249487,0.00197379400547,0.1973794005470014,True,False,0.0147665000986307,90,False,
"Beta(20,80)",0.2,0.0015841584158415,10000,2,Efficient betting,randomized_markov,0.1987936370825444,0.2007542042718753,0.0019605671893308,0.1960567189330825,True,False,0.0093970638699829,123,False,
"Beta(20,80)",0.2,0.0015841584158415,10000,2,Gaffke,not_applicable,0.1988593765290009,0.2010291935258382,0.0021698169968373,0.2169816996837326,True,False,0.0001977649517357,0,False,cornish-fisher-moments
"Beta(20,80)",0.2,0.0015841584158415,100000,2,Original STaR,deterministic_markov,0.1995519558336635,0.2002380155182834,0.0006860596846199,0.2169511214215778,True,False,0.0528343131300061,94,False,
"Beta(20,80)",0.2,0.0015841584158415,100000,2,Squared-hinge STaR,deterministic_markov,0.1995459171052488,0.2002411476388304,0.0006952305335815,0.2198511985011906,True,False,0.1364778210408985,94,False,
"Beta(20,80)",0.2,0.0015841584158415,100000,2,Efficient betting,deterministic_markov,0.199565267827853,0.2002242737007819,0.0006590058729288,0.2083959549882778,True,False,0.0939035541377961,123,False,
"Beta(20,80)",0.2,0.0015841584158415,100000,2,Original STaR,randomized_markov,0.1995519558336635,0.2002371385245303,0.0006851826908667,0.2166737916462009,True,False,0.0503424298949539,94,False,
"Beta(20,80)",0.2,0.0015841584158415,100000,2,Squared-hinge STaR,randomized_markov,0.1995459171052488,0.200240521214721,0.0006946041094721,0.2196531058045079,True,False,0.136330131907016,94,False,
"Beta(20,80)",0.2,0.0015841584158415,100000,2,Efficient betting,randomized_markov,0.1995693000716588,0.2002187997177951,0.0006494996461363,0.2053898221264117,True,False,0.0943183081690222,123,False,
"Beta(20,80)",0.2,0.0015841584158415,100000,2,Gaffke,not_applicable,0.1995722167309182,0.2002337133092211,0.0006614965783029,0.2091835851845313,True,False,0.0002772849984467,0,False,cornish-fisher-moments
"Beta(20,80)",0.2,0.0015841584158415,1000000,2,Original STaR,deterministic_markov,0.1999177397008212,0.2001313169729822,0.000213577272161,0.2135772721610362,True,False,0.5339029610622674,98,False,
"Beta(20,80)",0.2,0.0015841584158415,1000000,2,Squared-hinge STaR,deterministic_markov,0.1999176054400652,0.2001330386697367,0.0002154332296715,0.2154332296715744,True,False,1.340739852981642,98,False,
"Beta(20,80)",0.2,0.0015841584158415,1000000,2,Efficient betting,deterministic_markov,0.1999229397231818,0.2001285542997321,0.0002056145765503,0.2056145765503281,True,False,0.8632002209778875,123,False,
"Beta(20,80)",0.2,0.0015841584158415,1000000,2,Original STaR,randomized_markov,0.1999177397008212,0.2001313169729822,0.000213577272161,0.2135772721610362,True,False,0.5211703069508076,98,False,
"Beta(20,80)",0.2,0.0015841584158415,1000000,2,Squared-hinge STaR,randomized_markov,0.1999176054400652,0.2001330386697367,0.0002154332296715,0.2154332296715744,True,False,1.3574759180191904,98,False,
"Beta(20,80)",0.2,0.0015841584158415,1000000,2,Efficient betting,randomized_markov,0.1999229615937122,0.2001282942834262,0.000205332689714,0.2053326897140106,True,False,0.8847486979793757,123,False,
"Beta(20,80)",0.2,0.0015841584158415,1000000,2,Gaffke,not_applicable,0.1999232325847773,0.2001293635434622,0.0002061309586848,0.2061309586848247,True,False,0.0008021770045161,0,False,cornish-fisher-moments
"Beta(20,80)",0.2,0.0015841584158415,10000000,2,Original STaR,deterministic_markov,0.1999705109331524,0.2000382723916909,6.776145853848448e-05,0.2142805465566753,True,False,5.372344021918252,100,False,
"Beta(20,80)",0.2,0.0015841584158415,10000000,2,Squared-hinge STaR,deterministic_markov,0.1999700690757194,0.2000388590385652,6.878996284576111e-05,0.2175329627509632,True,False,13.33323661610484,100,False,
"Beta(20,80)",0.2,0.0015841584158415,10000000,2,Efficient betting,deterministic_markov,0.1999731270325607,0.2000380387890976,6.491175653686176e-05,0.2052689975788067,True,False,8.313975070836022,123,False,
"Beta(20,80)",0.2,0.0015841584158415,10000000,2,Original STaR,randomized_markov,0.1999705109331524,0.2000382723916909,6.776145853848448e-05,0.2142805465566753,True,False,5.545883693965152,100,False,
"Beta(20,80)",0.2,0.0015841584158415,10000000,2,Squared-hinge STaR,randomized_markov,0.1999700690757194,0.2000388590385652,6.878996284576111e-05,0.2175329627509632,True,False,13.29403752903454,100,False,
"Beta(20,80)",0.2,0.0015841584158415,10000000,2,Efficient betting,randomized_markov,0.1999731400904944,0.2000380303398463,6.489024935196763e-05,0.2052009858884829,True,False,8.273441662080586,123,False,
"Beta(20,80)",0.2,0.0015841584158415,10000000,2,Gaffke,not_applicable,0.1999731745794967,0.2000381077419652,6.493316246847236e-05,0.205336689078134,True,False,0.0053083999082446,0,False,cornish-fisher-moments
"Uniform(0.45,0.55)",0.5,0.0008333333333333,1000,0,Original STaR,deterministic_markov,0.4965942527025476,0.5046943381517663,0.0081000854492186,0.2561471926151923,True,False,0.0016495899762958,90,False,
"Uniform(0.45,0.55)",0.5,0.0008333333333333,1000,0,Squared-hinge STaR,deterministic_markov,0.4965928244798914,0.5047002097337978,0.0081073852539064,0.2563780327080681,True,False,0.0023849210701882,90,False,
"Uniform(0.45,0.55)",0.5,0.0008333333333333,1000,0,Efficient betting,deterministic_markov,0.4966126975267664,0.5035859030931726,0.0069732055664062,0.2205121218240823,True,False,0.0014318779576569,123,False,
"Uniform(0.45,0.55)",0.5,0.0008333333333333,1000,0,Original STaR,randomized_markov,0.4965942527025476,0.5044788352220788,0.0078845825195311,0.2493323916126753,True,False,0.0013383210171014,90,False,
"Uniform(0.45,0.55)",0.5,0.0008333333333333,1000,0,Squared-hinge STaR,randomized_markov,0.4965928244798914,0.5044869284837976,0.0078941040039062,0.249633487385984,True,False,0.0024117319844663,90,False,
"Uniform(0.45,0.55)",0.5,0.0008333333333333,1000,0,Efficient betting,randomized_markov,0.4966147116869226,0.5034443625658289,0.0068296508789063,0.2159725240111473,True,False,0.0014028639998286,123,False,
"Uniform(0.45,0.55)",0.5,0.0008333333333333,1000,0,Gaffke,not_applicable,0.4963695921648004,0.5033882952698803,0.0070187031050798,0.2219508803254844,True,False,0.0178429789375513,0,False,bspline-exact
"Uniform(0.45,0.55)",0.5,0.0008333333333333,10000,0,Original STaR,deterministic_markov,0.4991365479792706,0.5007982116082865,0.0016616636290158,0.1661663629015874,True,False,0.0060017320793122,92,False,
"Uniform(0.45,0.55)",0.5,0.0008333333333333,10000,0,Squared-hinge STaR,deterministic_markov,0.4991242735089055,0.5007842659658998,0.0016599924569942,0.1659992456994219,True,False,0.0147771511692553,92,False,
"Uniform(0.45,0.55)",0.5,0.0008333333333333,10000,0,Efficient betting,deterministic_markov,0.4992117662351001,0.5008078640673763,0.0015960978322761,0.1596097832276155,True,False,0.0100653879344463,123,False,
"Uniform(0.45,0.55)",0.5,0.0008333333333333,10000,0,Original STaR,randomized_markov,0.4991550461247506,0.5007835744464425,0.0016285283216919,0.1628528321691913,True,False,0.0058525102213025,92,False,
"Uniform(0.45,0.55)",0.5,0.0008333333333333,10000,0,Squared-hinge STaR,randomized_markov,0.4991467478912642,0.500781788021178,0.0016350401299137,0.1635040129913778,True,False,0.0145583369303494,92,False,
"Uniform(0.45,0.55)",0.5,0.0008333333333333,10000,0,Efficient betting,randomized_markov,0.4992216780139866,0.5007602378811706,0.001538559867184,0.1538559867184041,True,False,0.0085663029458373,123,False,
"Uniform(0.45,0.55)",0.5,0.0008333333333333,10000,0,Gaffke,not_applicable,0.4991607451377495,0.5007854519247982,0.0016247067870486,0.1624706787048679,True,False,0.0001899790950119,0,False,cornish-fisher-moments
"Uniform(0.45,0.55)",0.5,0.0008333333333333,100000,0,Original STaR,deterministic_markov,0.4997936906431087,0.5002841172998899,0.0004904266567811,0.1550865260689994,True,False,0.0563736190088093,96,False,
"Uniform(0.45,0.55)",0.5,0.0008333333333333,100000,0,Squared-hinge STaR,deterministic_markov,0.4997954125195369,0.5002904973051817,0.0004950847856447,0.1565595557533645,True,False,0.1374329198151826,96,False,
"Uniform(0.45,0.55)",0.5,0.0008333333333333,100000,0,Efficient betting,deterministic_markov,0.4997897596061942,0.5002681651953125,0.0004784055891182,0.151285130696822,True,False,0.0905008688569068,123,False,
"Uniform(0.45,0.55)",0.5,0.0008333333333333,100000,0,Original STaR,randomized_markov,0.4997936906431087,0.5002841172998899,0.0004904266567811,0.1550865260689994,True,False,0.0532717921305447,96,False,
"Uniform(0.45,0.55)",0.5,0.0008333333333333,100000,0,Squared-hinge STaR,randomized_markov,0.4997954125195369,0.5002904973051817,0.0004950847856447,0.1565595557533645,True,False,0.1392167250160128,96,False,
"Uniform(0.45,0.55)",0.5,0.0008333333333333,100000,0,Efficient betting,randomized_markov,0.4997912542228186,0.5002681484645293,0.0004768942417106,0.150807200682455,True,False,0.0936651949305087,123,False,
"Uniform(0.45,0.55)",0.5,0.0008333333333333,100000,0,Gaffke,not_applicable,0.4997823520048327,0.5002638244503749,0.0004814724455421,0.1522549558524726,True,False,0.000274569960311,0,False,cornish-fisher-moments
"Uniform(0.45,0.55)",0.5,0.0008333333333333,1000000,0,Original STaR,deterministic_markov,0.4998846808771128,0.5000392270632448,0.0001545461861319,0.1545461861319763,True,False,0.5277424801606685,100,False,
"Uniform(0.45,0.55)",0.5,0.0008333333333333,1000000,0,Squared-hinge STaR,deterministic_markov,0.4998832841340423,0.5000393358260248,0.0001560516919824,0.1560516919824617,True,False,1.3419432458467782,100,False,
"Uniform(0.45,0.55)",0.5,0.0008333333333333,1000000,0,Efficient betting,deterministic_markov,0.4998883037344935,0.5000374910419472,0.0001491873074536,0.1491873074536132,True,False,0.8619481700006872,123,False,
"Uniform(0.45,0.55)",0.5,0.0008333333333333,1000000,0,Original STaR,randomized_markov,0.4998846808771128,0.5000392270632448,0.0001545461861319,0.1545461861319763,True,False,0.5263726080302149,100,False,
"Uniform(0.45,0.55)",0.5,0.0008333333333333,1000000,0,Squared-hinge STaR,randomized_markov,0.4998832898583991,0.5000393358260248,0.0001560459676256,0.1560459676256398,True,False,1.3356960399542004,100,False,
"Uniform(0.45,0.55)",0.5,0.0008333333333333,1000000,0,Efficient betting,randomized_markov,0.4998884499257607,0.5000374399630707,0.0001489900373099,0.1489900373099484,True,False,0.8747974438592792,123,False,
"Uniform(0.45,0.55)",0.5,0.0008333333333333,1000000,0,Gaffke,not_applicable,0.499887982968996,0.5000376710807616,0.0001496881117655,0.1496881117655779,True,False,0.0007462420035153,0,False,cornish-fisher-moments
"Uniform(0.45,0.55)",0.5,0.0008333333333333,10000000,0,Original STaR,deterministic_markov,0.4999859061434943,0.5000348683993867,4.8962255892348594e-05,0.1548322479998215,True,False,5.555676858872175,102,False,
"Uniform(0.45,0.55)",0.5,0.0008333333333333,10000000,0,Squared-hinge STaR,deterministic_markov,0.4999857504491328,0.5000352196168997,4.946916776682464e-05,0.1564352440961512,True,False,13.504695433890449,102,False,
"Uniform(0.45,0.55)",0.5,0.0008333333333333,10000000,0,Efficient betting,deterministic_markov,0.4999866490339876,0.5000337149659796,4.706593199199638e-05,0.1488355452932943,True,False,8.19704028009437,123,False,
"Uniform(0.45,0.55)",0.5,0.0008333333333333,10000000,0,Original STaR,randomized_markov,0.4999859061434943,0.5000348683993867,4.8962255892348594e-05,0.1548322479998215,True,False,5.374113778118044,102,False,
"Uniform(0.45,0.55)",0.5,0.0008333333333333,10000000,0,Squared-hinge STaR,randomized_markov,0.4999857504491328,0.5000352196168997,4.946916776682464e-05,0.1564352440961512,True,False,13.309908360010011,102,False,
"Uniform(0.45,0.55)",0.5,0.0008333333333333,10000000,0,Efficient betting,randomized_markov,0.4999866835708406,0.5000337093955194,4.702582467874805e-05,0.1487087148325998,True,False,8.257509552873671,123,False,
"Uniform(0.45,0.55)",0.5,0.0008333333333333,10000000,0,Gaffke,not_applicable,0.4999865820321354,0.5000337000765016,4.711804436619005e-05,0.1490003390900253,True,False,0.007691727951169,0,False,cornish-fisher-moments
"Uniform(0.45,0.55)",0.5,0.0008333333333333,1000,1,Original STaR,deterministic_markov,0.4966030137477242,0.5044618882594429,0.0078588745117187,0.2485194330247484,True,False,0.0016080408822745,90,False,
"Uniform(0.45,0.55)",0.5,0.0008333333333333,1000,1,Squared-hinge STaR,deterministic_markov,0.4965877793727241,0.5044636338649116,0.0078758544921874,0.2490563871538104,True,False,0.0024429711047559,90,False,
"Uniform(0.45,0.55)",0.5,0.0008333333333333,1000,1,Efficient betting,deterministic_markov,0.4973988633570992,0.5042529282985055,0.0068540649414063,0.2167445644555254,True,False,0.0014979341067373,123,False,
"Uniform(0.45,0.55)",0.5,0.0008333333333333,1000,1,Original STaR,randomized_markov,0.4966092027125679,0.5039975572047555,0.0073883544921875,0.2336402835604939,True,False,0.0012453051749616,90,False,
"Uniform(0.45,0.55)",0.5,0.0008333333333333,1000,1,Squared-hinge STaR,randomized_markov,0.4965884141383492,0.5039988267360054,0.0074104125976561,0.2343378221019846,True,False,0.0024824049323797,90,False,
"Uniform(0.45,0.55)",0.5,0.0008333333333333,1000,1,Efficient betting,randomized_markov,0.4975409532008492,0.5038941026149116,0.0063531494140624,0.2009042246380152,True,False,0.0013092560693621,123,False,
"Uniform(0.45,0.55)",0.5,0.0008333333333333,1000,1,Gaffke,not_applicable,0.4971689532320589,0.5041697819022973,0.0070008286702384,0.221385641065613,True,False,0.0189918719697743,0,False,bspline-exact
"Uniform(0.45,0.55)",0.5,0.0008333333333333,10000,1,Original STaR,deterministic_markov,0.4994377327757784,0.5011059572800769,0.0016682245042984,0.1668224504298432,True,False,0.005972736980766,92,False,
"Uniform(0.45,0.55)",0.5,0.0008333333333333,10000,1,Squared-hinge STaR,deterministic_markov,0.4994303741453921,0.5011134883783628,0.0016831142329706,0.1683114232970683,True,False,0.0145926310215145,92,False,
"Uniform(0.45,0.55)",0.5,0.0008333333333333,10000,1,Efficient betting,deterministic_markov,0.4995014640869638,0.501077873757079,0.0015764096701151,0.1576409670115186,True,False,0.0097720739431679,123,False,
"Uniform(0.45,0.55)",0.5,0.0008333333333333,10000,1,Original STaR,randomized_markov,0.4994389400510763,0.5010898602761067,0.0016509202250303,0.1650920225030383,True,False,0.0057444351259619,92,False,
"Uniform(0.45,0.55)",0.5,0.0008333333333333,10000,1,Squared-hinge STaR,randomized_markov,0.499430431634692,0.5010984836710906,0.0016680520363985,0.1668052036398526,True,False,0.0141724459826946,92,False,
"Uniform(0.45,0.55)",0.5,0.0008333333333333,10000,1,Efficient betting,randomized_markov,0.4995125197215587,0.5010679325304515,0.0015554128088927,0.1555412808892764,True,False,0.0091966248583048,123,False,
"Uniform(0.45,0.55)",0.5,0.0008333333333333,10000,1,Gaffke,not_applicable,0.499498521616848,0.5011197483602225,0.0016212267433745,0.1621226743374504,True,False,0.0001916629262268,0,False,cornish-fisher-moments
"Uniform(0.45,0.55)",0.5,0.0008333333333333,100000,1,Original STaR,deterministic_markov,0.4998348765830519,0.5003220288401238,0.0004871522570718,0.1540510699638929,True,False,0.0520104649476707,96,False,
"Uniform(0.45,0.55)",0.5,0.0008333333333333,100000,1,Squared-hinge STaR,deterministic_markov,0.499835637730137,0.5003234242764465,0.0004877865463094,0.1542516498325006,True,False,0.1416689399629831,96,False,
"Uniform(0.45,0.55)",0.5,0.0008333333333333,100000,1,Efficient betting,deterministic_markov,0.4998412145962804,0.5003186796535446,0.0004774650572641,0.1509877084097431,True,False,0.0993519788607955,123,False,
"Uniform(0.45,0.55)",0.5,0.0008333333333333,100000,1,Original STaR,randomized_markov,0.4998348765830519,0.5003220288401238,0.0004871522570718,0.1540510699638929,True,False,0.0538194361142814,96,False,
"Uniform(0.45,0.55)",0.5,0.0008333333333333,100000,1,Squared-hinge STaR,randomized_markov,0.499835637730137,0.5003234242764465,0.0004877865463094,0.1542516498325006,True,False,0.1383798290044069,96,False,
"Uniform(0.45,0.55)",0.5,0.0008333333333333,100000,1,Efficient betting,randomized_markov,0.499845251742725,0.5003186740773754,0.0004734223346504,0.149709287268978,True,False,0.1063044499605894,123,False,
"Uniform(0.45,0.55)",0.5,0.0008333333333333,100000,1,Gaffke,not_applicable,0.4998426388172789,0.5003240473599149,0.0004814085426359,0.152234747979189,True,False,0.0002459960523992,0,False,cornish-fisher-moments
"Uniform(0.45,0.55)",0.5,0.0008333333333333,1000000,1,Original STaR,deterministic_markov,0.499953415354459,0.5000944934412965,0.0001410780868374,0.1410780868374983,True,False,0.5230146469548345,100,False,
"Uniform(0.45,0.55)",0.5,0.0008333333333333,1000000,1,Squared-hinge STaR,deterministic_markov,0.4999540568007191,0.500091400753971,0.0001373439532518,0.1373439532518228,True,False,1.3771210978738964,100,False,
"Uniform(0.45,0.55)",0.5,0.0008333333333333,1000000,1,Efficient betting,deterministic_markov,0.499966122025996,0.5001155226137266,0.0001494005877306,0.1494005877306081,True,False,0.8700268648099154,123,False,
"Uniform(0.45,0.55)",0.5,0.0008333333333333,1000000,1,Original STaR,randomized_markov,0.4999534554448502,0.5000944934412965,0.0001410379964462,0.1410379964462693,True,False,0.5219203769229352,100,False,
"Uniform(0.45,0.55)",0.5,0.0008333333333333,1000000,1,Squared-hinge STaR,randomized_markov,0.4999540682551167,0.500091400753971,0.0001373324988542,0.1373324988542812,True,False,1.3688660839106888,100,False,
"Uniform(0.45,0.55)",0.5,0.0008333333333333,1000000,1,Efficient betting,randomized_markov,0.499966229521111,0.5001154715094915,0.0001492419883805,0.1492419883805107,True,False,0.889344162074849,123,False,
"Uniform(0.45,0.55)",0.5,0.0008333333333333,1000000,1,Gaffke,not_applicable,0.4999664496289299,0.5001162115349418,0.0001497619060119,0.1497619060119026,True,False,0.000709461979568,0,False,cornish-fisher-moments
"Uniform(0.45,0.55)",0.5,0.0008333333333333,10000000,1,Original STaR,deterministic_markov,0.4999710370340168,0.5000151746113048,4.4137577288050345e-05,0.1395752746319568,True,False,5.2171794038731605,102,False,
"Uniform(0.45,0.55)",0.5,0.0008333333333333,10000000,1,Squared-hinge STaR,deterministic_markov,0.4999710804854239,0.5000142241117735,4.314362634960656e-05,0.1364321257840126,True,False,13.635669995797798,102,False,
"Uniform(0.45,0.55)",0.5,0.0008333333333333,10000000,1,Efficient betting,deterministic_markov,0.4999742983267314,0.5000213612142989,4.706288756739507e-05,0.1488259179773896,True,False,8.439350856933743,123,False,
"Uniform(0.45,0.55)",0.5,0.0008333333333333,10000000,1,Original STaR,randomized_markov,0.4999710370340168,0.5000151746113048,4.4137577288050345e-05,0.1395752746319568,True,False,5.429170284885913,102,False,
"Uniform(0.45,0.55)",0.5,0.0008333333333333,10000000,1,Squared-hinge STaR,randomized_markov,0.4999710804854239,0.5000142241117735,4.314362634960656e-05,0.1364321257840126,True,False,13.434611232951283,102,False,
"Uniform(0.45,0.55)",0.5,0.0008333333333333,10000000,1,Efficient betting,randomized_markov,0.499974320052435,0.5000213211053076,4.700105287258616e-05,0.148630379503372,True,False,8.405897000106052,123,False,
"Uniform(0.45,0.55)",0.5,0.0008333333333333,10000000,1,Gaffke,not_applicable,0.4999743109889629,0.5000214310004689,4.7120011505974446e-05,0.14900655973222,True,False,0.0053156041540205,0,False,cornish-fisher-moments
"Uniform(0.45,0.55)",0.5,0.0008333333333333,1000,2,Original STaR,deterministic_markov,0.4961905163340404,0.5040171764902903,0.0078266601562498,0.2475007256583897,True,False,0.0015684058889746,90,False,
"Uniform(0.45,0.55)",0.5,0.0008333333333333,1000,2,Squared-hinge STaR,deterministic_markov,0.4961697277598217,0.5040392345957592,0.0078695068359374,0.2488556566382736,True,False,0.0024078851565718,90,False,
"Uniform(0.45,0.55)",0.5,0.0008333333333333,1000,2,Efficient betting,deterministic_markov,0.4966280407481029,0.5035964245371654,0.0069683837890623,0.2203596438363149,True,False,0.0013796288985759,123,False,
"Uniform(0.45,0.55)",0.5,0.0008333333333333,1000,2,Original STaR,randomized_markov,0.4976567654185131,0.5031901363901927,0.0055333709716796,0.1749805540916662,True,False,0.0012657949700951,88,False,
"Uniform(0.45,0.55)",0.5,0.0008333333333333,1000,2,Squared-hinge STaR,randomized_markov,0.4976549801401927,0.5031948971323803,0.0055399169921875,0.1751875574358183,True,False,0.0021501570008695,88,False,
"Uniform(0.45,0.55)",0.5,0.0008333333333333,1000,2,Efficient betting,randomized_markov,0.4978093761973217,0.5028137707285717,0.0050043945312499,0.1582528502884054,True,False,0.0013766540214419,123,False,
"Uniform(0.45,0.55)",0.5,0.0008333333333333,1000,2,Gaffke,not_applicable,0.4966651011980459,0.5035310399109478,0.0068659387129018,0.217120046078948,True,False,0.016850461019203,0,False,bspline-exact
"Uniform(0.45,0.55)",0.5,0.0008333333333333,10000,2,Original STaR,deterministic_markov,0.4995666694275841,0.5012073691583765,0.0016406997307923,0.1640699730792394,True,False,0.0057226039934903,92,False,
"Uniform(0.45,0.55)",0.5,0.0008333333333333,10000,2,Squared-hinge STaR,deterministic_markov,0.4995553703119131,0.5012068581430948,0.0016514878311817,0.1651487831181741,True,False,0.0142056890763342,92,False,
"Uniform(0.45,0.55)",0.5,0.0008333333333333,10000,2,Efficient betting,deterministic_markov,0.4995867235016479,0.5011552172099154,0.0015684937082675,0.1568493708267504,True,False,0.0104908931534737,123,False,
"Uniform(0.45,0.55)",0.5,0.0008333333333333,10000,2,Original STaR,randomized_markov,0.4995666694275841,0.501202372564512,0.0016357031369279,0.1635703136927957,True,False,0.0057496749795973,92,False,
"Uniform(0.45,0.55)",0.5,0.0008333333333333,10000,2,Squared-hinge STaR,randomized_markov,0.4995553703119131,0.501205779333056,0.0016504090211428,0.1650409021142884,True,False,0.0140555559191852,92,False,
"Uniform(0.45,0.55)",0.5,0.0008333333333333,10000,2,Efficient betting,randomized_markov,0.4996124052952873,0.5011438787853766,0.0015314734900893,0.1531473490089308,True,False,0.0109763708896934,123,False,
"Uniform(0.45,0.55)",0.5,0.0008333333333333,10000,2,Gaffke,not_applicable,0.4995486747211194,0.5011519186085158,0.0016032438873963,0.1603243887396355,True,False,0.0002226610668003,0,False,cornish-fisher-moments
"Uniform(0.45,0.55)",0.5,0.0008333333333333,100000,2,Original STaR,deterministic_markov,0.4998946202422203,0.5003892359519153,0.0004946157096949,0.1564112209136654,True,False,0.0520096740219742,96,False,
"Uniform(0.45,0.55)",0.5,0.0008333333333333,100000,2,Squared-hinge STaR,deterministic_markov,0.4998889048597556,0.5003890369987283,0.0005001321389726,0.1581556690205448,True,False,0.1389795718714594,96,False,
"Uniform(0.45,0.55)",0.5,0.0008333333333333,100000,2,Efficient betting,deterministic_markov,0.4999201078150204,0.5003972726867761,0.0004771648717556,0.1508927814170152,True,False,0.0934882080182433,123,False,
"Uniform(0.45,0.55)",0.5,0.0008333333333333,100000,2,Original STaR,randomized_markov,0.4998979662730937,0.5003892359519153,0.0004912696788216,0.1553531130455724,True,False,0.0523194600827991,96,False,
"Uniform(0.45,0.55)",0.5,0.0008333333333333,100000,2,Squared-hinge STaR,randomized_markov,0.499892648797003,0.5003890369987283,0.0004963882017252,0.1569717321086775,True,False,0.1369881350547075,96,False,
"Uniform(0.45,0.55)",0.5,0.0008333333333333,100000,2,Efficient betting,randomized_markov,0.4999246155655525,0.5003957033217761,0.0004710877562235,0.1489710287484451,True,False,0.091982158832252,123,False,
"Uniform(0.45,0.55)",0.5,0.0008333333333333,100000,2,Gaffke,not_applicable,0.4999216864160514,0.5004021643732508,0.0004804779571993,0.1519404710254857,True,False,0.0002524380106478,0,False,cornish-fisher-moments
"Uniform(0.45,0.55)",0.5,0.0008333333333333,1000000,2,Original STaR,deterministic_markov,0.499918107920884,0.5000725116941086,0.0001544037732246,0.1544037732246206,True,False,0.5269590138923377,100,False,
"Uniform(0.45,0.55)",0.5,0.0008333333333333,1000000,2,Squared-hinge STaR,deterministic_markov,0.4999165213257441,0.5000722310328746,0.0001557097071304,0.1557097071304136,True,False,1.4244702379219234,100,False,
"Uniform(0.45,0.55)",0.5,0.0008333333333333,1000000,2,Efficient betting,deterministic_markov,0.4999250933895437,0.500074547920001,0.0001494545304572,0.149454530457227,True,False,0.891706835012883,123,False,
"Uniform(0.45,0.55)",0.5,0.0008333333333333,1000000,2,Original STaR,randomized_markov,0.499918107920884,0.5000725116941086,0.0001544037732246,0.1544037732246206,True,False,0.5235971249639988,100,False,
"Uniform(0.45,0.55)",0.5,0.0008333333333333,1000000,2,Squared-hinge STaR,randomized_markov,0.4999165213257441,0.5000722310328746,0.0001557097071304,0.1557097071304136,True,False,1.3429161019157618,100,False,
"Uniform(0.45,0.55)",0.5,0.0008333333333333,1000000,2,Efficient betting,randomized_markov,0.4999250933895437,0.5000745355832434,0.0001494421936997,0.1494421936997225,True,False,0.8449101618025452,123,False,
"Uniform(0.45,0.55)",0.5,0.0008333333333333,1000000,2,Gaffke,not_applicable,0.4999248660395527,0.5000746430460521,0.0001497770064993,0.1497770064993742,True,False,0.0007670309860259,0,False,cornish-fisher-moments
"Uniform(0.45,0.55)",0.5,0.0008333333333333,10000000,2,Original STaR,deterministic_markov,0.4999675840598253,0.5000162483546771,4.866429485173018e-05,0.1538900124574734,True,False,5.4236605160404,102,False,
"Uniform(0.45,0.55)",0.5,0.0008333333333333,10000000,2,Squared-hinge STaR,deterministic_markov,0.4999674428201974,0.5000164004588916,4.895763869416925e-05,0.1548176471371664,True,False,13.396669245092198,102,False,
"Uniform(0.45,0.55)",0.5,0.0008333333333333,10000000,2,Efficient betting,deterministic_markov,0.4999705057282808,0.500017614576462,4.710884818115435e-05,0.1489712581995282,True,False,8.305450313957408,123,False,
"Uniform(0.45,0.55)",0.5,0.0008333333333333,10000000,2,Original STaR,randomized_markov,0.4999675858705897,0.5000162483546771,4.866248408730289e-05,0.1538842863175772,True,False,5.2883249369915575,102,False,
"Uniform(0.45,0.55)",0.5,0.0008333333333333,10000000,2,Squared-hinge STaR,randomized_markov,0.4999674428201974,0.5000164004588916,4.895763869416925e-05,0.1548176471371664,True,False,13.699991922127085,102,False,
"Uniform(0.45,0.55)",0.5,0.0008333333333333,10000000,2,Efficient betting,randomized_markov,0.4999705129713386,0.5000175839327559,4.7070961417206014e-05,0.1488514497322783,True,False,8.309352434007451,123,False,
"Uniform(0.45,0.55)",0.5,0.0008333333333333,10000000,2,Gaffke,not_applicable,0.4999705289874641,0.5000176565085811,4.7127521116963056e-05,0.1490303072072858,True,False,0.005427585216239,0,False,cornish-fisher-moments
"Beta(2,2)",0.5,0.05,1000,0,Randomized Gaffke,product_orthant_randomized,0.4717372399185732,0.5085658293277778,0.0368285894092046,1.164622255442416,True,False,4.773098044097424e-05,0,False,randomized-product-orthant-bspline-exact
"Beta(2,2)",0.5,0.05,10000,0,Randomized Gaffke,product_orthant_randomized,0.4945201194096079,0.5061002084331673,0.0115800890235593,1.1580089023559392,True,False,1.5107914805412292e-05,0,False,randomized-product-orthant-cornish-fisher-moments
"Beta(2,2)",0.5,0.05,100000,0,Randomized Gaffke,product_orthant_randomized,0.4973032421453467,0.5009500130844743,0.0036467709391275,1.1532102272554392,True,False,0.0004097430501133,0,False,randomized-product-orthant-cornish-fisher-moments
"Beta(2,2)",0.5,0.05,1000000,0,Randomized Gaffke,product_orthant_randomized,0.4991250100731256,0.5002771242092229,0.0011521141360972,1.152114136097282,True,False,0.0011923098936676,0,False,randomized-product-orthant-cornish-fisher-moments
"Beta(2,2)",0.5,0.05,10000000,0,Randomized Gaffke,product_orthant_randomized,0.4996791718890295,0.5000435333581422,0.0003643614691127,1.152212134001312,True,False,0.0089696489740163,0,False,randomized-product-orthant-cornish-fisher-moments
"Beta(2,2)",0.5,0.05,1000,1,Randomized Gaffke,product_orthant_randomized,0.4655185214456793,0.5034005391051992,0.0378820176595199,1.1979345816680391,True,False,5.289982073009014e-05,0,False,randomized-product-orthant-bspline-exact
"Beta(2,2)",0.5,0.05,10000,1,Randomized Gaffke,product_orthant_randomized,0.493370416367356,0.505013228663589,0.0116428122962329,1.1642812296232985,True,False,1.306505873799324e-05,0,False,randomized-product-orthant-cornish-fisher-moments
"Beta(2,2)",0.5,0.05,100000,1,Randomized Gaffke,product_orthant_randomized,0.498054385091114,0.5017079559148316,0.0036535708237176,1.1553605395685291,True,False,0.0001040070783346,0,False,randomized-product-orthant-cornish-fisher-moments
"Beta(2,2)",0.5,0.05,1000000,1,Randomized Gaffke,product_orthant_randomized,0.4996794463862378,0.5008327612696752,0.0011533148834374,1.1533148834374507,True,False,0.0009364469442516,0,False,randomized-product-orthant-cornish-fisher-moments
"Beta(2,2)",0.5,0.05,10000000,1,Randomized Gaffke,product_orthant_randomized,0.4997889945933513,0.5001533869606375,0.0003643923672861,1.152309842604998,True,False,0.0094519788399338,0,False,randomized-product-orthant-cornish-fisher-moments
"Beta(2,2)",0.5,0.05,1000,2,Randomized Gaffke,product_orthant_randomized,0.4848832590932711,0.522273737455438,0.0373904783621669,1.182390744276896,True,False,4.646810702979565e-05,0,False,randomized-product-orthant-bspline-exact
"Beta(2,2)",0.5,0.05,10000,2,Randomized Gaffke,product_orthant_randomized,0.4962772520010512,0.507922853520097,0.0116456015190458,1.1645601519045812,True,False,1.4015939086675644e-05,0,False,randomized-product-orthant-cornish-fisher-moments
"Beta(2,2)",0.5,0.05,100000,2,Randomized Gaffke,product_orthant_randomized,0.498289454929937,0.5019432368866185,0.0036537819566814,1.155427305674015,True,False,8.711498230695724e-05,0,False,randomized-product-orthant-cornish-fisher-moments
"Beta(2,2)",0.5,0.05,1000000,2,Randomized Gaffke,product_orthant_randomized,0.4991800259634257,0.5003329478335382,0.0011529218701125,1.152921870112511,True,False,0.000827862881124,0,False,randomized-product-orthant-cornish-fisher-moments
"Beta(2,2)",0.5,0.05,10000000,2,Randomized Gaffke,product_orthant_randomized,0.4996820226923116,0.5000463955925436,0.000364372900232,1.152248282374421,True,False,0.0093653860967606,0,False,randomized-product-orthant-cornish-fisher-moments
"Beta(1,5)",0.1666666666666666,0.0198412698412698,1000,0,Randomized Gaffke,product_orthant_randomized,0.152527616867147,0.1765581269987441,0.0240305101315971,0.7599114535159966,True,False,4.99640591442585e-05,0,False,randomized-product-orthant-bspline-exact
"Beta(1,5)",0.1666666666666666,0.0198412698412698,10000,0,Randomized Gaffke,product_orthant_randomized,0.163510497293273,0.1709633615035137,0.0074528642102407,0.7452864210240773,True,False,1.3425014913082124e-05,0,False,randomized-product-orthant-cornish-fisher-moments
"Beta(1,5)",0.1666666666666666,0.0198412698412698,100000,0,Randomized Gaffke,product_orthant_randomized,0.1652929271409685,0.1676026109388761,0.0023096837979076,0.730386147617635,True,False,9.958818554878236e-05,0,False,randomized-product-orthant-cornish-fisher-moments
"Beta(1,5)",0.1666666666666666,0.0198412698412698,1000000,0,Randomized Gaffke,product_orthant_randomized,0.1664502178078002,0.1671772227896774,0.0007270049818771,0.727004981877194,True,False,0.0008570968639105,0,False,randomized-product-orthant-cornish-fisher-moments
"Beta(1,5)",0.1666666666666666,0.0198412698412698,10000000,0,Randomized Gaffke,product_orthant_randomized,0.1665602661411643,0.1667898846109712,0.0002296184698069,0.7261173574325034,True,False,0.008827700978145,0,False,randomized-product-orthant-cornish-fisher-moments
"Beta(1,5)",0.1666666666666666,0.0198412698412698,1000,1,Randomized Gaffke,product_orthant_randomized,0.1611076044893664,0.1857092049706337,0.0246016004812673,0.7779709160629925,True,False,4.722899757325649e-05,0,False,randomized-product-orthant-bspline-exact
"Beta(1,5)",0.1666666666666666,0.0198412698412698,10000,1,Randomized Gaffke,product_orthant_randomized,0.1659793624054927,0.1733992239067918,0.0074198615012991,0.7419861501299169,True,False,1.4418037608265877e-05,0,False,randomized-product-orthant-cornish-fisher-moments
"Beta(1,5)",0.1666666666666666,0.0198412698412698,100000,1,Randomized Gaffke,product_orthant_randomized,0.165470117451346,0.1677663750570257,0.0022962576056797,0.7261404128432813,True,False,9.788502939045428e-05,0,False,randomized-product-orthant-cornish-fisher-moments
"Beta(1,5)",0.1666666666666666,0.0198412698412698,1000000,1,Randomized Gaffke,product_orthant_randomized,0.166254485842283,0.1669809825566197,0.0007264967143367,0.7264967143367496,True,False,0.0008629579097032,0,False,randomized-product-orthant-cornish-fisher-moments
"Beta(1,5)",0.1666666666666666,0.0198412698412698,10000000,1,Randomized Gaffke,product_orthant_randomized,0.1665701290906424,0.1667997093584367,0.0002295802677942,0.7259965520613691,True,False,0.0093739409931004,0,False,randomized-product-orthant-cornish-fisher-moments
"Beta(1,5)",0.1666666666666666,0.0198412698412698,1000,2,Randomized Gaffke,product_orthant_randomized,0.1601881248876389,0.1845497918473615,0.0243616669597226,0.7703835519119302,True,False,4.619802348315716e-05,0,False,randomized-product-orthant-bspline-exact
"Beta(1,5)",0.1666666666666666,0.0198412698412698,10000,2,Randomized Gaffke,product_orthant_randomized,0.1630829582277491,0.1704039332744386,0.0073209750466894,0.7320975046689493,True,False,1.371605321764946e-05,0,False,randomized-product-orthant-cornish-fisher-moments
"Beta(1,5)",0.1666666666666666,0.0198412698412698,100000,2,Randomized Gaffke,product_orthant_randomized,0.16582488155867,0.1681294314297706,0.0023045498711006,0.7287626574125513,True,False,9.569106623530388e-05,0,False,randomized-product-orthant-cornish-fisher-moments
"Beta(1,5)",0.1666666666666666,0.0198412698412698,1000000,2,Randomized Gaffke,product_orthant_randomized,0.1662051616171797,0.1669318593719654,0.0007266977547857,0.7266977547857323,True,False,0.0008809729479253,0,False,randomized-product-orthant-cornish-fisher-moments
"Beta(1,5)",0.1666666666666666,0.0198412698412698,10000000,2,Randomized Gaffke,product_orthant_randomized,0.1665796929090322,0.1668092487638253,0.000229555854793,0.7259193513730443,True,False,0.0088425788562744,0,False,randomized-product-orthant-cornish-fisher-moments
Bernoulli(0.5),0.5,0.25,1000,0,Randomized Gaffke,product_orthant_randomized,0.4767919848052903,0.5590342800493695,0.0822422952440792,2.6007297297132386,True,False,4.575587809085846e-05,0,False,randomized-product-orthant-beta-exact
Bernoulli(0.5),0.5,0.25,10000,0,Randomized Gaffke,product_orthant_randomized,0.4774802982712925,0.5033288815705813,0.0258485832992887,2.5848583299288794,True,False,1.0950956493616104e-05,0,False,randomized-product-orthant-beta-exact
Bernoulli(0.5),0.5,0.25,100000,0,Randomized Gaffke,product_orthant_randomized,0.4946724065272283,0.5028277125883865,0.0081553060611582,2.5789342169036416,True,False,8.376897312700748e-05,0,False,randomized-product-orthant-beta-exact
Bernoulli(0.5),0.5,0.25,1000000,0,Randomized Gaffke,product_orthant_randomized,0.4988975870127828,0.501474411216809,0.0025768242040262,2.576824204026218,True,False,0.0007310500368475,0,False,randomized-product-orthant-beta-exact
Bernoulli(0.5),0.5,0.25,10000000,0,Randomized Gaffke,product_orthant_randomized,0.49959157570516,0.5004062242959121,0.000814648590752,2.5761450394229786,True,False,0.0090071999002248,0,False,randomized-product-orthant-beta-exact
Bernoulli(0.5),0.5,0.25,1000,1,Randomized Gaffke,product_orthant_randomized,0.4787885039992592,0.5610184564764087,0.0822299524771494,2.600339417151973,True,False,4.9413880333304405e-05,0,False,randomized-product-orthant-beta-exact
Bernoulli(0.5),0.5,0.25,10000,1,Randomized Gaffke,product_orthant_randomized,0.4957711245873116,0.5216205561824472,0.0258494315951355,2.584943159513559,True,False,1.1772848665714264e-05,0,False,randomized-product-orthant-beta-exact
Bernoulli(0.5),0.5,0.25,100000,1,Randomized Gaffke,product_orthant_randomized,0.4954123606607101,0.5035676879384606,0.0081553272777505,2.578940926179232,True,False,8.918903768062592e-05,0,False,randomized-product-orthant-beta-exact
Bernoulli(0.5),0.5,0.25,1000000,1,Randomized Gaffke,product_orthant_randomized,0.4993845857726218,0.5019614078215464,0.0025768220489246,2.5768220489246207,True,False,0.0007645229343324,0,False,randomized-product-orthant-beta-exact
Bernoulli(0.5),0.5,0.25,10000000,1,Randomized Gaffke,product_orthant_randomized,0.4998767756351712,0.5006914240944873,0.0008146484593161,2.5761446237859364,True,False,0.0087906210683286,0,False,randomized-product-orthant-beta-exact
Bernoulli(0.5),0.5,0.25,1000,2,Randomized Gaffke,product_orthant_randomized,0.4837826492238283,0.5659760496152495,0.0821934003914212,2.599183538710662,True,False,4.580593667924404e-05,0,False,randomized-product-orthant-beta-exact
Bernoulli(0.5),0.5,0.25,10000,2,Randomized Gaffke,product_orthant_randomized,0.4955711316230747,0.5214207403936562,0.0258496087705814,2.584960877058146,True,False,1.2282980605959892e-05,0,False,randomized-product-orthant-beta-exact
Bernoulli(0.5),0.5,0.25,100000,2,Randomized Gaffke,product_orthant_randomized,0.4960223295593931,0.5041776609113595,0.0081553313519663,2.57894221455941,True,False,7.567298598587513e-05,0,False,randomized-product-orthant-beta-exact
Bernoulli(0.5),0.5,0.25,1000000,2,Randomized Gaffke,product_orthant_randomized,0.4989155869452003,0.5014924111130568,0.0025768241678564,2.576824167856484,True,False,0.0007505670655518,0,False,randomized-product-orthant-beta-exact
Bernoulli(0.5),0.5,0.25,10000000,2,Randomized Gaffke,product_orthant_randomized,0.4995336757355144,0.500348324320623,0.0008146485851086,2.576145021576885,True,False,0.0091311731375753,0,False,randomized-product-orthant-beta-exact
"Uniform(0,1)",0.5,0.0833333333333333,1000,0,Randomized Gaffke,product_orthant_randomized,0.4650418633036956,0.5131131789339763,0.0480713156302807,1.5201484751253975,True,False,4.787999205291271e-05,0,False,randomized-product-orthant-bspline-exact
"Uniform(0,1)",0.5,0.0833333333333333,10000,0,Randomized Gaffke,product_orthant_randomized,0.490023865044985,0.5048546289588138,0.0148307639138288,1.4830763913828815,True,False,1.343502663075924e-05,0,False,randomized-product-orthant-cornish-fisher-moments
"Uniform(0,1)",0.5,0.0833333333333333,100000,0,Randomized Gaffke,product_orthant_randomized,0.4980501977701079,0.5027611779407392,0.0047109801706312,1.4897427351083463,True,False,0.0001041160430759,0,False,randomized-product-orthant-cornish-fisher-moments
"Uniform(0,1)",0.5,0.0833333333333333,1000000,0,Randomized Gaffke,product_orthant_randomized,0.4996201698578963,0.5011085236553016,0.0014883537974052,1.4883537974052508,True,False,0.0008682189509272,0,False,randomized-product-orthant-cornish-fisher-moments
"Uniform(0,1)",0.5,0.0833333333333333,10000000,0,Randomized Gaffke,product_orthant_randomized,0.4998234711887973,0.5002938835898381,0.0004704124010407,1.48757462687745,True,False,0.0093362310435622,0,False,randomized-product-orthant-cornish-fisher-moments
"Uniform(0,1)",0.5,0.0833333333333333,1000,1,Randomized Gaffke,product_orthant_randomized,0.46148301924016,0.5093044747661583,0.0478214555259982,1.5122472048659998,True,False,4.962296225130558e-05,0,False,randomized-product-orthant-bspline-exact
"Uniform(0,1)",0.5,0.0833333333333333,10000,1,Randomized Gaffke,product_orthant_randomized,0.4898204321988486,0.5048718725666752,0.0150514403678266,1.505144036782663,True,False,1.329486258327961e-05,0,False,randomized-product-orthant-cornish-fisher-moments
"Uniform(0,1)",0.5,0.0833333333333333,100000,1,Randomized Gaffke,product_orthant_randomized,0.4970588569864246,0.5017626801026444,0.0047038231162197,1.4874794757805334,True,False,9.914697147905828e-05,0,False,randomized-product-orthant-cornish-fisher-moments
"Uniform(0,1)",0.5,0.0833333333333333,1000000,1,Randomized Gaffke,product_orthant_randomized,0.4990326348022494,0.5005209170210808,0.0014882822188314,1.4882822188314049,True,False,0.0008739300537854,0,False,randomized-product-orthant-cornish-fisher-moments
"Uniform(0,1)",0.5,0.0833333333333333,10000000,1,Randomized Gaffke,product_orthant_randomized,0.4997158385504989,0.5001862359593735,0.0004703974088746,1.487527217485277,True,False,0.0089317380916327,0,False,randomized-product-orthant-cornish-fisher-moments
"Uniform(0,1)",0.5,0.0833333333333333,1000,2,Randomized Gaffke,product_orthant_randomized,0.4748526388591457,0.5231649734376411,0.0483123345784954,1.527770163481564,True,False,4.629790782928467e-05,0,False,randomized-product-orthant-bspline-exact
"Uniform(0,1)",0.5,0.0833333333333333,10000,2,Randomized Gaffke,product_orthant_randomized,0.4957369338640223,0.5107461894949026,0.0150092556308802,1.5009255630880292,True,False,1.3344921171665192e-05,0,False,randomized-product-orthant-cornish-fisher-moments
"Uniform(0,1)",0.5,0.0833333333333333,100000,2,Randomized Gaffke,product_orthant_randomized,0.499532634497131,0.5042463489500918,0.0047137144529608,1.4906073911010802,True,False,0.00010741292499,0,False,randomized-product-orthant-cornish-fisher-moments
"Uniform(0,1)",0.5,0.0833333333333333,1000000,2,Randomized Gaffke,product_orthant_randomized,0.4991456013239483,0.5006342740221277,0.0014886726981793,1.488672698179372,True,False,0.0008953600190579,0,False,randomized-product-orthant-cornish-fisher-moments
"Uniform(0,1)",0.5,0.0833333333333333,10000000,2,Randomized Gaffke,product_orthant_randomized,0.4997590563387801,0.5002293650722647,0.0004703087334845,1.4872468012803757,True,False,0.009381545940414,0,False,randomized-product-orthant-cornish-fisher-moments
"Beta(0.5,0.5)",0.5,0.125,1000,0,Randomized Gaffke,product_orthant_randomized,0.460709915629452,0.519872297797438,0.059162382167986,1.870878794521663,True,False,4.751002416014671e-05,0,False,randomized-product-orthant-bspline-exact
"Beta(0.5,0.5)",0.5,0.125,10000,0,Randomized Gaffke,product_orthant_randomized,0.4946454717679269,0.5130025165239996,0.0183570447560727,1.835704475607275,True,False,1.3334909453988075e-05,0,False,randomized-product-orthant-cornish-fisher-moments
"Beta(0.5,0.5)",0.5,0.125,100000,0,Randomized Gaffke,product_orthant_randomized,0.4986048719510194,0.5043809574668479,0.0057760855158284,1.8265586189926544,True,False,9.454786777496338e-05,0,False,randomized-product-orthant-cornish-fisher-moments
"Beta(0.5,0.5)",0.5,0.125,1000000,0,Randomized Gaffke,product_orthant_randomized,0.4992257743529356,0.5010478100208479,0.0018220356679122,1.8220356679122809,True,False,0.0008141768630594,0,False,randomized-product-orthant-cornish-fisher-moments
"Beta(0.5,0.5)",0.5,0.125,10000000,0,Randomized Gaffke,product_orthant_randomized,0.4998279159786135,0.5004040047181861,0.0005760887395726,1.821752551425168,True,False,0.0086961328051984,0,False,randomized-product-orthant-cornish-fisher-moments
"Beta(0.5,0.5)",0.5,0.125,1000,1,Randomized Gaffke,product_orthant_randomized,0.4680117469582194,0.5272116022811973,0.0591998553229779,1.8720637997305327,True,False,5.112611688673496e-05,0,False,randomized-product-orthant-bspline-exact
"Beta(0.5,0.5)",0.5,0.125,10000,1,Randomized Gaffke,product_orthant_randomized,0.4941322055443141,0.5122880844546629,0.0181558789103488,1.815587891034881,True,False,1.1772150173783302e-05,0,False,randomized-product-orthant-cornish-fisher-moments
"Beta(0.5,0.5)",0.5,0.125,100000,1,Randomized Gaffke,product_orthant_randomized,0.4985126121363905,0.5042850871433152,0.0057724750069247,1.825416875827841,True,False,9.97479073703289e-05,0,False,randomized-product-orthant-cornish-fisher-moments
"Beta(0.5,0.5)",0.5,0.125,1000000,1,Randomized Gaffke,product_orthant_randomized,0.4990583204750453,0.5008805356824741,0.0018222152074288,1.822215207428868,True,False,0.0008439621888101,0,False,randomized-product-orthant-cornish-fisher-moments
"Beta(0.5,0.5)",0.5,0.125,10000000,1,Randomized Gaffke,product_orthant_randomized,0.499578744389566,0.5001547872428372,0.0005760428532712,1.8216074461992635,True,False,0.009211546042934,0,False,randomized-product-orthant-cornish-fisher-moments
"Beta(0.5,0.5)",0.5,0.125,1000,2,Randomized Gaffke,product_orthant_randomized,0.4618441552613881,0.5205885905450414,0.0587444352836532,1.857662153567038,True,False,5.05747739225626e-05,0,False,randomized-product-orthant-bspline-exact
"Beta(0.5,0.5)",0.5,0.125,10000,2,Randomized Gaffke,product_orthant_randomized,0.4897757070340078,0.5080958833697081,0.0183201763357003,1.832017633570032,True,False,1.35861337184906e-05,0,False,randomized-product-orthant-cornish-fisher-moments
"Beta(0.5,0.5)",0.5,0.125,100000,2,Randomized Gaffke,product_orthant_randomized,0.498519328486002,0.5042913006421971,0.005771972156195,1.8252578604649583,True,False,0.0001047181431204,0,False,randomized-product-orthant-cornish-fisher-moments
"Beta(0.5,0.5)",0.5,0.125,1000000,2,Randomized Gaffke,product_orthant_randomized,0.4995941620886916,0.5014172290049799,0.0018230669162882,1.823066916288252,True,False,0.0008832470048218,0,False,randomized-product-orthant-cornish-fisher-moments
"Beta(0.5,0.5)",0.5,0.125,10000000,2,Randomized Gaffke,product_orthant_randomized,0.4997604907587756,0.5003365832923097,0.000576092533534,1.8217645489846188,True,False,0.008717383025214,0,False,randomized-product-orthant-cornish-fisher-moments
Bernoulli(0.1),0.1,0.09,1000,0,Randomized Gaffke,product_orthant_randomized,0.0743644467667231,0.1235677540426846,0.0492033072759615,1.5559451940517337,True,False,4.601688124239445e-05,0,False,randomized-product-orthant-beta-exact
Bernoulli(0.1),0.1,0.09,10000,0,Randomized Gaffke,product_orthant_randomized,0.0910635872536822,0.1065216202895018,0.0154580330358196,1.545803303581965,True,False,1.2484146282076836e-05,0,False,randomized-product-orthant-beta-exact
Bernoulli(0.1),0.1,0.09,100000,0,Randomized Gaffke,product_orthant_randomized,0.0975803299892231,0.1024778292593738,0.0048974992701507,1.5487252532688744,True,False,6.850901991128922e-05,0,False,randomized-product-orthant-beta-exact
Bernoulli(0.1),0.1,0.09,1000000,0,Randomized Gaffke,product_orthant_randomized,0.0991449446946766,0.1006908648072885,0.0015459201126118,1.5459201126118982,True,False,0.0006795828230679,0,False,randomized-product-orthant-beta-exact
Bernoulli(0.1),0.1,0.09,10000000,0,Randomized Gaffke,product_orthant_randomized,0.0997431893902612,0.1002319912580463,0.0004888018677851,1.545727226745678,True,False,0.0085931681096553,0,False,randomized-product-orthant-beta-exact
Bernoulli(0.1),0.1,0.09,1000,1,Randomized Gaffke,product_orthant_randomized,0.0673137590580371,0.1147006038288749,0.0473868447708378,1.4985036060468722,True,False,4.509487189352512e-05,0,False,randomized-product-orthant-beta-exact
Bernoulli(0.1),0.1,0.09,10000,1,Randomized Gaffke,product_orthant_randomized,0.0927041813027041,0.1082793692330037,0.0155751879302996,1.5575187930299648,True,False,1.1151190847158432e-05,0,False,randomized-product-orthant-beta-exact
Bernoulli(0.1),0.1,0.09,100000,1,Randomized Gaffke,product_orthant_randomized,0.0975605481490044,0.1024576130171924,0.004897064868188,1.5485878833066544,True,False,6.333901546895504e-05,0,False,randomized-product-orthant-beta-exact
Bernoulli(0.1),0.1,0.09,1000000,1,Randomized Gaffke,product_orthant_randomized,0.0992176935511798,0.1007641152545859,0.0015464217034061,1.546421703406145,True,False,0.0005530638154596,0,False,randomized-product-orthant-beta-exact
Bernoulli(0.1),0.1,0.09,10000000,1,Randomized Gaffke,product_orthant_randomized,0.0998592631741204,0.1003483173635563,0.0004890541894359,1.5465251378649456,True,False,0.0085305599495768,0,False,randomized-product-orthant-beta-exact
Bernoulli(0.1),0.1,0.09,1000,2,Randomized Gaffke,product_orthant_randomized,0.0725968468040245,0.1213558303831692,0.0487589835791447,1.5418944450484615,True,False,4.516518674790859e-05,0,False,randomized-product-orthant-beta-exact
Bernoulli(0.1),0.1,0.09,10000,2,Randomized Gaffke,product_orthant_randomized,0.0972434673736499,0.1131355065371927,0.0158920391635428,1.5892039163542828,True,False,1.2303004041314123e-05,0,False,randomized-product-orthant-beta-exact
Bernoulli(0.1),0.1,0.09,100000,2,Randomized Gaffke,product_orthant_randomized,0.0957803070713268,0.1006380266954395,0.0048577196241127,1.5361458246693225,True,False,6.195693276822567e-05,0,False,randomized-product-orthant-beta-exact
Bernoulli(0.1),0.1,0.09,1000000,2,Randomized Gaffke,product_orthant_randomized,0.0993492397513485,0.100896567795536,0.0015473280441875,1.5473280441875152,True,False,0.0005399188958108,0,False,randomized-product-orthant-beta-exact
Bernoulli(0.1),0.1,0.09,10000000,2,Randomized Gaffke,product_orthant_randomized,0.0996935434053586,0.1001822372902668,0.0004886938849082,1.5453857549063197,True,False,0.0085956130642443,0,False,randomized-product-orthant-beta-exact
"Beta(50,50)",0.5,0.0024752475247524,1000,0,Randomized Gaffke,product_orthant_randomized,0.4944294716632196,0.5041652117028101,0.0097357400395905,0.3078711323240399,True,False,5.232798866927624e-05,0,False,randomized-product-orthant-bspline-exact
"Beta(50,50)",0.5,0.0024752475247524,10000,0,Randomized Gaffke,product_orthant_randomized,0.4992269090209382,0.5019172985889463,0.0026903895680081,0.26903895680081,True,False,1.25030055642128e-05,0,False,randomized-product-orthant-cornish-fisher-moments
"Beta(50,50)",0.5,0.0024752475247524,100000,0,Randomized Gaffke,product_orthant_randomized,0.4998621465785065,0.500683743693663,0.0008215971151564,0.259811820291802,True,False,0.0001003900542855,0,False,randomized-product-orthant-cornish-fisher-moments
"Beta(50,50)",0.5,0.0024752475247524,1000000,0,Randomized Gaffke,product_orthant_randomized,0.4999132454972482,0.5001708419617016,0.0002575964644533,0.2575964644533912,True,False,0.0008468281012028,0,False,randomized-product-orthant-cornish-fisher-moments
"Beta(50,50)",0.5,0.0024752475247524,10000000,0,Randomized Gaffke,product_orthant_randomized,0.499958648150989,0.5000398183000336,8.117014904462927e-05,0.2566825489963689,True,False,0.0093495161272585,0,False,randomized-product-orthant-cornish-fisher-moments
"Beta(50,50)",0.5,0.0024752475247524,1000,1,Randomized Gaffke,product_orthant_randomized,0.4963839235226405,0.5059411537879607,0.0095572302653201,0.3022261576110712,True,False,4.807021468877792e-05,0,False,randomized-product-orthant-bspline-exact
"Beta(50,50)",0.5,0.0024752475247524,10000,1,Randomized Gaffke,product_orthant_randomized,0.4994294749346316,0.5021109597118251,0.0026814847771934,0.2681484777193488,True,False,1.3566110283136368e-05,0,False,randomized-product-orthant-cornish-fisher-moments
"Beta(50,50)",0.5,0.0024752475247524,100000,1,Randomized Gaffke,product_orthant_randomized,0.4994077783178188,0.5002298861516181,0.0008221078337993,0.259973323707302,True,False,0.00010706204921,0,False,randomized-product-orthant-cornish-fisher-moments
"Beta(50,50)",0.5,0.0024752475247524,1000000,1,Randomized Gaffke,product_orthant_randomized,0.499860177769458,0.5001176138177584,0.0002574360483004,0.257436048300419,True,False,0.0008883769623935,0,False,randomized-product-orthant-cornish-fisher-moments
"Beta(50,50)",0.5,0.0024752475247524,10000000,1,Randomized Gaffke,product_orthant_randomized,0.499952261362121,0.500033404263329,8.114290120797563e-05,0.2565963837712311,True,False,0.0089611730072647,0,False,randomized-product-orthant-cornish-fisher-moments
"Beta(50,50)",0.5,0.0024752475247524,1000,2,Randomized Gaffke,product_orthant_randomized,0.4934741457939876,0.5032848152458405,0.0098106694518528,0.3102406083889072,True,False,4.7298846766352654e-05,0,False,randomized-product-orthant-bspline-exact
"Beta(50,50)",0.5,0.0024752475247524,10000,2,Randomized Gaffke,product_orthant_randomized,0.4983842647443379,0.5010587600840793,0.0026744953397414,0.2674495339741456,True,False,1.2323027476668358e-05,0,False,randomized-product-orthant-cornish-fisher-moments
"Beta(50,50)",0.5,0.0024752475247524,100000,2,Randomized Gaffke,product_orthant_randomized,0.4994653211326086,0.500285653874369,0.0008203327417603,0.2594119903173446,True,False,0.0001028438564389,0,False,randomized-product-orthant-cornish-fisher-moments
"Beta(50,50)",0.5,0.0024752475247524,1000000,2,Randomized Gaffke,product_orthant_randomized,0.4998949247230639,0.500152268642442,0.000257343919378,0.2573439193780946,True,False,0.0008430508896708,0,False,randomized-product-orthant-cornish-fisher-moments
"Beta(50,50)",0.5,0.0024752475247524,10000000,2,Randomized Gaffke,product_orthant_randomized,0.4999680852028214,0.5000492274427244,8.114223990302039e-05,0.2565942925413446,True,False,0.0094040378462523,0,False,randomized-product-orthant-cornish-fisher-moments
"Beta(20,80)",0.2,0.0015841584158415,1000,0,Randomized Gaffke,product_orthant_randomized,0.1960033802492519,0.2047490894721295,0.0087457092228776,0.2765636089783455,True,False,4.810094833374024e-05,0,False,randomized-product-orthant-bspline-exact
"Beta(20,80)",0.2,0.0015841584158415,10000,0,Randomized Gaffke,product_orthant_randomized,0.1982841995679589,0.2004710565096639,0.002186856941705,0.2186856941705006,True,False,1.3215001672506332e-05,0,False,randomized-product-orthant-cornish-fisher-moments
"Beta(20,80)",0.2,0.0015841584158415,100000,0,Randomized Gaffke,product_orthant_randomized,0.1995894025524225,0.2002490509274137,0.0006596483749912,0.2085991319801188,True,False,9.638210758566856e-05,0,False,randomized-product-orthant-cornish-fisher-moments
"Beta(20,80)",0.2,0.0015841584158415,1000000,0,Randomized Gaffke,product_orthant_randomized,0.199881091213427,0.2000871230770357,0.0002060318636086,0.2060318636086799,True,False,0.0008912119083106,0,False,randomized-product-orthant-cornish-fisher-moments
"Beta(20,80)",0.2,0.0015841584158415,10000000,0,Randomized Gaffke,product_orthant_randomized,0.1999693300105606,0.2000342425140566,6.491250349605071e-05,0.205271359671163,True,False,0.0088382009416818,0,False,randomized-product-orthant-cornish-fisher-moments
"Beta(20,80)",0.2,0.0015841584158415,1000,1,Randomized Gaffke,product_orthant_randomized,0.1977672815891798,0.2063990040959926,0.0086317225068128,0.2729590325206688,True,False,4.6106986701488495e-05,0,False,randomized-product-orthant-bspline-exact
"Beta(20,80)",0.2,0.0015841584158415,10000,1,Randomized Gaffke,product_orthant_randomized,0.2003415444309876,0.2025186281051578,0.0021770836741702,0.2177083674170271,False,False,1.226295717060566e-05,0,False,randomized-product-orthant-cornish-fisher-moments
"Beta(20,80)",0.2,0.0015841584158415,100000,1,Randomized Gaffke,product_orthant_randomized,0.1997828648033102,0.2004427161616555,0.0006598513583453,0.2086633209527236,True,False,0.0001026128884404,0,False,randomized-product-orthant-cornish-fisher-moments
"Beta(20,80)",0.2,0.0015841584158415,1000000,1,Randomized Gaffke,product_orthant_randomized,0.1999187356875355,0.2001249211748137,0.0002061854872782,0.2061854872782431,True,False,0.0008555951062589,0,False,randomized-product-orthant-cornish-fisher-moments
"Beta(20,80)",0.2,0.0015841584158415,10000000,1,Randomized Gaffke,product_orthant_randomized,0.1999895141109339,0.2000544542548008,6.49401438669317e-05,0.2053587661985187,True,False,0.0090215671807527,0,False,randomized-product-orthant-cornish-fisher-moments
"Beta(20,80)",0.2,0.0015841584158415,1000,2,Randomized Gaffke,product_orthant_randomized,0.1985440105961952,0.2073156401133173,0.0087716295171221,0.2773832806526902,True,False,5.088583566248417e-05,0,False,randomized-product-orthant-bspline-exact
"Beta(20,80)",0.2,0.0015841584158415,10000,2,Randomized Gaffke,product_orthant_randomized,0.1988593765290009,0.2010291935258381,0.0021698169968372,0.2169816996837242,True,False,1.3805925846099854e-05,0,False,randomized-product-orthant-cornish-fisher-moments
"Beta(20,80)",0.2,0.0015841584158415,100000,2,Randomized Gaffke,product_orthant_randomized,0.1995722167309182,0.2002337133092211,0.0006614965783029,0.2091835851845137,True,False,0.0001033449079841,0,False,randomized-product-orthant-cornish-fisher-moments
"Beta(20,80)",0.2,0.0015841584158415,1000000,2,Randomized Gaffke,product_orthant_randomized,0.1999232325847773,0.2001293635434622,0.0002061309586849,0.2061309586849358,True,False,0.0008840078953653,0,False,randomized-product-orthant-cornish-fisher-moments
"Beta(20,80)",0.2,0.0015841584158415,10000000,2,Randomized Gaffke,product_orthant_randomized,0.1999731745794967,0.2000381077419651,6.493316246847236e-05,0.205336689078134,True,False,0.009232684969902,0,False,randomized-product-orthant-cornish-fisher-moments
"Uniform(0.45,0.55)",0.5,0.0008333333333333,1000,0,Randomized Gaffke,product_orthant_randomized,0.4963695921648004,0.5033882952698803,0.0070187031050798,0.2219508803254844,True,False,4.872190766036511e-05,0,False,randomized-product-orthant-bspline-exact
"Uniform(0.45,0.55)",0.5,0.0008333333333333,10000,0,Randomized Gaffke,product_orthant_randomized,0.4991607451377495,0.5007854519247982,0.0016247067870486,0.1624706787048679,True,False,1.3746088370680807e-05,0,False,randomized-product-orthant-cornish-fisher-moments
"Uniform(0.45,0.55)",0.5,0.0008333333333333,100000,0,Randomized Gaffke,product_orthant_randomized,0.4997823520048327,0.5002638244503749,0.0004814724455421,0.1522549558524726,True,False,9.37371514737606e-05,0,False,randomized-product-orthant-cornish-fisher-moments
"Uniform(0.45,0.55)",0.5,0.0008333333333333,1000000,0,Randomized Gaffke,product_orthant_randomized,0.499887982968996,0.5000376710807616,0.0001496881117655,0.1496881117655779,True,False,0.0008481009863317,0,False,randomized-product-orthant-cornish-fisher-moments
"Uniform(0.45,0.55)",0.5,0.0008333333333333,10000000,0,Randomized Gaffke,product_orthant_randomized,0.4999865820321354,0.5000337000765016,4.711804436619005e-05,0.1490003390900253,True,False,0.0095625380054116,0,False,randomized-product-orthant-cornish-fisher-moments
"Uniform(0.45,0.55)",0.5,0.0008333333333333,1000,1,Randomized Gaffke,product_orthant_randomized,0.4971689532320589,0.5041697819022973,0.0070008286702384,0.221385641065613,True,False,4.700897261500359e-05,0,False,randomized-product-orthant-bspline-exact
"Uniform(0.45,0.55)",0.5,0.0008333333333333,10000,1,Randomized Gaffke,product_orthant_randomized,0.499498521616848,0.5011197483602225,0.0016212267433745,0.1621226743374559,True,False,1.2693926692008972e-05,0,False,randomized-product-orthant-cornish-fisher-moments
"Uniform(0.45,0.55)",0.5,0.0008333333333333,100000,1,Randomized Gaffke,product_orthant_randomized,0.4998426388172789,0.5003240473599149,0.0004814085426359,0.152234747979189,True,False,0.0001003600191324,0,False,randomized-product-orthant-cornish-fisher-moments
"Uniform(0.45,0.55)",0.5,0.0008333333333333,1000000,1,Randomized Gaffke,product_orthant_randomized,0.4999664496289299,0.5001162115349418,0.0001497619060119,0.1497619060119026,True,False,0.0008590719662606,0,False,randomized-product-orthant-cornish-fisher-moments
"Uniform(0.45,0.55)",0.5,0.0008333333333333,10000000,1,Randomized Gaffke,product_orthant_randomized,0.4999743109889629,0.5000214310004689,4.712001150602996e-05,0.1490065597323955,True,False,0.0090655300300568,0,False,randomized-product-orthant-cornish-fisher-moments
"Uniform(0.45,0.55)",0.5,0.0008333333333333,1000,2,Randomized Gaffke,product_orthant_randomized,0.4966651011980459,0.5035310399109478,0.0068659387129019,0.2171200460789497,True,False,4.8250891268253326e-05,0,False,randomized-product-orthant-bspline-exact
"Uniform(0.45,0.55)",0.5,0.0008333333333333,10000,2,Randomized Gaffke,product_orthant_randomized,0.4995486747211194,0.5011519186085158,0.0016032438873964,0.160324388739641,True,False,1.3114884495735168e-05,0,False,randomized-product-orthant-cornish-fisher-moments
"Uniform(0.45,0.55)",0.5,0.0008333333333333,100000,2,Randomized Gaffke,product_orthant_randomized,0.4999216864160514,0.5004021643732508,0.0004804779571994,0.1519404710255033,True,False,9.848619811236858e-05,0,False,randomized-product-orthant-cornish-fisher-moments
"Uniform(0.45,0.55)",0.5,0.0008333333333333,1000000,2,Randomized Gaffke,product_orthant_randomized,0.4999248660395527,0.5000746430460521,0.0001497770064993,0.1497770064993742,True,False,0.0008887981530278,0,False,randomized-product-orthant-cornish-fisher-moments
"Uniform(0.45,0.55)",0.5,0.0008333333333333,10000000,2,Randomized Gaffke,product_orthant_randomized,0.4999705289874641,0.5000176565085811,4.712752111701857e-05,0.1490303072074613,True,False,0.0092746240552514,0,False,randomized-product-orthant-cornish-fisher-moments
