distribution,n,rep,method,width,sqrt_n_width
"Beta(2,2)",10,0,Gaffke,0.4770730936312877,1.5086375862576389
"Beta(2,2)",50,0,Gaffke,0.170524995272862,1.2057938051924475
"Beta(2,2)",100,0,Gaffke,0.1234726910479513,1.2347269104795138
"Beta(2,2)",500,0,Gaffke,0.0554290666979289,1.2394316106593897
"Beta(2,2)",10,1,Gaffke,0.4544671551901709,1.4371513321381535
"Beta(2,2)",50,1,Gaffke,0.192448063160204,1.3608133048679731
"Beta(2,2)",100,1,Gaffke,0.1369913348995241,1.3699133489952415
"Beta(2,2)",500,1,Gaffke,0.0532025352456992,1.189644853847121
"Beta(2,2)",10,2,Gaffke,0.4469472216896543,1.413371214423518
"Beta(2,2)",50,2,Gaffke,0.1787119012027294,1.263683972191903
"Beta(2,2)",100,2,Gaffke,0.1242436999580781,1.242436999580781
"Beta(2,2)",500,2,Gaffke,0.0528344662996021,1.1814145820083215
"Beta(2,2)",10,3,Gaffke,0.4550157107888876,1.4388860172533358
"Beta(2,2)",50,3,Gaffke,0.170751072329753,1.20739241139243
"Beta(2,2)",100,3,Gaffke,0.1188365914305873,1.1883659143058738
"Beta(2,2)",500,3,Gaffke,0.0532895670551049,1.1915909442674797
"Beta(2,2)",10,4,Gaffke,0.4491164381399887,1.4202308791444802
"Beta(2,2)",50,4,Gaffke,0.1829606230540796,1.2937269725165552
"Beta(2,2)",100,4,Gaffke,0.1228640854414616,1.228640854414616
"Beta(2,2)",500,4,Gaffke,0.05263700154088,1.1769991357716891
"Beta(2,2)",10,5,Gaffke,0.5223287737060266,1.6517486123537128
"Beta(2,2)",50,5,Gaffke,0.2063388696561212,1.4590361395621043
"Beta(2,2)",100,5,Gaffke,0.1266951196607467,1.2669511966074676
"Beta(2,2)",500,5,Gaffke,0.0544229567665506,1.2169343086653948
"Beta(2,2)",10,6,Gaffke,0.4747253909820403,1.5012134986172057
"Beta(2,2)",50,6,Gaffke,0.1772785935793235,1.2535489567915366
"Beta(2,2)",100,6,Gaffke,0.1248296662965814,1.248296662965815
"Beta(2,2)",500,6,Gaffke,0.053149281345333,1.1884540604342626
"Beta(2,2)",10,7,Gaffke,0.4337540426370508,1.3716507190388687
"Beta(2,2)",50,7,Gaffke,0.184781626017639,1.3066034079574915
"Beta(2,2)",100,7,Gaffke,0.1268309018839322,1.268309018839322
"Beta(2,2)",500,7,Gaffke,0.0501342836112975,1.121036661581149
"Beta(2,2)",10,8,Gaffke,0.4732008034961804,1.4963923296696984
"Beta(2,2)",50,8,Gaffke,0.1700187581203601,1.2022141679582206
"Beta(2,2)",100,8,Gaffke,0.1209394316070478,1.2093943160704783
"Beta(2,2)",500,8,Gaffke,0.0547951702621659,1.2252572554487795
"Beta(2,2)",10,9,Gaffke,0.4559241868504247,1.4417588708075322
"Beta(2,2)",50,9,Gaffke,0.1865347864767436,1.3190001244489011
"Beta(2,2)",100,9,Gaffke,0.1234473016304318,1.2344730163043187
"Beta(2,2)",500,9,Gaffke,0.0533691671449348,1.193370856386228
"Beta(2,2)",10,10,Gaffke,0.4671346178366721,1.4772093662762016
"Beta(2,2)",50,10,Gaffke,0.1874170923336617,1.3252389689939752
"Beta(2,2)",100,10,Gaffke,0.1227414655274337,1.227414655274337
"Beta(2,2)",500,10,Gaffke,0.0533813804631549,1.1936439544839377
"Beta(2,2)",10,11,Gaffke,0.4528503763826013,1.4320386286335425
"Beta(2,2)",50,11,Gaffke,0.1760840113416807,1.245101984782314
"Beta(2,2)",100,11,Gaffke,0.1229427288782374,1.2294272887823745
"Beta(2,2)",500,11,Gaffke,0.0546454440933633,1.2219092765342483
"Beta(2,2)",10,12,Gaffke,0.5321437723215123,1.6827863632100468
"Beta(2,2)",50,12,Gaffke,0.2011305119043751,1.422207488711053
"Beta(2,2)",100,12,Gaffke,0.132461614433726,1.3246161443372602
"Beta(2,2)",500,12,Gaffke,0.0539545865349688,1.2064612319008512
"Beta(2,2)",10,13,Gaffke,0.4675473235030808,1.478514456185311
"Beta(2,2)",50,13,Gaffke,0.174494317887513,1.2338611545678158
"Beta(2,2)",100,13,Gaffke,0.1181340073049614,1.1813400730496149
"Beta(2,2)",500,13,Gaffke,0.0536469183590085,1.1995815623412456
"Beta(2,2)",10,14,Gaffke,0.4576732994436169,1.447290050486103
"Beta(2,2)",50,14,Gaffke,0.1956975439122628,1.383790603619132
"Beta(2,2)",100,14,Gaffke,0.1294259703075121,1.294259703075122
"Beta(2,2)",500,14,Gaffke,0.0540077334428127,1.2076496328881816
"Beta(2,2)",10,15,Gaffke,0.4739673811213554,1.4988164609685746
"Beta(2,2)",50,15,Gaffke,0.1896525891002731,1.3410463182238903
"Beta(2,2)",100,15,Gaffke,0.1231636263879865,1.231636263879865
"Beta(2,2)",500,15,Gaffke,0.0524773465613708,1.1734291419004013
"Beta(2,2)",10,16,Gaffke,0.4468248133174995,1.4129841251628354
"Beta(2,2)",50,16,Gaffke,0.1739578813438652,1.230067975390919
"Beta(2,2)",100,16,Gaffke,0.1282361525600241,1.282361525600242
"Beta(2,2)",500,16,Gaffke,0.0531431274431079,1.1883164549972398
"Beta(2,2)",10,17,Gaffke,0.4953794582635473,1.5665273941731297
"Beta(2,2)",50,17,Gaffke,0.1870202934077078,1.3224331768808797
"Beta(2,2)",100,17,Gaffke,0.1247867193966619,1.2478671939666195
"Beta(2,2)",500,17,Gaffke,0.0531447539304472,1.188352824359791
"Beta(2,2)",10,18,Gaffke,0.5068750558972024,1.6028796657603217
"Beta(2,2)",50,18,Gaffke,0.2133452231716363,1.5085785403842138
"Beta(2,2)",100,18,Gaffke,0.1364903442379593,1.364903442379593
"Beta(2,2)",500,18,Gaffke,0.0536957691883244,1.2006739000923223
"Beta(2,2)",10,19,Gaffke,0.531672808493137,1.6812970448168283
"Beta(2,2)",50,19,Gaffke,0.2055837350292412,1.4536965314083483
"Beta(2,2)",100,19,Gaffke,0.1406717981215914,1.4067179812159147
"Beta(2,2)",500,19,Gaffke,0.0569245306853065,1.2728712019961816
"Beta(2,2)",10,20,Gaffke,0.4591596686107993,1.451990362498247
"Beta(2,2)",50,20,Gaffke,0.1749807675618188,1.2373008732018913
"Beta(2,2)",100,20,Gaffke,0.1298475722382387,1.298475722382388
"Beta(2,2)",500,20,Gaffke,0.0524593407496152,1.173026519709644
"Beta(2,2)",10,21,Gaffke,0.4636613244956225,1.4662258483365889
"Beta(2,2)",50,21,Gaffke,0.1772391959201263,1.2532703732717243
"Beta(2,2)",100,21,Gaffke,0.1188803103495547,1.1888031034955475
"Beta(2,2)",500,21,Gaffke,0.053695575635432,1.2006695721180762
"Beta(2,2)",10,22,Gaffke,0.4597462423957935,1.453845271674575
"Beta(2,2)",50,22,Gaffke,0.171522076945771,1.212844237315555
"Beta(2,2)",100,22,Gaffke,0.1164144183664049,1.1641441836640498
"Beta(2,2)",500,22,Gaffke,0.0535624892342572,1.197693669718998
"Beta(2,2)",10,23,Gaffke,0.5154209071581235,1.6299040202898545
"Beta(2,2)",50,23,Gaffke,0.1747042554640838,1.235345637408006
"Beta(2,2)",100,23,Gaffke,0.1242077796677563,1.2420777966775636
"Beta(2,2)",500,23,Gaffke,0.0534531629136557,1.1952490588730489
"Beta(2,2)",10,24,Gaffke,0.4653905610045501,1.4716941743179182
"Beta(2,2)",50,24,Gaffke,0.1780925896372849,1.2593047781159727
"Beta(2,2)",100,24,Gaffke,0.1207212829024945,1.2072128290249458
"Beta(2,2)",500,24,Gaffke,0.0531411804820528,1.188272919624551
"Beta(2,2)",10,25,Gaffke,0.4564787628637021,1.4435125941451843
"Beta(2,2)",50,25,Gaffke,0.1828769749350642,1.2931354909946624
"Beta(2,2)",100,25,Gaffke,0.1285343270579844,1.2853432705798444
"Beta(2,2)",500,25,Gaffke,0.0537262927306553,1.2013564272479824
"Beta(2,2)",10,26,Gaffke,0.5265926074095993,1.6652320384211938
"Beta(2,2)",50,26,Gaffke,0.191705350281485,1.3555615317378047
"Beta(2,2)",100,26,Gaffke,0.1334395655081198,1.334395655081198
"Beta(2,2)",500,26,Gaffke,0.0568291205411776,1.270737766316029
"Beta(2,2)",10,27,Gaffke,0.4515244959104411,1.4278458264363767
"Beta(2,2)",50,27,Gaffke,0.1703488410867709,1.204548206997253
"Beta(2,2)",100,27,Gaffke,0.1230401441368168,1.230401441368168
"Beta(2,2)",500,27,Gaffke,0.0554581955088521,1.24008295067267
"Beta(2,2)",10,28,Gaffke,0.4965196349682966,1.570132949495203
"Beta(2,2)",50,28,Gaffke,0.188680244766194,1.3341708055011336
"Beta(2,2)",100,28,Gaffke,0.1345898239702376,1.3458982397023769
"Beta(2,2)",500,28,Gaffke,0.0537328277576714,1.20150255489441
"Beta(2,2)",10,29,Gaffke,0.4955079037238641,1.56693357438284
"Beta(2,2)",50,29,Gaffke,0.1791488521592648,1.266773682036024
"Beta(2,2)",100,29,Gaffke,0.1270275609686835,1.270275609686835
"Beta(2,2)",500,29,Gaffke,0.0530536542634024,1.1863157738773935
"Beta(2,2)",10,30,Gaffke,0.486086236582262,1.537139646859409
"Beta(2,2)",50,30,Gaffke,0.1832768549502236,1.2959630696984643
"Beta(2,2)",100,30,Gaffke,0.1218642215789209,1.2186422157892092
"Beta(2,2)",500,30,Gaffke,0.051694988095731,1.15593507478097
"Beta(2,2)",10,31,Gaffke,0.4854704262249174,1.5351922835234777
"Beta(2,2)",50,31,Gaffke,0.1947782942754476,1.377290527101179
"Beta(2,2)",100,31,Gaffke,0.1316214193228372,1.3162141932283729
"Beta(2,2)",500,31,Gaffke,0.0537834326497115,1.202634114680366
"Beta(2,2)",10,32,Gaffke,0.4747286476228725,1.5012237970197564
"Beta(2,2)",50,32,Gaffke,0.1845059899787881,1.3046543668353825
"Beta(2,2)",100,32,Gaffke,0.1263868881776711,1.2638688817767112
"Beta(2,2)",500,32,Gaffke,0.0524077876839887,1.171873758117751
"Beta(2,2)",10,33,Gaffke,0.4488763786158287,1.4194717442741185
"Beta(2,2)",50,33,Gaffke,0.1721911053919778,1.21757498282675
"Beta(2,2)",100,33,Gaffke,0.1193621497914823,1.193621497914823
"Beta(2,2)",500,33,Gaffke,0.0534565023689276,1.1953237313630083
"Beta(2,2)",10,34,Gaffke,0.493529328753592,1.5606767709553802
"Beta(2,2)",50,34,Gaffke,0.1854865839851857,1.3115882135505292
"Beta(2,2)",100,34,Gaffke,0.124942904458821,1.2494290445882106
"Beta(2,2)",500,34,Gaffke,0.0550681224865494,1.2313606527320924
"Beta(2,2)",10,35,Gaffke,0.4707290512428628,1.4885759627375617
"Beta(2,2)",50,35,Gaffke,0.1835483204632323,1.297882620749531
"Beta(2,2)",100,35,Gaffke,0.1319285281161951,1.3192852811619509
"Beta(2,2)",500,35,Gaffke,0.0543104552573362,1.2144186984436467
"Beta(2,2)",10,36,Gaffke,0.5053192030156668,1.5979596269505332
"Beta(2,2)",50,36,Gaffke,0.1713288828069206,1.2114781484588886
"Beta(2,2)",100,36,Gaffke,0.1197669187035634,1.1976691870356349
"Beta(2,2)",500,36,Gaffke,0.0534226433049975,1.1945666196769849
"Beta(2,2)",10,37,Gaffke,0.4430500352066894,1.401047228670928
"Beta(2,2)",50,37,Gaffke,0.165297745439062,1.1688315671480844
"Beta(2,2)",100,37,Gaffke,0.1258872181167257,1.2588721811672576
"Beta(2,2)",500,37,Gaffke,0.052860236762062,1.181990827067042
"Beta(2,2)",10,38,Gaffke,0.4561920734514008,1.4426060026212573
"Beta(2,2)",50,38,Gaffke,0.1848997890027224,1.3074389464378684
"Beta(2,2)",100,38,Gaffke,0.1251642859080693,1.2516428590806938
"Beta(2,2)",500,38,Gaffke,0.0537779802293089,1.2025121948537445
"Beta(2,2)",10,39,Gaffke,0.4510124412746536,1.4262265675008403
"Beta(2,2)",50,39,Gaffke,0.1683037800394694,1.1900874416523797
"Beta(2,2)",100,39,Gaffke,0.1264648675503715,1.2646486755037156
"Beta(2,2)",500,39,Gaffke,0.054250394722509,1.2130757040572615
"Beta(2,2)",10,40,Gaffke,0.4314445263320852,1.3643473872218814
"Beta(2,2)",50,40,Gaffke,0.1828503012064715,1.2929468792509875
"Beta(2,2)",100,40,Gaffke,0.1258897021311349,1.2588970213113493
"Beta(2,2)",500,40,Gaffke,0.053335048009828,1.1926079293319043
"Beta(2,2)",10,41,Gaffke,0.4531194114593321,1.43288939224649
"Beta(2,2)",50,41,Gaffke,0.1866870736384564,1.320076957296249
"Beta(2,2)",100,41,Gaffke,0.1243863721875285,1.243863721875285
"Beta(2,2)",500,41,Gaffke,0.051754290653763,1.1572611202909615
"Beta(2,2)",10,42,Gaffke,0.471808581606422,1.4919897374897182
"Beta(2,2)",50,42,Gaffke,0.1801615495217262,1.273934533758886
"Beta(2,2)",100,42,Gaffke,0.1233750346131535,1.2337503461315358
"Beta(2,2)",500,42,Gaffke,0.0532234566337453,1.1901126703056684
"Beta(2,2)",10,43,Gaffke,0.467944104590251,1.4797691881532464
"Beta(2,2)",50,43,Gaffke,0.1793961410850051,1.2685222787990578
"Beta(2,2)",100,43,Gaffke,0.1236490606268949,1.2364906062689491
"Beta(2,2)",500,43,Gaffke,0.0557406440942406,1.2463986930434436
"Beta(2,2)",10,44,Gaffke,0.4533317354852571,1.4335608197703895
"Beta(2,2)",50,44,Gaffke,0.1692150641666304,1.1965311935114116
"Beta(2,2)",100,44,Gaffke,0.1156305408402436,1.156305408402436
"Beta(2,2)",500,44,Gaffke,0.0522091084904078,1.1674311562921331
"Beta(2,2)",10,45,Gaffke,0.460475742805061,1.456152154521885
"Beta(2,2)",50,45,Gaffke,0.188660750602112,1.3340329609449744
"Beta(2,2)",100,45,Gaffke,0.1211587247362937,1.2115872473629374
"Beta(2,2)",500,45,Gaffke,0.0517861699725823,1.1579739635305266
"Beta(2,2)",10,46,Gaffke,0.4631050115262553,1.464466632261497
"Beta(2,2)",50,46,Gaffke,0.1844554960800042,1.3042973210529962
"Beta(2,2)",100,46,Gaffke,0.1233829019553863,1.2338290195538637
"Beta(2,2)",500,46,Gaffke,0.0518275319687517,1.1588988458817238
"Beta(2,2)",10,47,Gaffke,0.4612767128410927,1.458685044173292
"Beta(2,2)",50,47,Gaffke,0.1843952868029328,1.3038715771719214
"Beta(2,2)",100,47,Gaffke,0.123539980672822,1.23539980672822
"Beta(2,2)",500,47,Gaffke,0.0532697280214755,1.1911473299894473
"Beta(2,2)",10,48,Gaffke,0.4703294454144364,1.4873122981534554
"Beta(2,2)",50,48,Gaffke,0.2055816439884577,1.453681745517171
"Beta(2,2)",100,48,Gaffke,0.1327920452877254,1.327920452877254
"Beta(2,2)",500,48,Gaffke,0.0532025537390762,1.1896452673716007
"Beta(2,2)",10,49,Gaffke,0.4844859486921589,1.5320790922146978
"Beta(2,2)",50,49,Gaffke,0.1878224163495166,1.328105042595863
"Beta(2,2)",100,49,Gaffke,0.1186820476341736,1.1868204763417365
"Beta(2,2)",500,49,Gaffke,0.0539554916294229,1.2064814704281068
"Beta(1,5)",10,0,Gaffke,0.440646625370166,1.393446979436661
"Beta(1,5)",50,0,Gaffke,0.1326371420169561,0.9378862255739284
"Beta(1,5)",100,0,Gaffke,0.0865629723494337,0.8656297234943378
"Beta(1,5)",500,0,Gaffke,0.0344143498329383,0.7695282562790866
"Beta(1,5)",10,1,Gaffke,0.4288718954641464,1.3562120141003386
"Beta(1,5)",50,1,Gaffke,0.1348376497962936,0.9534461653021614
"Beta(1,5)",100,1,Gaffke,0.0851755518346775,0.8517555183467757
"Beta(1,5)",500,1,Gaffke,0.0335736768891578,0.7507302377877052
"Beta(1,5)",10,2,Gaffke,0.4344851586846283,1.3739627109831134
"Beta(1,5)",50,2,Gaffke,0.1360371818582071,0.9619281378544582
"Beta(1,5)",100,2,Gaffke,0.086381803569809,0.8638180356980907
"Beta(1,5)",500,2,Gaffke,0.0348241661222766,0.7786920270915592
"Beta(1,5)",10,3,Gaffke,0.4567667208795307,1.4444231973457058
"Beta(1,5)",50,3,Gaffke,0.1441514671119099,1.019304799128211
"Beta(1,5)",100,3,Gaffke,0.0925482731553902,0.9254827315539028
"Beta(1,5)",500,3,Gaffke,0.0353444747859589,0.7903264825043155
"Beta(1,5)",10,4,Gaffke,0.4299770065381416,1.3597066821616386
"Beta(1,5)",50,4,Gaffke,0.1453860228852403,1.0280344267189607
"Beta(1,5)",100,4,Gaffke,0.0903445815306788,0.9034458153067884
"Beta(1,5)",500,4,Gaffke,0.0347526316762645,0.7770924682514
"Beta(1,5)",10,5,Gaffke,0.4246192641731711,1.3427640131719545
"Beta(1,5)",50,5,Gaffke,0.13485804101316,0.9535903529793904
"Beta(1,5)",100,5,Gaffke,0.0822104687303831,0.8221046873038316
"Beta(1,5)",500,5,Gaffke,0.0319039045297543,0.7133929927619409
"Beta(1,5)",10,6,Gaffke,0.4348784857771019,1.3752065204607815
"Beta(1,5)",50,6,Gaffke,0.1274496886818476,0.9012053912704884
"Beta(1,5)",100,6,Gaffke,0.0883024442528286,0.8830244425282863
"Beta(1,5)",500,6,Gaffke,0.0364939815420953,0.8160302349774781
"Beta(1,5)",10,7,Gaffke,0.448103574293068,1.417027922428571
"Beta(1,5)",50,7,Gaffke,0.1362178955095085,0.9632059763373406
"Beta(1,5)",100,7,Gaffke,0.0896792176913849,0.8967921769138493
"Beta(1,5)",500,7,Gaffke,0.0328330802288863,0.7341699930249416
"Beta(1,5)",10,8,Gaffke,0.4534196687572732,1.4338388891920717
"Beta(1,5)",50,8,Gaffke,0.1450043315310813,1.0253354612704992
"Beta(1,5)",100,8,Gaffke,0.0876095022207361,0.8760950222073614
"Beta(1,5)",500,8,Gaffke,0.035252109305025,0.7882611275628891
"Beta(1,5)",10,9,Gaffke,0.4324293164284813,1.3674615669436698
"Beta(1,5)",50,9,Gaffke,0.1462186832082941,1.0339222243275237
"Beta(1,5)",100,9,Gaffke,0.0971565139923215,0.971565139923215
"Beta(1,5)",500,9,Gaffke,0.0366451058666594,0.8194094776052682
"Beta(1,5)",10,10,Gaffke,0.4739440798707749,1.49874277594441
"Beta(1,5)",50,10,Gaffke,0.1382644891511443,0.97767757876068
"Beta(1,5)",100,10,Gaffke,0.0916658315387397,0.916658315387397
"Beta(1,5)",500,10,Gaffke,0.0344788811052459,0.7709712193946306
"Beta(1,5)",10,11,Gaffke,0.4264337611222227,1.3485019563383842
"Beta(1,5)",50,11,Gaffke,0.1388239307559452,0.981633428285006
"Beta(1,5)",100,11,Gaffke,0.0850536427900396,0.8505364279003969
"Beta(1,5)",500,11,Gaffke,0.0342620124898812,0.7661218897332132
"Beta(1,5)",10,12,Gaffke,0.4389151653643431,1.3879716221407723
"Beta(1,5)",50,12,Gaffke,0.1428593989790755,1.010168497743389
"Beta(1,5)",100,12,Gaffke,0.0901800208961839,0.9018002089618392
"Beta(1,5)",500,12,Gaffke,0.0357347765770787,0.7990538958711526
"Beta(1,5)",10,13,Gaffke,0.4335917918871076,1.371137637116978
"Beta(1,5)",50,13,Gaffke,0.1404127526810163,0.9928680958581624
"Beta(1,5)",100,13,Gaffke,0.0854001902659462,0.8540019026594623
"Beta(1,5)",500,13,Gaffke,0.0346021564983668,0.7737277409843436
"Beta(1,5)",10,14,Gaffke,0.4336063353872444,1.371183627702561
"Beta(1,5)",50,14,Gaffke,0.1422711643434716,1.0060090507457458
"Beta(1,5)",100,14,Gaffke,0.0941091017086552,0.9410910170865524
"Beta(1,5)",500,14,Gaffke,0.0355798347061401,0.795589290311357
"Beta(1,5)",10,15,Gaffke,0.4397465235685625,1.390600607617573
"Beta(1,5)",50,15,Gaffke,0.1404520993879495,0.9931463190910608
"Beta(1,5)",100,15,Gaffke,0.0864071393576944,0.864071393576944
"Beta(1,5)",500,15,Gaffke,0.034566793623917,0.7729370030728475
"Beta(1,5)",10,16,Gaffke,0.4362379015713143,1.3795053706576998
"Beta(1,5)",50,16,Gaffke,0.1546656130482242,1.093651038027739
"Beta(1,5)",100,16,Gaffke,0.0938251311737569,0.938251311737569
"Beta(1,5)",500,16,Gaffke,0.0370319858929521,0.8280603779845419
"Beta(1,5)",10,17,Gaffke,0.4300883209077062,1.3600586891057684
"Beta(1,5)",50,17,Gaffke,0.141076661306807,0.9975626387720108
"Beta(1,5)",100,17,Gaffke,0.0909193270012674,0.9091932700126742
"Beta(1,5)",500,17,Gaffke,0.0363900035191231,0.8137052157021585
"Beta(1,5)",10,18,Gaffke,0.4254635001851473,1.3454337218525363
"Beta(1,5)",50,18,Gaffke,0.1373338120090519,0.9710966975779918
"Beta(1,5)",100,18,Gaffke,0.0857892518019138,0.8578925180191384
"Beta(1,5)",500,18,Gaffke,0.0359827765886802,0.8045993447147695
"Beta(1,5)",10,19,Gaffke,0.4244972965487853,1.3423783176780957
"Beta(1,5)",50,19,Gaffke,0.1269238171693503,0.8974869181452916
"Beta(1,5)",100,19,Gaffke,0.0822125277138179,0.8221252771381795
"Beta(1,5)",500,19,Gaffke,0.033967089543671,0.7595272121747074
"Beta(1,5)",10,20,Gaffke,0.4404931044628139,1.3929615037009728
"Beta(1,5)",50,20,Gaffke,0.142190373698198,1.0054377746144516
"Beta(1,5)",100,20,Gaffke,0.0907161064234111,0.9071610642341116
"Beta(1,5)",500,20,Gaffke,0.0352697947743471,0.7886565866790699
"Beta(1,5)",10,21,Gaffke,0.4361199942559379,1.3791325149883145
"Beta(1,5)",50,21,Gaffke,0.1356154924892141,0.958946343730766
"Beta(1,5)",100,21,Gaffke,0.0905847665191532,0.9058476651915328
"Beta(1,5)",500,21,Gaffke,0.0368803737389257,0.8246702271583606
"Beta(1,5)",10,22,Gaffke,0.4425547315655379,1.3994809410315143
"Beta(1,5)",50,22,Gaffke,0.1407604187064601,0.9953264658999574
"Beta(1,5)",100,22,Gaffke,0.0874782186306522,0.8747821863065219
"Beta(1,5)",500,22,Gaffke,0.0357317149443699,0.7989854356825637
"Beta(1,5)",10,23,Gaffke,0.4807216043308178,1.520175190135648
"Beta(1,5)",50,23,Gaffke,0.1559367601793241,1.1026394055906052
"Beta(1,5)",100,23,Gaffke,0.1065875784007268,1.0658757840072683
"Beta(1,5)",500,23,Gaffke,0.0378299050432666,0.8459023925910639
"Beta(1,5)",10,24,Gaffke,0.4546670934802211,1.4377835925261917
"Beta(1,5)",50,24,Gaffke,0.142486762346837,1.0075335588476446
"Beta(1,5)",100,24,Gaffke,0.090423182492731,0.90423182492731
"Beta(1,5)",500,24,Gaffke,0.0339224063495734,0.7585280655801665
"Beta(1,5)",10,25,Gaffke,0.4711397854213037,1.489874818254313
"Beta(1,5)",50,25,Gaffke,0.1457692105463154,1.0307439726550924
"Beta(1,5)",100,25,Gaffke,0.0938162633930441,0.938162633930442
"Beta(1,5)",500,25,Gaffke,0.0337432574604698,0.7545221746388746
"Beta(1,5)",10,26,Gaffke,0.4738135697009866,1.4983300665500632
"Beta(1,5)",50,26,Gaffke,0.1561012061134033,1.1038022139418644
"Beta(1,5)",100,26,Gaffke,0.0972647071911584,0.9726470719115844
"Beta(1,5)",500,26,Gaffke,0.0377916881562518,0.8450478370185293
"Beta(1,5)",10,27,Gaffke,0.4588420012139619,1.450985809985864
"Beta(1,5)",50,27,Gaffke,0.1518812247441011,1.0739624395147198
"Beta(1,5)",100,27,Gaffke,0.0907345274148533,0.9073452741485336
"Beta(1,5)",500,27,Gaffke,0.0363511239689837,0.8128358425316966
"Beta(1,5)",10,28,Gaffke,0.4387373805346017,1.387409417145364
"Beta(1,5)",50,28,Gaffke,0.1475507446728331,1.043341321272852
"Beta(1,5)",100,28,Gaffke,0.0868379832364588,0.8683798323645882
"Beta(1,5)",500,28,Gaffke,0.0328064722724297,0.7335750210311486
"Beta(1,5)",10,29,Gaffke,0.4439635907597216,1.4039361449876044
"Beta(1,5)",50,29,Gaffke,0.1363307432185534,0.9640039301404104
"Beta(1,5)",100,29,Gaffke,0.087049704972642,0.8704970497264202
"Beta(1,5)",500,29,Gaffke,0.035990502664608,0.804772105024509
"Beta(1,5)",10,30,Gaffke,0.4497613491705886,1.4222702668893423
"Beta(1,5)",50,30,Gaffke,0.1537354589949249,1.0870738556413784
"Beta(1,5)",100,30,Gaffke,0.0961443699371426,0.9614436993714264
"Beta(1,5)",500,30,Gaffke,0.0349359038319821,0.7811905582370753
"Beta(1,5)",10,31,Gaffke,0.4576768975584223,1.447301428724171
"Beta(1,5)",50,31,Gaffke,0.1376496326004695,0.973329886396289
"Beta(1,5)",100,31,Gaffke,0.0949436543617959,0.9494365436179591
"Beta(1,5)",500,31,Gaffke,0.0356668799702328,0.7975356815876627
"Beta(1,5)",10,32,Gaffke,0.4701661926414811,1.4867960475565785
"Beta(1,5)",50,32,Gaffke,0.1422806784494023,1.0060763256339504
"Beta(1,5)",100,32,Gaffke,0.0849783123361607,0.8497831233616077
"Beta(1,5)",500,32,Gaffke,0.0350330299204331,0.7833623635987249
"Beta(1,5)",10,33,Gaffke,0.4407638936291513,1.393817814232297
"Beta(1,5)",50,33,Gaffke,0.1376375154572746,0.9732442052550714
"Beta(1,5)",100,33,Gaffke,0.088931634320201,0.8893163432020101
"Beta(1,5)",500,33,Gaffke,0.0360155233190935,0.8053315838672209
"Beta(1,5)",10,34,Gaffke,0.4259904525002178,1.347100091386458
"Beta(1,5)",50,34,Gaffke,0.1366448526271806,0.9662250190691584
"Beta(1,5)",100,34,Gaffke,0.0871192596642017,0.8711925966420171
"Beta(1,5)",500,34,Gaffke,0.0342813758452252,0.7665548675214292
"Beta(1,5)",10,35,Gaffke,0.4727756271781913,1.4950478040976891
"Beta(1,5)",50,35,Gaffke,0.141269733894039,0.9989278681289404
"Beta(1,5)",100,35,Gaffke,0.0872669241320221,0.8726692413202214
"Beta(1,5)",500,35,Gaffke,0.0351968413226349,0.7870252979068524
"Beta(1,5)",10,36,Gaffke,0.4444200192062259,1.4053794984674504
"Beta(1,5)",50,36,Gaffke,0.1372262460975759,0.9703360917236992
"Beta(1,5)",100,36,Gaffke,0.0889353539324769,0.8893535393247689
"Beta(1,5)",500,36,Gaffke,0.0374782924282951,0.8380400955028355
"Beta(1,5)",10,37,Gaffke,0.4600961038039841,1.4549516305898509
"Beta(1,5)",50,37,Gaffke,0.1538357510697175,1.0877830277032297
"Beta(1,5)",100,37,Gaffke,0.0916613880096501,0.9166138800965016
"Beta(1,5)",500,37,Gaffke,0.034958719454554,0.7817007310672719
"Beta(1,5)",10,38,Gaffke,0.4887007123541188,1.5454073451858032
"Beta(1,5)",50,38,Gaffke,0.1459690250393044,1.0321568744848115
"Beta(1,5)",100,38,Gaffke,0.0908881594665445,0.9088815946654456
"Beta(1,5)",500,38,Gaffke,0.0361944052508299,0.8093315054603104
"Beta(1,5)",10,39,Gaffke,0.4317251613998074,1.3652348332271989
"Beta(1,5)",50,39,Gaffke,0.1474866112134563,1.042887829232589
"Beta(1,5)",100,39,Gaffke,0.0898889121832781,0.8988891218327816
"Beta(1,5)",500,39,Gaffke,0.0352723239399777,0.7887131405418348
"Beta(1,5)",10,40,Gaffke,0.4527516437791103,1.4317264087271928
"Beta(1,5)",50,40,Gaffke,0.1317732656855217,0.93177769745329
"Beta(1,5)",100,40,Gaffke,0.0794996214148026,0.7949962141480269
"Beta(1,5)",500,40,Gaffke,0.0335655332137475,0.7505481396696639
"Beta(1,5)",10,41,Gaffke,0.4408723175149106,1.3941606806640623
"Beta(1,5)",50,41,Gaffke,0.1471406625708317,1.0404416029211676
"Beta(1,5)",100,41,Gaffke,0.0930176737515707,0.9301767375157072
"Beta(1,5)",500,41,Gaffke,0.0376288780265154,0.8414072918433665
"Beta(1,5)",10,42,Gaffke,0.4438858419370606,1.4036902816225991
"Beta(1,5)",50,42,Gaffke,0.1483692854269993,1.0491292784523365
"Beta(1,5)",100,42,Gaffke,0.0904392342935077,0.904392342935077
"Beta(1,5)",500,42,Gaffke,0.0346651862353896,0.775137128750212
"Beta(1,5)",10,43,Gaffke,0.4440823890009854,1.4043118180120204
"Beta(1,5)",50,43,Gaffke,0.1316223285441367,0.9307104106912276
"Beta(1,5)",100,43,Gaffke,0.0883643528203007,0.883643528203008
"Beta(1,5)",500,43,Gaffke,0.0372458382150949,0.832842261279118
"Beta(1,5)",10,44,Gaffke,0.4487772533077501,1.419158282526824
"Beta(1,5)",50,44,Gaffke,0.1384661527652744,0.9791035558513798
"Beta(1,5)",100,44,Gaffke,0.0802777575114627,0.8027775751146278
"Beta(1,5)",500,44,Gaffke,0.0348059096994135,0.7782838010660791
"Beta(1,5)",10,45,Gaffke,0.4506754839809551,1.4251610149785467
"Beta(1,5)",50,45,Gaffke,0.1540625116037757,1.08938646681661
"Beta(1,5)",100,45,Gaffke,0.0942268740775689,0.9422687407756892
"Beta(1,5)",500,45,Gaffke,0.0348301924466922,0.7788267798020365
"Beta(1,5)",10,46,Gaffke,0.4394874929456089,1.3897814808653075
"Beta(1,5)",50,46,Gaffke,0.1465690823007513,1.0363999200715048
"Beta(1,5)",100,46,Gaffke,0.0882964471776997,0.8829644717769971
"Beta(1,5)",500,46,Gaffke,0.0338358263040252,0.756592076906759
"Beta(1,5)",10,47,Gaffke,0.4645964923157213,1.469183108642596
"Beta(1,5)",50,47,Gaffke,0.1409795931616737,0.9968762633354014
"Beta(1,5)",100,47,Gaffke,0.0832558226430508,0.8325582264305085
"Beta(1,5)",500,47,Gaffke,0.0349980340536651,0.7825798322284772
"Beta(1,5)",10,48,Gaffke,0.4548512280786389,1.4383658772532322
"Beta(1,5)",50,48,Gaffke,0.1454046224613946,1.0281659455832195
"Beta(1,5)",100,48,Gaffke,0.0898388196361255,0.8983881963612559
"Beta(1,5)",500,48,Gaffke,0.0354059229267249,0.791700504702753
"Beta(1,5)",10,49,Gaffke,0.4601174617963712,1.4550191704920423
"Beta(1,5)",50,49,Gaffke,0.1447445200450177,1.0234983166342415
"Beta(1,5)",100,49,Gaffke,0.0873699291768798,0.8736992917687986
"Beta(1,5)",500,49,Gaffke,0.0333398052978516,0.74550071002604
Bernoulli(0.5),10,0,Gaffke,0.7433788921298334,2.350770463622892
Bernoulli(0.5),50,0,Gaffke,0.3678978056216162,2.601430331386952
Bernoulli(0.5),100,0,Gaffke,0.2614825671908869,2.614825671908869
Bernoulli(0.5),500,0,Gaffke,0.1167363399334512,2.6103039153572034
Bernoulli(0.5),10,1,Gaffke,0.7323154995224959,2.315784944335036
Bernoulli(0.5),50,1,Gaffke,0.3678978056216162,2.601430331386952
Bernoulli(0.5),100,1,Gaffke,0.259083719458456,2.5908371945845605
Bernoulli(0.5),500,1,Gaffke,0.1166054865426034,2.6073779445869825
Bernoulli(0.5),10,2,Gaffke,0.7323154995224959,2.315784944335036
Bernoulli(0.5),50,2,Gaffke,0.368709131918389,2.6071672746489822
Bernoulli(0.5),100,2,Gaffke,0.2620787200423118,2.6207872004231185
Bernoulli(0.5),500,2,Gaffke,0.1167226210588777,2.609997151995992
Bernoulli(0.5),10,3,Gaffke,0.7323154995224959,2.315784944335036
Bernoulli(0.5),50,3,Gaffke,0.3689791577403747,2.609076645547197
Bernoulli(0.5),100,3,Gaffke,0.2622275385717691,2.622275385717692
Bernoulli(0.5),500,3,Gaffke,0.1165578664399441,2.6063131267205653
Bernoulli(0.5),10,4,Gaffke,0.7323154995224959,2.315784944335036
Bernoulli(0.5),50,4,Gaffke,0.3665414033659144,2.591839119056717
Bernoulli(0.5),100,4,Gaffke,0.2610345255098801,2.610345255098801
Bernoulli(0.5),500,4,Gaffke,0.1166924337595876,2.6093221434632925
Bernoulli(0.5),10,5,Gaffke,0.7323154995224959,2.315784944335036
Bernoulli(0.5),50,5,Gaffke,0.3646335344578935,2.578348448631952
Bernoulli(0.5),100,5,Gaffke,0.2572693459110154,2.5726934591101545
Bernoulli(0.5),500,5,Gaffke,0.1167226210588777,2.609997151995992
Bernoulli(0.5),10,6,Gaffke,0.7323154995224959,2.315784944335036
Bernoulli(0.5),50,6,Gaffke,0.368709131918389,2.6071672746489822
Bernoulli(0.5),100,6,Gaffke,0.2622275385717693,2.6222753857176926
Bernoulli(0.5),500,6,Gaffke,0.1165825947322307,2.6068660681457674
Bernoulli(0.5),10,7,Gaffke,0.7323154995224959,2.315784944335036
Bernoulli(0.5),50,7,Gaffke,0.3646335344578935,2.578348448631952
Bernoulli(0.5),100,7,Gaffke,0.2604858330693049,2.604858330693049
Bernoulli(0.5),500,7,Gaffke,0.1163332356752072,2.601290230122671
Bernoulli(0.5),10,8,Gaffke,0.7323154995224959,2.315784944335036
Bernoulli(0.5),50,8,Gaffke,0.368709131918389,2.6071672746489822
Bernoulli(0.5),100,8,Gaffke,0.2618304941545755,2.6183049415457558
Bernoulli(0.5),500,8,Gaffke,0.1166265429711487,2.6078487806428896
Bernoulli(0.5),10,9,Gaffke,0.7433788921298334,2.350770463622892
Bernoulli(0.5),50,9,Gaffke,0.3665414033659144,2.591839119056717
Bernoulli(0.5),100,9,Gaffke,0.2598358281819705,2.598358281819705
Bernoulli(0.5),500,9,Gaffke,0.1165825947322307,2.6068660681457674
Bernoulli(0.5),10,10,Gaffke,0.6981067641908986,2.2076074248133133
Bernoulli(0.5),50,10,Gaffke,0.3621650399763024,2.5608935567594053
Bernoulli(0.5),100,10,Gaffke,0.2620787200423118,2.6207872004231185
Bernoulli(0.5),500,10,Gaffke,0.1166924337595875,2.609322143463291
Bernoulli(0.5),10,11,Gaffke,0.7433788921298334,2.350770463622892
Bernoulli(0.5),50,11,Gaffke,0.3665414033659144,2.591839119056717
Bernoulli(0.5),100,11,Gaffke,0.2622275385717691,2.622275385717692
Bernoulli(0.5),500,11,Gaffke,0.1165028955627828,2.60508394053941
Bernoulli(0.5),10,12,Gaffke,0.7323154995224959,2.315784944335036
Bernoulli(0.5),50,12,Gaffke,0.3646335344578935,2.578348448631952
Bernoulli(0.5),100,12,Gaffke,0.259083719458456,2.5908371945845605
Bernoulli(0.5),500,12,Gaffke,0.1166924337595876,2.6093221434632925
Bernoulli(0.5),10,13,Gaffke,0.7323154995224959,2.315784944335036
Bernoulli(0.5),50,13,Gaffke,0.368709131918389,2.6071672746489822
Bernoulli(0.5),100,13,Gaffke,0.2622771252821518,2.6227712528215186
Bernoulli(0.5),500,13,Gaffke,0.1167335962897402,2.610242565618765
Bernoulli(0.5),10,14,Gaffke,0.7323154995224959,2.315784944335036
Bernoulli(0.5),50,14,Gaffke,0.3689791577403747,2.609076645547197
Bernoulli(0.5),100,14,Gaffke,0.2618304941545754,2.6183049415457544
Bernoulli(0.5),500,14,Gaffke,0.1166054865426034,2.6073779445869825
Bernoulli(0.5),10,15,Gaffke,0.6981067641908986,2.2076074248133133
Bernoulli(0.5),50,15,Gaffke,0.3678978056216162,2.601430331386952
Bernoulli(0.5),100,15,Gaffke,0.2620787200423117,2.6207872004231176
Bernoulli(0.5),500,15,Gaffke,0.1164405633202614,2.603690149224733
Bernoulli(0.5),10,16,Gaffke,0.6981067641908986,2.2076074248133133
Bernoulli(0.5),50,16,Gaffke,0.3591237665799406,2.5393885063393085
Bernoulli(0.5),100,16,Gaffke,0.2562048006134225,2.562048006134225
Bernoulli(0.5),500,16,Gaffke,0.116370857678627,2.6021314836936345
Bernoulli(0.5),10,17,Gaffke,0.7323154995224959,2.315784944335036
Bernoulli(0.5),50,17,Gaffke,0.368709131918389,2.6071672746489822
Bernoulli(0.5),100,17,Gaffke,0.2622771252821518,2.6227712528215186
Bernoulli(0.5),500,17,Gaffke,0.1167335962897402,2.610242565618765
Bernoulli(0.5),10,18,Gaffke,0.7433788921298334,2.350770463622892
Bernoulli(0.5),50,18,Gaffke,0.368709131918389,2.6071672746489822
Bernoulli(0.5),100,18,Gaffke,0.2604858330693049,2.604858330693049
Bernoulli(0.5),500,18,Gaffke,0.1165825947322308,2.60686606814577
Bernoulli(0.5),10,19,Gaffke,0.6373506569250963,2.015479744087873
Bernoulli(0.5),50,19,Gaffke,0.3689791577403747,2.609076645547197
Bernoulli(0.5),100,19,Gaffke,0.2614825671908869,2.6148256719088696
Bernoulli(0.5),500,19,Gaffke,0.1167335962897402,2.610242565618765
Bernoulli(0.5),10,20,Gaffke,0.7323154995224959,2.315784944335036
Bernoulli(0.5),50,20,Gaffke,0.368709131918389,2.6071672746489822
Bernoulli(0.5),100,20,Gaffke,0.2622275385717691,2.622275385717692
Bernoulli(0.5),500,20,Gaffke,0.1167363399334514,2.610303915357206
Bernoulli(0.5),10,21,Gaffke,0.7433788921298334,2.350770463622892
Bernoulli(0.5),50,21,Gaffke,0.3665414033659144,2.591839119056717
Bernoulli(0.5),100,21,Gaffke,0.2620787200423117,2.6207872004231176
Bernoulli(0.5),500,21,Gaffke,0.1167226210588777,2.609997151995992
Bernoulli(0.5),10,22,Gaffke,0.6373506569250963,2.015479744087873
Bernoulli(0.5),50,22,Gaffke,0.3689791577403747,2.609076645547197
Bernoulli(0.5),100,22,Gaffke,0.2614825671908869,2.614825671908869
Bernoulli(0.5),500,22,Gaffke,0.1167143889467535,2.6098130763729093
Bernoulli(0.5),10,23,Gaffke,0.7323154995224959,2.315784944335036
Bernoulli(0.5),50,23,Gaffke,0.3646335344578935,2.578348448631952
Bernoulli(0.5),100,23,Gaffke,0.2614825671908869,2.6148256719088696
Bernoulli(0.5),500,23,Gaffke,0.1167290234044436,2.610140312794999
Bernoulli(0.5),10,24,Gaffke,0.7323154995224959,2.315784944335036
Bernoulli(0.5),50,24,Gaffke,0.3689791577403747,2.609076645547197
Bernoulli(0.5),100,24,Gaffke,0.2614825671908869,2.6148256719088696
Bernoulli(0.5),500,24,Gaffke,0.1165578664399442,2.6063131267205666
Bernoulli(0.5),10,25,Gaffke,0.7323154995224959,2.315784944335036
Bernoulli(0.5),50,25,Gaffke,0.3665414033659144,2.591839119056717
Bernoulli(0.5),100,25,Gaffke,0.2622771252821518,2.6227712528215186
Bernoulli(0.5),500,25,Gaffke,0.1165825947322308,2.60686606814577
Bernoulli(0.5),10,26,Gaffke,0.6981067641908987,2.2076074248133137
Bernoulli(0.5),50,26,Gaffke,0.3646335344578935,2.578348448631952
Bernoulli(0.5),100,26,Gaffke,0.2618304941545755,2.6183049415457558
Bernoulli(0.5),500,26,Gaffke,0.1166265429711487,2.6078487806428883
Bernoulli(0.5),10,27,Gaffke,0.7323154995224959,2.315784944335036
Bernoulli(0.5),50,27,Gaffke,0.3621650399763026,2.5608935567594067
Bernoulli(0.5),100,27,Gaffke,0.2598358281819705,2.5983582818197046
Bernoulli(0.5),500,27,Gaffke,0.1167363399334512,2.6103039153572034
Bernoulli(0.5),10,28,Gaffke,0.6981067641908987,2.2076074248133137
Bernoulli(0.5),50,28,Gaffke,0.3512573145291893,2.483764290449657
Bernoulli(0.5),100,28,Gaffke,0.2562048006134224,2.562048006134225
Bernoulli(0.5),500,28,Gaffke,0.116472650330354,2.6044076365823496
Bernoulli(0.5),10,29,Gaffke,0.7323154995224959,2.315784944335036
Bernoulli(0.5),50,29,Gaffke,0.3621650399763024,2.5608935567594053
Bernoulli(0.5),100,29,Gaffke,0.2610345255098801,2.610345255098801
Bernoulli(0.5),500,29,Gaffke,0.1165313004764141,2.6057190937171564
Bernoulli(0.5),10,30,Gaffke,0.7323154995224959,2.315784944335036
Bernoulli(0.5),50,30,Gaffke,0.3646335344578935,2.578348448631952
Bernoulli(0.5),100,30,Gaffke,0.2604858330693049,2.604858330693049
Bernoulli(0.5),500,30,Gaffke,0.1167363399334512,2.6103039153572034
Bernoulli(0.5),10,31,Gaffke,0.7433788921298334,2.350770463622892
Bernoulli(0.5),50,31,Gaffke,0.3621650399763024,2.5608935567594053
Bernoulli(0.5),100,31,Gaffke,0.2622275385717691,2.622275385717692
Bernoulli(0.5),500,31,Gaffke,0.1167335962897402,2.610242565618765
Bernoulli(0.5),10,32,Gaffke,0.7433788921298334,2.350770463622892
Bernoulli(0.5),50,32,Gaffke,0.3665414033659144,2.591839119056717
Bernoulli(0.5),100,32,Gaffke,0.2582285808775353,2.582285808775353
Bernoulli(0.5),500,32,Gaffke,0.1164066329831158,2.6029314438211624
Bernoulli(0.5),10,33,Gaffke,0.7323154995224959,2.315784944335036
Bernoulli(0.5),50,33,Gaffke,0.3646335344578936,2.578348448631952
Bernoulli(0.5),100,33,Gaffke,0.2622275385717691,2.622275385717692
Bernoulli(0.5),500,33,Gaffke,0.1167335962897402,2.610242565618765
Bernoulli(0.5),10,34,Gaffke,0.7323154995224959,2.315784944335036
Bernoulli(0.5),50,34,Gaffke,0.3689791577403747,2.609076645547197
Bernoulli(0.5),100,34,Gaffke,0.2622275385717691,2.622275385717692
Bernoulli(0.5),500,34,Gaffke,0.1166054865426034,2.6073779445869825
Bernoulli(0.5),10,35,Gaffke,0.5437859283242223,1.719602093053612
Bernoulli(0.5),50,35,Gaffke,0.3665414033659144,2.591839119056717
Bernoulli(0.5),100,35,Gaffke,0.2604858330693049,2.604858330693049
Bernoulli(0.5),500,35,Gaffke,0.1166631536384691,2.608667420051189
Bernoulli(0.5),10,36,Gaffke,0.7323154995224959,2.315784944335036
Bernoulli(0.5),50,36,Gaffke,0.3554942537075885,2.513723974694868
Bernoulli(0.5),100,36,Gaffke,0.259083719458456,2.5908371945845605
Bernoulli(0.5),500,36,Gaffke,0.1163708576786271,2.602131483693636
Bernoulli(0.5),10,37,Gaffke,0.7433788921298334,2.350770463622892
Bernoulli(0.5),50,37,Gaffke,0.3678978056216163,2.601430331386952
Bernoulli(0.5),100,37,Gaffke,0.2614825671908869,2.614825671908869
Bernoulli(0.5),500,37,Gaffke,0.1167043266741935,2.6095880771183864
Bernoulli(0.5),10,38,Gaffke,0.7323154995224959,2.315784944335036
Bernoulli(0.5),50,38,Gaffke,0.3646335344578936,2.578348448631952
Bernoulli(0.5),100,38,Gaffke,0.2622275385717693,2.6222753857176926
Bernoulli(0.5),500,38,Gaffke,0.1167043266741935,2.6095880771183864
Bernoulli(0.5),10,39,Gaffke,0.6373506569250963,2.015479744087873
Bernoulli(0.5),50,39,Gaffke,0.3689791577403747,2.609076645547197
Bernoulli(0.5),100,39,Gaffke,0.2620787200423117,2.6207872004231176
Bernoulli(0.5),500,39,Gaffke,0.1166457650289783,2.608278598922634
Bernoulli(0.5),10,40,Gaffke,0.7433788921298334,2.350770463622892
Bernoulli(0.5),50,40,Gaffke,0.3621650399763024,2.5608935567594053
Bernoulli(0.5),100,40,Gaffke,0.2562048006134225,2.562048006134225
Bernoulli(0.5),500,40,Gaffke,0.1166924337595876,2.6093221434632925
Bernoulli(0.5),10,41,Gaffke,0.6981067641908986,2.2076074248133133
Bernoulli(0.5),50,41,Gaffke,0.3689791577403747,2.609076645547197
Bernoulli(0.5),100,41,Gaffke,0.2618304941545754,2.6183049415457544
Bernoulli(0.5),500,41,Gaffke,0.1166924337595875,2.609322143463291
Bernoulli(0.5),10,42,Gaffke,0.6981067641908986,2.2076074248133133
Bernoulli(0.5),50,42,Gaffke,0.3689791577403747,2.609076645547197
Bernoulli(0.5),100,42,Gaffke,0.2622771252821518,2.6227712528215186
Bernoulli(0.5),500,42,Gaffke,0.1167335962897402,2.610242565618765
Bernoulli(0.5),10,43,Gaffke,0.7323154995224959,2.315784944335036
Bernoulli(0.5),50,43,Gaffke,0.3665414033659144,2.591839119056717
Bernoulli(0.5),100,43,Gaffke,0.2604858330693048,2.604858330693048
Bernoulli(0.5),500,43,Gaffke,0.1163332356752072,2.601290230122671
Bernoulli(0.5),10,44,Gaffke,0.6373506569250963,2.015479744087873
Bernoulli(0.5),50,44,Gaffke,0.3665414033659144,2.591839119056717
Bernoulli(0.5),100,44,Gaffke,0.2620787200423117,2.6207872004231176
Bernoulli(0.5),500,44,Gaffke,0.1167226210588777,2.6099971519959904
Bernoulli(0.5),10,45,Gaffke,0.7323154995224959,2.315784944335036
Bernoulli(0.5),50,45,Gaffke,0.3678978056216163,2.601430331386952
Bernoulli(0.5),100,45,Gaffke,0.2622275385717691,2.622275385717692
Bernoulli(0.5),500,45,Gaffke,0.1166631536384691,2.608667420051189
Bernoulli(0.5),10,46,Gaffke,0.7323154995224959,2.315784944335036
Bernoulli(0.5),50,46,Gaffke,0.3665414033659144,2.591839119056717
Bernoulli(0.5),100,46,Gaffke,0.2622275385717691,2.622275385717692
Bernoulli(0.5),500,46,Gaffke,0.1167363399334514,2.610303915357206
Bernoulli(0.5),10,47,Gaffke,0.7323154995224959,2.315784944335036
Bernoulli(0.5),50,47,Gaffke,0.368709131918389,2.6071672746489822
Bernoulli(0.5),100,47,Gaffke,0.2604858330693048,2.604858330693048
Bernoulli(0.5),500,47,Gaffke,0.1160180092487695,2.59424155294448
Bernoulli(0.5),10,48,Gaffke,0.7433788921298334,2.350770463622892
Bernoulli(0.5),50,48,Gaffke,0.3689791577403747,2.609076645547197
Bernoulli(0.5),100,48,Gaffke,0.2620787200423117,2.6207872004231176
Bernoulli(0.5),500,48,Gaffke,0.1162092707769387,2.598518290729148
Bernoulli(0.5),10,49,Gaffke,0.5437859283242222,1.7196020930536116
Bernoulli(0.5),50,49,Gaffke,0.3512573145291892,2.483764290449657
Bernoulli(0.5),100,49,Gaffke,0.2610345255098801,2.610345255098801
Bernoulli(0.5),500,49,Gaffke,0.1165028955627828,2.60508394053941
"Uniform(0,1)",10,0,Gaffke,0.5267371450459746,1.6656891065597568
"Uniform(0,1)",50,0,Gaffke,0.2315860632558282,1.6375607575649287
"Uniform(0,1)",100,0,Gaffke,0.1619891760689392,1.619891760689392
"Uniform(0,1)",500,0,Gaffke,0.0690909924277904,1.5449215570146275
"Uniform(0,1)",10,1,Gaffke,0.4799975552044482,1.517885545758465
"Uniform(0,1)",50,1,Gaffke,0.2219578924459941,1.5694793088643686
"Uniform(0,1)",100,1,Gaffke,0.1595876511813638,1.5958765118136389
"Uniform(0,1)",500,1,Gaffke,0.0675435723702059,1.5103201926295715
"Uniform(0,1)",10,2,Gaffke,0.5653514614435755,1.7877982966665638
"Uniform(0,1)",50,2,Gaffke,0.2350947335772678,1.6623708033373084
"Uniform(0,1)",100,2,Gaffke,0.1608984659462991,1.6089846594629913
"Uniform(0,1)",500,2,Gaffke,0.0673961781932402,1.5070243586377412
"Uniform(0,1)",10,3,Gaffke,0.4987966582926401,1.577333529485457
"Uniform(0,1)",50,3,Gaffke,0.2314168173686849,1.6363640084200597
"Uniform(0,1)",100,3,Gaffke,0.1662518803588291,1.662518803588291
"Uniform(0,1)",500,3,Gaffke,0.0701696418005232,1.5690408902278077
"Uniform(0,1)",10,4,Gaffke,0.5029256759897336,1.5903906299074153
"Uniform(0,1)",50,4,Gaffke,0.2051497131106663,1.4506275329902698
"Uniform(0,1)",100,4,Gaffke,0.1453759317838556,1.4537593178385566
"Uniform(0,1)",500,4,Gaffke,0.0675363912856478,1.5101596186973305
"Uniform(0,1)",10,5,Gaffke,0.4266639376783637,1.3492298385197632
"Uniform(0,1)",50,5,Gaffke,0.2252233634952065,1.5925696760910328
"Uniform(0,1)",100,5,Gaffke,0.1563243390919121,1.563243390919122
"Uniform(0,1)",500,5,Gaffke,0.0698305781225696,1.5614591959017528
"Uniform(0,1)",10,6,Gaffke,0.5011135280474107,1.5846601149524877
"Uniform(0,1)",50,6,Gaffke,0.2234399801997504,1.5799592518743144
"Uniform(0,1)",100,6,Gaffke,0.1574777274798902,1.574777274798902
"Uniform(0,1)",500,6,Gaffke,0.0677401045932538,1.5147147867346125
"Uniform(0,1)",10,7,Gaffke,0.4844954758061731,1.532109219594511
"Uniform(0,1)",50,7,Gaffke,0.2343169792157497,1.6568712495060396
"Uniform(0,1)",100,7,Gaffke,0.1674466481106833,1.6744664811068333
"Uniform(0,1)",500,7,Gaffke,0.0693407697192414,1.550506747043828
"Uniform(0,1)",10,8,Gaffke,0.5319324173567828,1.6821180001267169
"Uniform(0,1)",50,8,Gaffke,0.2143502882409028,1.5156854236443345
"Uniform(0,1)",100,8,Gaffke,0.1503593889128647,1.503593889128647
"Uniform(0,1)",500,8,Gaffke,0.0676943367591185,1.5136913868515194
"Uniform(0,1)",10,9,Gaffke,0.5333940205870955,1.6867399953699649
"Uniform(0,1)",50,9,Gaffke,0.2288063815335058,1.6179054396109844
"Uniform(0,1)",100,9,Gaffke,0.1590291389882089,1.5902913898820892
"Uniform(0,1)",500,9,Gaffke,0.0702060612365282,1.569855253573902
"Uniform(0,1)",10,10,Gaffke,0.545775923030289,1.72589500885646
"Uniform(0,1)",50,10,Gaffke,0.24736358711775,1.749124698695904
"Uniform(0,1)",100,10,Gaffke,0.1656269872787291,1.6562698727872909
"Uniform(0,1)",500,10,Gaffke,0.0711911955144525,1.591883525697941
"Uniform(0,1)",10,11,Gaffke,0.5430224194970281,1.7171876661460344
"Uniform(0,1)",50,11,Gaffke,0.2031671640857023,1.4366087943944013
"Uniform(0,1)",100,11,Gaffke,0.1463572827284222,1.4635728272842226
"Uniform(0,1)",500,11,Gaffke,0.0684343514473371,1.5302386183235703
"Uniform(0,1)",10,12,Gaffke,0.4928118515990047,1.5584079089777474
"Uniform(0,1)",50,12,Gaffke,0.2094417892768955,1.4809770946153675
"Uniform(0,1)",100,12,Gaffke,0.1451306162073929,1.4513061620739292
"Uniform(0,1)",500,12,Gaffke,0.0676714458959562,1.5131795315905734
"Uniform(0,1)",10,13,Gaffke,0.4777905400898856,1.51090635116603
"Uniform(0,1)",50,13,Gaffke,0.2216774502485906,1.5674962830692192
"Uniform(0,1)",100,13,Gaffke,0.1497530968510495,1.4975309685104954
"Uniform(0,1)",500,13,Gaffke,0.0668929672821705,1.495772220596028
"Uniform(0,1)",10,14,Gaffke,0.5144899741153407,1.6269601515255496
"Uniform(0,1)",50,14,Gaffke,0.2331826391500632,1.6488502539798546
"Uniform(0,1)",100,14,Gaffke,0.1705564824934354,1.705564824934354
"Uniform(0,1)",500,14,Gaffke,0.0715847226159487,1.6006830591972805
"Uniform(0,1)",10,15,Gaffke,0.5414282381823264,1.7121464221882954
"Uniform(0,1)",50,15,Gaffke,0.2335340122234442,1.6513348368089948
"Uniform(0,1)",100,15,Gaffke,0.1647844149026239,1.6478441490262397
"Uniform(0,1)",500,15,Gaffke,0.0702850721036209,1.5716219902717048
"Uniform(0,1)",10,16,Gaffke,0.5161518185990992,1.6322153652112132
"Uniform(0,1)",50,16,Gaffke,0.2337512151451878,1.6528706933975792
"Uniform(0,1)",100,16,Gaffke,0.1601124193658105,1.6011241936581055
"Uniform(0,1)",500,16,Gaffke,0.0683968584048045,1.5294002484057077
"Uniform(0,1)",10,17,Gaffke,0.5354328522787308,1.6931873472812666
"Uniform(0,1)",50,17,Gaffke,0.2291595554378563,1.6204027562380283
"Uniform(0,1)",100,17,Gaffke,0.1558798149301224,1.5587981493012242
"Uniform(0,1)",500,17,Gaffke,0.0686610698340711,1.5353081955684322
"Uniform(0,1)",10,18,Gaffke,0.5317303657186829,1.6814790567453537
"Uniform(0,1)",50,18,Gaffke,0.2415108757655689,1.7077397798413565
"Uniform(0,1)",100,18,Gaffke,0.1706257510792987,1.7062575107929874
"Uniform(0,1)",500,18,Gaffke,0.0698523477756744,1.561945980143642
"Uniform(0,1)",10,19,Gaffke,0.4834463555112206,1.5287916099229533
"Uniform(0,1)",50,19,Gaffke,0.2295802656327655,1.623377626555374
"Uniform(0,1)",100,19,Gaffke,0.1603816327096626,1.603816327096626
"Uniform(0,1)",500,19,Gaffke,0.0666164071188077,1.48958814734455
"Uniform(0,1)",10,20,Gaffke,0.466745488795606,1.475978832202716
"Uniform(0,1)",50,20,Gaffke,0.2145904439734511,1.517383581114592
"Uniform(0,1)",100,20,Gaffke,0.1518102784473734,1.5181027844737345
"Uniform(0,1)",500,20,Gaffke,0.0664736191591836,1.4863953115036694
"Uniform(0,1)",10,21,Gaffke,0.4691065049150107,1.4834450207324066
"Uniform(0,1)",50,21,Gaffke,0.2358502199662227,1.6677128988245498
"Uniform(0,1)",100,21,Gaffke,0.1621131132289315,1.6211311322893152
"Uniform(0,1)",500,21,Gaffke,0.0707938750789332,1.5829991706712303
"Uniform(0,1)",10,22,Gaffke,0.5145550330853248,1.627165886052924
"Uniform(0,1)",50,22,Gaffke,0.2173609072537939,1.5369737148401792
"Uniform(0,1)",100,22,Gaffke,0.1611182924576486,1.6111829245764864
"Uniform(0,1)",500,22,Gaffke,0.0682604077093634,1.5263491180998745
"Uniform(0,1)",10,23,Gaffke,0.5301097390376687,1.6763541851965091
"Uniform(0,1)",50,23,Gaffke,0.2293601132657594,1.621820914239331
"Uniform(0,1)",100,23,Gaffke,0.1600891720475432,1.6008917204754325
"Uniform(0,1)",500,23,Gaffke,0.0662679916131523,1.481797339793947
"Uniform(0,1)",10,24,Gaffke,0.5264120595649445,1.6646610960054504
"Uniform(0,1)",50,24,Gaffke,0.2307501225955364,1.6316497644693098
"Uniform(0,1)",100,24,Gaffke,0.1584576967283598,1.5845769672835983
"Uniform(0,1)",500,24,Gaffke,0.0691591504961104,1.5464456177544137
"Uniform(0,1)",10,25,Gaffke,0.4489143822145013,1.4195919222052067
"Uniform(0,1)",50,25,Gaffke,0.2109338376432116,1.491527469792172
"Uniform(0,1)",100,25,Gaffke,0.1513342889811613,1.513342889811613
"Uniform(0,1)",500,25,Gaffke,0.0681177672587308,1.523159580660316
"Uniform(0,1)",10,26,Gaffke,0.4894361560490605,1.5477330223526289
"Uniform(0,1)",50,26,Gaffke,0.2274894385649405,1.6085932465759
"Uniform(0,1)",100,26,Gaffke,0.1635555828864426,1.6355558288644267
"Uniform(0,1)",500,26,Gaffke,0.0703120977183113,1.5722263013875195
"Uniform(0,1)",10,27,Gaffke,0.5863224512967397,1.8541143893908425
"Uniform(0,1)",50,27,Gaffke,0.228512609662097,1.615828158787034
"Uniform(0,1)",100,27,Gaffke,0.1613691781949321,1.6136917819493213
"Uniform(0,1)",500,27,Gaffke,0.0690582798813632,1.5441900822393424
"Uniform(0,1)",10,28,Gaffke,0.4882921934310041,1.5441154949214817
"Uniform(0,1)",50,28,Gaffke,0.2244108220649796,1.5868241405379475
"Uniform(0,1)",100,28,Gaffke,0.162938589154565,1.6293858915456505
"Uniform(0,1)",500,28,Gaffke,0.0688399468983197,1.5393080083211887
"Uniform(0,1)",10,29,Gaffke,0.5243103561830607,1.6580149263526187
"Uniform(0,1)",50,29,Gaffke,0.2490785161787942,1.7612510783790862
"Uniform(0,1)",100,29,Gaffke,0.1681092198806369,1.6810921988063698
"Uniform(0,1)",500,29,Gaffke,0.0688330239036641,1.5391532054546095
"Uniform(0,1)",10,30,Gaffke,0.5394495983044099,1.7058894135048417
"Uniform(0,1)",50,30,Gaffke,0.2083875475418694,1.473522479816899
"Uniform(0,1)",100,30,Gaffke,0.1504870712376168,1.5048707123761678
"Uniform(0,1)",500,30,Gaffke,0.0665541292713448,1.4881955723403564
"Uniform(0,1)",10,31,Gaffke,0.4846142782683854,1.5324849059667378
"Uniform(0,1)",50,31,Gaffke,0.2208941883849626,1.561957785317058
"Uniform(0,1)",100,31,Gaffke,0.1547315524736168,1.5473155247361683
"Uniform(0,1)",500,31,Gaffke,0.0676309108992745,1.512273141510093
"Uniform(0,1)",10,32,Gaffke,0.4955309951196843,1.5670065957879842
"Uniform(0,1)",50,32,Gaffke,0.2121310185468225,1.499992817144675
"Uniform(0,1)",100,32,Gaffke,0.1561136526576241,1.5611365265762411
"Uniform(0,1)",500,32,Gaffke,0.0668994757180552,1.49591775364668
"Uniform(0,1)",10,33,Gaffke,0.5918714569081727,1.8716618858720264
"Uniform(0,1)",50,33,Gaffke,0.2393298111875891,1.6923173243084035
"Uniform(0,1)",100,33,Gaffke,0.1596821816840679,1.5968218168406794
"Uniform(0,1)",500,33,Gaffke,0.0670129304118275,1.4984546777230936
"Uniform(0,1)",10,34,Gaffke,0.5211494355626258,1.648019217689052
"Uniform(0,1)",50,34,Gaffke,0.2222814956578236,1.5717675291193525
"Uniform(0,1)",100,34,Gaffke,0.1572595018460955,1.5725950184609556
"Uniform(0,1)",500,34,Gaffke,0.0680374810859223,1.5213643272597868
"Uniform(0,1)",10,35,Gaffke,0.484139577719659,1.5309837710262306
"Uniform(0,1)",50,35,Gaffke,0.2345014999510731,1.6581760081382064
"Uniform(0,1)",100,35,Gaffke,0.1554801783573124,1.554801783573125
"Uniform(0,1)",500,35,Gaffke,0.0670801560598503,1.4999578889111984
"Uniform(0,1)",10,36,Gaffke,0.4465246726799319,1.4120349971297468
"Uniform(0,1)",50,36,Gaffke,0.2237732781709353,1.5823160244301202
"Uniform(0,1)",100,36,Gaffke,0.1496433553539422,1.4964335535394224
"Uniform(0,1)",500,36,Gaffke,0.0684931071847704,1.5315524365532591
"Uniform(0,1)",10,37,Gaffke,0.5684736824876317,1.7976716265242905
"Uniform(0,1)",50,37,Gaffke,0.2341081530980737,1.6553946258670642
"Uniform(0,1)",100,37,Gaffke,0.1601342143412489,1.6013421434124897
"Uniform(0,1)",500,37,Gaffke,0.0686279971629544,1.534568668160288
"Uniform(0,1)",10,38,Gaffke,0.4660212870908993,1.4736887053304657
"Uniform(0,1)",50,38,Gaffke,0.2275507518945287,1.609026797287189
"Uniform(0,1)",100,38,Gaffke,0.1505540498011344,1.5055404980113445
"Uniform(0,1)",500,38,Gaffke,0.0674828394851092,1.508962164034112
"Uniform(0,1)",10,39,Gaffke,0.5480898140863776,1.7332121748511922
"Uniform(0,1)",50,39,Gaffke,0.2166674937524036,1.5320705409501854
"Uniform(0,1)",100,39,Gaffke,0.1554378592221132,1.5543785922211324
"Uniform(0,1)",500,39,Gaffke,0.0675171328293632,1.509728986523389
"Uniform(0,1)",10,40,Gaffke,0.582092802256067,1.8407390647191704
"Uniform(0,1)",50,40,Gaffke,0.2608892688400449,1.84476571135596
"Uniform(0,1)",100,40,Gaffke,0.1744999004596551,1.744999004596551
"Uniform(0,1)",500,40,Gaffke,0.0697355995404069,1.5593354102405297
"Uniform(0,1)",10,41,Gaffke,0.5143032001669996,1.6263695204412092
"Uniform(0,1)",50,41,Gaffke,0.2145612296327908,1.5171770045307045
"Uniform(0,1)",100,41,Gaffke,0.1513793351980035,1.513793351980035
"Uniform(0,1)",500,41,Gaffke,0.06623951218347,1.481160520386646
"Uniform(0,1)",10,42,Gaffke,0.5334104821361545,1.686792051358806
"Uniform(0,1)",50,42,Gaffke,0.2230289473432782,1.5770528106732946
"Uniform(0,1)",100,42,Gaffke,0.1648846194539497,1.6488461945394977
"Uniform(0,1)",500,42,Gaffke,0.0692257080341375,1.5479338895488497
"Uniform(0,1)",10,43,Gaffke,0.5455778767590035,1.725268731557094
"Uniform(0,1)",50,43,Gaffke,0.2334573164621853,1.6507925158802506
"Uniform(0,1)",100,43,Gaffke,0.1622224846901749,1.6222248469017493
"Uniform(0,1)",500,43,Gaffke,0.069216322473621,1.5477240220356303
"Uniform(0,1)",10,44,Gaffke,0.559222196211626,1.768415858150323
"Uniform(0,1)",50,44,Gaffke,0.2521506333081806,1.7829742269269708
"Uniform(0,1)",100,44,Gaffke,0.1683642355295745,1.6836423552957458
"Uniform(0,1)",500,44,Gaffke,0.0696241970292214,1.556844374361781
"Uniform(0,1)",10,45,Gaffke,0.4613749156277514,1.4589955886517092
"Uniform(0,1)",50,45,Gaffke,0.2098933095077939,1.4841698247864792
"Uniform(0,1)",100,45,Gaffke,0.1527739134504159,1.5277391345041598
"Uniform(0,1)",500,45,Gaffke,0.0679831156031243,1.520148678108127
"Uniform(0,1)",10,46,Gaffke,0.4786128092045955,1.5135065944181232
"Uniform(0,1)",50,46,Gaffke,0.2158074673540168,1.525989235967198
"Uniform(0,1)",100,46,Gaffke,0.1551943756063153,1.5519437560631533
"Uniform(0,1)",500,46,Gaffke,0.0685639210290968,1.5331358822498793
"Uniform(0,1)",10,47,Gaffke,0.4708253886913786,1.4888806084988406
"Uniform(0,1)",50,47,Gaffke,0.2281574629635223,1.6133168923982522
"Uniform(0,1)",100,47,Gaffke,0.1507063937910701,1.5070639379107016
"Uniform(0,1)",500,47,Gaffke,0.0656204433940407,1.467317721427522
"Uniform(0,1)",10,48,Gaffke,0.5171444388131905,1.6353543059392657
"Uniform(0,1)",50,48,Gaffke,0.2220103827919149,1.5698504716598425
"Uniform(0,1)",100,48,Gaffke,0.1522514819509731,1.5225148195097316
"Uniform(0,1)",500,48,Gaffke,0.06903264308642,1.5436168260771612
"Uniform(0,1)",10,49,Gaffke,0.4639164371131408,1.467032585267794
"Uniform(0,1)",50,49,Gaffke,0.2136691497660696,1.5108690472995188
"Uniform(0,1)",100,49,Gaffke,0.1479670531503122,1.4796705315031222
"Uniform(0,1)",500,49,Gaffke,0.0666447306990125,1.4902214818515904
"Beta(0.5,0.5)",10,0,Gaffke,0.5746188182462331,1.8171042520524168
"Beta(0.5,0.5)",50,0,Gaffke,0.2603886888305877,1.841226076163824
"Beta(0.5,0.5)",100,0,Gaffke,0.1851029585526146,1.851029585526146
"Beta(0.5,0.5)",500,0,Gaffke,0.08252743903403,1.8453696368906076
"Beta(0.5,0.5)",10,1,Gaffke,0.6475458451705262,2.047719760117608
"Beta(0.5,0.5)",50,1,Gaffke,0.2781913668033719,1.9671100193421849
"Beta(0.5,0.5)",100,1,Gaffke,0.1911214891112397,1.9112148911123976
"Beta(0.5,0.5)",500,1,Gaffke,0.0833719032067058,1.8642524298372696
"Beta(0.5,0.5)",10,2,Gaffke,0.5757270077841672,1.8206086550714584
"Beta(0.5,0.5)",50,2,Gaffke,0.2652444590023716,1.8755615563273416
"Beta(0.5,0.5)",100,2,Gaffke,0.1880761249686821,1.880761249686821
"Beta(0.5,0.5)",500,2,Gaffke,0.0818517192229156,1.830260082576656
"Beta(0.5,0.5)",10,3,Gaffke,0.5339951888504251,1.688641056339094
"Beta(0.5,0.5)",50,3,Gaffke,0.2733441741884949,1.932835191665216
"Beta(0.5,0.5)",100,3,Gaffke,0.1927829139305146,1.927829139305146
"Beta(0.5,0.5)",500,3,Gaffke,0.0827097943841873,1.849447226480733
"Beta(0.5,0.5)",10,4,Gaffke,0.6080108276617757,1.92269905745532
"Beta(0.5,0.5)",50,4,Gaffke,0.271347794952128,1.9187186587066656
"Beta(0.5,0.5)",100,4,Gaffke,0.1930053468842516,1.9300534688425164
"Beta(0.5,0.5)",500,4,Gaffke,0.0829509525599158,1.8548396872233197
"Beta(0.5,0.5)",10,5,Gaffke,0.4989799992567004,1.5779133045202982
"Beta(0.5,0.5)",50,5,Gaffke,0.2527270243907606,1.7870499273580482
"Beta(0.5,0.5)",100,5,Gaffke,0.1837502328828286,1.837502328828286
"Beta(0.5,0.5)",500,5,Gaffke,0.0829409578647853,1.8546161990460583
"Beta(0.5,0.5)",10,6,Gaffke,0.5631647856832336,1.7808834207596027
"Beta(0.5,0.5)",50,6,Gaffke,0.2747324187111247,1.9426515628241825
"Beta(0.5,0.5)",100,6,Gaffke,0.1848777676218812,1.8487776762188124
"Beta(0.5,0.5)",500,6,Gaffke,0.0818319283995112,1.8298175463120276
"Beta(0.5,0.5)",10,7,Gaffke,0.6358335845485469,2.0106823400026523
"Beta(0.5,0.5)",50,7,Gaffke,0.267729604898422,1.8931341914806927
"Beta(0.5,0.5)",100,7,Gaffke,0.1872975009285706,1.8729750092857067
"Beta(0.5,0.5)",500,7,Gaffke,0.0823509220348185,1.8414225967963969
"Beta(0.5,0.5)",10,8,Gaffke,0.6061753753103839,1.9168948474882104
"Beta(0.5,0.5)",50,8,Gaffke,0.2821914073215854,1.9953945770966817
"Beta(0.5,0.5)",100,8,Gaffke,0.1876611627495546,1.8766116274955464
"Beta(0.5,0.5)",500,8,Gaffke,0.084601729755353,1.8917521874703611
"Beta(0.5,0.5)",10,9,Gaffke,0.5493227013375134,1.7371109066629653
"Beta(0.5,0.5)",50,9,Gaffke,0.2706327061606841,1.9136622173708608
"Beta(0.5,0.5)",100,9,Gaffke,0.1845049355931198,1.845049355931199
"Beta(0.5,0.5)",500,9,Gaffke,0.0841559894710445,1.8817851317101213
"Beta(0.5,0.5)",10,10,Gaffke,0.6052135147705253,1.9138531773908176
"Beta(0.5,0.5)",50,10,Gaffke,0.25685226983443,1.8162198176308235
"Beta(0.5,0.5)",100,10,Gaffke,0.1869592714902951,1.8695927149029512
"Beta(0.5,0.5)",500,10,Gaffke,0.084852716539739,1.897364422583772
"Beta(0.5,0.5)",10,11,Gaffke,0.5616211293079435,1.7760019506890463
"Beta(0.5,0.5)",50,11,Gaffke,0.2627025264789819,1.8575873790812671
"Beta(0.5,0.5)",100,11,Gaffke,0.1870641338638985,1.8706413386389855
"Beta(0.5,0.5)",500,11,Gaffke,0.0811705154162652,1.8150279023946372
"Beta(0.5,0.5)",10,12,Gaffke,0.6517489515211902,2.061011149433624
"Beta(0.5,0.5)",50,12,Gaffke,0.2866328135939419,2.02680006202856
"Beta(0.5,0.5)",100,12,Gaffke,0.1962551971144533,1.9625519711445336
"Beta(0.5,0.5)",500,12,Gaffke,0.0825301754279831,1.845430824519531
"Beta(0.5,0.5)",10,13,Gaffke,0.5356820993951632,1.693975535869422
"Beta(0.5,0.5)",50,13,Gaffke,0.2610758470174034,1.846085018300276
"Beta(0.5,0.5)",100,13,Gaffke,0.186049815683156,1.8604981568315604
"Beta(0.5,0.5)",500,13,Gaffke,0.0841574262392386,1.8818172588236213
"Beta(0.5,0.5)",10,14,Gaffke,0.5539073861617685,1.7516089530616203
"Beta(0.5,0.5)",50,14,Gaffke,0.2574001423574091,1.820093861393067
"Beta(0.5,0.5)",100,14,Gaffke,0.1862645130584827,1.8626451305848275
"Beta(0.5,0.5)",500,14,Gaffke,0.0843841305925746,1.886886522272164
"Beta(0.5,0.5)",10,15,Gaffke,0.5817926523119392,1.8397899072561548
"Beta(0.5,0.5)",50,15,Gaffke,0.2814927452653926,1.9904542903197653
"Beta(0.5,0.5)",100,15,Gaffke,0.1887514067915751,1.887514067915752
"Beta(0.5,0.5)",500,15,Gaffke,0.0830714132194487,1.85753326945662
"Beta(0.5,0.5)",10,16,Gaffke,0.5194059805221847,1.6425059287631572
"Beta(0.5,0.5)",50,16,Gaffke,0.27819077958898,1.9671058671093995
"Beta(0.5,0.5)",100,16,Gaffke,0.1940425814677099,1.9404258146770992
"Beta(0.5,0.5)",500,16,Gaffke,0.084107578332318,1.880702625739515
"Beta(0.5,0.5)",10,17,Gaffke,0.612071703061911,1.9355406730138955
"Beta(0.5,0.5)",50,17,Gaffke,0.2718036158390274,1.921941799107996
"Beta(0.5,0.5)",100,17,Gaffke,0.1923727531721544,1.9237275317215443
"Beta(0.5,0.5)",500,17,Gaffke,0.0826494487397089,1.8480978568487347
"Beta(0.5,0.5)",10,18,Gaffke,0.5835874885995078,1.8454656779519925
"Beta(0.5,0.5)",50,18,Gaffke,0.2794606897197724,1.976085487759208
"Beta(0.5,0.5)",100,18,Gaffke,0.1966571156961277,1.966571156961277
"Beta(0.5,0.5)",500,18,Gaffke,0.0830171222034228,1.8563192854326072
"Beta(0.5,0.5)",10,19,Gaffke,0.629470305772122,1.9905598856825404
"Beta(0.5,0.5)",50,19,Gaffke,0.2674589143758566,1.891220120439604
"Beta(0.5,0.5)",100,19,Gaffke,0.1909779677037888,1.9097796770378883
"Beta(0.5,0.5)",500,19,Gaffke,0.0810339856621489,1.8119750042830831
"Beta(0.5,0.5)",10,20,Gaffke,0.5468262633671455,1.7292164766392748
"Beta(0.5,0.5)",50,20,Gaffke,0.2458000990088442,1.738069168254785
"Beta(0.5,0.5)",100,20,Gaffke,0.183518926789354,1.8351892678935404
"Beta(0.5,0.5)",500,20,Gaffke,0.0845608261657241,1.8908375554010208
"Beta(0.5,0.5)",10,21,Gaffke,0.5625461822165696,1.7789272248364685
"Beta(0.5,0.5)",50,21,Gaffke,0.2736267450909693,1.9348332696782724
"Beta(0.5,0.5)",100,21,Gaffke,0.1968286466998461,1.9682864669984617
"Beta(0.5,0.5)",500,21,Gaffke,0.085843589377699,1.9195210128111404
"Beta(0.5,0.5)",10,22,Gaffke,0.556563797945233,1.7600092647006782
"Beta(0.5,0.5)",50,22,Gaffke,0.2539794199731721,1.7959057014485609
"Beta(0.5,0.5)",100,22,Gaffke,0.1890905651121007,1.890905651121007
"Beta(0.5,0.5)",500,22,Gaffke,0.0832336870193999,1.8611618219332025
"Beta(0.5,0.5)",10,23,Gaffke,0.5629132328833765,1.780087940960262
"Beta(0.5,0.5)",50,23,Gaffke,0.2710426703921916,1.91656110225229
"Beta(0.5,0.5)",100,23,Gaffke,0.1948892723323391,1.948892723323392
"Beta(0.5,0.5)",500,23,Gaffke,0.0828496793022813,1.8525751483395847
"Beta(0.5,0.5)",10,24,Gaffke,0.5990526804736331,1.8943709087257563
"Beta(0.5,0.5)",50,24,Gaffke,0.2694665002598837,1.905415896363704
"Beta(0.5,0.5)",100,24,Gaffke,0.1869282729358372,1.869282729358372
"Beta(0.5,0.5)",500,24,Gaffke,0.0836643928556554,1.870792697214933
"Beta(0.5,0.5)",10,25,Gaffke,0.5506184178675191,1.7412083220997132
"Beta(0.5,0.5)",50,25,Gaffke,0.261477641766595,1.8489261362182616
"Beta(0.5,0.5)",100,25,Gaffke,0.188411837584996,1.88411837584996
"Beta(0.5,0.5)",500,25,Gaffke,0.0848671957808958,1.897688188258664
"Beta(0.5,0.5)",10,26,Gaffke,0.6220993657042635,1.9672509265715117
"Beta(0.5,0.5)",50,26,Gaffke,0.2854105208571586,2.018157147200814
"Beta(0.5,0.5)",100,26,Gaffke,0.1909555542242896,1.909555542242896
"Beta(0.5,0.5)",500,26,Gaffke,0.0828263964118504,1.852054527082422
"Beta(0.5,0.5)",10,27,Gaffke,0.5035215760797602,1.5922750314497989
"Beta(0.5,0.5)",50,27,Gaffke,0.2501197084759886,1.7686134197177392
"Beta(0.5,0.5)",100,27,Gaffke,0.1827041091713441,1.8270410917134408
"Beta(0.5,0.5)",500,27,Gaffke,0.0838971641013053,1.8759976204997388
"Beta(0.5,0.5)",10,28,Gaffke,0.573729081429774,1.8142906571942996
"Beta(0.5,0.5)",50,28,Gaffke,0.2832064576847378,2.0025720670469918
"Beta(0.5,0.5)",100,28,Gaffke,0.1886925364549361,1.886925364549361
"Beta(0.5,0.5)",500,28,Gaffke,0.0842258177238865,1.8833465389111688
"Beta(0.5,0.5)",10,29,Gaffke,0.4475670867762664,1.41533139993923
"Beta(0.5,0.5)",50,29,Gaffke,0.2291178034772088,1.620107525293011
"Beta(0.5,0.5)",100,29,Gaffke,0.1749410656763972,1.749410656763973
"Beta(0.5,0.5)",500,29,Gaffke,0.0841190900187352,1.8809600348731608
"Beta(0.5,0.5)",10,30,Gaffke,0.5168880524544555,1.634543541084666
"Beta(0.5,0.5)",50,30,Gaffke,0.242304215621212,1.713349539758464
"Beta(0.5,0.5)",100,30,Gaffke,0.1770156377070021,1.770156377070022
"Beta(0.5,0.5)",500,30,Gaffke,0.083375423519926,1.8643311464338927
"Beta(0.5,0.5)",10,31,Gaffke,0.5797274678584068,1.833259220594622
"Beta(0.5,0.5)",50,31,Gaffke,0.279213818090154,1.9743398417253504
"Beta(0.5,0.5)",100,31,Gaffke,0.1903900505633814,1.9039005056338143
"Beta(0.5,0.5)",500,31,Gaffke,0.0829393917366042,1.8545811793553133
"Beta(0.5,0.5)",10,32,Gaffke,0.5621340646274294,1.7776239945909682
"Beta(0.5,0.5)",50,32,Gaffke,0.2599250672389359,1.8379477764502088
"Beta(0.5,0.5)",100,32,Gaffke,0.1883380141162556,1.8833801411625568
"Beta(0.5,0.5)",500,32,Gaffke,0.0827727114905579,1.850854095748656
"Beta(0.5,0.5)",10,33,Gaffke,0.5980489253207194,1.8911967562294183
"Beta(0.5,0.5)",50,33,Gaffke,0.2500689894899629,1.7682547823282029
"Beta(0.5,0.5)",100,33,Gaffke,0.1815760933503273,1.8157609335032727
"Beta(0.5,0.5)",500,33,Gaffke,0.0810910293984023,1.8132505410026156
"Beta(0.5,0.5)",10,34,Gaffke,0.5188786472891846,1.6408383546609766
"Beta(0.5,0.5)",50,34,Gaffke,0.2564953671062171,1.8136961342373903
"Beta(0.5,0.5)",100,34,Gaffke,0.1817487047897122,1.8174870478971228
"Beta(0.5,0.5)",500,34,Gaffke,0.0819592691091176,1.832664971141856
"Beta(0.5,0.5)",10,35,Gaffke,0.5792225722238576,1.8316626004087708
"Beta(0.5,0.5)",50,35,Gaffke,0.2608705816694943,1.8446335731057848
"Beta(0.5,0.5)",100,35,Gaffke,0.1808757594972481,1.808757594972481
"Beta(0.5,0.5)",500,35,Gaffke,0.0797833194091848,1.7840092566951562
"Beta(0.5,0.5)",10,36,Gaffke,0.568414575723037,1.7974847145230477
"Beta(0.5,0.5)",50,36,Gaffke,0.2539531622942069,1.7957200316200157
"Beta(0.5,0.5)",100,36,Gaffke,0.1817642496178844,1.8176424961788444
"Beta(0.5,0.5)",500,36,Gaffke,0.0827302549100816,1.849904737748283
"Beta(0.5,0.5)",10,37,Gaffke,0.5473703818616746,1.7309371303990089
"Beta(0.5,0.5)",50,37,Gaffke,0.2635325660911616,1.8634566454655244
"Beta(0.5,0.5)",100,37,Gaffke,0.1891165027767926,1.8911650277679264
"Beta(0.5,0.5)",500,37,Gaffke,0.0816406113586358,1.825539567225512
"Beta(0.5,0.5)",10,38,Gaffke,0.5820031536925305,1.8404555710694328
"Beta(0.5,0.5)",50,38,Gaffke,0.2736689883304855,1.9351319744894844
"Beta(0.5,0.5)",100,38,Gaffke,0.1876419124857378,1.876419124857378
"Beta(0.5,0.5)",500,38,Gaffke,0.0830029702610496,1.8560028383810057
"Beta(0.5,0.5)",10,39,Gaffke,0.5682702518207863,1.797028322271132
"Beta(0.5,0.5)",50,39,Gaffke,0.260083396237477,1.8390673315354784
"Beta(0.5,0.5)",100,39,Gaffke,0.1886010746731028,1.8860107467310283
"Beta(0.5,0.5)",500,39,Gaffke,0.082928884682609,1.854346234485548
"Beta(0.5,0.5)",10,40,Gaffke,0.6385563855662357,2.0192925928339736
"Beta(0.5,0.5)",50,40,Gaffke,0.2654111591261869,1.8767403042070865
"Beta(0.5,0.5)",100,40,Gaffke,0.1952044123020004,1.9520441230200047
"Beta(0.5,0.5)",500,40,Gaffke,0.0836682401400506,1.8708787251092975
"Beta(0.5,0.5)",10,41,Gaffke,0.622369226424312,1.9681043010978776
"Beta(0.5,0.5)",50,41,Gaffke,0.2769110698574447,1.9580569528182088
"Beta(0.5,0.5)",100,41,Gaffke,0.1850022064718219,1.8500220647182195
"Beta(0.5,0.5)",500,41,Gaffke,0.0825742970463366,1.846417413898688
"Beta(0.5,0.5)",10,42,Gaffke,0.6341453402965644,2.0053436429197005
"Beta(0.5,0.5)",50,42,Gaffke,0.2638209750996017,1.8654960051217568
"Beta(0.5,0.5)",100,42,Gaffke,0.184713538567678,1.8471353856767805
"Beta(0.5,0.5)",500,42,Gaffke,0.0840742162651912,1.8799566272398625
"Beta(0.5,0.5)",10,43,Gaffke,0.6116189382735906,1.9341089050384783
"Beta(0.5,0.5)",50,43,Gaffke,0.2924023381764971,2.0675967615940323
"Beta(0.5,0.5)",100,43,Gaffke,0.2011814324826446,2.0118143248264464
"Beta(0.5,0.5)",500,43,Gaffke,0.0835768107758102,1.8688343023734852
"Beta(0.5,0.5)",10,44,Gaffke,0.5664849621940475,1.7913827407675655
"Beta(0.5,0.5)",50,44,Gaffke,0.2648697632500913,1.8729120572541496
"Beta(0.5,0.5)",100,44,Gaffke,0.1898608737584559,1.8986087375845595
"Beta(0.5,0.5)",500,44,Gaffke,0.0831299563769885,1.8588423342553853
"Beta(0.5,0.5)",10,45,Gaffke,0.5931369729943409,1.8756637991199
"Beta(0.5,0.5)",50,45,Gaffke,0.27230312849421,1.9254738869656771
"Beta(0.5,0.5)",100,45,Gaffke,0.1836174213030456,1.836174213030456
"Beta(0.5,0.5)",500,45,Gaffke,0.0836089316681113,1.8695525473603185
"Beta(0.5,0.5)",10,46,Gaffke,0.507337961578308,1.6043435020544472
"Beta(0.5,0.5)",50,46,Gaffke,0.2702930477282098,1.9112604695619628
"Beta(0.5,0.5)",100,46,Gaffke,0.1914512740298589,1.9145127402985893
"Beta(0.5,0.5)",500,46,Gaffke,0.0844038133319215,1.887326641703796
"Beta(0.5,0.5)",10,47,Gaffke,0.5195491259500695,1.6429585943519125
"Beta(0.5,0.5)",50,47,Gaffke,0.2473354444982634,1.74892570032511
"Beta(0.5,0.5)",100,47,Gaffke,0.177429167244449,1.7742916724444906
"Beta(0.5,0.5)",500,47,Gaffke,0.0830343963466084,1.8567055470167664
"Beta(0.5,0.5)",10,48,Gaffke,0.5814490271290145,1.8387032690167204
"Beta(0.5,0.5)",50,48,Gaffke,0.2640205652657713,1.866907320721324
"Beta(0.5,0.5)",100,48,Gaffke,0.1847676682842752,1.8476766828427529
"Beta(0.5,0.5)",500,48,Gaffke,0.0813501953320973,1.8190456674545576
"Beta(0.5,0.5)",10,49,Gaffke,0.5645079074443138,1.7851307446995528
"Beta(0.5,0.5)",50,49,Gaffke,0.2756891948429757,1.949416991733275
"Beta(0.5,0.5)",100,49,Gaffke,0.1895507507204884,1.8955075072048844
"Beta(0.5,0.5)",500,49,Gaffke,0.0822194676014478,1.8384831863067892
Bernoulli(0.1),10,0,Gaffke,0.6373506569250963,2.015479744087873
Bernoulli(0.1),50,0,Gaffke,0.2358319140088583,1.6675834561586649
Bernoulli(0.1),100,0,Gaffke,0.1814980540706442,1.814980540706442
Bernoulli(0.1),500,0,Gaffke,0.0767591827383261,1.716387505002257
Bernoulli(0.1),10,1,Gaffke,0.6373506569250963,2.015479744087873
Bernoulli(0.1),50,1,Gaffke,0.2666381785859844,1.8854166420137923
Bernoulli(0.1),100,1,Gaffke,0.1570346627386382,1.5703466273863826
Bernoulli(0.1),500,1,Gaffke,0.072855366431772,1.6290955186709857
Bernoulli(0.1),10,2,Gaffke,0.4112959813475253,1.30063209353231
Bernoulli(0.1),50,2,Gaffke,0.2172824048017003,1.5364186186780278
Bernoulli(0.1),100,2,Gaffke,0.1498132023148229,1.4981320231482296
Bernoulli(0.1),500,2,Gaffke,0.072855366431772,1.6290955186709857
Bernoulli(0.1),10,3,Gaffke,0.6981067641908986,2.2076074248133133
Bernoulli(0.1),50,3,Gaffke,0.2666381785859844,1.8854166420137923
Bernoulli(0.1),100,3,Gaffke,0.186736181176183,1.86736181176183
Bernoulli(0.1),500,3,Gaffke,0.0740069113052931,1.6548448448343318
Bernoulli(0.1),10,4,Gaffke,0.6373506569250963,2.015479744087873
Bernoulli(0.1),50,4,Gaffke,0.2172824048017003,1.5364186186780278
Bernoulli(0.1),100,4,Gaffke,0.1759451640151644,1.759451640151644
Bernoulli(0.1),500,4,Gaffke,0.0778127627894639,1.7399462711430762
Bernoulli(0.1),10,5,Gaffke,0.5437859283242222,1.7196020930536116
Bernoulli(0.1),50,5,Gaffke,0.1958337841356915,1.3847539674777003
Bernoulli(0.1),100,5,Gaffke,0.1420129252547985,1.420129252547985
Bernoulli(0.1),500,5,Gaffke,0.0722680413026555,1.6159625295350022
Bernoulli(0.1),10,6,Gaffke,0.5437859283242222,1.7196020930536116
Bernoulli(0.1),50,6,Gaffke,0.2521407899382142,1.7829046237904411
Bernoulli(0.1),100,6,Gaffke,0.1700449844548284,1.7004498445482843
Bernoulli(0.1),500,6,Gaffke,0.0679215985093282,1.5187731140730636
Bernoulli(0.1),10,7,Gaffke,0.4112959813475253,1.30063209353231
Bernoulli(0.1),50,7,Gaffke,0.2358319140088583,1.6675834561586649
Bernoulli(0.1),100,7,Gaffke,0.186736181176183,1.86736181176183
Bernoulli(0.1),500,7,Gaffke,0.0704574696262795,1.5754769160698785
Bernoulli(0.1),10,8,Gaffke,0.5437859283242222,1.7196020930536116
Bernoulli(0.1),50,8,Gaffke,0.1958337841356915,1.3847539674777003
Bernoulli(0.1),100,8,Gaffke,0.1498132023148229,1.4981320231482296
Bernoulli(0.1),500,8,Gaffke,0.0692077366454605,1.5475320370815309
Bernoulli(0.1),10,9,Gaffke,0.6373506569250963,2.015479744087873
Bernoulli(0.1),50,9,Gaffke,0.2358319140088583,1.6675834561586649
Bernoulli(0.1),100,9,Gaffke,0.1498132023148229,1.4981320231482296
Bernoulli(0.1),500,9,Gaffke,0.0722680413026555,1.6159625295350022
Bernoulli(0.1),10,10,Gaffke,0.6373506569250963,2.015479744087873
Bernoulli(0.1),50,10,Gaffke,0.2358319140088583,1.6675834561586649
Bernoulli(0.1),100,10,Gaffke,0.1498132023148229,1.4981320231482296
Bernoulli(0.1),500,10,Gaffke,0.0652311631272638,1.4586131500393973
Bernoulli(0.1),10,11,Gaffke,0.6373506569250963,2.015479744087873
Bernoulli(0.1),50,11,Gaffke,0.2521407899382142,1.7829046237904411
Bernoulli(0.1),100,11,Gaffke,0.1700449844548284,1.7004498445482843
Bernoulli(0.1),500,11,Gaffke,0.0756791544483382,1.6922373382619
Bernoulli(0.1),10,12,Gaffke,0.6373506569250963,2.015479744087873
Bernoulli(0.1),50,12,Gaffke,0.2358319140088583,1.6675834561586649
Bernoulli(0.1),100,12,Gaffke,0.1637578675762626,1.6375786757626258
Bernoulli(0.1),500,12,Gaffke,0.0623655120196021,1.394535243274106
Bernoulli(0.1),10,13,Gaffke,0.6373506569250963,2.015479744087873
Bernoulli(0.1),50,13,Gaffke,0.2521407899382142,1.7829046237904411
Bernoulli(0.1),100,13,Gaffke,0.1759451640151644,1.759451640151644
Bernoulli(0.1),500,13,Gaffke,0.0716727556396444,1.6026515374497643
Bernoulli(0.1),10,14,Gaffke,0.4112959813475253,1.30063209353231
Bernoulli(0.1),50,14,Gaffke,0.2521407899382142,1.7829046237904411
Bernoulli(0.1),100,14,Gaffke,0.1814980540706442,1.814980540706442
Bernoulli(0.1),500,14,Gaffke,0.0734349272984762,1.6420548936214778
Bernoulli(0.1),10,15,Gaffke,0.4112959813475253,1.30063209353231
Bernoulli(0.1),50,15,Gaffke,0.1958337841356915,1.3847539674777003
Bernoulli(0.1),100,15,Gaffke,0.1420129252547985,1.420129252547985
Bernoulli(0.1),500,15,Gaffke,0.0704574696262795,1.5754769160698785
Bernoulli(0.1),10,16,Gaffke,0.5437859283242222,1.7196020930536116
Bernoulli(0.1),50,16,Gaffke,0.2172824048017003,1.5364186186780278
Bernoulli(0.1),100,16,Gaffke,0.1570346627386382,1.5703466273863826
Bernoulli(0.1),500,16,Gaffke,0.0645320921220192,1.4429814471511369
Bernoulli(0.1),10,17,Gaffke,0.4112959813475253,1.30063209353231
Bernoulli(0.1),50,17,Gaffke,0.2521407899382142,1.7829046237904411
Bernoulli(0.1),100,17,Gaffke,0.1759451640151644,1.759451640151644
Bernoulli(0.1),500,17,Gaffke,0.0630996730068963,1.4109515820142886
Bernoulli(0.1),10,18,Gaffke,0.5437859283242222,1.7196020930536116
Bernoulli(0.1),50,18,Gaffke,0.2521407899382142,1.7829046237904411
Bernoulli(0.1),100,18,Gaffke,0.1637578675762626,1.6375786757626258
Bernoulli(0.1),500,18,Gaffke,0.0734349272984762,1.6420548936214778
Bernoulli(0.1),10,19,Gaffke,0.6373506569250963,2.015479744087873
Bernoulli(0.1),50,19,Gaffke,0.2358319140088583,1.6675834561586649
Bernoulli(0.1),100,19,Gaffke,0.1570346627386382,1.5703466273863826
Bernoulli(0.1),500,19,Gaffke,0.066596881808207,1.4891515481267013
Bernoulli(0.1),10,20,Gaffke,0.5437859283242222,1.7196020930536116
Bernoulli(0.1),50,20,Gaffke,0.1704130348448164,1.205002125413491
Bernoulli(0.1),100,20,Gaffke,0.1335262908262368,1.3352629082623688
Bernoulli(0.1),500,20,Gaffke,0.068569348640793,1.533257247336961
Bernoulli(0.1),10,21,Gaffke,0.5437859283242222,1.7196020930536116
Bernoulli(0.1),50,21,Gaffke,0.2521407899382142,1.7829046237904411
Bernoulli(0.1),100,21,Gaffke,0.1814980540706442,1.814980540706442
Bernoulli(0.1),500,21,Gaffke,0.0778127627894639,1.7399462711430762
Bernoulli(0.1),10,22,Gaffke,0.4112959813475253,1.30063209353231
Bernoulli(0.1),50,22,Gaffke,0.1958337841356915,1.3847539674777003
Bernoulli(0.1),100,22,Gaffke,0.1759451640151644,1.759451640151644
Bernoulli(0.1),500,22,Gaffke,0.0692077366454605,1.5475320370815309
Bernoulli(0.1),10,23,Gaffke,0.6373506569250963,2.015479744087873
Bernoulli(0.1),50,23,Gaffke,0.2521407899382142,1.7829046237904411
Bernoulli(0.1),100,23,Gaffke,0.1759451640151644,1.759451640151644
Bernoulli(0.1),500,23,Gaffke,0.0710693037020595,1.589157941913826
Bernoulli(0.1),10,24,Gaffke,0.4112959813475253,1.30063209353231
Bernoulli(0.1),50,24,Gaffke,0.2358319140088583,1.6675834561586649
Bernoulli(0.1),100,24,Gaffke,0.1570346627386382,1.5703466273863826
Bernoulli(0.1),500,24,Gaffke,0.0704574696262795,1.5754769160698785
Bernoulli(0.1),10,25,Gaffke,0.4112959813475253,1.30063209353231
Bernoulli(0.1),50,25,Gaffke,0.2172824048017003,1.5364186186780278
Bernoulli(0.1),100,25,Gaffke,0.1637578675762626,1.6375786757626258
Bernoulli(0.1),500,25,Gaffke,0.0778127627894639,1.7399462711430762
Bernoulli(0.1),10,26,Gaffke,0.5437859283242222,1.7196020930536116
Bernoulli(0.1),50,26,Gaffke,0.2796199195786937,1.9772114128893143
Bernoulli(0.1),100,26,Gaffke,0.1637578675762626,1.6375786757626258
Bernoulli(0.1),500,26,Gaffke,0.0652311631272638,1.4586131500393973
Bernoulli(0.1),10,27,Gaffke,0.5437859283242222,1.7196020930536116
Bernoulli(0.1),50,27,Gaffke,0.301835660052192,2.1343004202682248
Bernoulli(0.1),100,27,Gaffke,0.1814980540706442,1.814980540706442
Bernoulli(0.1),500,27,Gaffke,0.0751288572729846,1.6799323193427325
Bernoulli(0.1),10,28,Gaffke,0.4112959813475253,1.30063209353231
Bernoulli(0.1),50,28,Gaffke,0.2172824048017003,1.5364186186780278
Bernoulli(0.1),100,28,Gaffke,0.1963721628066706,1.9637216280667065
Bernoulli(0.1),500,28,Gaffke,0.0751288572729846,1.6799323193427325
Bernoulli(0.1),10,29,Gaffke,0.4112959813475253,1.30063209353231
Bernoulli(0.1),50,29,Gaffke,0.1393038787495485,0.9850271730939434
Bernoulli(0.1),100,29,Gaffke,0.1498132023148229,1.4981320231482296
Bernoulli(0.1),500,29,Gaffke,0.0745714975377883,1.6674693767845294
Bernoulli(0.1),10,30,Gaffke,0.6373506569250963,2.015479744087873
Bernoulli(0.1),50,30,Gaffke,0.2796199195786937,1.9772114128893143
Bernoulli(0.1),100,30,Gaffke,0.1916866150375059,1.9168661503750588
Bernoulli(0.1),500,30,Gaffke,0.0788409821442014,1.762937954872815
Bernoulli(0.1),10,31,Gaffke,0.5437859283242222,1.7196020930536116
Bernoulli(0.1),50,31,Gaffke,0.2521407899382142,1.7829046237904411
Bernoulli(0.1),100,31,Gaffke,0.1570346627386382,1.5703466273863826
Bernoulli(0.1),500,31,Gaffke,0.0698370267125314,1.561603390756889
Bernoulli(0.1),10,32,Gaffke,0.6373506569250963,2.015479744087873
Bernoulli(0.1),50,32,Gaffke,0.2358319140088583,1.6675834561586649
Bernoulli(0.1),100,32,Gaffke,0.186736181176183,1.86736181176183
Bernoulli(0.1),500,32,Gaffke,0.0734349272984762,1.6420548936214778
Bernoulli(0.1),10,33,Gaffke,0.6373506569250963,2.015479744087873
Bernoulli(0.1),50,33,Gaffke,0.2172824048017003,1.5364186186780278
Bernoulli(0.1),100,33,Gaffke,0.1637578675762626,1.6375786757626258
Bernoulli(0.1),500,33,Gaffke,0.072855366431772,1.6290955186709857
Bernoulli(0.1),10,34,Gaffke,0.5437859283242222,1.7196020930536116
Bernoulli(0.1),50,34,Gaffke,0.2521407899382142,1.7829046237904411
Bernoulli(0.1),100,34,Gaffke,0.1814980540706442,1.814980540706442
Bernoulli(0.1),500,34,Gaffke,0.0762225460949546,1.704387944864298
Bernoulli(0.1),10,35,Gaffke,0.5437859283242222,1.7196020930536116
Bernoulli(0.1),50,35,Gaffke,0.2666381785859844,1.8854166420137923
Bernoulli(0.1),100,35,Gaffke,0.1814980540706442,1.814980540706442
Bernoulli(0.1),500,35,Gaffke,0.0698370267125314,1.561603390756889
Bernoulli(0.1),10,36,Gaffke,0.6373506569250963,2.015479744087873
Bernoulli(0.1),50,36,Gaffke,0.2666381785859844,1.8854166420137923
Bernoulli(0.1),100,36,Gaffke,0.1759451640151644,1.759451640151644
Bernoulli(0.1),500,36,Gaffke,0.066596881808207,1.4891515481267013
Bernoulli(0.1),10,37,Gaffke,0.4112959813475253,1.30063209353231
Bernoulli(0.1),50,37,Gaffke,0.2172824048017003,1.5364186186780278
Bernoulli(0.1),100,37,Gaffke,0.1700449844548284,1.7004498445482843
Bernoulli(0.1),500,37,Gaffke,0.0652311631272638,1.4586131500393973
Bernoulli(0.1),10,38,Gaffke,0.4112959813475253,1.30063209353231
Bernoulli(0.1),50,38,Gaffke,0.1958337841356915,1.3847539674777003
Bernoulli(0.1),100,38,Gaffke,0.1498132023148229,1.4981320231482296
Bernoulli(0.1),500,38,Gaffke,0.0734349272984762,1.6420548936214778
Bernoulli(0.1),10,39,Gaffke,0.6373506569250963,2.015479744087873
Bernoulli(0.1),50,39,Gaffke,0.2666381785859844,1.8854166420137923
Bernoulli(0.1),100,39,Gaffke,0.1637578675762626,1.6375786757626258
Bernoulli(0.1),500,39,Gaffke,0.0692077366454605,1.5475320370815309
Bernoulli(0.1),10,40,Gaffke,0.4112959813475253,1.30063209353231
Bernoulli(0.1),50,40,Gaffke,0.1958337841356915,1.3847539674777003
Bernoulli(0.1),100,40,Gaffke,0.1335262908262368,1.3352629082623688
Bernoulli(0.1),500,40,Gaffke,0.0645320921220192,1.4429814471511369
Bernoulli(0.1),10,41,Gaffke,0.6373506569250963,2.015479744087873
Bernoulli(0.1),50,41,Gaffke,0.2796199195786937,1.9772114128893143
Bernoulli(0.1),100,41,Gaffke,0.1759451640151644,1.759451640151644
Bernoulli(0.1),500,41,Gaffke,0.0762225460949546,1.704387944864298
Bernoulli(0.1),10,42,Gaffke,0.6373506569250963,2.015479744087873
Bernoulli(0.1),50,42,Gaffke,0.2666381785859844,1.8854166420137923
Bernoulli(0.1),100,42,Gaffke,0.1570346627386382,1.5703466273863826
Bernoulli(0.1),500,42,Gaffke,0.066596881808207,1.4891515481267013
Bernoulli(0.1),10,43,Gaffke,0.6373506569250963,2.015479744087873
Bernoulli(0.1),50,43,Gaffke,0.2796199195786937,1.9772114128893143
Bernoulli(0.1),100,43,Gaffke,0.1637578675762626,1.6375786757626258
Bernoulli(0.1),500,43,Gaffke,0.0710693037020595,1.589157941913826
Bernoulli(0.1),10,44,Gaffke,0.5437859283242222,1.7196020930536116
Bernoulli(0.1),50,44,Gaffke,0.2521407899382142,1.7829046237904411
Bernoulli(0.1),100,44,Gaffke,0.1759451640151644,1.759451640151644
Bernoulli(0.1),500,44,Gaffke,0.0740069113052931,1.6548448448343318
Bernoulli(0.1),10,45,Gaffke,0.6373506569250963,2.015479744087873
Bernoulli(0.1),50,45,Gaffke,0.2796199195786937,1.9772114128893143
Bernoulli(0.1),100,45,Gaffke,0.1759451640151644,1.759451640151644
Bernoulli(0.1),500,45,Gaffke,0.0698370267125314,1.561603390756889
Bernoulli(0.1),10,46,Gaffke,0.5437859283242222,1.7196020930536116
Bernoulli(0.1),50,46,Gaffke,0.1704130348448164,1.205002125413491
Bernoulli(0.1),100,46,Gaffke,0.1570346627386382,1.5703466273863826
Bernoulli(0.1),500,46,Gaffke,0.0704574696262795,1.5754769160698785
Bernoulli(0.1),10,47,Gaffke,0.5437859283242222,1.7196020930536116
Bernoulli(0.1),50,47,Gaffke,0.2796199195786937,1.9772114128893143
Bernoulli(0.1),100,47,Gaffke,0.2050235562756749,2.05023556275675
Bernoulli(0.1),500,47,Gaffke,0.0716727556396444,1.6026515374497643
Bernoulli(0.1),10,48,Gaffke,0.5437859283242222,1.7196020930536116
Bernoulli(0.1),50,48,Gaffke,0.2521407899382142,1.7829046237904411
Bernoulli(0.1),100,48,Gaffke,0.1570346627386382,1.5703466273863826
Bernoulli(0.1),500,48,Gaffke,0.0772892087695235,1.7282392473582746
Bernoulli(0.1),10,49,Gaffke,0.5437859283242222,1.7196020930536116
Bernoulli(0.1),50,49,Gaffke,0.2666381785859844,1.8854166420137923
Bernoulli(0.1),100,49,Gaffke,0.1700449844548284,1.7004498445482843
Bernoulli(0.1),500,49,Gaffke,0.0745714975377883,1.6674693767845294
"Uniform(0,1)",10,0,Randomized Gaffke,0.5267371450459746,1.6656891065597568
"Uniform(0,1)",50,0,Randomized Gaffke,0.23158606325582826,1.6375607575649291
"Uniform(0,1)",100,0,Randomized Gaffke,0.16198917606893926,1.6198917606893926
"Uniform(0,1)",500,0,Randomized Gaffke,0.06909099242779054,1.5449215570146289
"Uniform(0,1)",10,1,Randomized Gaffke,0.47999755520444826,1.5178855457584652
"Uniform(0,1)",50,1,Randomized Gaffke,0.22195789244599418,1.5694793088643686
"Uniform(0,1)",100,1,Randomized Gaffke,0.15958765118136387,1.5958765118136387
"Uniform(0,1)",500,1,Randomized Gaffke,0.06754357237020597,1.5103201926295715
"Uniform(0,1)",10,2,Randomized Gaffke,0.5653514614435756,1.7877982966665642
"Uniform(0,1)",50,2,Randomized Gaffke,0.2350947335772679,1.6623708033373086
"Uniform(0,1)",100,2,Randomized Gaffke,0.1608984659462992,1.608984659462992
"Uniform(0,1)",500,2,Randomized Gaffke,0.06739617819324029,1.5070243586377425
"Uniform(0,1)",10,3,Randomized Gaffke,0.4987966582926402,1.577333529485457
"Uniform(0,1)",50,3,Randomized Gaffke,0.23141681736868497,1.6363640084200597
"Uniform(0,1)",100,3,Randomized Gaffke,0.1662518803588291,1.662518803588291
"Uniform(0,1)",500,3,Randomized Gaffke,0.07016964180052332,1.5690408902278088
"Uniform(0,1)",10,4,Randomized Gaffke,0.5029256759897337,1.5903906299074158
"Uniform(0,1)",50,4,Randomized Gaffke,0.20514971311066643,1.45062753299027
"Uniform(0,1)",100,4,Randomized Gaffke,0.14537593178385572,1.453759317838557
"Uniform(0,1)",500,4,Randomized Gaffke,0.06753639128564792,1.5101596186973318
"Uniform(0,1)",10,5,Randomized Gaffke,0.4036593659917982,1.2764829953935952
"Uniform(0,1)",50,5,Randomized Gaffke,0.22522336349520655,1.5925696760910328
"Uniform(0,1)",100,5,Randomized Gaffke,0.15632433909191223,1.5632433909191223
"Uniform(0,1)",500,5,Randomized Gaffke,0.0698305781225696,1.5614591959017528
"Uniform(0,1)",10,6,Randomized Gaffke,0.5011135280474107,1.5846601149524875
"Uniform(0,1)",50,6,Randomized Gaffke,0.22343998019975048,1.5799592518743149
"Uniform(0,1)",100,6,Randomized Gaffke,0.15747772747989025,1.5747772747989024
"Uniform(0,1)",500,6,Randomized Gaffke,0.0677401045932538,1.5147147867346125
"Uniform(0,1)",10,7,Randomized Gaffke,0.4844954758061732,1.5321092195945112
"Uniform(0,1)",50,7,Randomized Gaffke,0.2343169792157498,1.65687124950604
"Uniform(0,1)",100,7,Randomized Gaffke,0.16744664811068333,1.6744664811068333
"Uniform(0,1)",500,7,Randomized Gaffke,0.06934076971924147,1.5505067470438294
"Uniform(0,1)",10,8,Randomized Gaffke,0.5319324173567829,1.6821180001267173
"Uniform(0,1)",50,8,Randomized Gaffke,0.2143502882409028,1.5156854236443345
"Uniform(0,1)",100,8,Randomized Gaffke,0.1503593889128647,1.503593889128647
"Uniform(0,1)",500,8,Randomized Gaffke,0.06769433675911862,1.5136913868515205
"Uniform(0,1)",10,9,Randomized Gaffke,0.5333940205870955,1.6867399953699649
"Uniform(0,1)",50,9,Randomized Gaffke,0.22880638153350585,1.6179054396109844
"Uniform(0,1)",100,9,Randomized Gaffke,0.15902913898820892,1.5902913898820892
"Uniform(0,1)",500,9,Randomized Gaffke,0.07020606123652828,1.5698552535739019
"Uniform(0,1)",10,10,Randomized Gaffke,0.545775923030289,1.72589500885646
"Uniform(0,1)",50,10,Randomized Gaffke,0.24736358711775008,1.749124698695904
"Uniform(0,1)",100,10,Randomized Gaffke,0.1656269872787291,1.6562698727872909
"Uniform(0,1)",500,10,Randomized Gaffke,0.07119119551445258,1.591883525697941
"Uniform(0,1)",10,11,Randomized Gaffke,0.5430224194970281,1.7171876661460344
"Uniform(0,1)",50,11,Randomized Gaffke,0.2031671640857024,1.4366087943944017
"Uniform(0,1)",100,11,Randomized Gaffke,0.14635728272842224,1.4635728272842226
"Uniform(0,1)",500,11,Randomized Gaffke,0.06843435144733723,1.5302386183235717
"Uniform(0,1)",10,12,Randomized Gaffke,0.49281185159900476,1.5584079089777474
"Uniform(0,1)",50,12,Randomized Gaffke,0.2094417892768955,1.4809770946153675
"Uniform(0,1)",100,12,Randomized Gaffke,0.14513061620739293,1.4513061620739292
"Uniform(0,1)",500,12,Randomized Gaffke,0.06767144589595625,1.5131795315905734
"Uniform(0,1)",10,13,Randomized Gaffke,0.4777905400898857,1.5109063511660301
"Uniform(0,1)",50,13,Randomized Gaffke,0.22167745024859065,1.5674962830692196
"Uniform(0,1)",100,13,Randomized Gaffke,0.1497530968510496,1.497530968510496
"Uniform(0,1)",500,13,Randomized Gaffke,0.06689296728217059,1.495772220596028
"Uniform(0,1)",10,14,Randomized Gaffke,0.5144899741153407,1.6269601515255496
"Uniform(0,1)",50,14,Randomized Gaffke,0.23318263915006332,1.648850253979855
"Uniform(0,1)",100,14,Randomized Gaffke,0.1705564824934354,1.705564824934354
"Uniform(0,1)",500,14,Randomized Gaffke,0.07158472261594878,1.6006830591972805
"Uniform(0,1)",10,15,Randomized Gaffke,0.5414282381823265,1.7121464221882956
"Uniform(0,1)",50,15,Randomized Gaffke,0.23353401222344422,1.6513348368089948
"Uniform(0,1)",100,15,Randomized Gaffke,0.16478441490262402,1.6478441490262403
"Uniform(0,1)",500,15,Randomized Gaffke,0.07028507210362095,1.571621990271706
"Uniform(0,1)",10,16,Randomized Gaffke,0.5161518185990992,1.6322153652112132
"Uniform(0,1)",50,16,Randomized Gaffke,0.23375121514518782,1.6528706933975792
"Uniform(0,1)",100,16,Randomized Gaffke,0.1601124193658106,1.601124193658106
"Uniform(0,1)",500,16,Randomized Gaffke,0.06839685840480458,1.5294002484057088
"Uniform(0,1)",10,17,Randomized Gaffke,0.5354328522787308,1.6931873472812666
"Uniform(0,1)",50,17,Randomized Gaffke,0.22915955543785638,1.6204027562380283
"Uniform(0,1)",100,17,Randomized Gaffke,0.15587981493012248,1.5587981493012248
"Uniform(0,1)",500,17,Randomized Gaffke,0.06866106983407111,1.5353081955684322
"Uniform(0,1)",10,18,Randomized Gaffke,0.5317303657186829,1.6814790567453535
"Uniform(0,1)",50,18,Randomized Gaffke,0.241510875765569,1.7077397798413567
"Uniform(0,1)",100,18,Randomized Gaffke,0.17062575107929878,1.7062575107929878
"Uniform(0,1)",500,18,Randomized Gaffke,0.06985234777567445,1.561945980143643
"Uniform(0,1)",10,19,Randomized Gaffke,0.48344635551122067,1.5287916099229535
"Uniform(0,1)",50,19,Randomized Gaffke,0.2295802656327655,1.6233776265553739
"Uniform(0,1)",100,19,Randomized Gaffke,0.1603816327096626,1.603816327096626
"Uniform(0,1)",500,19,Randomized Gaffke,0.06661640711880779,1.4895881473445511
"Uniform(0,1)",10,20,Randomized Gaffke,0.4667454887956062,1.475978832202716
"Uniform(0,1)",50,20,Randomized Gaffke,0.21459044397345112,1.517383581114592
"Uniform(0,1)",100,20,Randomized Gaffke,0.1518102784473735,1.518102784473735
"Uniform(0,1)",500,20,Randomized Gaffke,0.06647361915918365,1.4863953115036705
"Uniform(0,1)",10,21,Randomized Gaffke,0.4645696972118937,1.4690983750843596
"Uniform(0,1)",50,21,Randomized Gaffke,0.23585021996622274,1.6677128988245498
"Uniform(0,1)",100,21,Randomized Gaffke,0.16211311322893152,1.6211311322893152
"Uniform(0,1)",500,21,Randomized Gaffke,0.07079387507893331,1.5829991706712319
"Uniform(0,1)",10,22,Randomized Gaffke,0.5145550330853248,1.6271658860529241
"Uniform(0,1)",50,22,Randomized Gaffke,0.21736090725379392,1.5369737148401792
"Uniform(0,1)",100,22,Randomized Gaffke,0.1611182924576487,1.6111829245764868
"Uniform(0,1)",500,22,Randomized Gaffke,0.06826040770936348,1.5263491180998745
"Uniform(0,1)",10,23,Randomized Gaffke,0.5301097390376688,1.6763541851965096
"Uniform(0,1)",50,23,Randomized Gaffke,0.2293601132657594,1.621820914239331
"Uniform(0,1)",100,23,Randomized Gaffke,0.16008917204754325,1.6008917204754325
"Uniform(0,1)",500,23,Randomized Gaffke,0.06626799161315239,1.481797339793947
"Uniform(0,1)",10,24,Randomized Gaffke,0.5264120595649445,1.6646610960054504
"Uniform(0,1)",50,24,Randomized Gaffke,0.2307501225955364,1.6316497644693098
"Uniform(0,1)",100,24,Randomized Gaffke,0.15845769672835985,1.5845769672835985
"Uniform(0,1)",500,24,Randomized Gaffke,0.06915915049611054,1.5464456177544148
"Uniform(0,1)",10,25,Randomized Gaffke,0.4382743386756226,1.3859451502189917
"Uniform(0,1)",50,25,Randomized Gaffke,0.2109338376432116,1.4915274697921719
"Uniform(0,1)",100,25,Randomized Gaffke,0.1513342889811613,1.513342889811613
"Uniform(0,1)",500,25,Randomized Gaffke,0.06811776725873081,1.523159580660316
"Uniform(0,1)",10,26,Randomized Gaffke,0.4894361560490605,1.5477330223526289
"Uniform(0,1)",50,26,Randomized Gaffke,0.22748943856494064,1.6085932465759003
"Uniform(0,1)",100,26,Randomized Gaffke,0.16355558288644273,1.6355558288644274
"Uniform(0,1)",500,26,Randomized Gaffke,0.07031209771831132,1.5722263013875197
"Uniform(0,1)",10,27,Randomized Gaffke,0.5863224512967397,1.8541143893908425
"Uniform(0,1)",50,27,Randomized Gaffke,0.22851260966209708,1.6158281587870342
"Uniform(0,1)",100,27,Randomized Gaffke,0.16136917819493218,1.613691781949322
"Uniform(0,1)",500,27,Randomized Gaffke,0.06905827988136326,1.5441900822393437
"Uniform(0,1)",10,28,Randomized Gaffke,0.48829219343100416,1.5441154949214817
"Uniform(0,1)",50,28,Randomized Gaffke,0.22441082206497964,1.5868241405379482
"Uniform(0,1)",100,28,Randomized Gaffke,0.1629385891545651,1.6293858915456512
"Uniform(0,1)",500,28,Randomized Gaffke,0.06883994689831979,1.5393080083211887
"Uniform(0,1)",10,29,Randomized Gaffke,0.5243103561830607,1.6580149263526187
"Uniform(0,1)",50,29,Randomized Gaffke,0.24907851617879434,1.7612510783790867
"Uniform(0,1)",100,29,Randomized Gaffke,0.16810921988063698,1.6810921988063698
"Uniform(0,1)",500,29,Randomized Gaffke,0.06883302390366419,1.5391532054546109
"Uniform(0,1)",10,30,Randomized Gaffke,0.5394495983044099,1.7058894135048415
"Uniform(0,1)",50,30,Randomized Gaffke,0.2083875475418694,1.473522479816899
"Uniform(0,1)",100,30,Randomized Gaffke,0.1504870712376168,1.5048707123761678
"Uniform(0,1)",500,30,Randomized Gaffke,0.06655412927134485,1.4881955723403564
"Uniform(0,1)",10,31,Randomized Gaffke,0.48461427826838543,1.5324849059667378
"Uniform(0,1)",50,31,Randomized Gaffke,0.22089418838496266,1.561957785317058
"Uniform(0,1)",100,31,Randomized Gaffke,0.15473155247361686,1.5473155247361685
"Uniform(0,1)",500,31,Randomized Gaffke,0.06763091089927459,1.5122731415100943
"Uniform(0,1)",10,32,Randomized Gaffke,0.4955309951196844,1.5670065957879842
"Uniform(0,1)",50,32,Randomized Gaffke,0.2121310185468226,1.4999928171446755
"Uniform(0,1)",100,32,Randomized Gaffke,0.15611365265762417,1.5611365265762416
"Uniform(0,1)",500,32,Randomized Gaffke,0.06689947571805527,1.4959177536466814
"Uniform(0,1)",10,33,Randomized Gaffke,0.5918714569081727,1.8716618858720262
"Uniform(0,1)",50,33,Randomized Gaffke,0.23932981118758923,1.692317324308404
"Uniform(0,1)",100,33,Randomized Gaffke,0.15968218168406795,1.5968218168406794
"Uniform(0,1)",500,33,Randomized Gaffke,0.0670129304118276,1.498454677723095
"Uniform(0,1)",10,34,Randomized Gaffke,0.5211494355626259,1.6480192176890525
"Uniform(0,1)",50,34,Randomized Gaffke,0.22228149565782368,1.5717675291193525
"Uniform(0,1)",100,34,Randomized Gaffke,0.1572595018460956,1.572595018460956
"Uniform(0,1)",500,34,Randomized Gaffke,0.06803748108592245,1.521364327259788
"Uniform(0,1)",10,35,Randomized Gaffke,0.48413957771965904,1.5309837710262306
"Uniform(0,1)",50,35,Randomized Gaffke,0.2345014999510731,1.6581760081382064
"Uniform(0,1)",100,35,Randomized Gaffke,0.15548017835731248,1.554801783573125
"Uniform(0,1)",500,35,Randomized Gaffke,0.0670801560598504,1.4999578889111995
"Uniform(0,1)",10,36,Randomized Gaffke,0.44652467267993196,1.4120349971297468
"Uniform(0,1)",50,36,Randomized Gaffke,0.2237732781709354,1.5823160244301204
"Uniform(0,1)",100,36,Randomized Gaffke,0.14964335535394224,1.4964335535394224
"Uniform(0,1)",500,36,Randomized Gaffke,0.06849310718477042,1.5315524365532591
"Uniform(0,1)",10,37,Randomized Gaffke,0.5684736824876317,1.7976716265242905
"Uniform(0,1)",50,37,Randomized Gaffke,0.2341081530980738,1.6553946258670644
"Uniform(0,1)",100,37,Randomized Gaffke,0.16013421434124903,1.6013421434124901
"Uniform(0,1)",500,37,Randomized Gaffke,0.06862799716295442,1.5345686681602881
"Uniform(0,1)",10,38,Randomized Gaffke,0.46602128709089935,1.473688705330466
"Uniform(0,1)",50,38,Randomized Gaffke,0.22755075189452878,1.6090267972871892
"Uniform(0,1)",100,38,Randomized Gaffke,0.15055404980113452,1.5055404980113452
"Uniform(0,1)",500,38,Randomized Gaffke,0.06748283948510925,1.508962164034112
"Uniform(0,1)",10,39,Randomized Gaffke,0.5480898140863776,1.7332121748511922
"Uniform(0,1)",50,39,Randomized Gaffke,0.21666749375240368,1.5320705409501858
"Uniform(0,1)",100,39,Randomized Gaffke,0.15543785922211323,1.5543785922211324
"Uniform(0,1)",500,39,Randomized Gaffke,0.06751713282936322,1.509728986523389
"Uniform(0,1)",10,40,Randomized Gaffke,0.5820928022560671,1.840739064719171
"Uniform(0,1)",50,40,Randomized Gaffke,0.2608892688400449,1.84476571135596
"Uniform(0,1)",100,40,Randomized Gaffke,0.1744999004596552,1.744999004596552
"Uniform(0,1)",500,40,Randomized Gaffke,0.06973559954040692,1.5593354102405297
"Uniform(0,1)",10,41,Randomized Gaffke,0.5143032001669997,1.6263695204412096
"Uniform(0,1)",50,41,Randomized Gaffke,0.2145612296327909,1.5171770045307045
"Uniform(0,1)",100,41,Randomized Gaffke,0.15137933519800356,1.5137933519800355
"Uniform(0,1)",500,41,Randomized Gaffke,0.06623951218347013,1.4811605203866474
"Uniform(0,1)",10,42,Randomized Gaffke,0.5334104821361545,1.686792051358806
"Uniform(0,1)",50,42,Randomized Gaffke,0.22302894734327827,1.577052810673295
"Uniform(0,1)",100,42,Randomized Gaffke,0.16488461945394983,1.6488461945394983
"Uniform(0,1)",500,42,Randomized Gaffke,0.06922570803413758,1.5479338895488497
"Uniform(0,1)",10,43,Randomized Gaffke,0.5455778767590036,1.7252687315570945
"Uniform(0,1)",50,43,Randomized Gaffke,0.23345731646218532,1.6507925158802506
"Uniform(0,1)",100,43,Randomized Gaffke,0.16222248469017492,1.6222248469017493
"Uniform(0,1)",500,43,Randomized Gaffke,0.06921632247362103,1.5477240220356303
"Uniform(0,1)",10,44,Randomized Gaffke,0.559222196211626,1.7684158581503233
"Uniform(0,1)",50,44,Randomized Gaffke,0.25215063330818066,1.7829742269269708
"Uniform(0,1)",100,44,Randomized Gaffke,0.16836423552957464,1.6836423552957465
"Uniform(0,1)",500,44,Randomized Gaffke,0.06962419702922151,1.5568443743617821
"Uniform(0,1)",10,45,Randomized Gaffke,0.4613749156277514,1.4589955886517092
"Uniform(0,1)",50,45,Randomized Gaffke,0.20989330950779395,1.4841698247864796
"Uniform(0,1)",100,45,Randomized Gaffke,0.15277391345041602,1.5277391345041602
"Uniform(0,1)",500,45,Randomized Gaffke,0.06798311560312442,1.5201486781081284
"Uniform(0,1)",10,46,Randomized Gaffke,0.4786128092045955,1.5135065944181232
"Uniform(0,1)",50,46,Randomized Gaffke,0.21580746735401685,1.525989235967198
"Uniform(0,1)",100,46,Randomized Gaffke,0.15519437560631538,1.551943756063154
"Uniform(0,1)",500,46,Randomized Gaffke,0.06856392102909692,1.5331358822498806
"Uniform(0,1)",10,47,Randomized Gaffke,0.4708253886913787,1.4888806084988409
"Uniform(0,1)",50,47,Randomized Gaffke,0.22815746296352235,1.6133168923982522
"Uniform(0,1)",100,47,Randomized Gaffke,0.1507063937910702,1.507063937910702
"Uniform(0,1)",500,47,Randomized Gaffke,0.06562044339404083,1.4673177214275233
"Uniform(0,1)",10,48,Randomized Gaffke,0.5171444388131906,1.6353543059392661
"Uniform(0,1)",50,48,Randomized Gaffke,0.22201038279191498,1.569850471659843
"Uniform(0,1)",100,48,Randomized Gaffke,0.15225148195097316,1.5225148195097316
"Uniform(0,1)",500,48,Randomized Gaffke,0.0690326430864201,1.5436168260771623
"Uniform(0,1)",10,49,Randomized Gaffke,0.4639164371131409,1.4670325852677943
"Uniform(0,1)",50,49,Randomized Gaffke,0.2136691497660697,1.5108690472995192
"Uniform(0,1)",100,49,Randomized Gaffke,0.14796705315031222,1.4796705315031222
"Uniform(0,1)",500,49,Randomized Gaffke,0.0666447306990125,1.4902214818515904
"Beta(1,5)",10,0,Randomized Gaffke,0.4016022532175833,1.2699778336232483
"Beta(1,5)",50,0,Randomized Gaffke,0.13263714201695626,0.9378862255739292
"Beta(1,5)",100,0,Randomized Gaffke,0.08656297234943379,0.8656297234943379
"Beta(1,5)",500,0,Randomized Gaffke,0.034414349832938396,0.7695282562790878
"Beta(1,5)",10,1,Randomized Gaffke,0.41911918922903946,1.3253712490468752
"Beta(1,5)",50,1,Randomized Gaffke,0.13483764979629365,0.9534461653021614
"Beta(1,5)",100,1,Randomized Gaffke,0.08517555183467754,0.8517555183467753
"Beta(1,5)",500,1,Randomized Gaffke,0.033573676889157744,0.7507302377877039
"Beta(1,5)",10,2,Randomized Gaffke,0.33861480183220954,1.070794023236339
"Beta(1,5)",50,2,Randomized Gaffke,0.13603718185820718,0.9619281378544589
"Beta(1,5)",100,2,Randomized Gaffke,0.0863818035698091,0.8638180356980909
"Beta(1,5)",500,2,Randomized Gaffke,0.03482416612227668,0.7786920270915592
"Beta(1,5)",10,3,Randomized Gaffke,0.40174825705530787,1.2704395382975837
"Beta(1,5)",50,3,Randomized Gaffke,0.14415146711190996,1.0193047991282111
"Beta(1,5)",100,3,Randomized Gaffke,0.09254827315539035,0.9254827315539036
"Beta(1,5)",500,3,Randomized Gaffke,0.03534447478595895,0.7903264825043155
"Beta(1,5)",10,4,Randomized Gaffke,0.35305447482540847,1.1164562785628687
"Beta(1,5)",50,4,Randomized Gaffke,0.14538602288524038,1.0280344267189607
"Beta(1,5)",100,4,Randomized Gaffke,0.09034458153067879,0.9034458153067879
"Beta(1,5)",500,4,Randomized Gaffke,0.03475263167626444,0.7770924682513976
"Beta(1,5)",10,5,Randomized Gaffke,0.345512163956491,1.092605397396046
"Beta(1,5)",50,5,Randomized Gaffke,0.1348580410131601,0.9535903529793905
"Beta(1,5)",100,5,Randomized Gaffke,0.08221046873038321,0.822104687303832
"Beta(1,5)",500,5,Randomized Gaffke,0.03190390452975431,0.7133929927619409
"Beta(1,5)",10,6,Randomized Gaffke,0.40651018926753635,1.28549809015155
"Beta(1,5)",50,6,Randomized Gaffke,0.12744968868184753,0.9012053912704877
"Beta(1,5)",100,6,Randomized Gaffke,0.08830244425282865,0.8830244425282865
"Beta(1,5)",500,6,Randomized Gaffke,0.03649398154209538,0.8160302349774787
"Beta(1,5)",10,7,Randomized Gaffke,0.4450263036034029,1.4072967380723518
"Beta(1,5)",50,7,Randomized Gaffke,0.13621789550950855,0.9632059763373406
"Beta(1,5)",100,7,Randomized Gaffke,0.0896792176913849,0.8967921769138489
"Beta(1,5)",500,7,Randomized Gaffke,0.03283308022888634,0.7341699930249421
"Beta(1,5)",10,8,Randomized Gaffke,0.4433573333295491,1.4020189906598588
"Beta(1,5)",50,8,Randomized Gaffke,0.1450043315310813,1.025335461270499
"Beta(1,5)",100,8,Randomized Gaffke,0.08760950222073607,0.8760950222073607
"Beta(1,5)",500,8,Randomized Gaffke,0.03525210930502509,0.7882611275628898
"Beta(1,5)",10,9,Randomized Gaffke,0.3482739481991216,1.1013389260087216
"Beta(1,5)",50,9,Randomized Gaffke,0.14621868320829418,1.033922224327524
"Beta(1,5)",100,9,Randomized Gaffke,0.0971565139923215,0.971565139923215
"Beta(1,5)",500,9,Randomized Gaffke,0.03664510586665945,0.8194094776052688
"Beta(1,5)",10,10,Randomized Gaffke,0.473944079870775,1.49874277594441
"Beta(1,5)",50,10,Randomized Gaffke,0.13826448915114434,0.97767757876068
"Beta(1,5)",100,10,Randomized Gaffke,0.0916658315387397,0.916658315387397
"Beta(1,5)",500,10,Randomized Gaffke,0.03447888110524605,0.7709712193946325
"Beta(1,5)",10,11,Randomized Gaffke,0.2877167544002259,0.9098402648959868
"Beta(1,5)",50,11,Randomized Gaffke,0.1388239307559453,0.9816334282850063
"Beta(1,5)",100,11,Randomized Gaffke,0.08505364279003974,0.8505364279003974
"Beta(1,5)",500,11,Randomized Gaffke,0.0342620124898812,0.7661218897332119
"Beta(1,5)",10,12,Randomized Gaffke,0.32755950888753804,1.0358341173307872
"Beta(1,5)",50,12,Randomized Gaffke,0.1428593989790756,1.0101684977433891
"Beta(1,5)",100,12,Randomized Gaffke,0.0901800208961839,0.9018002089618391
"Beta(1,5)",500,12,Randomized Gaffke,0.03573477657707866,0.7990538958711514
"Beta(1,5)",10,13,Randomized Gaffke,0.30039303837478676,0.9499261945226909
"Beta(1,5)",50,13,Randomized Gaffke,0.1404127526810163,0.9928680958581622
"Beta(1,5)",100,13,Randomized Gaffke,0.0854001902659462,0.854001902659462
"Beta(1,5)",500,13,Randomized Gaffke,0.03460215649836684,0.7737277409843436
"Beta(1,5)",10,14,Randomized Gaffke,0.41947268728367676,1.3264891080479677
"Beta(1,5)",50,14,Randomized Gaffke,0.1422711643434717,1.006009050745746
"Beta(1,5)",100,14,Randomized Gaffke,0.09410910170865516,0.9410910170865516
"Beta(1,5)",500,14,Randomized Gaffke,0.035579834706140234,0.7955892903113582
"Beta(1,5)",10,15,Randomized Gaffke,0.425450329700255,1.3453920731223878
"Beta(1,5)",50,15,Randomized Gaffke,0.1404520993879495,0.9931463190910604
"Beta(1,5)",100,15,Randomized Gaffke,0.08640713935769437,0.8640713935769437
"Beta(1,5)",500,15,Randomized Gaffke,0.03456679362391696,0.7729370030728462
"Beta(1,5)",10,16,Randomized Gaffke,0.41752529078845374,1.3203308996156338
"Beta(1,5)",50,16,Randomized Gaffke,0.15466561304822424,1.0936510380277393
"Beta(1,5)",100,16,Randomized Gaffke,0.09382513117375688,0.9382513117375688
"Beta(1,5)",500,16,Randomized Gaffke,0.03703198589295212,0.8280603779845419
"Beta(1,5)",10,17,Randomized Gaffke,0.392928408846613,1.2425487293411517
"Beta(1,5)",50,17,Randomized Gaffke,0.14107666130680713,0.9975626387720115
"Beta(1,5)",100,17,Randomized Gaffke,0.09091932700126745,0.9091932700126746
"Beta(1,5)",500,17,Randomized Gaffke,0.036390003519123026,0.8137052157021566
"Beta(1,5)",10,18,Randomized Gaffke,0.40380600312981224,1.276946702739288
"Beta(1,5)",50,18,Randomized Gaffke,0.13733381200905198,0.9710966975779918
"Beta(1,5)",100,18,Randomized Gaffke,0.08578925180191375,0.8578925180191376
"Beta(1,5)",500,18,Randomized Gaffke,0.035982776588680154,0.8045993447147682
"Beta(1,5)",10,19,Randomized Gaffke,0.23870236689713556,0.7548431622681279
"Beta(1,5)",50,19,Randomized Gaffke,0.12692381716935036,0.8974869181452919
"Beta(1,5)",100,19,Randomized Gaffke,0.08221252771381794,0.8221252771381794
"Beta(1,5)",500,19,Randomized Gaffke,0.033967089543670975,0.7595272121747062
"Beta(1,5)",10,20,Randomized Gaffke,0.39416969316692463,1.2464740150171905
"Beta(1,5)",50,20,Randomized Gaffke,0.14219037369819815,1.0054377746144523
"Beta(1,5)",100,20,Randomized Gaffke,0.09071610642341121,0.9071610642341121
"Beta(1,5)",500,20,Randomized Gaffke,0.03526979477434711,0.7886565866790699
"Beta(1,5)",10,21,Randomized Gaffke,0.41915830899635376,1.3254949566131242
"Beta(1,5)",50,21,Randomized Gaffke,0.13561549248921406,0.9589463437307657
"Beta(1,5)",100,21,Randomized Gaffke,0.09058476651915329,0.9058476651915328
"Beta(1,5)",500,21,Randomized Gaffke,0.036880373738925665,0.8246702271583587
"Beta(1,5)",10,22,Randomized Gaffke,0.40792011879621826,1.2899566788025125
"Beta(1,5)",50,22,Randomized Gaffke,0.1407604187064602,0.9953264658999577
"Beta(1,5)",100,22,Randomized Gaffke,0.08747821863065211,0.874782186306521
"Beta(1,5)",500,22,Randomized Gaffke,0.03573171494437,0.7989854356825643
"Beta(1,5)",10,23,Randomized Gaffke,0.47951115602548583,1.516347416500908
"Beta(1,5)",50,23,Randomized Gaffke,0.1559367601793242,1.1026394055906055
"Beta(1,5)",100,23,Randomized Gaffke,0.10658757840072677,1.0658757840072677
"Beta(1,5)",500,23,Randomized Gaffke,0.03782990504326672,0.8459023925910651
"Beta(1,5)",10,24,Randomized Gaffke,0.4510071599543886,1.42620986649975
"Beta(1,5)",50,24,Randomized Gaffke,0.14248676234683694,1.0075335588476444
"Beta(1,5)",100,24,Randomized Gaffke,0.09042318249273093,0.9042318249273094
"Beta(1,5)",500,24,Randomized Gaffke,0.03392240634957336,0.7585280655801653
"Beta(1,5)",10,25,Randomized Gaffke,0.47113978542130386,1.4898748182543131
"Beta(1,5)",50,25,Randomized Gaffke,0.1457692105463153,1.0307439726550915
"Beta(1,5)",100,25,Randomized Gaffke,0.09381626339304408,0.9381626339304407
"Beta(1,5)",500,25,Randomized Gaffke,0.03374325746046977,0.7545221746388734
"Beta(1,5)",10,26,Randomized Gaffke,0.4738135697009866,1.4983300665500632
"Beta(1,5)",50,26,Randomized Gaffke,0.1561012061134033,1.1038022139418644
"Beta(1,5)",100,26,Randomized Gaffke,0.0972647071911584,0.9726470719115841
"Beta(1,5)",500,26,Randomized Gaffke,0.03779168815625189,0.8450478370185293
"Beta(1,5)",10,27,Randomized Gaffke,0.458842001213962,1.4509858099858646
"Beta(1,5)",50,27,Randomized Gaffke,0.15188122474410118,1.07396243951472
"Beta(1,5)",100,27,Randomized Gaffke,0.09073452741485327,0.9073452741485327
"Beta(1,5)",500,27,Randomized Gaffke,0.03635112396898371,0.8128358425316954
"Beta(1,5)",10,28,Randomized Gaffke,0.43247408016371297,1.3676031223035785
"Beta(1,5)",50,28,Randomized Gaffke,0.14755074467283316,1.043341321272852
"Beta(1,5)",100,28,Randomized Gaffke,0.08683798323645883,0.8683798323645884
"Beta(1,5)",500,28,Randomized Gaffke,0.03280647227242969,0.733575021031148
"Beta(1,5)",10,29,Randomized Gaffke,0.3873943472580416,1.2250484900096166
"Beta(1,5)",50,29,Randomized Gaffke,0.1363307432185534,0.9640039301404104
"Beta(1,5)",100,29,Randomized Gaffke,0.08704970497264196,0.8704970497264196
"Beta(1,5)",500,29,Randomized Gaffke,0.03599050266460799,0.8047721050245078
"Beta(1,5)",10,30,Randomized Gaffke,0.40301528009658194,1.2744462169559232
"Beta(1,5)",50,30,Randomized Gaffke,0.15373545899492488,1.087073855641378
"Beta(1,5)",100,30,Randomized Gaffke,0.09614436993714262,0.9614436993714262
"Beta(1,5)",500,30,Randomized Gaffke,0.034935903831982196,0.7811905582370758
"Beta(1,5)",10,31,Randomized Gaffke,0.40886769592991234,1.2929531808036796
"Beta(1,5)",50,31,Randomized Gaffke,0.13764963260046958,0.973329886396289
"Beta(1,5)",100,31,Randomized Gaffke,0.09494365436179589,0.9494365436179588
"Beta(1,5)",500,31,Randomized Gaffke,0.035666879970232795,0.7975356815876621
"Beta(1,5)",10,32,Randomized Gaffke,0.4701661926414812,1.4867960475565787
"Beta(1,5)",50,32,Randomized Gaffke,0.14228067844940234,1.0060763256339507
"Beta(1,5)",100,32,Randomized Gaffke,0.08497831233616088,0.8497831233616088
"Beta(1,5)",500,32,Randomized Gaffke,0.03503302992043317,0.7833623635987261
"Beta(1,5)",10,33,Randomized Gaffke,0.30827004768681954,0.9748354850990705
"Beta(1,5)",50,33,Randomized Gaffke,0.13763751545727465,0.9732442052550716
"Beta(1,5)",100,33,Randomized Gaffke,0.08893163432020107,0.8893163432020107
"Beta(1,5)",500,33,Randomized Gaffke,0.036015523319093606,0.8053315838672216
"Beta(1,5)",10,34,Randomized Gaffke,0.3768760390064563,1.1917866788028635
"Beta(1,5)",50,34,Randomized Gaffke,0.13664485262718057,0.966225019069158
"Beta(1,5)",100,34,Randomized Gaffke,0.08711925966420167,0.8711925966420166
"Beta(1,5)",500,34,Randomized Gaffke,0.034281375845225226,0.7665548675214292
"Beta(1,5)",10,35,Randomized Gaffke,0.4727756271781913,1.4950478040976891
"Beta(1,5)",50,35,Randomized Gaffke,0.14126973389403907,0.9989278681289409
"Beta(1,5)",100,35,Randomized Gaffke,0.08726692413202206,0.8726692413202206
"Beta(1,5)",500,35,Randomized Gaffke,0.035196841322634925,0.787025297906853
"Beta(1,5)",10,36,Randomized Gaffke,0.4007753034213207,1.2673627887564465
"Beta(1,5)",50,36,Randomized Gaffke,0.1372262460975759,0.9703360917236992
"Beta(1,5)",100,36,Randomized Gaffke,0.08893535393247692,0.8893535393247692
"Beta(1,5)",500,36,Randomized Gaffke,0.03747829242829512,0.8380400955028355
"Beta(1,5)",10,37,Randomized Gaffke,0.440297626204796,1.3923433471725941
"Beta(1,5)",50,37,Randomized Gaffke,0.15383575106971759,1.0877830277032299
"Beta(1,5)",100,37,Randomized Gaffke,0.09166138800965015,0.9166138800965016
"Beta(1,5)",500,37,Randomized Gaffke,0.03495871945455395,0.78170073106727
"Beta(1,5)",10,38,Randomized Gaffke,0.48870071235411894,1.5454073451858035
"Beta(1,5)",50,38,Randomized Gaffke,0.14596902503930445,1.0321568744848113
"Beta(1,5)",100,38,Randomized Gaffke,0.09088815946654455,0.9088815946654455
"Beta(1,5)",500,38,Randomized Gaffke,0.03619440525082998,0.8093315054603116
"Beta(1,5)",10,39,Randomized Gaffke,0.3828479195104187,1.2106714231097389
"Beta(1,5)",50,39,Randomized Gaffke,0.14748661121345644,1.0428878292325896
"Beta(1,5)",100,39,Randomized Gaffke,0.08988891218327823,0.8988891218327822
"Beta(1,5)",500,39,Randomized Gaffke,0.03527232393997773,0.7887131405418342
"Beta(1,5)",10,40,Randomized Gaffke,0.4527516437791104,1.431726408727193
"Beta(1,5)",50,40,Randomized Gaffke,0.13177326568552167,0.9317776974532896
"Beta(1,5)",100,40,Randomized Gaffke,0.07949962141480275,0.7949962141480276
"Beta(1,5)",500,40,Randomized Gaffke,0.03356553321374753,0.7505481396696646
"Beta(1,5)",10,41,Randomized Gaffke,0.3747191119578951,1.1849658765825855
"Beta(1,5)",50,41,Randomized Gaffke,0.14714066257083167,1.040441602921167
"Beta(1,5)",100,41,Randomized Gaffke,0.09301767375157075,0.9301767375157075
"Beta(1,5)",500,41,Randomized Gaffke,0.03762887802651546,0.841407291843367
"Beta(1,5)",10,42,Randomized Gaffke,0.39173611616195986,1.2387783688200908
"Beta(1,5)",50,42,Randomized Gaffke,0.14836928542699937,1.0491292784523367
"Beta(1,5)",100,42,Randomized Gaffke,0.09043923429350775,0.9043923429350775
"Beta(1,5)",500,42,Randomized Gaffke,0.03466518623538964,0.7751371287502127
"Beta(1,5)",10,43,Randomized Gaffke,0.3834755465721014,1.2126561541458154
"Beta(1,5)",50,43,Randomized Gaffke,0.13162232854413672,0.9307104106912275
"Beta(1,5)",100,43,Randomized Gaffke,0.08836435282030082,0.8836435282030082
"Beta(1,5)",500,43,Randomized Gaffke,0.037245838215094945,0.8328422612791173
"Beta(1,5)",10,44,Randomized Gaffke,0.44877725330775015,1.4191582825268243
"Beta(1,5)",50,44,Randomized Gaffke,0.1384661527652744,0.9791035558513795
"Beta(1,5)",100,44,Randomized Gaffke,0.0802777575114628,0.802777575114628
"Beta(1,5)",500,44,Randomized Gaffke,0.03480590969941355,0.7782838010660798
"Beta(1,5)",10,45,Randomized Gaffke,0.40911484532491954,1.293734735814235
"Beta(1,5)",50,45,Randomized Gaffke,0.15406251160377568,1.0893864668166096
"Beta(1,5)",100,45,Randomized Gaffke,0.09422687407756897,0.9422687407756897
"Beta(1,5)",500,45,Randomized Gaffke,0.034830192446692165,0.7788267798020341
"Beta(1,5)",10,46,Randomized Gaffke,0.42937005352575347,1.3577873282097916
"Beta(1,5)",50,46,Randomized Gaffke,0.14656908230075139,1.0363999200715048
"Beta(1,5)",100,46,Randomized Gaffke,0.08829644717769963,0.8829644717769963
"Beta(1,5)",500,46,Randomized Gaffke,0.03383582630402532,0.7565920769067608
"Beta(1,5)",10,47,Randomized Gaffke,0.40664633521784743,1.285928621448741
"Beta(1,5)",50,47,Randomized Gaffke,0.1409795931616737,0.9968762633354009
"Beta(1,5)",100,47,Randomized Gaffke,0.08325582264305087,0.8325582264305087
"Beta(1,5)",500,47,Randomized Gaffke,0.034998034053665056,0.7825798322284759
"Beta(1,5)",10,48,Randomized Gaffke,0.4322277354904951,1.3668241120467601
"Beta(1,5)",50,48,Randomized Gaffke,0.14540462246139468,1.0281659455832197
"Beta(1,5)",100,48,Randomized Gaffke,0.08983881963612564,0.8983881963612563
"Beta(1,5)",500,48,Randomized Gaffke,0.03540592292672487,0.7917005047027512
"Beta(1,5)",10,49,Randomized Gaffke,0.46011746179637125,1.4550191704920425
"Beta(1,5)",50,49,Randomized Gaffke,0.1447445200450177,1.0234983166342417
"Beta(1,5)",100,49,Randomized Gaffke,0.08736992917687986,0.8736992917687986
"Beta(1,5)",500,49,Randomized Gaffke,0.033339805297851716,0.7455007100260407
"Beta(0.5,0.5)",10,0,Randomized Gaffke,0.5746188182462331,1.8171042520524172
"Beta(0.5,0.5)",50,0,Randomized Gaffke,0.2603886888305877,1.841226076163824
"Beta(0.5,0.5)",100,0,Randomized Gaffke,0.1851029585526146,1.851029585526146
"Beta(0.5,0.5)",500,0,Randomized Gaffke,0.08252743903403009,1.8453696368906087
"Beta(0.5,0.5)",10,1,Randomized Gaffke,0.6475458451705263,2.0477197601176074
"Beta(0.5,0.5)",50,1,Randomized Gaffke,0.2781913668033719,1.9671100193421849
"Beta(0.5,0.5)",100,1,Randomized Gaffke,0.19112148911123983,1.9112148911123983
"Beta(0.5,0.5)",500,1,Randomized Gaffke,0.08337190320670584,1.8642524298372698
"Beta(0.5,0.5)",10,2,Randomized Gaffke,0.5757270077841672,1.8206086550714586
"Beta(0.5,0.5)",50,2,Randomized Gaffke,0.26524445900237165,1.875561556327342
"Beta(0.5,0.5)",100,2,Randomized Gaffke,0.1880761249686821,1.880761249686821
"Beta(0.5,0.5)",500,2,Randomized Gaffke,0.08185171922291568,1.8302600825766573
"Beta(0.5,0.5)",10,3,Randomized Gaffke,0.5339951888504251,1.6886410563390941
"Beta(0.5,0.5)",50,3,Randomized Gaffke,0.273344174188495,1.9328351916652167
"Beta(0.5,0.5)",100,3,Randomized Gaffke,0.1927829139305146,1.927829139305146
"Beta(0.5,0.5)",500,3,Randomized Gaffke,0.08270979438418735,1.849447226480733
"Beta(0.5,0.5)",10,4,Randomized Gaffke,0.6080108276617758,1.9226990574553202
"Beta(0.5,0.5)",50,4,Randomized Gaffke,0.2713477949521281,1.918718658706666
"Beta(0.5,0.5)",100,4,Randomized Gaffke,0.1930053468842517,1.9300534688425168
"Beta(0.5,0.5)",500,4,Randomized Gaffke,0.0829509525599158,1.8548396872233195
"Beta(0.5,0.5)",10,5,Randomized Gaffke,0.49897999925670045,1.5779133045202984
"Beta(0.5,0.5)",50,5,Randomized Gaffke,0.25272702439076067,1.7870499273580487
"Beta(0.5,0.5)",100,5,Randomized Gaffke,0.18375023288282866,1.8375023288282866
"Beta(0.5,0.5)",500,5,Randomized Gaffke,0.08294095786478539,1.8546161990460595
"Beta(0.5,0.5)",10,6,Randomized Gaffke,0.5631647856832336,1.7808834207596027
"Beta(0.5,0.5)",50,6,Randomized Gaffke,0.27473241871112475,1.9426515628241825
"Beta(0.5,0.5)",100,6,Randomized Gaffke,0.1848777676218813,1.848777676218813
"Beta(0.5,0.5)",500,6,Randomized Gaffke,0.08183192839951131,1.8298175463120288
"Beta(0.5,0.5)",10,7,Randomized Gaffke,0.6358335845485469,2.0106823400026523
"Beta(0.5,0.5)",50,7,Randomized Gaffke,0.267729604898422,1.8931341914806932
"Beta(0.5,0.5)",100,7,Randomized Gaffke,0.18729750092857073,1.8729750092857071
"Beta(0.5,0.5)",500,7,Randomized Gaffke,0.08235092203481864,1.841422596796398
"Beta(0.5,0.5)",10,8,Randomized Gaffke,0.6061753753103839,1.9168948474882102
"Beta(0.5,0.5)",50,8,Randomized Gaffke,0.2821914073215854,1.9953945770966819
"Beta(0.5,0.5)",100,8,Randomized Gaffke,0.18766116274955463,1.8766116274955462
"Beta(0.5,0.5)",500,8,Randomized Gaffke,0.08460172975535307,1.8917521874703613
"Beta(0.5,0.5)",10,9,Randomized Gaffke,0.5493227013375134,1.7371109066629653
"Beta(0.5,0.5)",50,9,Randomized Gaffke,0.27063270616068413,1.9136622173708608
"Beta(0.5,0.5)",100,9,Randomized Gaffke,0.18450493559311992,1.8450493559311991
"Beta(0.5,0.5)",500,9,Randomized Gaffke,0.08415598947104452,1.8817851317101213
"Beta(0.5,0.5)",10,10,Randomized Gaffke,0.6052135147705253,1.9138531773908178
"Beta(0.5,0.5)",50,10,Randomized Gaffke,0.25685226983443,1.8162198176308235
"Beta(0.5,0.5)",100,10,Randomized Gaffke,0.18695927149029512,1.8695927149029512
"Beta(0.5,0.5)",500,10,Randomized Gaffke,0.08485271653973903,1.897364422583772
"Beta(0.5,0.5)",10,11,Randomized Gaffke,0.5616211293079435,1.7760019506890465
"Beta(0.5,0.5)",50,11,Randomized Gaffke,0.262702526478982,1.8575873790812676
"Beta(0.5,0.5)",100,11,Randomized Gaffke,0.18706413386389859,1.8706413386389857
"Beta(0.5,0.5)",500,11,Randomized Gaffke,0.0811705154162653,1.8150279023946385
"Beta(0.5,0.5)",10,12,Randomized Gaffke,0.6517489515211903,2.0610111494336243
"Beta(0.5,0.5)",50,12,Randomized Gaffke,0.28663281359394194,2.02680006202856
"Beta(0.5,0.5)",100,12,Randomized Gaffke,0.19625519711445338,1.9625519711445338
"Beta(0.5,0.5)",500,12,Randomized Gaffke,0.08253017542798313,1.845430824519531
"Beta(0.5,0.5)",10,13,Randomized Gaffke,0.5356820993951632,1.693975535869422
"Beta(0.5,0.5)",50,13,Randomized Gaffke,0.2610758470174034,1.8460850183002762
"Beta(0.5,0.5)",100,13,Randomized Gaffke,0.18604981568315604,1.8604981568315604
"Beta(0.5,0.5)",500,13,Randomized Gaffke,0.08415742623923872,1.8818172588236226
"Beta(0.5,0.5)",10,14,Randomized Gaffke,0.5539073861617685,1.7516089530616203
"Beta(0.5,0.5)",50,14,Randomized Gaffke,0.25740014235740916,1.820093861393067
"Beta(0.5,0.5)",100,14,Randomized Gaffke,0.18626451305848274,1.8626451305848275
"Beta(0.5,0.5)",500,14,Randomized Gaffke,0.08438413059257466,1.8868865222721656
"Beta(0.5,0.5)",10,15,Randomized Gaffke,0.5817926523119393,1.839789907256155
"Beta(0.5,0.5)",50,15,Randomized Gaffke,0.2814927452653926,1.9904542903197653
"Beta(0.5,0.5)",100,15,Randomized Gaffke,0.1887514067915752,1.887514067915752
"Beta(0.5,0.5)",500,15,Randomized Gaffke,0.08307141321944872,1.85753326945662
"Beta(0.5,0.5)",10,16,Randomized Gaffke,0.5194059805221847,1.6425059287631572
"Beta(0.5,0.5)",50,16,Randomized Gaffke,0.27819077958898,1.9671058671093995
"Beta(0.5,0.5)",100,16,Randomized Gaffke,0.19404258146770997,1.9404258146770998
"Beta(0.5,0.5)",500,16,Randomized Gaffke,0.08410757833231802,1.880702625739515
"Beta(0.5,0.5)",10,17,Randomized Gaffke,0.612071703061911,1.9355406730138953
"Beta(0.5,0.5)",50,17,Randomized Gaffke,0.2718036158390275,1.9219417991079966
"Beta(0.5,0.5)",100,17,Randomized Gaffke,0.19237275317215452,1.9237275317215452
"Beta(0.5,0.5)",500,17,Randomized Gaffke,0.08264944873970897,1.848097856848736
"Beta(0.5,0.5)",10,18,Randomized Gaffke,0.5835874885995078,1.8454656779519925
"Beta(0.5,0.5)",50,18,Randomized Gaffke,0.27946068971977245,1.976085487759208
"Beta(0.5,0.5)",100,18,Randomized Gaffke,0.1966571156961277,1.966571156961277
"Beta(0.5,0.5)",500,18,Randomized Gaffke,0.08301712220342294,1.8563192854326083
"Beta(0.5,0.5)",10,19,Randomized Gaffke,0.629470305772122,1.9905598856825404
"Beta(0.5,0.5)",50,19,Randomized Gaffke,0.2674589143758566,1.891220120439604
"Beta(0.5,0.5)",100,19,Randomized Gaffke,0.1909779677037889,1.9097796770378888
"Beta(0.5,0.5)",500,19,Randomized Gaffke,0.08103398566214898,1.8119750042830842
"Beta(0.5,0.5)",10,20,Randomized Gaffke,0.5468262633671455,1.7292164766392748
"Beta(0.5,0.5)",50,20,Randomized Gaffke,0.2458000990088442,1.738069168254785
"Beta(0.5,0.5)",100,20,Randomized Gaffke,0.18351892678935405,1.8351892678935404
"Beta(0.5,0.5)",500,20,Randomized Gaffke,0.08456082616572413,1.8908375554010206
"Beta(0.5,0.5)",10,21,Randomized Gaffke,0.5625461822165696,1.7789272248364685
"Beta(0.5,0.5)",50,21,Randomized Gaffke,0.27362674509096935,1.9348332696782728
"Beta(0.5,0.5)",100,21,Randomized Gaffke,0.19682864669984623,1.9682864669984623
"Beta(0.5,0.5)",500,21,Randomized Gaffke,0.08584358937769915,1.9195210128111417
"Beta(0.5,0.5)",10,22,Randomized Gaffke,0.5565637979452331,1.7600092647006786
"Beta(0.5,0.5)",50,22,Randomized Gaffke,0.25397941997317214,1.7959057014485609
"Beta(0.5,0.5)",100,22,Randomized Gaffke,0.1890905651121007,1.890905651121007
"Beta(0.5,0.5)",500,22,Randomized Gaffke,0.08323368701939998,1.8611618219332022
"Beta(0.5,0.5)",10,23,Randomized Gaffke,0.5629132328833765,1.780087940960262
"Beta(0.5,0.5)",50,23,Randomized Gaffke,0.27104267039219165,1.91656110225229
"Beta(0.5,0.5)",100,23,Randomized Gaffke,0.19488927233233916,1.9488927233233917
"Beta(0.5,0.5)",500,23,Randomized Gaffke,0.08284967930228138,1.8525751483395851
"Beta(0.5,0.5)",10,24,Randomized Gaffke,0.5990526804736332,1.8943709087257568
"Beta(0.5,0.5)",50,24,Randomized Gaffke,0.2694665002598837,1.9054158963637036
"Beta(0.5,0.5)",100,24,Randomized Gaffke,0.18692827293583725,1.8692827293583725
"Beta(0.5,0.5)",500,24,Randomized Gaffke,0.08366439285565547,1.8707926972149338
"Beta(0.5,0.5)",10,25,Randomized Gaffke,0.5506184178675191,1.7412083220997132
"Beta(0.5,0.5)",50,25,Randomized Gaffke,0.261477641766595,1.8489261362182616
"Beta(0.5,0.5)",100,25,Randomized Gaffke,0.18841183758499602,1.8841183758499602
"Beta(0.5,0.5)",500,25,Randomized Gaffke,0.0848671957808958,1.8976881882586636
"Beta(0.5,0.5)",10,26,Randomized Gaffke,0.6220993657042635,1.9672509265715115
"Beta(0.5,0.5)",50,26,Randomized Gaffke,0.2854105208571586,2.018157147200814
"Beta(0.5,0.5)",100,26,Randomized Gaffke,0.19095555422428967,1.9095555422428967
"Beta(0.5,0.5)",500,26,Randomized Gaffke,0.08282639641185041,1.852054527082422
"Beta(0.5,0.5)",10,27,Randomized Gaffke,0.5035215760797602,1.5922750314497989
"Beta(0.5,0.5)",50,27,Randomized Gaffke,0.25011970847598863,1.7686134197177397
"Beta(0.5,0.5)",100,27,Randomized Gaffke,0.1827041091713441,1.8270410917134412
"Beta(0.5,0.5)",500,27,Randomized Gaffke,0.08389716410130538,1.8759976204997388
"Beta(0.5,0.5)",10,28,Randomized Gaffke,0.573729081429774,1.8142906571942994
"Beta(0.5,0.5)",50,28,Randomized Gaffke,0.28320645768473784,2.0025720670469918
"Beta(0.5,0.5)",100,28,Randomized Gaffke,0.1886925364549361,1.886925364549361
"Beta(0.5,0.5)",500,28,Randomized Gaffke,0.08422581772388654,1.8833465389111692
"Beta(0.5,0.5)",10,29,Randomized Gaffke,0.4408943834557341,1.3942304592957793
"Beta(0.5,0.5)",50,29,Randomized Gaffke,0.2291178034772089,1.6201075252930115
"Beta(0.5,0.5)",100,29,Randomized Gaffke,0.17494106567639728,1.7494106567639727
"Beta(0.5,0.5)",500,29,Randomized Gaffke,0.0841190900187353,1.8809600348731619
"Beta(0.5,0.5)",10,30,Randomized Gaffke,0.5168880524544555,1.634543541084666
"Beta(0.5,0.5)",50,30,Randomized Gaffke,0.24230421562121207,1.7133495397584644
"Beta(0.5,0.5)",100,30,Randomized Gaffke,0.17701563770700218,1.770156377070022
"Beta(0.5,0.5)",500,30,Randomized Gaffke,0.083375423519926,1.8643311464338932
"Beta(0.5,0.5)",10,31,Randomized Gaffke,0.5797274678584069,1.8332592205946223
"Beta(0.5,0.5)",50,31,Randomized Gaffke,0.27921381809015405,1.9743398417253506
"Beta(0.5,0.5)",100,31,Randomized Gaffke,0.19039005056338149,1.903900505633815
"Beta(0.5,0.5)",500,31,Randomized Gaffke,0.08293939173660425,1.8545811793553144
"Beta(0.5,0.5)",10,32,Randomized Gaffke,0.5621340646274294,1.7776239945909682
"Beta(0.5,0.5)",50,32,Randomized Gaffke,0.259925067238936,1.8379477764502097
"Beta(0.5,0.5)",100,32,Randomized Gaffke,0.18833801411625567,1.8833801411625566
"Beta(0.5,0.5)",500,32,Randomized Gaffke,0.08277271149055798,1.850854095748656
"Beta(0.5,0.5)",10,33,Randomized Gaffke,0.5980489253207195,1.891196756229419
"Beta(0.5,0.5)",50,33,Randomized Gaffke,0.2500689894899629,1.7682547823282027
"Beta(0.5,0.5)",100,33,Randomized Gaffke,0.18157609335032737,1.8157609335032738
"Beta(0.5,0.5)",500,33,Randomized Gaffke,0.08109102939840235,1.8132505410026154
"Beta(0.5,0.5)",10,34,Randomized Gaffke,0.5188786472891846,1.6408383546609766
"Beta(0.5,0.5)",50,34,Randomized Gaffke,0.2564953671062171,1.8136961342373905
"Beta(0.5,0.5)",100,34,Randomized Gaffke,0.18174870478971228,1.8174870478971228
"Beta(0.5,0.5)",500,34,Randomized Gaffke,0.08195926910911766,1.8326649711418572
"Beta(0.5,0.5)",10,35,Randomized Gaffke,0.5792225722238578,1.831662600408771
"Beta(0.5,0.5)",50,35,Randomized Gaffke,0.26087058166949434,1.8446335731057852
"Beta(0.5,0.5)",100,35,Randomized Gaffke,0.1808757594972481,1.808757594972481
"Beta(0.5,0.5)",500,35,Randomized Gaffke,0.07978331940918487,1.7840092566951573
"Beta(0.5,0.5)",10,36,Randomized Gaffke,0.568414575723037,1.7974847145230477
"Beta(0.5,0.5)",50,36,Randomized Gaffke,0.2539531622942069,1.7957200316200155
"Beta(0.5,0.5)",100,36,Randomized Gaffke,0.1817642496178845,1.817642496178845
"Beta(0.5,0.5)",500,36,Randomized Gaffke,0.08273025491008162,1.8499047377482827
"Beta(0.5,0.5)",10,37,Randomized Gaffke,0.5473703818616746,1.7309371303990089
"Beta(0.5,0.5)",50,37,Randomized Gaffke,0.26353256609116166,1.8634566454655244
"Beta(0.5,0.5)",100,37,Randomized Gaffke,0.1891165027767927,1.891165027767927
"Beta(0.5,0.5)",500,37,Randomized Gaffke,0.08164061135863587,1.8255395672255128
"Beta(0.5,0.5)",10,38,Randomized Gaffke,0.5820031536925305,1.8404555710694332
"Beta(0.5,0.5)",50,38,Randomized Gaffke,0.2736689883304855,1.9351319744894844
"Beta(0.5,0.5)",100,38,Randomized Gaffke,0.18764191248573786,1.8764191248573785
"Beta(0.5,0.5)",500,38,Randomized Gaffke,0.08300297026104969,1.8560028383810059
"Beta(0.5,0.5)",10,39,Randomized Gaffke,0.5682702518207863,1.7970283222711319
"Beta(0.5,0.5)",50,39,Randomized Gaffke,0.26008339623747706,1.8390673315354784
"Beta(0.5,0.5)",100,39,Randomized Gaffke,0.1886010746731029,1.8860107467310288
"Beta(0.5,0.5)",500,39,Randomized Gaffke,0.08292888468260906,1.8543462344855495
"Beta(0.5,0.5)",10,40,Randomized Gaffke,0.6385563855662357,2.0192925928339736
"Beta(0.5,0.5)",50,40,Randomized Gaffke,0.265411159126187,1.8767403042070867
"Beta(0.5,0.5)",100,40,Randomized Gaffke,0.19520441230200047,1.9520441230200047
"Beta(0.5,0.5)",500,40,Randomized Gaffke,0.0836682401400507,1.8708787251092989
"Beta(0.5,0.5)",10,41,Randomized Gaffke,0.622369226424312,1.9681043010978778
"Beta(0.5,0.5)",50,41,Randomized Gaffke,0.27691106985744474,1.9580569528182097
"Beta(0.5,0.5)",100,41,Randomized Gaffke,0.18500220647182192,1.8500220647182193
"Beta(0.5,0.5)",500,41,Randomized Gaffke,0.08257429704633668,1.846417413898689
"Beta(0.5,0.5)",10,42,Randomized Gaffke,0.6341453402965644,2.0053436429197005
"Beta(0.5,0.5)",50,42,Randomized Gaffke,0.2638209750996018,1.8654960051217573
"Beta(0.5,0.5)",100,42,Randomized Gaffke,0.18471353856767803,1.8471353856767803
"Beta(0.5,0.5)",500,42,Randomized Gaffke,0.08407421626519135,1.8799566272398636
"Beta(0.5,0.5)",10,43,Randomized Gaffke,0.6116189382735906,1.9341089050384785
"Beta(0.5,0.5)",50,43,Randomized Gaffke,0.2924023381764972,2.0675967615940327
"Beta(0.5,0.5)",100,43,Randomized Gaffke,0.20118143248264464,2.0118143248264464
"Beta(0.5,0.5)",500,43,Randomized Gaffke,0.0835768107758102,1.8688343023734855
"Beta(0.5,0.5)",10,44,Randomized Gaffke,0.5664849621940475,1.7913827407675655
"Beta(0.5,0.5)",50,44,Randomized Gaffke,0.2648697632500913,1.8729120572541498
"Beta(0.5,0.5)",100,44,Randomized Gaffke,0.189860873758456,1.89860873758456
"Beta(0.5,0.5)",500,44,Randomized Gaffke,0.08312995637698856,1.8588423342553855
"Beta(0.5,0.5)",10,45,Randomized Gaffke,0.593136972994341,1.8756637991198999
"Beta(0.5,0.5)",50,45,Randomized Gaffke,0.27230312849421007,1.9254738869656773
"Beta(0.5,0.5)",100,45,Randomized Gaffke,0.1836174213030456,1.836174213030456
"Beta(0.5,0.5)",500,45,Randomized Gaffke,0.08360893166811134,1.8695525473603185
"Beta(0.5,0.5)",10,46,Randomized Gaffke,0.507337961578308,1.6043435020544472
"Beta(0.5,0.5)",50,46,Randomized Gaffke,0.27029304772820983,1.9112604695619633
"Beta(0.5,0.5)",100,46,Randomized Gaffke,0.19145127402985895,1.9145127402985895
"Beta(0.5,0.5)",500,46,Randomized Gaffke,0.0844038133319216,1.8873266417037973
"Beta(0.5,0.5)",10,47,Randomized Gaffke,0.5195491259500696,1.642958594351913
"Beta(0.5,0.5)",50,47,Randomized Gaffke,0.2473354444982634,1.74892570032511
"Beta(0.5,0.5)",100,47,Randomized Gaffke,0.17742916724444907,1.7742916724444906
"Beta(0.5,0.5)",500,47,Randomized Gaffke,0.08303439634660842,1.8567055470167662
"Beta(0.5,0.5)",10,48,Randomized Gaffke,0.5814490271290145,1.8387032690167204
"Beta(0.5,0.5)",50,48,Randomized Gaffke,0.2640205652657714,1.866907320721324
"Beta(0.5,0.5)",100,48,Randomized Gaffke,0.18476766828427527,1.8476766828427527
"Beta(0.5,0.5)",500,48,Randomized Gaffke,0.08135019533209736,1.8190456674545579
"Beta(0.5,0.5)",10,49,Randomized Gaffke,0.5645079074443139,1.785130744699553
"Beta(0.5,0.5)",50,49,Randomized Gaffke,0.2756891948429757,1.949416991733275
"Beta(0.5,0.5)",100,49,Randomized Gaffke,0.1895507507204885,1.895507507204885
"Beta(0.5,0.5)",500,49,Randomized Gaffke,0.08221946760144783,1.8384831863067894
Bernoulli(0.1),10,0,Randomized Gaffke,0.6373506569250964,2.0154797440878736
Bernoulli(0.1),50,0,Randomized Gaffke,0.23583191400885836,1.667583456158665
Bernoulli(0.1),100,0,Randomized Gaffke,0.18149805407064423,1.8149805407064423
Bernoulli(0.1),500,0,Randomized Gaffke,0.0767591827383261,1.7163875050022563
Bernoulli(0.1),10,1,Randomized Gaffke,0.6373506569250964,2.0154797440878736
Bernoulli(0.1),50,1,Randomized Gaffke,0.2666381785859844,1.8854166420137923
Bernoulli(0.1),100,1,Randomized Gaffke,0.15703466273863817,1.5703466273863818
Bernoulli(0.1),500,1,Randomized Gaffke,0.07285536643177197,1.6290955186709843
Bernoulli(0.1),10,2,Randomized Gaffke,0.3517754504244526,1.1124116482729156
Bernoulli(0.1),50,2,Randomized Gaffke,0.2172824048017004,1.5364186186780282
Bernoulli(0.1),100,2,Randomized Gaffke,0.14981320231482304,1.4981320231482305
Bernoulli(0.1),500,2,Randomized Gaffke,0.07285536643177197,1.6290955186709843
Bernoulli(0.1),10,3,Randomized Gaffke,0.6981067641908987,2.2076074248133137
Bernoulli(0.1),50,3,Randomized Gaffke,0.2666381785859844,1.8854166420137923
Bernoulli(0.1),100,3,Randomized Gaffke,0.186736181176183,1.86736181176183
Bernoulli(0.1),500,3,Randomized Gaffke,0.07400691130529324,1.654844844834334
Bernoulli(0.1),10,4,Randomized Gaffke,0.6373506569250964,2.0154797440878736
Bernoulli(0.1),50,4,Randomized Gaffke,0.2172824048017004,1.5364186186780282
Bernoulli(0.1),100,4,Randomized Gaffke,0.17594516401516438,1.7594516401516438
Bernoulli(0.1),500,4,Randomized Gaffke,0.07781276278946404,1.7399462711430778
Bernoulli(0.1),10,5,Randomized Gaffke,0.5437859283242222,1.7196020930536116
Bernoulli(0.1),50,5,Randomized Gaffke,0.19583378413569164,1.384753967477701
Bernoulli(0.1),100,5,Randomized Gaffke,0.14201292525479844,1.4201292525479845
Bernoulli(0.1),500,5,Randomized Gaffke,0.07226804130265546,1.6159625295350006
Bernoulli(0.1),10,6,Randomized Gaffke,0.5437859283242222,1.7196020930536116
Bernoulli(0.1),50,6,Randomized Gaffke,0.2521407899382143,1.7829046237904416
Bernoulli(0.1),100,6,Randomized Gaffke,0.17004498445482846,1.7004498445482845
Bernoulli(0.1),500,6,Randomized Gaffke,0.06792159850932816,1.5187731140730616
Bernoulli(0.1),10,7,Randomized Gaffke,0.3009742991006974,0.9517643023309714
Bernoulli(0.1),50,7,Randomized Gaffke,0.23583191400885836,1.667583456158665
Bernoulli(0.1),100,7,Randomized Gaffke,0.186736181176183,1.86736181176183
Bernoulli(0.1),500,7,Randomized Gaffke,0.07045746962627963,1.5754769160698798
Bernoulli(0.1),10,8,Randomized Gaffke,0.5437859283242222,1.7196020930536116
Bernoulli(0.1),50,8,Randomized Gaffke,0.19583378413569164,1.384753967477701
Bernoulli(0.1),100,8,Randomized Gaffke,0.14981320231482304,1.4981320231482305
Bernoulli(0.1),500,8,Randomized Gaffke,0.06920773664546057,1.5475320370815309
Bernoulli(0.1),10,9,Randomized Gaffke,0.6373506569250964,2.0154797440878736
Bernoulli(0.1),50,9,Randomized Gaffke,0.23583191400885836,1.667583456158665
Bernoulli(0.1),100,9,Randomized Gaffke,0.14981320231482304,1.4981320231482305
Bernoulli(0.1),500,9,Randomized Gaffke,0.07226804130265546,1.6159625295350006
Bernoulli(0.1),10,10,Randomized Gaffke,0.6373506569250964,2.0154797440878736
Bernoulli(0.1),50,10,Randomized Gaffke,0.23583191400885836,1.667583456158665
Bernoulli(0.1),100,10,Randomized Gaffke,0.14981320231482304,1.4981320231482305
Bernoulli(0.1),500,10,Randomized Gaffke,0.0652311631272639,1.4586131500393986
Bernoulli(0.1),10,11,Randomized Gaffke,0.6373506569250964,2.0154797440878736
Bernoulli(0.1),50,11,Randomized Gaffke,0.2521407899382143,1.7829046237904416
Bernoulli(0.1),100,11,Randomized Gaffke,0.17004498445482846,1.7004498445482845
Bernoulli(0.1),500,11,Randomized Gaffke,0.07567915444833835,1.6922373382619016
Bernoulli(0.1),10,12,Randomized Gaffke,0.6373506569250964,2.0154797440878736
Bernoulli(0.1),50,12,Randomized Gaffke,0.23583191400885836,1.667583456158665
Bernoulli(0.1),100,12,Randomized Gaffke,0.1637578675762626,1.6375786757626258
Bernoulli(0.1),500,12,Randomized Gaffke,0.0623655120196022,1.3945352432741072
Bernoulli(0.1),10,13,Randomized Gaffke,0.6373506569250964,2.0154797440878736
Bernoulli(0.1),50,13,Randomized Gaffke,0.2521407899382143,1.7829046237904416
Bernoulli(0.1),100,13,Randomized Gaffke,0.17594516401516438,1.7594516401516438
Bernoulli(0.1),500,13,Randomized Gaffke,0.07167275563964437,1.6026515374497623
Bernoulli(0.1),10,14,Randomized Gaffke,0.40299104097345706,1.2743695661183634
Bernoulli(0.1),50,14,Randomized Gaffke,0.2521407899382143,1.7829046237904416
Bernoulli(0.1),100,14,Randomized Gaffke,0.18149805407064423,1.8149805407064423
Bernoulli(0.1),500,14,Randomized Gaffke,0.07343492729847621,1.642054893621478
Bernoulli(0.1),10,15,Randomized Gaffke,0.33874006149689373,1.07119012907569
Bernoulli(0.1),50,15,Randomized Gaffke,0.19583378413569164,1.384753967477701
Bernoulli(0.1),100,15,Randomized Gaffke,0.14201292525479844,1.4201292525479845
Bernoulli(0.1),500,15,Randomized Gaffke,0.07045746962627963,1.5754769160698798
Bernoulli(0.1),10,16,Randomized Gaffke,0.5437859283242222,1.7196020930536116
Bernoulli(0.1),50,16,Randomized Gaffke,0.2172824048017004,1.5364186186780282
Bernoulli(0.1),100,16,Randomized Gaffke,0.15703466273863817,1.5703466273863818
Bernoulli(0.1),500,16,Randomized Gaffke,0.0645320921220193,1.4429814471511382
Bernoulli(0.1),10,17,Randomized Gaffke,0.3677676378145561,1.1629833851938667
Bernoulli(0.1),50,17,Randomized Gaffke,0.2521407899382143,1.7829046237904416
Bernoulli(0.1),100,17,Randomized Gaffke,0.17594516401516438,1.7594516401516438
Bernoulli(0.1),500,17,Randomized Gaffke,0.06309967300689645,1.4109515820142902
Bernoulli(0.1),10,18,Randomized Gaffke,0.5437859283242222,1.7196020930536116
Bernoulli(0.1),50,18,Randomized Gaffke,0.2521407899382143,1.7829046237904416
Bernoulli(0.1),100,18,Randomized Gaffke,0.1637578675762626,1.6375786757626258
Bernoulli(0.1),500,18,Randomized Gaffke,0.07343492729847621,1.642054893621478
Bernoulli(0.1),10,19,Randomized Gaffke,0.6373506569250964,2.0154797440878736
Bernoulli(0.1),50,19,Randomized Gaffke,0.23583191400885836,1.667583456158665
Bernoulli(0.1),100,19,Randomized Gaffke,0.15703466273863817,1.5703466273863818
Bernoulli(0.1),500,19,Randomized Gaffke,0.06659688180820714,1.4891515481267028
Bernoulli(0.1),10,20,Randomized Gaffke,0.5437859283242222,1.7196020930536116
Bernoulli(0.1),50,20,Randomized Gaffke,0.17041303484481654,1.205002125413492
Bernoulli(0.1),100,20,Randomized Gaffke,0.13352629082623696,1.3352629082623695
Bernoulli(0.1),500,20,Randomized Gaffke,0.06856934864079306,1.533257247336961
Bernoulli(0.1),10,21,Randomized Gaffke,0.5437859283242222,1.7196020930536116
Bernoulli(0.1),50,21,Randomized Gaffke,0.2521407899382143,1.7829046237904416
Bernoulli(0.1),100,21,Randomized Gaffke,0.18149805407064423,1.8149805407064423
Bernoulli(0.1),500,21,Randomized Gaffke,0.07781276278946404,1.7399462711430778
Bernoulli(0.1),10,22,Randomized Gaffke,0.3846342328953105,1.216320242020842
Bernoulli(0.1),50,22,Randomized Gaffke,0.19583378413569164,1.384753967477701
Bernoulli(0.1),100,22,Randomized Gaffke,0.17594516401516438,1.7594516401516438
Bernoulli(0.1),500,22,Randomized Gaffke,0.06920773664546057,1.5475320370815309
Bernoulli(0.1),10,23,Randomized Gaffke,0.6373506569250964,2.0154797440878736
Bernoulli(0.1),50,23,Randomized Gaffke,0.2521407899382143,1.7829046237904416
Bernoulli(0.1),100,23,Randomized Gaffke,0.17594516401516438,1.7594516401516438
Bernoulli(0.1),500,23,Randomized Gaffke,0.07106930370205952,1.5891579419138255
Bernoulli(0.1),10,24,Randomized Gaffke,0.4097461213866339,1.2957310060015934
Bernoulli(0.1),50,24,Randomized Gaffke,0.23583191400885836,1.667583456158665
Bernoulli(0.1),100,24,Randomized Gaffke,0.15703466273863817,1.5703466273863818
Bernoulli(0.1),500,24,Randomized Gaffke,0.07045746962627963,1.5754769160698798
Bernoulli(0.1),10,25,Randomized Gaffke,0.2763568420995225,0.8739170680060003
Bernoulli(0.1),50,25,Randomized Gaffke,0.2172824048017004,1.5364186186780282
Bernoulli(0.1),100,25,Randomized Gaffke,0.1637578675762626,1.6375786757626258
Bernoulli(0.1),500,25,Randomized Gaffke,0.07781276278946404,1.7399462711430778
Bernoulli(0.1),10,26,Randomized Gaffke,0.5437859283242222,1.7196020930536116
Bernoulli(0.1),50,26,Randomized Gaffke,0.27961991957869375,1.9772114128893143
Bernoulli(0.1),100,26,Randomized Gaffke,0.1637578675762626,1.6375786757626258
Bernoulli(0.1),500,26,Randomized Gaffke,0.0652311631272639,1.4586131500393986
Bernoulli(0.1),10,27,Randomized Gaffke,0.5437859283242222,1.7196020930536116
Bernoulli(0.1),50,27,Randomized Gaffke,0.301835660052192,2.1343004202682248
Bernoulli(0.1),100,27,Randomized Gaffke,0.18149805407064423,1.8149805407064423
Bernoulli(0.1),500,27,Randomized Gaffke,0.0751288572729847,1.6799323193427327
Bernoulli(0.1),10,28,Randomized Gaffke,0.21699920887141955,0.6862117504883021
Bernoulli(0.1),50,28,Randomized Gaffke,0.2172824048017004,1.5364186186780282
Bernoulli(0.1),100,28,Randomized Gaffke,0.19637216280667075,1.9637216280667076
Bernoulli(0.1),500,28,Randomized Gaffke,0.0751288572729847,1.6799323193427327
Bernoulli(0.1),10,29,Randomized Gaffke,0.3423027522125074,1.0824563463357644
Bernoulli(0.1),50,29,Randomized Gaffke,0.1393038787495486,0.9850271730939442
Bernoulli(0.1),100,29,Randomized Gaffke,0.14981320231482304,1.4981320231482305
Bernoulli(0.1),500,29,Randomized Gaffke,0.0745714975377884,1.6674693767845306
Bernoulli(0.1),10,30,Randomized Gaffke,0.6373506569250964,2.0154797440878736
Bernoulli(0.1),50,30,Randomized Gaffke,0.27961991957869375,1.9772114128893143
Bernoulli(0.1),100,30,Randomized Gaffke,0.19168661503750584,1.9168661503750584
Bernoulli(0.1),500,30,Randomized Gaffke,0.0788409821442014,1.7629379548728148
Bernoulli(0.1),10,31,Randomized Gaffke,0.5437859283242222,1.7196020930536116
Bernoulli(0.1),50,31,Randomized Gaffke,0.2521407899382143,1.7829046237904416
Bernoulli(0.1),100,31,Randomized Gaffke,0.15703466273863817,1.5703466273863818
Bernoulli(0.1),500,31,Randomized Gaffke,0.06983702671253146,1.5616033907568903
Bernoulli(0.1),10,32,Randomized Gaffke,0.6373506569250964,2.0154797440878736
Bernoulli(0.1),50,32,Randomized Gaffke,0.23583191400885836,1.667583456158665
Bernoulli(0.1),100,32,Randomized Gaffke,0.186736181176183,1.86736181176183
Bernoulli(0.1),500,32,Randomized Gaffke,0.07343492729847621,1.642054893621478
Bernoulli(0.1),10,33,Randomized Gaffke,0.6373506569250964,2.0154797440878736
Bernoulli(0.1),50,33,Randomized Gaffke,0.2172824048017004,1.5364186186780282
Bernoulli(0.1),100,33,Randomized Gaffke,0.1637578675762626,1.6375786757626258
Bernoulli(0.1),500,33,Randomized Gaffke,0.07285536643177197,1.6290955186709843
Bernoulli(0.1),10,34,Randomized Gaffke,0.5437859283242222,1.7196020930536116
Bernoulli(0.1),50,34,Randomized Gaffke,0.2521407899382143,1.7829046237904416
Bernoulli(0.1),100,34,Randomized Gaffke,0.18149805407064423,1.8149805407064423
Bernoulli(0.1),500,34,Randomized Gaffke,0.07622254609495466,1.7043879448642976
Bernoulli(0.1),10,35,Randomized Gaffke,0.5437859283242222,1.7196020930536116
Bernoulli(0.1),50,35,Randomized Gaffke,0.2666381785859844,1.8854166420137923
Bernoulli(0.1),100,35,Randomized Gaffke,0.18149805407064423,1.8149805407064423
Bernoulli(0.1),500,35,Randomized Gaffke,0.06983702671253146,1.5616033907568903
Bernoulli(0.1),10,36,Randomized Gaffke,0.6373506569250964,2.0154797440878736
Bernoulli(0.1),50,36,Randomized Gaffke,0.2666381785859844,1.8854166420137923
Bernoulli(0.1),100,36,Randomized Gaffke,0.17594516401516438,1.7594516401516438
Bernoulli(0.1),500,36,Randomized Gaffke,0.06659688180820714,1.4891515481267028
Bernoulli(0.1),10,37,Randomized Gaffke,0.34831677345104595,1.101474351346173
Bernoulli(0.1),50,37,Randomized Gaffke,0.2172824048017004,1.5364186186780282
Bernoulli(0.1),100,37,Randomized Gaffke,0.17004498445482846,1.7004498445482845
Bernoulli(0.1),500,37,Randomized Gaffke,0.0652311631272639,1.4586131500393986
Bernoulli(0.1),10,38,Randomized Gaffke,0.29907132975167483,0.9457465848705722
Bernoulli(0.1),50,38,Randomized Gaffke,0.19583378413569164,1.384753967477701
Bernoulli(0.1),100,38,Randomized Gaffke,0.14981320231482304,1.4981320231482305
Bernoulli(0.1),500,38,Randomized Gaffke,0.07343492729847621,1.642054893621478
Bernoulli(0.1),10,39,Randomized Gaffke,0.6373506569250964,2.0154797440878736
Bernoulli(0.1),50,39,Randomized Gaffke,0.2666381785859844,1.8854166420137923
Bernoulli(0.1),100,39,Randomized Gaffke,0.1637578675762626,1.6375786757626258
Bernoulli(0.1),500,39,Randomized Gaffke,0.06920773664546057,1.5475320370815309
Bernoulli(0.1),10,40,Randomized Gaffke,0.4091674699262373,1.2939011494153576
Bernoulli(0.1),50,40,Randomized Gaffke,0.19583378413569164,1.384753967477701
Bernoulli(0.1),100,40,Randomized Gaffke,0.13352629082623696,1.3352629082623695
Bernoulli(0.1),500,40,Randomized Gaffke,0.0645320921220193,1.4429814471511382
Bernoulli(0.1),10,41,Randomized Gaffke,0.6373506569250964,2.0154797440878736
Bernoulli(0.1),50,41,Randomized Gaffke,0.27961991957869375,1.9772114128893143
Bernoulli(0.1),100,41,Randomized Gaffke,0.17594516401516438,1.7594516401516438
Bernoulli(0.1),500,41,Randomized Gaffke,0.07622254609495466,1.7043879448642976
Bernoulli(0.1),10,42,Randomized Gaffke,0.6373506569250964,2.0154797440878736
Bernoulli(0.1),50,42,Randomized Gaffke,0.2666381785859844,1.8854166420137923
Bernoulli(0.1),100,42,Randomized Gaffke,0.15703466273863817,1.5703466273863818
Bernoulli(0.1),500,42,Randomized Gaffke,0.06659688180820714,1.4891515481267028
Bernoulli(0.1),10,43,Randomized Gaffke,0.6373506569250964,2.0154797440878736
Bernoulli(0.1),50,43,Randomized Gaffke,0.27961991957869375,1.9772114128893143
Bernoulli(0.1),100,43,Randomized Gaffke,0.1637578675762626,1.6375786757626258
Bernoulli(0.1),500,43,Randomized Gaffke,0.07106930370205952,1.5891579419138255
Bernoulli(0.1),10,44,Randomized Gaffke,0.5437859283242222,1.7196020930536116
Bernoulli(0.1),50,44,Randomized Gaffke,0.2521407899382143,1.7829046237904416
Bernoulli(0.1),100,44,Randomized Gaffke,0.17594516401516438,1.7594516401516438
Bernoulli(0.1),500,44,Randomized Gaffke,0.07400691130529324,1.654844844834334
Bernoulli(0.1),10,45,Randomized Gaffke,0.6373506569250964,2.0154797440878736
Bernoulli(0.1),50,45,Randomized Gaffke,0.27961991957869375,1.9772114128893143
Bernoulli(0.1),100,45,Randomized Gaffke,0.17594516401516438,1.7594516401516438
Bernoulli(0.1),500,45,Randomized Gaffke,0.06983702671253146,1.5616033907568903
Bernoulli(0.1),10,46,Randomized Gaffke,0.5437859283242222,1.7196020930536116
Bernoulli(0.1),50,46,Randomized Gaffke,0.17041303484481654,1.205002125413492
Bernoulli(0.1),100,46,Randomized Gaffke,0.15703466273863817,1.5703466273863818
Bernoulli(0.1),500,46,Randomized Gaffke,0.07045746962627963,1.5754769160698798
Bernoulli(0.1),10,47,Randomized Gaffke,0.5437859283242222,1.7196020930536116
Bernoulli(0.1),50,47,Randomized Gaffke,0.27961991957869375,1.9772114128893143
Bernoulli(0.1),100,47,Randomized Gaffke,0.20502355627567495,2.0502355627567495
Bernoulli(0.1),500,47,Randomized Gaffke,0.07167275563964437,1.6026515374497623
Bernoulli(0.1),10,48,Randomized Gaffke,0.5437859283242222,1.7196020930536116
Bernoulli(0.1),50,48,Randomized Gaffke,0.2521407899382143,1.7829046237904416
Bernoulli(0.1),100,48,Randomized Gaffke,0.15703466273863817,1.5703466273863818
Bernoulli(0.1),500,48,Randomized Gaffke,0.07728920876952353,1.7282392473582748
Bernoulli(0.1),10,49,Randomized Gaffke,0.5437859283242222,1.7196020930536116
Bernoulli(0.1),50,49,Randomized Gaffke,0.2666381785859844,1.8854166420137923
Bernoulli(0.1),100,49,Randomized Gaffke,0.17004498445482846,1.7004498445482845
Bernoulli(0.1),500,49,Randomized Gaffke,0.0745714975377884,1.6674693767845306
"Beta(2,2)",10,0,Randomized Gaffke,0.4770730936312878,1.508637586257639
"Beta(2,2)",50,0,Randomized Gaffke,0.17052499527286213,1.2057938051924477
"Beta(2,2)",100,0,Randomized Gaffke,0.12347269104795144,1.2347269104795144
"Beta(2,2)",500,0,Randomized Gaffke,0.05542906669792902,1.239431610659391
"Beta(2,2)",10,1,Randomized Gaffke,0.4544671551901709,1.4371513321381535
"Beta(2,2)",50,1,Randomized Gaffke,0.19244806316020407,1.3608133048679731
"Beta(2,2)",100,1,Randomized Gaffke,0.13699133489952414,1.3699133489952415
"Beta(2,2)",500,1,Randomized Gaffke,0.05320253524569929,1.189644853847121
"Beta(2,2)",10,2,Randomized Gaffke,0.44694722168965434,1.4133712144235182
"Beta(2,2)",50,2,Randomized Gaffke,0.17871190120272945,1.263683972191903
"Beta(2,2)",100,2,Randomized Gaffke,0.12424369995807816,1.2424369995807816
"Beta(2,2)",500,2,Randomized Gaffke,0.0528344662996022,1.181414582008323
"Beta(2,2)",10,3,Randomized Gaffke,0.45501571078888764,1.4388860172533358
"Beta(2,2)",50,3,Randomized Gaffke,0.17075107232975306,1.2073924113924306
"Beta(2,2)",100,3,Randomized Gaffke,0.11883659143058739,1.1883659143058738
"Beta(2,2)",500,3,Randomized Gaffke,0.053289567055105014,1.191590944267481
"Beta(2,2)",10,4,Randomized Gaffke,0.43908175401177696,1.38849842169899
"Beta(2,2)",50,4,Randomized Gaffke,0.18296062305407973,1.2937269725165557
"Beta(2,2)",100,4,Randomized Gaffke,0.1228640854414616,1.228640854414616
"Beta(2,2)",500,4,Randomized Gaffke,0.052637001540880024,1.1769991357716891
"Beta(2,2)",10,5,Randomized Gaffke,0.5223287737060266,1.6517486123537128
"Beta(2,2)",50,5,Randomized Gaffke,0.2063388696561212,1.4590361395621045
"Beta(2,2)",100,5,Randomized Gaffke,0.12669511966074676,1.2669511966074676
"Beta(2,2)",500,5,Randomized Gaffke,0.05442295676655068,1.2169343086653948
"Beta(2,2)",10,6,Randomized Gaffke,0.47472539098204036,1.5012134986172057
"Beta(2,2)",50,6,Randomized Gaffke,0.17727859357932363,1.2535489567915368
"Beta(2,2)",100,6,Randomized Gaffke,0.12482966629658154,1.2482966629658154
"Beta(2,2)",500,6,Randomized Gaffke,0.05314928134533309,1.1884540604342626
"Beta(2,2)",10,7,Randomized Gaffke,0.43375404263705086,1.3716507190388687
"Beta(2,2)",50,7,Randomized Gaffke,0.18478162601763903,1.3066034079574915
"Beta(2,2)",100,7,Randomized Gaffke,0.1268309018839322,1.268309018839322
"Beta(2,2)",500,7,Randomized Gaffke,0.050134283611297514,1.121036661581149
"Beta(2,2)",10,8,Randomized Gaffke,0.47320080349618043,1.4963923296696986
"Beta(2,2)",50,8,Randomized Gaffke,0.17001875812036016,1.2022141679582206
"Beta(2,2)",100,8,Randomized Gaffke,0.1209394316070479,1.209394316070479
"Beta(2,2)",500,8,Randomized Gaffke,0.05479517026216596,1.2252572554487806
"Beta(2,2)",10,9,Randomized Gaffke,0.45592418685042474,1.4417588708075322
"Beta(2,2)",50,9,Randomized Gaffke,0.18653478647674365,1.3190001244489014
"Beta(2,2)",100,9,Randomized Gaffke,0.12344730163043188,1.2344730163043187
"Beta(2,2)",500,9,Randomized Gaffke,0.05336916714493489,1.193370856386228
"Beta(2,2)",10,10,Randomized Gaffke,0.4671346178366721,1.4772093662762016
"Beta(2,2)",50,10,Randomized Gaffke,0.18741709233366177,1.3252389689939756
"Beta(2,2)",100,10,Randomized Gaffke,0.12274146552743376,1.2274146552743375
"Beta(2,2)",500,10,Randomized Gaffke,0.05338138046315505,1.193643954483939
"Beta(2,2)",10,11,Randomized Gaffke,0.45285037638260134,1.4320386286335425
"Beta(2,2)",50,11,Randomized Gaffke,0.17608401134168078,1.2451019847823144
"Beta(2,2)",100,11,Randomized Gaffke,0.12294272887823748,1.2294272887823747
"Beta(2,2)",500,11,Randomized Gaffke,0.054645444093363416,1.2219092765342496
"Beta(2,2)",10,12,Randomized Gaffke,0.5321437723215124,1.6827863632100473
"Beta(2,2)",50,12,Randomized Gaffke,0.2011305119043752,1.4222074887110534
"Beta(2,2)",100,12,Randomized Gaffke,0.13246161443372606,1.3246161443372606
"Beta(2,2)",500,12,Randomized Gaffke,0.05395458653496882,1.2064612319008512
"Beta(2,2)",10,13,Randomized Gaffke,0.4675473235030809,1.4785144561853112
"Beta(2,2)",50,13,Randomized Gaffke,0.17449431788751313,1.2338611545678162
"Beta(2,2)",100,13,Randomized Gaffke,0.11813400730496149,1.1813400730496149
"Beta(2,2)",500,13,Randomized Gaffke,0.05364691835900859,1.1995815623412467
"Beta(2,2)",10,14,Randomized Gaffke,0.45767329944361695,1.447290050486103
"Beta(2,2)",50,14,Randomized Gaffke,0.1956975439122628,1.3837906036191319
"Beta(2,2)",100,14,Randomized Gaffke,0.12942597030751224,1.2942597030751224
"Beta(2,2)",500,14,Randomized Gaffke,0.05400773344281279,1.2076496328881816
"Beta(2,2)",10,15,Randomized Gaffke,0.4739673811213555,1.4988164609685746
"Beta(2,2)",50,15,Randomized Gaffke,0.18965258910027316,1.3410463182238908
"Beta(2,2)",100,15,Randomized Gaffke,0.12316362638798656,1.2316362638798655
"Beta(2,2)",500,15,Randomized Gaffke,0.052477346561370875,1.1734291419004013
"Beta(2,2)",10,16,Randomized Gaffke,0.41153539839261655,1.3013891967054654
"Beta(2,2)",50,16,Randomized Gaffke,0.1739578813438652,1.230067975390919
"Beta(2,2)",100,16,Randomized Gaffke,0.12823615256002424,1.2823615256002423
"Beta(2,2)",500,16,Randomized Gaffke,0.05314312744310801,1.188316454997241
"Beta(2,2)",10,17,Randomized Gaffke,0.49537945826354735,1.56652739417313
"Beta(2,2)",50,17,Randomized Gaffke,0.18702029340770787,1.3224331768808801
"Beta(2,2)",100,17,Randomized Gaffke,0.12478671939666203,1.2478671939666204
"Beta(2,2)",500,17,Randomized Gaffke,0.053144753930447264,1.1883528243597923
"Beta(2,2)",10,18,Randomized Gaffke,0.5068750558972024,1.6028796657603217
"Beta(2,2)",50,18,Randomized Gaffke,0.2133452231716363,1.5085785403842138
"Beta(2,2)",100,18,Randomized Gaffke,0.13649034423795936,1.3649034423795936
"Beta(2,2)",500,18,Randomized Gaffke,0.05369576918832453,1.2006739000923234
"Beta(2,2)",10,19,Randomized Gaffke,0.531672808493137,1.6812970448168283
"Beta(2,2)",50,19,Randomized Gaffke,0.20558373502924127,1.4536965314083488
"Beta(2,2)",100,19,Randomized Gaffke,0.14067179812159147,1.4067179812159147
"Beta(2,2)",500,19,Randomized Gaffke,0.05692453068530656,1.2728712019961816
"Beta(2,2)",10,20,Randomized Gaffke,0.44981252924784987,1.4224321125043116
"Beta(2,2)",50,20,Randomized Gaffke,0.1749807675618188,1.2373008732018913
"Beta(2,2)",100,20,Randomized Gaffke,0.12984757223823884,1.2984757223823884
"Beta(2,2)",500,20,Randomized Gaffke,0.05245934074961528,1.1730265197096454
"Beta(2,2)",10,21,Randomized Gaffke,0.44495612011556646,1.4070747983966538
"Beta(2,2)",50,21,Randomized Gaffke,0.17723919592012638,1.2532703732717243
"Beta(2,2)",100,21,Randomized Gaffke,0.11888031034955476,1.1888031034955477
"Beta(2,2)",500,21,Randomized Gaffke,0.05369557563543215,1.2006695721180776
"Beta(2,2)",10,22,Randomized Gaffke,0.45974624239579354,1.4538452716745747
"Beta(2,2)",50,22,Randomized Gaffke,0.17152207694577104,1.212844237315555
"Beta(2,2)",100,22,Randomized Gaffke,0.11641441836640498,1.1641441836640498
"Beta(2,2)",500,22,Randomized Gaffke,0.053562489234257216,1.197693669718998
"Beta(2,2)",10,23,Randomized Gaffke,0.5154209071581235,1.6299040202898543
"Beta(2,2)",50,23,Randomized Gaffke,0.17470425546408386,1.2353456374080065
"Beta(2,2)",100,23,Randomized Gaffke,0.12420777966775637,1.2420777966775636
"Beta(2,2)",500,23,Randomized Gaffke,0.05345316291365576,1.19524905887305
"Beta(2,2)",10,24,Randomized Gaffke,0.4653905610045502,1.4716941743179184
"Beta(2,2)",50,24,Randomized Gaffke,0.17809258963728503,1.2593047781159732
"Beta(2,2)",100,24,Randomized Gaffke,0.12072128290249456,1.2072128290249458
"Beta(2,2)",500,24,Randomized Gaffke,0.0531411804820528,1.188272919624551
"Beta(2,2)",10,25,Randomized Gaffke,0.45647876286370215,1.4435125941451845
"Beta(2,2)",50,25,Randomized Gaffke,0.18287697493506427,1.2931354909946624
"Beta(2,2)",100,25,Randomized Gaffke,0.12853432705798445,1.2853432705798444
"Beta(2,2)",500,25,Randomized Gaffke,0.05372629273065538,1.2013564272479824
"Beta(2,2)",10,26,Randomized Gaffke,0.5265926074095995,1.6652320384211943
"Beta(2,2)",50,26,Randomized Gaffke,0.19170535028148505,1.3555615317378051
"Beta(2,2)",100,26,Randomized Gaffke,0.1334395655081198,1.334395655081198
"Beta(2,2)",500,26,Randomized Gaffke,0.05682912054117767,1.270737766316029
"Beta(2,2)",10,27,Randomized Gaffke,0.4349986267331396,1.375586439522131
"Beta(2,2)",50,27,Randomized Gaffke,0.170348841086771,1.2045482069972535
"Beta(2,2)",100,27,Randomized Gaffke,0.12304014413681685,1.2304014413681685
"Beta(2,2)",500,27,Randomized Gaffke,0.055458195508852226,1.2400829506726712
"Beta(2,2)",10,28,Randomized Gaffke,0.4965196349682967,1.5701329494952032
"Beta(2,2)",50,28,Randomized Gaffke,0.188680244766194,1.3341708055011336
"Beta(2,2)",100,28,Randomized Gaffke,0.13458982397023772,1.345898239702377
"Beta(2,2)",500,28,Randomized Gaffke,0.053732827757671464,1.20150255489441
"Beta(2,2)",10,29,Randomized Gaffke,0.49550790372386416,1.5669335743828399
"Beta(2,2)",50,29,Randomized Gaffke,0.1791488521592648,1.266773682036024
"Beta(2,2)",100,29,Randomized Gaffke,0.1270275609686835,1.270275609686835
"Beta(2,2)",500,29,Randomized Gaffke,0.05305365426340242,1.1863157738773935
"Beta(2,2)",10,30,Randomized Gaffke,0.4860862365822621,1.5371396468594092
"Beta(2,2)",50,30,Randomized Gaffke,0.18327685495022372,1.2959630696984645
"Beta(2,2)",100,30,Randomized Gaffke,0.12186422157892096,1.2186422157892096
"Beta(2,2)",500,30,Randomized Gaffke,0.05169498809573103,1.15593507478097
"Beta(2,2)",10,31,Randomized Gaffke,0.48547042622491743,1.5351922835234777
"Beta(2,2)",50,31,Randomized Gaffke,0.19477829427544763,1.377290527101179
"Beta(2,2)",100,31,Randomized Gaffke,0.13162141932283733,1.3162141932283733
"Beta(2,2)",500,31,Randomized Gaffke,0.05378343264971153,1.202634114680366
"Beta(2,2)",10,32,Randomized Gaffke,0.4747286476228726,1.5012237970197566
"Beta(2,2)",50,32,Randomized Gaffke,0.1845059899787881,1.3046543668353825
"Beta(2,2)",100,32,Randomized Gaffke,0.12638688817767113,1.2638688817767112
"Beta(2,2)",500,32,Randomized Gaffke,0.05240778768398874,1.171873758117751
"Beta(2,2)",10,33,Randomized Gaffke,0.4178278617767634,1.3212877130925804
"Beta(2,2)",50,33,Randomized Gaffke,0.17219110539197785,1.2175749828267504
"Beta(2,2)",100,33,Randomized Gaffke,0.1193621497914823,1.193621497914823
"Beta(2,2)",500,33,Randomized Gaffke,0.05345650236892774,1.1953237313630096
"Beta(2,2)",10,34,Randomized Gaffke,0.49352932875359207,1.5606767709553802
"Beta(2,2)",50,34,Randomized Gaffke,0.1854865839851858,1.3115882135505295
"Beta(2,2)",100,34,Randomized Gaffke,0.12494290445882106,1.2494290445882106
"Beta(2,2)",500,34,Randomized Gaffke,0.055068122486549465,1.2313606527320935
"Beta(2,2)",10,35,Randomized Gaffke,0.47072905124286285,1.4885759627375617
"Beta(2,2)",50,35,Randomized Gaffke,0.18354832046323233,1.2978826207495313
"Beta(2,2)",100,35,Randomized Gaffke,0.1319285281161951,1.3192852811619509
"Beta(2,2)",500,35,Randomized Gaffke,0.0543104552573363,1.214418698443648
"Beta(2,2)",10,36,Randomized Gaffke,0.5053192030156668,1.5979596269505332
"Beta(2,2)",50,36,Randomized Gaffke,0.1713288828069206,1.2114781484588886
"Beta(2,2)",100,36,Randomized Gaffke,0.11976691870356354,1.1976691870356353
"Beta(2,2)",500,36,Randomized Gaffke,0.053422643304997575,1.1945666196769862
"Beta(2,2)",10,37,Randomized Gaffke,0.4430500352066894,1.401047228670928
"Beta(2,2)",50,37,Randomized Gaffke,0.16529774543906206,1.168831567148085
"Beta(2,2)",100,37,Randomized Gaffke,0.12588721811672576,1.2588721811672576
"Beta(2,2)",500,37,Randomized Gaffke,0.052860236762062085,1.181990827067042
"Beta(2,2)",10,38,Randomized Gaffke,0.4561920734514008,1.4426060026212573
"Beta(2,2)",50,38,Randomized Gaffke,0.18489978900272247,1.3074389464378688
"Beta(2,2)",100,38,Randomized Gaffke,0.12516428590806944,1.2516428590806945
"Beta(2,2)",500,38,Randomized Gaffke,0.053777980229308964,1.2025121948537458
"Beta(2,2)",10,39,Randomized Gaffke,0.44998101817667485,1.4229649212799205
"Beta(2,2)",50,39,Randomized Gaffke,0.1683037800394695,1.19008744165238
"Beta(2,2)",100,39,Randomized Gaffke,0.12646486755037156,1.2646486755037156
"Beta(2,2)",500,39,Randomized Gaffke,0.05425039472250909,1.2130757040572617
"Beta(2,2)",10,40,Randomized Gaffke,0.4292877855293969,1.3575271739627663
"Beta(2,2)",50,40,Randomized Gaffke,0.1828503012064715,1.2929468792509875
"Beta(2,2)",100,40,Randomized Gaffke,0.12588970213113493,1.2588970213113493
"Beta(2,2)",500,40,Randomized Gaffke,0.053335048009828134,1.1926079293319058
"Beta(2,2)",10,41,Randomized Gaffke,0.4444028192648712,1.405325107477148
"Beta(2,2)",50,41,Randomized Gaffke,0.1866870736384565,1.3200769572962494
"Beta(2,2)",100,41,Randomized Gaffke,0.12438637218752852,1.243863721875285
"Beta(2,2)",500,41,Randomized Gaffke,0.051754290653763024,1.1572611202909615
"Beta(2,2)",10,42,Randomized Gaffke,0.47180858160642203,1.4919897374897182
"Beta(2,2)",50,42,Randomized Gaffke,0.1801615495217262,1.2739345337588859
"Beta(2,2)",100,42,Randomized Gaffke,0.12337503461315363,1.2337503461315364
"Beta(2,2)",500,42,Randomized Gaffke,0.05322345663374539,1.1901126703056684
"Beta(2,2)",10,43,Randomized Gaffke,0.46794410459025104,1.4797691881532464
"Beta(2,2)",50,43,Randomized Gaffke,0.17939614108500523,1.268522278799058
"Beta(2,2)",100,43,Randomized Gaffke,0.1236490606268949,1.2364906062689491
"Beta(2,2)",500,43,Randomized Gaffke,0.05574064409424068,1.2463986930434436
"Beta(2,2)",10,44,Randomized Gaffke,0.4533317354852571,1.4335608197703897
"Beta(2,2)",50,44,Randomized Gaffke,0.1692150641666305,1.196531193511412
"Beta(2,2)",100,44,Randomized Gaffke,0.11563054084024366,1.1563054084024365
"Beta(2,2)",500,44,Randomized Gaffke,0.05220910849040783,1.1674311562921333
"Beta(2,2)",10,45,Randomized Gaffke,0.4604757428050611,1.4561521545218852
"Beta(2,2)",50,45,Randomized Gaffke,0.18866075060211207,1.3340329609449748
"Beta(2,2)",100,45,Randomized Gaffke,0.12115872473629374,1.2115872473629374
"Beta(2,2)",500,45,Randomized Gaffke,0.05178616997258245,1.157973963530528
"Beta(2,2)",10,46,Randomized Gaffke,0.46071734854853164,1.4569161789670304
"Beta(2,2)",50,46,Randomized Gaffke,0.18445549608000422,1.3042973210529962
"Beta(2,2)",100,46,Randomized Gaffke,0.12338290195538643,1.2338290195538644
"Beta(2,2)",500,46,Randomized Gaffke,0.05182753196875178,1.158898845881725
"Beta(2,2)",10,47,Randomized Gaffke,0.46127671284109284,1.4586850441732926
"Beta(2,2)",50,47,Randomized Gaffke,0.18439528680293288,1.3038715771719214
"Beta(2,2)",100,47,Randomized Gaffke,0.12353998067282201,1.2353998067282201
"Beta(2,2)",500,47,Randomized Gaffke,0.05326972802147556,1.1911473299894473
"Beta(2,2)",10,48,Randomized Gaffke,0.47032944541443644,1.4873122981534557
"Beta(2,2)",50,48,Randomized Gaffke,0.20558164398845774,1.453681745517171
"Beta(2,2)",100,48,Randomized Gaffke,0.13279204528772542,1.3279204528772541
"Beta(2,2)",500,48,Randomized Gaffke,0.05320255373907623,1.1896452673716007
"Beta(2,2)",10,49,Randomized Gaffke,0.4844859486921589,1.5320790922146978
"Beta(2,2)",50,49,Randomized Gaffke,0.18782241634951663,1.328105042595863
"Beta(2,2)",100,49,Randomized Gaffke,0.11868204763417362,1.1868204763417363
"Beta(2,2)",500,49,Randomized Gaffke,0.05395549162942298,1.2064814704281068
Bernoulli(0.5),10,0,Randomized Gaffke,0.7433788921298335,2.3507704636228923
Bernoulli(0.5),50,0,Randomized Gaffke,0.3678978056216163,2.6014303313869522
Bernoulli(0.5),100,0,Randomized Gaffke,0.26148256719088697,2.6148256719088696
Bernoulli(0.5),500,0,Randomized Gaffke,0.11673633993345128,2.6103039153572034
Bernoulli(0.5),10,1,Randomized Gaffke,0.7323154995224959,2.3157849443350362
Bernoulli(0.5),50,1,Randomized Gaffke,0.3678978056216163,2.6014303313869522
Bernoulli(0.5),100,1,Randomized Gaffke,0.2590837194584561,2.590837194584561
Bernoulli(0.5),500,1,Randomized Gaffke,0.11660548654260344,2.6073779445869825
Bernoulli(0.5),10,2,Randomized Gaffke,0.7323154995224959,2.3157849443350362
Bernoulli(0.5),50,2,Randomized Gaffke,0.3687091319183891,2.6071672746489827
Bernoulli(0.5),100,2,Randomized Gaffke,0.2620787200423119,2.620787200423119
Bernoulli(0.5),500,2,Randomized Gaffke,0.11672262105887776,2.6099971519959917
Bernoulli(0.5),10,3,Randomized Gaffke,0.732315499522496,2.3157849443350367
Bernoulli(0.5),50,3,Randomized Gaffke,0.36897915774037476,2.609076645547198
Bernoulli(0.5),100,3,Randomized Gaffke,0.2622275385717692,2.622275385717692
Bernoulli(0.5),500,3,Randomized Gaffke,0.1165578664399442,2.6063131267205666
Bernoulli(0.5),10,4,Randomized Gaffke,0.732315499522496,2.3157849443350367
Bernoulli(0.5),50,4,Randomized Gaffke,0.3665414033659144,2.591839119056717
Bernoulli(0.5),100,4,Randomized Gaffke,0.26103452550988016,2.6103452550988013
Bernoulli(0.5),500,4,Randomized Gaffke,0.1166924337595876,2.6093221434632925
Bernoulli(0.5),10,5,Randomized Gaffke,0.7323154995224959,2.3157849443350362
Bernoulli(0.5),50,5,Randomized Gaffke,0.3646335344578936,2.578348448631952
Bernoulli(0.5),100,5,Randomized Gaffke,0.2572693459110155,2.5726934591101553
Bernoulli(0.5),500,5,Randomized Gaffke,0.11672262105887776,2.6099971519959917
Bernoulli(0.5),10,6,Randomized Gaffke,0.7323154995224959,2.3157849443350362
Bernoulli(0.5),50,6,Randomized Gaffke,0.3687091319183891,2.6071672746489827
Bernoulli(0.5),100,6,Randomized Gaffke,0.2622275385717693,2.6222753857176926
Bernoulli(0.5),500,6,Randomized Gaffke,0.11658259473223076,2.6068660681457687
Bernoulli(0.5),10,7,Randomized Gaffke,0.732315499522496,2.3157849443350367
Bernoulli(0.5),50,7,Randomized Gaffke,0.3646335344578936,2.578348448631952
Bernoulli(0.5),100,7,Randomized Gaffke,0.26048583306930495,2.6048583306930495
Bernoulli(0.5),500,7,Randomized Gaffke,0.11633323567520726,2.601290230122671
Bernoulli(0.5),10,8,Randomized Gaffke,0.7323154995224959,2.3157849443350362
Bernoulli(0.5),50,8,Randomized Gaffke,0.36870913191838905,2.6071672746489822
Bernoulli(0.5),100,8,Randomized Gaffke,0.2618304941545756,2.618304941545756
Bernoulli(0.5),500,8,Randomized Gaffke,0.11662654297114877,2.6078487806428896
Bernoulli(0.5),10,9,Randomized Gaffke,0.7433788921298335,2.3507704636228923
Bernoulli(0.5),50,9,Randomized Gaffke,0.3665414033659144,2.591839119056717
Bernoulli(0.5),100,9,Randomized Gaffke,0.2598358281819706,2.598358281819706
Bernoulli(0.5),500,9,Randomized Gaffke,0.11658259473223076,2.6068660681457687
Bernoulli(0.5),10,10,Randomized Gaffke,0.6981067641908987,2.2076074248133137
Bernoulli(0.5),50,10,Randomized Gaffke,0.3621650399763025,2.5608935567594058
Bernoulli(0.5),100,10,Randomized Gaffke,0.2620787200423119,2.620787200423119
Bernoulli(0.5),500,10,Randomized Gaffke,0.1166924337595876,2.6093221434632925
Bernoulli(0.5),10,11,Randomized Gaffke,0.7433788921298335,2.3507704636228923
Bernoulli(0.5),50,11,Randomized Gaffke,0.36654140336591445,2.591839119056717
Bernoulli(0.5),100,11,Randomized Gaffke,0.2622275385717692,2.622275385717692
Bernoulli(0.5),500,11,Randomized Gaffke,0.11650289556278282,2.60508394053941
Bernoulli(0.5),10,12,Randomized Gaffke,0.732315499522496,2.3157849443350367
Bernoulli(0.5),50,12,Randomized Gaffke,0.3646335344578936,2.578348448631952
Bernoulli(0.5),100,12,Randomized Gaffke,0.2590837194584561,2.590837194584561
Bernoulli(0.5),500,12,Randomized Gaffke,0.1166924337595876,2.6093221434632925
Bernoulli(0.5),10,13,Randomized Gaffke,0.732315499522496,2.3157849443350367
Bernoulli(0.5),50,13,Randomized Gaffke,0.36870913191838905,2.6071672746489822
Bernoulli(0.5),100,13,Randomized Gaffke,0.2622771252821519,2.622771252821519
Bernoulli(0.5),500,13,Randomized Gaffke,0.11673359628974034,2.6102425656187664
Bernoulli(0.5),10,14,Randomized Gaffke,0.7323154995224959,2.3157849443350362
Bernoulli(0.5),50,14,Randomized Gaffke,0.36897915774037476,2.609076645547198
Bernoulli(0.5),100,14,Randomized Gaffke,0.2618304941545755,2.618304941545755
Bernoulli(0.5),500,14,Randomized Gaffke,0.11660548654260344,2.6073779445869825
Bernoulli(0.5),10,15,Randomized Gaffke,0.6981067641908987,2.2076074248133137
Bernoulli(0.5),50,15,Randomized Gaffke,0.3678978056216163,2.6014303313869522
Bernoulli(0.5),100,15,Randomized Gaffke,0.2620787200423118,2.620787200423118
Bernoulli(0.5),500,15,Randomized Gaffke,0.11644056332026154,2.603690149224734
Bernoulli(0.5),10,16,Randomized Gaffke,0.6981067641908987,2.2076074248133137
Bernoulli(0.5),50,16,Randomized Gaffke,0.3591237665799407,2.5393885063393093
Bernoulli(0.5),100,16,Randomized Gaffke,0.25620480061342255,2.5620480061342255
Bernoulli(0.5),500,16,Randomized Gaffke,0.11637085767862704,2.6021314836936345
Bernoulli(0.5),10,17,Randomized Gaffke,0.7323154995224959,2.3157849443350362
Bernoulli(0.5),50,17,Randomized Gaffke,0.3687091319183891,2.6071672746489827
Bernoulli(0.5),100,17,Randomized Gaffke,0.2622771252821519,2.622771252821519
Bernoulli(0.5),500,17,Randomized Gaffke,0.11673359628974028,2.610242565618765
Bernoulli(0.5),10,18,Randomized Gaffke,0.7433788921298335,2.3507704636228923
Bernoulli(0.5),50,18,Randomized Gaffke,0.3687091319183891,2.6071672746489827
Bernoulli(0.5),100,18,Randomized Gaffke,0.26048583306930495,2.6048583306930495
Bernoulli(0.5),500,18,Randomized Gaffke,0.11658259473223082,2.60686606814577
Bernoulli(0.5),10,19,Randomized Gaffke,0.6373506569250964,2.0154797440878736
Bernoulli(0.5),50,19,Randomized Gaffke,0.36897915774037476,2.609076645547198
Bernoulli(0.5),100,19,Randomized Gaffke,0.26148256719088697,2.6148256719088696
Bernoulli(0.5),500,19,Randomized Gaffke,0.11673359628974028,2.610242565618765
Bernoulli(0.5),10,20,Randomized Gaffke,0.732315499522496,2.3157849443350367
Bernoulli(0.5),50,20,Randomized Gaffke,0.36870913191838905,2.6071672746489822
Bernoulli(0.5),100,20,Randomized Gaffke,0.2622275385717692,2.622275385717692
Bernoulli(0.5),500,20,Randomized Gaffke,0.11673633993345145,2.6103039153572074
Bernoulli(0.5),10,21,Randomized Gaffke,0.7433788921298335,2.3507704636228923
Bernoulli(0.5),50,21,Randomized Gaffke,0.36654140336591445,2.591839119056717
Bernoulli(0.5),100,21,Randomized Gaffke,0.2620787200423118,2.620787200423118
Bernoulli(0.5),500,21,Randomized Gaffke,0.11672262105887776,2.6099971519959917
Bernoulli(0.5),10,22,Randomized Gaffke,0.6373506569250964,2.0154797440878736
Bernoulli(0.5),50,22,Randomized Gaffke,0.36897915774037476,2.609076645547198
Bernoulli(0.5),100,22,Randomized Gaffke,0.26148256719088697,2.6148256719088696
Bernoulli(0.5),500,22,Randomized Gaffke,0.11671438894675351,2.6098130763729093
Bernoulli(0.5),10,23,Randomized Gaffke,0.732315499522496,2.3157849443350367
Bernoulli(0.5),50,23,Randomized Gaffke,0.3646335344578936,2.578348448631952
Bernoulli(0.5),100,23,Randomized Gaffke,0.26148256719088697,2.6148256719088696
Bernoulli(0.5),500,23,Randomized Gaffke,0.11672902340444369,2.6101403127950005
Bernoulli(0.5),10,24,Randomized Gaffke,0.732315499522496,2.3157849443350367
Bernoulli(0.5),50,24,Randomized Gaffke,0.36897915774037476,2.609076645547198
Bernoulli(0.5),100,24,Randomized Gaffke,0.26148256719088697,2.6148256719088696
Bernoulli(0.5),500,24,Randomized Gaffke,0.11655786643994426,2.606313126720568
Bernoulli(0.5),10,25,Randomized Gaffke,0.7323154995224959,2.3157849443350362
Bernoulli(0.5),50,25,Randomized Gaffke,0.36654140336591445,2.591839119056717
Bernoulli(0.5),100,25,Randomized Gaffke,0.2622771252821519,2.622771252821519
Bernoulli(0.5),500,25,Randomized Gaffke,0.11658259473223082,2.60686606814577
Bernoulli(0.5),10,26,Randomized Gaffke,0.6981067641908988,2.207607424813314
Bernoulli(0.5),50,26,Randomized Gaffke,0.3646335344578936,2.578348448631952
Bernoulli(0.5),100,26,Randomized Gaffke,0.2618304941545756,2.618304941545756
Bernoulli(0.5),500,26,Randomized Gaffke,0.11662654297114872,2.6078487806428883
Bernoulli(0.5),10,27,Randomized Gaffke,0.7323154995224959,2.3157849443350362
Bernoulli(0.5),50,27,Randomized Gaffke,0.36216503997630267,2.560893556759407
Bernoulli(0.5),100,27,Randomized Gaffke,0.2598358281819705,2.5983582818197046
Bernoulli(0.5),500,27,Randomized Gaffke,0.11673633993345128,2.6103039153572034
Bernoulli(0.5),10,28,Randomized Gaffke,0.6981067641908988,2.207607424813314
Bernoulli(0.5),50,28,Randomized Gaffke,0.3512573145291893,2.4837642904496575
Bernoulli(0.5),100,28,Randomized Gaffke,0.25620480061342243,2.5620480061342246
Bernoulli(0.5),500,28,Randomized Gaffke,0.11647265033035409,2.604407636582351
Bernoulli(0.5),10,29,Randomized Gaffke,0.7323154995224959,2.3157849443350362
Bernoulli(0.5),50,29,Randomized Gaffke,0.3621650399763025,2.5608935567594058
Bernoulli(0.5),100,29,Randomized Gaffke,0.26103452550988016,2.6103452550988013
Bernoulli(0.5),500,29,Randomized Gaffke,0.11653130047641413,2.6057190937171564
Bernoulli(0.5),10,30,Randomized Gaffke,0.7323154995224959,2.3157849443350362
Bernoulli(0.5),50,30,Randomized Gaffke,0.3646335344578936,2.578348448631952
Bernoulli(0.5),100,30,Randomized Gaffke,0.26048583306930495,2.6048583306930495
Bernoulli(0.5),500,30,Randomized Gaffke,0.11673633993345128,2.6103039153572034
Bernoulli(0.5),10,31,Randomized Gaffke,0.7433788921298335,2.3507704636228923
Bernoulli(0.5),50,31,Randomized Gaffke,0.3621650399763025,2.5608935567594058
Bernoulli(0.5),100,31,Randomized Gaffke,0.2622275385717692,2.622275385717692
Bernoulli(0.5),500,31,Randomized Gaffke,0.11673359628974034,2.6102425656187664
Bernoulli(0.5),10,32,Randomized Gaffke,0.7433788921298335,2.3507704636228923
Bernoulli(0.5),50,32,Randomized Gaffke,0.3665414033659144,2.591839119056717
Bernoulli(0.5),100,32,Randomized Gaffke,0.2582285808775353,2.582285808775353
Bernoulli(0.5),500,32,Randomized Gaffke,0.11640663298311593,2.6029314438211637
Bernoulli(0.5),10,33,Randomized Gaffke,0.732315499522496,2.3157849443350367
Bernoulli(0.5),50,33,Randomized Gaffke,0.3646335344578936,2.578348448631952
Bernoulli(0.5),100,33,Randomized Gaffke,0.2622275385717692,2.622275385717692
Bernoulli(0.5),500,33,Randomized Gaffke,0.11673359628974028,2.610242565618765
Bernoulli(0.5),10,34,Randomized Gaffke,0.732315499522496,2.3157849443350367
Bernoulli(0.5),50,34,Randomized Gaffke,0.36897915774037476,2.609076645547198
Bernoulli(0.5),100,34,Randomized Gaffke,0.2622275385717692,2.622275385717692
Bernoulli(0.5),500,34,Randomized Gaffke,0.11660548654260344,2.6073779445869825
Bernoulli(0.5),10,35,Randomized Gaffke,0.5437859283242223,1.719602093053612
Bernoulli(0.5),50,35,Randomized Gaffke,0.36654140336591445,2.591839119056717
Bernoulli(0.5),100,35,Randomized Gaffke,0.26048583306930495,2.6048583306930495
Bernoulli(0.5),500,35,Randomized Gaffke,0.11666315363846919,2.6086674200511903
Bernoulli(0.5),10,36,Randomized Gaffke,0.7323154995224959,2.3157849443350362
Bernoulli(0.5),50,36,Randomized Gaffke,0.3554942537075886,2.5137239746948685
Bernoulli(0.5),100,36,Randomized Gaffke,0.2590837194584561,2.590837194584561
Bernoulli(0.5),500,36,Randomized Gaffke,0.1163708576786271,2.602131483693636
Bernoulli(0.5),10,37,Randomized Gaffke,0.7433788921298335,2.3507704636228923
Bernoulli(0.5),50,37,Randomized Gaffke,0.3678978056216163,2.6014303313869522
Bernoulli(0.5),100,37,Randomized Gaffke,0.26148256719088697,2.6148256719088696
Bernoulli(0.5),500,37,Randomized Gaffke,0.11670432667419356,2.6095880771183877
Bernoulli(0.5),10,38,Randomized Gaffke,0.732315499522496,2.3157849443350367
Bernoulli(0.5),50,38,Randomized Gaffke,0.3646335344578936,2.578348448631952
Bernoulli(0.5),100,38,Randomized Gaffke,0.2622275385717693,2.6222753857176926
Bernoulli(0.5),500,38,Randomized Gaffke,0.11670432667419356,2.6095880771183877
Bernoulli(0.5),10,39,Randomized Gaffke,0.6373506569250964,2.0154797440878736
Bernoulli(0.5),50,39,Randomized Gaffke,0.36897915774037476,2.609076645547198
Bernoulli(0.5),100,39,Randomized Gaffke,0.2620787200423118,2.620787200423118
Bernoulli(0.5),500,39,Randomized Gaffke,0.11664576502897839,2.608278598922634
Bernoulli(0.5),10,40,Randomized Gaffke,0.7433788921298335,2.3507704636228923
Bernoulli(0.5),50,40,Randomized Gaffke,0.3621650399763025,2.5608935567594058
Bernoulli(0.5),100,40,Randomized Gaffke,0.25620480061342255,2.5620480061342255
Bernoulli(0.5),500,40,Randomized Gaffke,0.1166924337595876,2.6093221434632925
Bernoulli(0.5),10,41,Randomized Gaffke,0.6981067641908987,2.2076074248133137
Bernoulli(0.5),50,41,Randomized Gaffke,0.36897915774037476,2.609076645547198
Bernoulli(0.5),100,41,Randomized Gaffke,0.2618304941545755,2.618304941545755
Bernoulli(0.5),500,41,Randomized Gaffke,0.1166924337595876,2.6093221434632925
Bernoulli(0.5),10,42,Randomized Gaffke,0.6981067641908987,2.2076074248133137
Bernoulli(0.5),50,42,Randomized Gaffke,0.36897915774037476,2.609076645547198
Bernoulli(0.5),100,42,Randomized Gaffke,0.2622771252821519,2.622771252821519
Bernoulli(0.5),500,42,Randomized Gaffke,0.11673359628974028,2.610242565618765
Bernoulli(0.5),10,43,Randomized Gaffke,0.732315499522496,2.3157849443350367
Bernoulli(0.5),50,43,Randomized Gaffke,0.3665414033659144,2.591839119056717
Bernoulli(0.5),100,43,Randomized Gaffke,0.2604858330693049,2.604858330693049
Bernoulli(0.5),500,43,Randomized Gaffke,0.11633323567520731,2.601290230122672
Bernoulli(0.5),10,44,Randomized Gaffke,0.6373506569250964,2.0154797440878736
Bernoulli(0.5),50,44,Randomized Gaffke,0.36654140336591445,2.591839119056717
Bernoulli(0.5),100,44,Randomized Gaffke,0.2620787200423118,2.620787200423118
Bernoulli(0.5),500,44,Randomized Gaffke,0.1167226210588777,2.6099971519959904
Bernoulli(0.5),10,45,Randomized Gaffke,0.7323154995224959,2.3157849443350362
Bernoulli(0.5),50,45,Randomized Gaffke,0.3678978056216163,2.6014303313869522
Bernoulli(0.5),100,45,Randomized Gaffke,0.2622275385717692,2.622275385717692
Bernoulli(0.5),500,45,Randomized Gaffke,0.11666315363846919,2.6086674200511903
Bernoulli(0.5),10,46,Randomized Gaffke,0.7323154995224959,2.3157849443350362
Bernoulli(0.5),50,46,Randomized Gaffke,0.3665414033659144,2.591839119056717
Bernoulli(0.5),100,46,Randomized Gaffke,0.2622275385717692,2.622275385717692
Bernoulli(0.5),500,46,Randomized Gaffke,0.11673633993345145,2.6103039153572074
Bernoulli(0.5),10,47,Randomized Gaffke,0.7323154995224959,2.3157849443350362
Bernoulli(0.5),50,47,Randomized Gaffke,0.36870913191838905,2.6071672746489822
Bernoulli(0.5),100,47,Randomized Gaffke,0.2604858330693049,2.604858330693049
Bernoulli(0.5),500,47,Randomized Gaffke,0.11601800924876954,2.5942415529444802
Bernoulli(0.5),10,48,Randomized Gaffke,0.7433788921298335,2.3507704636228923
Bernoulli(0.5),50,48,Randomized Gaffke,0.36897915774037476,2.609076645547198
Bernoulli(0.5),100,48,Randomized Gaffke,0.2620787200423118,2.620787200423118
Bernoulli(0.5),500,48,Randomized Gaffke,0.11620927077693871,2.5985182907291478
Bernoulli(0.5),10,49,Randomized Gaffke,0.5437859283242222,1.7196020930536116
Bernoulli(0.5),50,49,Randomized Gaffke,0.3512573145291893,2.4837642904496575
Bernoulli(0.5),100,49,Randomized Gaffke,0.26103452550988016,2.6103452550988013
Bernoulli(0.5),500,49,Randomized Gaffke,0.11650289556278282,2.60508394053941
"Beta(2,2)",1000,0,Gaffke,0.0383976130064239,1.2142391381400517
"Beta(2,2)",3000,0,Gaffke,0.0217694703500495,1.1923629975661998
"Beta(2,2)",10000,0,Gaffke,0.0117342552006931,1.17342552006931
"Beta(2,2)",30000,0,Gaffke,0.0067449471974029,1.1682591240271274
"Beta(2,2)",100000,0,Gaffke,0.0036565939021871,1.15631652091945
"Beta(2,2)",300000,0,Gaffke,0.0021054761697804,1.1532167924783363
"Beta(2,2)",1000000,0,Gaffke,0.0011522449539741,1.1522449539741464
"Beta(2,2)",1000,1,Gaffke,0.0368744691868686,1.1660731014020185
"Beta(2,2)",3000,1,Gaffke,0.0214800496466726,1.176510772781346
"Beta(2,2)",10000,1,Gaffke,0.0116621175138154,1.1662117513815409
"Beta(2,2)",30000,1,Gaffke,0.0067198162932975,1.1639063237520508
"Beta(2,2)",100000,1,Gaffke,0.0036582505448894,1.1568403973402857
"Beta(2,2)",300000,1,Gaffke,0.0021074594367045,1.1543030725102073
"Beta(2,2)",1000000,1,Gaffke,0.0011523030205035,1.1523030205035645
"Beta(2,2)",1000,2,Gaffke,0.0378496803329881,1.1969119856152284
"Beta(2,2)",3000,2,Gaffke,0.0214166950236895,1.1730406971683398
"Beta(2,2)",10000,2,Gaffke,0.0115579233364588,1.155792333645883
"Beta(2,2)",30000,2,Gaffke,0.0066749421178763,1.1561338885743315
"Beta(2,2)",100000,2,Gaffke,0.0036454294444607,1.152786009393835
"Beta(2,2)",300000,2,Gaffke,0.002104068780491,1.1524459336173478
"Beta(2,2)",1000000,2,Gaffke,0.0011517572500771,1.151757250077157
"Beta(2,2)",1000,3,Gaffke,0.0380499624887191,1.2032454634832146
"Beta(2,2)",3000,3,Gaffke,0.021611368834986,1.1837034209486
"Beta(2,2)",10000,3,Gaffke,0.0116476677237854,1.1647667723785449
"Beta(2,2)",30000,3,Gaffke,0.0066777984321647,1.1566286167213156
"Beta(2,2)",100000,3,Gaffke,0.0036532066175035,1.155245367451065
"Beta(2,2)",300000,3,Gaffke,0.0021079487844001,1.154571099281574
"Beta(2,2)",1000000,3,Gaffke,0.0011531835558767,1.153183555876791
"Beta(2,2)",1000,4,Gaffke,0.0376653764253206,1.1910837843162436
"Beta(2,2)",3000,4,Gaffke,0.0215114324470034,1.1782296795472365
"Beta(2,2)",10000,4,Gaffke,0.0115906071304301,1.1590607130430142
"Beta(2,2)",30000,4,Gaffke,0.006678628988095,1.156772473228298
"Beta(2,2)",100000,4,Gaffke,0.0036484413339288,1.1537384524718242
"Beta(2,2)",300000,4,Gaffke,0.0021022349300751,1.151441492377463
"Beta(2,2)",1000000,4,Gaffke,0.0011517664572834,1.1517664572834874
"Beta(2,2)",1000,5,Gaffke,0.0382011542869321,1.208026567942109
"Beta(2,2)",3000,5,Gaffke,0.0217513452808624,1.1913702466411922
"Beta(2,2)",10000,5,Gaffke,0.0116956563115891,1.1695656311589142
"Beta(2,2)",30000,5,Gaffke,0.0066870959457597,1.1582389933143793
"Beta(2,2)",100000,5,Gaffke,0.0036445119375765,1.1524958682415425
"Beta(2,2)",300000,5,Gaffke,0.0021029104195073,1.1518114731768172
"Beta(2,2)",1000000,5,Gaffke,0.0011524469955994,1.15244699559941
"Beta(2,2)",1000,6,Gaffke,0.0377563515354849,1.19396066990128
"Beta(2,2)",3000,6,Gaffke,0.0213285891189769,1.1682149380222913
"Beta(2,2)",10000,6,Gaffke,0.0115930389213599,1.1593038921359933
"Beta(2,2)",30000,6,Gaffke,0.0066801256977206,1.157031710939874
"Beta(2,2)",100000,6,Gaffke,0.0036498560042554,1.1541858105088567
"Beta(2,2)",300000,6,Gaffke,0.0021050186707039,1.1529662099140932
"Beta(2,2)",1000000,6,Gaffke,0.0011526267438947,1.152626743894769
"Beta(2,2)",1000,7,Gaffke,0.0368873519221588,1.166480489262121
"Beta(2,2)",3000,7,Gaffke,0.0213375904046956,1.1687079587457612
"Beta(2,2)",10000,7,Gaffke,0.0116479786024415,1.1647978602441544
"Beta(2,2)",30000,7,Gaffke,0.0066778599715796,1.156639275660633
"Beta(2,2)",100000,7,Gaffke,0.0036626410612334,1.1582288005154056
"Beta(2,2)",300000,7,Gaffke,0.0021062604226849,1.1536463454849235
"Beta(2,2)",1000000,7,Gaffke,0.001153145804509,1.1531458045090923
"Beta(2,2)",1000,8,Gaffke,0.0373885690429637,1.1823303663022724
"Beta(2,2)",3000,8,Gaffke,0.0210825575150622,1.1547392320899668
"Beta(2,2)",10000,8,Gaffke,0.0114175110920083,1.1417511092008392
"Beta(2,2)",30000,8,Gaffke,0.0066393819153999,1.1499746808326634
"Beta(2,2)",100000,8,Gaffke,0.0036462217858901,1.1530365697539804
"Beta(2,2)",300000,8,Gaffke,0.0021052750502861,1.1531066347945649
"Beta(2,2)",1000000,8,Gaffke,0.0011532109665621,1.1532109665621793
"Beta(2,2)",1000,9,Gaffke,0.0376060469276718,1.1892076208662037
"Beta(2,2)",3000,9,Gaffke,0.0214434715449715,1.1745073076401078
"Beta(2,2)",10000,9,Gaffke,0.0116319996067224,1.1631999606722454
"Beta(2,2)",30000,9,Gaffke,0.0066817459314751,1.157312343658157
"Beta(2,2)",100000,9,Gaffke,0.003656461463969,1.156274640277583
"Beta(2,2)",300000,9,Gaffke,0.0021052514397832,1.1530937027895096
"Beta(2,2)",1000000,9,Gaffke,0.0011523568191855,1.1523568191855182
"Beta(2,2)",1000,10,Gaffke,0.0386068502608396,1.22085580109319
"Beta(2,2)",3000,10,Gaffke,0.0215139825097229,1.178369352234685
"Beta(2,2)",10000,10,Gaffke,0.0116556002898217,1.165560028982171
"Beta(2,2)",30000,10,Gaffke,0.00667717532416,1.1565206912490424
"Beta(2,2)",100000,10,Gaffke,0.0036579203999125,1.156735996331775
"Beta(2,2)",300000,10,Gaffke,0.0021081877537422,1.1547019881807596
"Beta(2,2)",1000000,10,Gaffke,0.0011540717731818,1.154071773181886
"Beta(2,2)",1000,11,Gaffke,0.0380591590644809,1.203536284744031
"Beta(2,2)",3000,11,Gaffke,0.0214620945603919,1.175527332203562
"Beta(2,2)",10000,11,Gaffke,0.0115997132375948,1.1599713237594844
"Beta(2,2)",30000,11,Gaffke,0.0066849417291901,1.157865872059469
"Beta(2,2)",100000,11,Gaffke,0.0036578715620504,1.15672055244375
"Beta(2,2)",300000,11,Gaffke,0.0021062246444328,1.153626748929159
"Beta(2,2)",1000000,11,Gaffke,0.00115310982766,1.1531098276600371
"Beta(2,2)",1000,12,Gaffke,0.0372879614683905,1.179148875447107
"Beta(2,2)",3000,12,Gaffke,0.021461471220348,1.175493190463257
"Beta(2,2)",10000,12,Gaffke,0.0117662511987321,1.1766251198732147
"Beta(2,2)",30000,12,Gaffke,0.0067119567109272,1.1625450041528844
"Beta(2,2)",100000,12,Gaffke,0.0036563634702201,1.1562436519333046
"Beta(2,2)",300000,12,Gaffke,0.0021047944606962,1.1528434050352734
"Beta(2,2)",1000000,12,Gaffke,0.0011525747918565,1.152574791856542
"Beta(2,2)",1000,13,Gaffke,0.0365959443595652,1.1572653730101805
"Beta(2,2)",3000,13,Gaffke,0.0213811356837753,1.1710930319082382
"Beta(2,2)",10000,13,Gaffke,0.0116046881185565,1.1604688118556583
"Beta(2,2)",30000,13,Gaffke,0.0067036133774378,1.1610998964020671
"Beta(2,2)",100000,13,Gaffke,0.0036498271675306,1.154176691535781
"Beta(2,2)",300000,13,Gaffke,0.0021081319143052,1.154671403661506
"Beta(2,2)",1000000,13,Gaffke,0.0011531761060286,1.1531761060286083
"Beta(2,2)",1000,14,Gaffke,0.036908134751438,1.167137700029568
"Beta(2,2)",3000,14,Gaffke,0.0213385019009474,1.168757883451581
"Beta(2,2)",10000,14,Gaffke,0.0115486181244937,1.154861812449376
"Beta(2,2)",30000,14,Gaffke,0.0066714314658201,1.1555258258014236
"Beta(2,2)",100000,14,Gaffke,0.0036494171594126,1.154047035584573
"Beta(2,2)",300000,14,Gaffke,0.0021023797692982,1.1515208240871444
"Beta(2,2)",1000000,14,Gaffke,0.0011525445186104,1.1525445186104657
"Beta(2,2)",1000,15,Gaffke,0.0369869807412389,1.1696310291509788
"Beta(2,2)",3000,15,Gaffke,0.0212926869305601,1.1662484941763254
"Beta(2,2)",10000,15,Gaffke,0.0115834561696351,1.158345616963519
"Beta(2,2)",30000,15,Gaffke,0.0066608879062208,1.1536996277095548
"Beta(2,2)",100000,15,Gaffke,0.0036471662988316,1.1533352509714354
"Beta(2,2)",300000,15,Gaffke,0.0021048075362795,1.1528505668271898
"Beta(2,2)",1000000,15,Gaffke,0.00115236742069,1.1523674206900258
"Beta(2,2)",1000,16,Gaffke,0.0366522633014565,1.1590463343280537
"Beta(2,2)",3000,16,Gaffke,0.0213400980299694,1.1688453070385822
"Beta(2,2)",10000,16,Gaffke,0.0116527038848515,1.1652703884851512
"Beta(2,2)",30000,16,Gaffke,0.0067012351269879,1.1606879713408402
"Beta(2,2)",100000,16,Gaffke,0.0036544156082473,1.1556276838931103
"Beta(2,2)",300000,16,Gaffke,0.0021076654548878,1.1544159133164518
"Beta(2,2)",1000000,16,Gaffke,0.0011538390425653,1.15383904256533
"Beta(2,2)",1000,17,Gaffke,0.0364841990405545,1.1537316757508211
"Beta(2,2)",3000,17,Gaffke,0.021136974703953,1.157719784277116
"Beta(2,2)",10000,17,Gaffke,0.0116707485790717,1.16707485790718
"Beta(2,2)",30000,17,Gaffke,0.0066761441594103,1.1563420882752973
"Beta(2,2)",100000,17,Gaffke,0.0036520500197068,1.154879619113651
"Beta(2,2)",300000,17,Gaffke,0.0021060831881523,1.1535492701334464
"Beta(2,2)",1000000,17,Gaffke,0.0011527219671164,1.1527219671164102
"Beta(2,2)",1000,18,Gaffke,0.0374259165049268,1.183511396748573
"Beta(2,2)",3000,18,Gaffke,0.0215621997544102,1.1810103194922823
"Beta(2,2)",10000,18,Gaffke,0.0116432370501982,1.1643237050198207
"Beta(2,2)",30000,18,Gaffke,0.0066901089118349,1.1587608543467405
"Beta(2,2)",100000,18,Gaffke,0.003655963285362,1.156117102369621
"Beta(2,2)",300000,18,Gaffke,0.0021069647905996,1.1540321436805967
"Beta(2,2)",1000000,18,Gaffke,0.0011528055715446,1.1528055715446794
"Beta(2,2)",1000,19,Gaffke,0.0370821906862206,1.1726418319713952
"Beta(2,2)",3000,19,Gaffke,0.021047301708958,1.1528081920613342
"Beta(2,2)",10000,19,Gaffke,0.0115010744584059,1.150107445840598
"Beta(2,2)",30000,19,Gaffke,0.00665924507904,1.1534150816950457
"Beta(2,2)",100000,19,Gaffke,0.0036572172291061,1.1565136341985165
"Beta(2,2)",300000,19,Gaffke,0.0021092626067504,1.1552907094193885
"Beta(2,2)",1000000,19,Gaffke,0.0011525372119818,1.1525372119818855
"Beta(2,2)",1000,20,Gaffke,0.0385402331800657,1.2187491840300195
"Beta(2,2)",3000,20,Gaffke,0.0218205032821969,1.19515818637748
"Beta(2,2)",10000,20,Gaffke,0.0117054498626015,1.170544986260158
"Beta(2,2)",30000,20,Gaffke,0.006687649304179,1.158334837804083
"Beta(2,2)",100000,20,Gaffke,0.0036555201324902,1.1559769651269542
"Beta(2,2)",300000,20,Gaffke,0.0021080078356542,1.1546034429854677
"Beta(2,2)",1000,21,Gaffke,0.0376026498976877,1.1891001973459074
"Beta(2,2)",3000,21,Gaffke,0.0217335165667591,1.1903937277526218
"Beta(2,2)",10000,21,Gaffke,0.0116837468178557,1.1683746817855722
"Beta(2,2)",30000,21,Gaffke,0.0066948503963613,1.159582103557042
"Beta(2,2)",100000,21,Gaffke,0.0036513073449584,1.154644764737098
"Beta(2,2)",300000,21,Gaffke,0.0021071836235117,1.1541520034028614
"Beta(2,2)",1000,22,Gaffke,0.0386536956365236,1.2223371819432671
"Beta(2,2)",3000,22,Gaffke,0.0214659961779622,1.17574103259896
"Beta(2,2)",10000,22,Gaffke,0.0115722172270581,1.1572217227058146
"Beta(2,2)",30000,22,Gaffke,0.0066857692021601,1.158009194582068
"Beta(2,2)",100000,22,Gaffke,0.003655086365457,1.1558397959470796
"Beta(2,2)",300000,22,Gaffke,0.0021067820514962,1.1539320533514932
"Beta(2,2)",1000,23,Gaffke,0.0386252234718204,1.22143681303949
"Beta(2,2)",3000,23,Gaffke,0.0214004900987436,1.172153116874787
"Beta(2,2)",10000,23,Gaffke,0.0115885514374303,1.1588551437430372
"Beta(2,2)",30000,23,Gaffke,0.0066976655184178,1.1600696970001825
"Beta(2,2)",100000,23,Gaffke,0.0036528958238689,1.1551470858743187
"Beta(2,2)",300000,23,Gaffke,0.0021078313947963,1.1545068023475171
"Beta(2,2)",1000,24,Gaffke,0.0368703783462659,1.165943737663527
"Beta(2,2)",3000,24,Gaffke,0.0211463121547842,1.1582312175221006
"Beta(2,2)",10000,24,Gaffke,0.0115843207881842,1.1584320788184277
"Beta(2,2)",30000,24,Gaffke,0.0066702417564559,1.1553197620949216
"Beta(2,2)",100000,24,Gaffke,0.0036462772950433,1.1530541232894786
"Beta(2,2)",300000,24,Gaffke,0.0021064083365454,1.153727361242883
"Beta(2,2)",1000,25,Gaffke,0.0373020822858347,1.179595414902579
"Beta(2,2)",3000,25,Gaffke,0.021260731241697,1.1644982090132283
"Beta(2,2)",10000,25,Gaffke,0.0116203805112635,1.1620380511263515
"Beta(2,2)",30000,25,Gaffke,0.0066960367450435,1.1597875851763546
"Beta(2,2)",100000,25,Gaffke,0.0036633157293479,1.1584421493060348
"Beta(2,2)",300000,25,Gaffke,0.0021088556923401,1.155067833217875
"Beta(2,2)",1000,26,Gaffke,0.0381810479116486,1.2073907485282511
"Beta(2,2)",3000,26,Gaffke,0.0215780311583651,1.1818774411985924
"Beta(2,2)",10000,26,Gaffke,0.0116462388419662,1.164623884196625
"Beta(2,2)",30000,26,Gaffke,0.0067244270459017,1.1647049295292142
"Beta(2,2)",100000,26,Gaffke,0.003657790504591,1.156694919824424
"Beta(2,2)",300000,26,Gaffke,0.0021074245061606,1.1542839402633966
"Beta(2,2)",1000,27,Gaffke,0.0373743470337818,1.1818806268830864
"Beta(2,2)",3000,27,Gaffke,0.0213926234519613,1.171722242885324
"Beta(2,2)",10000,27,Gaffke,0.0116338433692668,1.1633843369266816
"Beta(2,2)",30000,27,Gaffke,0.0066742300217091,1.1560105499001756
"Beta(2,2)",100000,27,Gaffke,0.0036479711299319,1.1535897609123107
"Beta(2,2)",300000,27,Gaffke,0.0021059995241108,1.15350344545068
"Beta(2,2)",1000,28,Gaffke,0.0377646597962625,1.1942234001758012
"Beta(2,2)",3000,28,Gaffke,0.0214581674952109,1.1753122379851169
"Beta(2,2)",10000,28,Gaffke,0.0115445047426905,1.154450474269059
"Beta(2,2)",30000,28,Gaffke,0.0066635645871195,1.1541632424407755
"Beta(2,2)",100000,28,Gaffke,0.0036412408884868,1.151461471695374
"Beta(2,2)",300000,28,Gaffke,0.0021059777800639,1.1534915357457034
"Beta(2,2)",1000,29,Gaffke,0.0372688683419833,1.1785450977761047
"Beta(2,2)",3000,29,Gaffke,0.0214775192140293,1.17637217527745
"Beta(2,2)",10000,29,Gaffke,0.0116716913834625,1.167169138346258
"Beta(2,2)",30000,29,Gaffke,0.0067237764147299,1.164592236904555
"Beta(2,2)",100000,29,Gaffke,0.0036591273074675,1.1571176540116836
"Beta(2,2)",300000,29,Gaffke,0.0021063363348706,1.153687924301423
"Beta(2,2)",1000,30,Gaffke,0.0375217544516119,1.1865420587265605
"Beta(2,2)",3000,30,Gaffke,0.021292308325549,1.1662277571258248
"Beta(2,2)",10000,30,Gaffke,0.0115666401114978,1.1566640111497828
"Beta(2,2)",30000,30,Gaffke,0.0066761830294341,1.1563488207609007
"Beta(2,2)",100000,30,Gaffke,0.0036581537672708,1.1568097935701422
"Beta(2,2)",1000,31,Gaffke,0.0376946679215128,1.192010062756658
"Beta(2,2)",3000,31,Gaffke,0.021486393142772,1.176858220372055
"Beta(2,2)",10000,31,Gaffke,0.0116979773687184,1.1697977368718415
"Beta(2,2)",30000,31,Gaffke,0.0066916573661406,1.159029054499821
"Beta(2,2)",100000,31,Gaffke,0.003649037936432,1.153927114748604
"Beta(2,2)",1000,32,Gaffke,0.0371384348142091,1.1744204274659316
"Beta(2,2)",3000,32,Gaffke,0.0213658529940516,1.1702559645181403
"Beta(2,2)",10000,32,Gaffke,0.0115586266521316,1.1558626652131645
"Beta(2,2)",30000,32,Gaffke,0.0066883406721125,1.1584545862428304
"Beta(2,2)",100000,32,Gaffke,0.0036620296076652,1.1580354419195036
"Beta(2,2)",1000,33,Gaffke,0.0369986408393555,1.1699997538288736
"Beta(2,2)",3000,33,Gaffke,0.0211220024250676,1.156899718788836
"Beta(2,2)",10000,33,Gaffke,0.0114803652171739,1.1480365217173938
"Beta(2,2)",30000,33,Gaffke,0.0066450362604407,1.1509540421220816
"Beta(2,2)",100000,33,Gaffke,0.0036411041824455,1.151418241449326
"Beta(2,2)",1000,34,Gaffke,0.0379920020650079,1.2014125939524565
"Beta(2,2)",3000,34,Gaffke,0.0212824120530727,1.1656857159587777
"Beta(2,2)",10000,34,Gaffke,0.0115676228849864,1.1567622884986417
"Beta(2,2)",30000,34,Gaffke,0.0066802106215882,1.157046420185211
"Beta(2,2)",100000,34,Gaffke,0.0036583183030485,1.156861824351562
"Beta(2,2)",1000,35,Gaffke,0.0370587273930705,1.1718998574937691
"Beta(2,2)",3000,35,Gaffke,0.0212538631115084,1.1641220260300118
"Beta(2,2)",10000,35,Gaffke,0.0115745007620474,1.1574500762047413
"Beta(2,2)",30000,35,Gaffke,0.006665814025447,1.1545528565879566
"Beta(2,2)",100000,35,Gaffke,0.0036456904378625,1.152868542754225
"Beta(2,2)",1000,36,Gaffke,0.0377182394955308,1.1927554613759777
"Beta(2,2)",3000,36,Gaffke,0.021394295793341,1.1718138407950789
"Beta(2,2)",10000,36,Gaffke,0.0115925896705806,1.1592589670580689
"Beta(2,2)",30000,36,Gaffke,0.0066774754180238,1.1565726690309497
"Beta(2,2)",100000,36,Gaffke,0.0036540073167862,1.1554985707964875
"Beta(2,2)",1000,37,Gaffke,0.0377611561629596,1.1941126055625668
"Beta(2,2)",3000,37,Gaffke,0.0212019562523682,1.161278970265976
"Beta(2,2)",10000,37,Gaffke,0.0115746369069593,1.1574636906959312
"Beta(2,2)",30000,37,Gaffke,0.0066785244363899,1.1567543643417777
"Beta(2,2)",100000,37,Gaffke,0.0036552078381557,1.1558782089872144
"Beta(2,2)",1000,38,Gaffke,0.0371558927140774,1.1749724947334028
"Beta(2,2)",3000,38,Gaffke,0.0213554154236445,1.1696842752423866
"Beta(2,2)",10000,38,Gaffke,0.0115989196871861,1.1598919687186129
"Beta(2,2)",30000,38,Gaffke,0.0066653100483227,1.1544655651894409
"Beta(2,2)",100000,38,Gaffke,0.0036570154542313,1.156449827380635
"Beta(2,2)",1000,39,Gaffke,0.0368216747746752,1.1644035954994103
"Beta(2,2)",3000,39,Gaffke,0.0211051434839877,1.1559763165563284
"Beta(2,2)",10000,39,Gaffke,0.011530428037072,1.153042803707205
"Beta(2,2)",30000,39,Gaffke,0.0066711778013731,1.1554818898303858
"Beta(2,2)",100000,39,Gaffke,0.0036503530171586,1.1543429797889069
"Beta(2,2)",1000,40,Gaffke,0.0379895739659147,1.2013358107172645
"Beta(2,2)",3000,40,Gaffke,0.021784141018574,1.1931665431746583
"Beta(2,2)",10000,40,Gaffke,0.0116770986412086,1.167709864120864
"Beta(2,2)",1000,41,Gaffke,0.0380940323314739,1.2046390742755189
"Beta(2,2)",3000,41,Gaffke,0.0215926153758145,1.1826762516866507
"Beta(2,2)",10000,41,Gaffke,0.0116443358176862,1.1644335817686202
"Beta(2,2)",1000,42,Gaffke,0.0371771686870779,1.1756453000745812
"Beta(2,2)",3000,42,Gaffke,0.0212520500740167,1.1640227218768284
"Beta(2,2)",10000,42,Gaffke,0.0115224530752162,1.1522453075216266
"Beta(2,2)",1000,43,Gaffke,0.0374188280066135,1.183287238749969
"Beta(2,2)",3000,43,Gaffke,0.0213595640383962,1.1699115042305757
"Beta(2,2)",10000,43,Gaffke,0.0116085434892077,1.1608543489207757
"Beta(2,2)",1000,44,Gaffke,0.0374370145164711,1.1838623466883598
"Beta(2,2)",3000,44,Gaffke,0.0215134788394926,1.17834176508002
"Beta(2,2)",10000,44,Gaffke,0.0116584596277758,1.165845962777584
"Beta(2,2)",1000,45,Gaffke,0.0368171935566453,1.1642618869427466
"Beta(2,2)",3000,45,Gaffke,0.0214050827326641,1.172404665794446
"Beta(2,2)",10000,45,Gaffke,0.0116436519235818,1.1643651923581857
"Beta(2,2)",1000,46,Gaffke,0.0382802608432251,1.2105281368994931
"Beta(2,2)",3000,46,Gaffke,0.0216483116553277,1.185726862552502
"Beta(2,2)",10000,46,Gaffke,0.0116920425275531,1.169204252755318
"Beta(2,2)",1000,47,Gaffke,0.0367760555234493,1.162960988109157
"Beta(2,2)",3000,47,Gaffke,0.0213762663730245,1.1708263287744678
"Beta(2,2)",10000,47,Gaffke,0.0116473594875812,1.1647359487581277
"Beta(2,2)",1000,48,Gaffke,0.0370987725272978,1.1731661958274229
"Beta(2,2)",3000,48,Gaffke,0.0213650371701122,1.170211280000681
"Beta(2,2)",10000,48,Gaffke,0.0116290207667518,1.162902076675182
"Beta(2,2)",1000,49,Gaffke,0.0372706833934334,1.1786024947426312
"Beta(2,2)",3000,49,Gaffke,0.0214570846084518,1.1752529258345958
"Beta(2,2)",10000,49,Gaffke,0.0116194979332459,1.1619497933245904
"Beta(1,5)",1000,0,Gaffke,0.0244719742860548,0.7738717758500628
"Beta(1,5)",3000,0,Gaffke,0.0133463082500618,0.7310074087976166
"Beta(1,5)",10000,0,Gaffke,0.0072600902712658,0.7260090271265812
"Beta(1,5)",30000,0,Gaffke,0.0042154485595905,0.7301371081903875
"Beta(1,5)",100000,0,Gaffke,0.0023009405188045,0.7276212799991801
"Beta(1,5)",300000,0,Gaffke,0.0013280589107671,0.7274078231229234
"Beta(1,5)",1000000,0,Gaffke,0.0007269284152397,0.726928415239747
"Beta(1,5)",1000,1,Gaffke,0.0238398062572764,0.7538808675012764
"Beta(1,5)",3000,1,Gaffke,0.0139296420524839,0.7629579170118023
"Beta(1,5)",10000,1,Gaffke,0.007471872384618,0.747187238461805
"Beta(1,5)",30000,1,Gaffke,0.0042287229120881,0.7324362934867287
"Beta(1,5)",100000,1,Gaffke,0.0023072932356828,0.7296301854657405
"Beta(1,5)",300000,1,Gaffke,0.0013298961204152,0.7284141042900132
"Beta(1,5)",1000000,1,Gaffke,0.0007266820268055,0.7266820268055363
"Beta(1,5)",1000,2,Gaffke,0.02450914620305,0.7750472550770569
"Beta(1,5)",3000,2,Gaffke,0.013672790284871,0.7488895663061382
"Beta(1,5)",10000,2,Gaffke,0.007377066219598,0.7377066219598077
"Beta(1,5)",30000,2,Gaffke,0.0042520501300068,0.7364766861501755
"Beta(1,5)",100000,2,Gaffke,0.0023068773241467,0.7294986626898189
"Beta(1,5)",300000,2,Gaffke,0.0013313989903875,0.7292372600748407
"Beta(1,5)",1000000,2,Gaffke,0.0007272846643794,0.7272846643794628
"Beta(1,5)",1000,3,Gaffke,0.0233643173802901,0.7388445889677544
"Beta(1,5)",3000,3,Gaffke,0.0132373147417096,0.7250375884830071
"Beta(1,5)",10000,3,Gaffke,0.0073696092032476,0.7369609203247612
"Beta(1,5)",30000,3,Gaffke,0.0042329040664917,0.7331604906728696
"Beta(1,5)",100000,3,Gaffke,0.002304866702965,0.7288628484452194
"Beta(1,5)",300000,3,Gaffke,0.0013280607349868,0.7274088222892138
"Beta(1,5)",1000000,3,Gaffke,0.0007265992517376,0.7265992517376807
"Beta(1,5)",1000,4,Gaffke,0.0241892228744032,0.7649303911255927
"Beta(1,5)",3000,4,Gaffke,0.0136394612616556,0.7470640605226648
"Beta(1,5)",10000,4,Gaffke,0.0073019275760128,0.7301927576012807
"Beta(1,5)",30000,4,Gaffke,0.0042138398940047,0.7298584791376794
"Beta(1,5)",100000,4,Gaffke,0.0023056271904963,0.7291033357183466
"Beta(1,5)",300000,4,Gaffke,0.0013279199205864,0.7273316950656834
"Beta(1,5)",1000000,4,Gaffke,0.0007279922111472,0.727992211147277
"Beta(1,5)",1000,5,Gaffke,0.0246676743034211,0.7800603537801838
"Beta(1,5)",3000,5,Gaffke,0.0138851522041491,0.760521107660507
"Beta(1,5)",10000,5,Gaffke,0.007443126510079,0.7443126510079029
"Beta(1,5)",30000,5,Gaffke,0.0042564712745057,0.7372424508401387
"Beta(1,5)",100000,5,Gaffke,0.0023039495622265,0.7285728230783801
"Beta(1,5)",300000,5,Gaffke,0.0013245791588923,0.7255018845265674
"Beta(1,5)",1000000,5,Gaffke,0.0007253541171306,0.7253541171306221
"Beta(1,5)",1000,6,Gaffke,0.0239952835401653,0.7587974908847086
"Beta(1,5)",3000,6,Gaffke,0.0135171131120551,0.7403627763821456
"Beta(1,5)",10000,6,Gaffke,0.0073854489627103,0.7385448962710345
"Beta(1,5)",30000,6,Gaffke,0.004246333265536,0.7354864961778218
"Beta(1,5)",100000,6,Gaffke,0.0023016185492719,0.7278356920591719
"Beta(1,5)",300000,6,Gaffke,0.0013266963317601,0.726661507864399
"Beta(1,5)",1000000,6,Gaffke,0.000726652720619,0.7266527206190587
"Beta(1,5)",1000,7,Gaffke,0.0246973318050134,0.7809982063275989
"Beta(1,5)",3000,7,Gaffke,0.0137311135744061,0.7520840644367625
"Beta(1,5)",10000,7,Gaffke,0.0073466013730929,0.7346601373092981
"Beta(1,5)",30000,7,Gaffke,0.0041995161977446,0.7273775421702233
"Beta(1,5)",100000,7,Gaffke,0.002294069367522,0.7254484311791496
"Beta(1,5)",300000,7,Gaffke,0.0013272741849316,0.7269780110813442
"Beta(1,5)",1000000,7,Gaffke,0.0007269769738551,0.7269769738551257
"Beta(1,5)",1000,8,Gaffke,0.023643159364913,0.7476623467546532
"Beta(1,5)",3000,8,Gaffke,0.0135289959643731,0.7410136270083535
"Beta(1,5)",10000,8,Gaffke,0.0074447209117297,0.7444720911729791
"Beta(1,5)",30000,8,Gaffke,0.0042354153007997,0.7335954492139862
"Beta(1,5)",100000,8,Gaffke,0.0023025789226705,0.7281393887935658
"Beta(1,5)",300000,8,Gaffke,0.0013278330193688,0.7272840973085081
"Beta(1,5)",1000000,8,Gaffke,0.0007265952114165,0.7265952114165752
"Beta(1,5)",1000,9,Gaffke,0.0241174940938764,0.7626621279230824
"Beta(1,5)",3000,9,Gaffke,0.0132844667876975,0.7276202124050151
"Beta(1,5)",10000,9,Gaffke,0.0073680620720125,0.7368062072012599
"Beta(1,5)",30000,9,Gaffke,0.004238162697111,0.7340713122139443
"Beta(1,5)",100000,9,Gaffke,0.0023082873411518,0.7299445492173959
"Beta(1,5)",300000,9,Gaffke,0.0013292062365743,0.7280362393483008
"Beta(1,5)",1000000,9,Gaffke,0.0007275575140023,0.7275575140023305
"Beta(1,5)",1000,10,Gaffke,0.0240473468610212,0.760443877649277
"Beta(1,5)",3000,10,Gaffke,0.0137949309963637,0.7555794885935659
"Beta(1,5)",10000,10,Gaffke,0.0074388807146105,0.7438880714610574
"Beta(1,5)",30000,10,Gaffke,0.0042149241061034,0.7300462701818088
"Beta(1,5)",100000,10,Gaffke,0.0023099250232106,0.7304624297562864
"Beta(1,5)",300000,10,Gaffke,0.0013270492209036,0.7268547932085719
"Beta(1,5)",1000000,10,Gaffke,0.0007274766321666,0.7274766321666848
"Beta(1,5)",1000,11,Gaffke,0.0238688698670575,0.7547999395406237
"Beta(1,5)",3000,11,Gaffke,0.0135413807827755,0.7416919714493153
"Beta(1,5)",10000,11,Gaffke,0.0072898794995945,0.7289879499594504
"Beta(1,5)",30000,11,Gaffke,0.004231595725817,0.732933879420643
"Beta(1,5)",100000,11,Gaffke,0.0023071933360648,0.7295985944327161
"Beta(1,5)",300000,11,Gaffke,0.0013284139447426,0.7276022832399835
"Beta(1,5)",1000000,11,Gaffke,0.0007262092188314,0.7262092188314306
"Beta(1,5)",1000,12,Gaffke,0.0248691721840384,0.7864322762446573
"Beta(1,5)",3000,12,Gaffke,0.0136015020842198,0.7449849507480724
"Beta(1,5)",10000,12,Gaffke,0.0073467815259626,0.7346781525962631
"Beta(1,5)",30000,12,Gaffke,0.0042142789334408,0.7299345229986715
"Beta(1,5)",100000,12,Gaffke,0.002298805235111,0.7269460440069638
"Beta(1,5)",300000,12,Gaffke,0.0013264010436732,0.7264997719182571
"Beta(1,5)",1000000,12,Gaffke,0.0007262496014777,0.7262496014777131
"Beta(1,5)",1000,13,Gaffke,0.0237062084833321,0.7496561349413531
"Beta(1,5)",3000,13,Gaffke,0.0136414421827775,0.7471725600409789
"Beta(1,5)",10000,13,Gaffke,0.0073868630596134,0.7386863059613474
"Beta(1,5)",30000,13,Gaffke,0.0042657778222119,0.7388543921871638
"Beta(1,5)",100000,13,Gaffke,0.0023115725452489,0.7309834219699375
"Beta(1,5)",300000,13,Gaffke,0.0013262916887956,0.7264398757850237
"Beta(1,5)",1000000,13,Gaffke,0.0007260859966523,0.7260859966523037
"Beta(1,5)",1000,14,Gaffke,0.0241927705125743,0.7650425772949425
"Beta(1,5)",3000,14,Gaffke,0.0136654315735691,0.7484865130887153
"Beta(1,5)",10000,14,Gaffke,0.0073818912779878,0.7381891277987884
"Beta(1,5)",30000,14,Gaffke,0.0042448288318628,0.7352259206219772
"Beta(1,5)",100000,14,Gaffke,0.0023123176864524,0.7312190563080666
"Beta(1,5)",300000,14,Gaffke,0.0013305312532585,0.7287619808753264
"Beta(1,5)",1000000,14,Gaffke,0.000726987372126,0.7269873721260367
"Beta(1,5)",1000,15,Gaffke,0.0237834030843588,0.7520972425644759
"Beta(1,5)",3000,15,Gaffke,0.0135895188585022,0.7443286024443531
"Beta(1,5)",10000,15,Gaffke,0.0072918593898596,0.7291859389859628
"Beta(1,5)",30000,15,Gaffke,0.0042142540264745,0.7299302089855677
"Beta(1,5)",100000,15,Gaffke,0.0023050959066498,0.7289353290144471
"Beta(1,5)",300000,15,Gaffke,0.0013284568244419,0.7276257694185597
"Beta(1,5)",1000000,15,Gaffke,0.0007263278701325,0.7263278701325482
"Beta(1,5)",1000,16,Gaffke,0.0241573782924148,0.7639233770234003
"Beta(1,5)",3000,16,Gaffke,0.0138883170028309,0.7606944508233077
"Beta(1,5)",10000,16,Gaffke,0.0074127182074445,0.7412718207444574
"Beta(1,5)",30000,16,Gaffke,0.0042243057819446,0.7316712241035125
"Beta(1,5)",100000,16,Gaffke,0.0023020569790399,0.7279743357252851
"Beta(1,5)",300000,16,Gaffke,0.0013279945223068,0.7273725561107667
"Beta(1,5)",1000000,16,Gaffke,0.0007266783616171,0.7266783616171613
"Beta(1,5)",1000,17,Gaffke,0.0235590484238217,0.7450025252547652
"Beta(1,5)",3000,17,Gaffke,0.0134358569786462,0.7359121946617739
"Beta(1,5)",10000,17,Gaffke,0.0072342010620564,0.7234201062056494
"Beta(1,5)",30000,17,Gaffke,0.0042043148881339,0.7282086997266296
"Beta(1,5)",100000,17,Gaffke,0.0022997026617478,0.7272298352275123
"Beta(1,5)",300000,17,Gaffke,0.0013283410629244,0.7275623642240976
"Beta(1,5)",1000000,17,Gaffke,0.0007272931692381,0.7272931692381135
"Beta(1,5)",1000,18,Gaffke,0.0235748273421148,0.7455014984629641
"Beta(1,5)",3000,18,Gaffke,0.0137358612048216,0.752344102864089
"Beta(1,5)",10000,18,Gaffke,0.007355716409228,0.7355716409228025
"Beta(1,5)",30000,18,Gaffke,0.004214337489042,0.7299446651263158
"Beta(1,5)",100000,18,Gaffke,0.0022992671216704,0.7270921053618012
"Beta(1,5)",300000,18,Gaffke,0.0013272415307095,0.7269601256273001
"Beta(1,5)",1000000,18,Gaffke,0.0007245416622177,0.7245416622177203
"Beta(1,5)",1000,19,Gaffke,0.0241067643602356,0.7623228239531646
"Beta(1,5)",3000,19,Gaffke,0.0133874764936121,0.7332622863621562
"Beta(1,5)",10000,19,Gaffke,0.0072824419077036,0.7282441907703607
"Beta(1,5)",30000,19,Gaffke,0.0042017728035816,0.727768397766457
"Beta(1,5)",100000,19,Gaffke,0.0023086700968646,0.7300655872013733
"Beta(1,5)",300000,19,Gaffke,0.0013254162531021,0.7259603799080222
"Beta(1,5)",1000000,19,Gaffke,0.000726440580902,0.7264405809020991
"Beta(1,5)",1000,20,Gaffke,0.0248366154640674,0.7854027423621303
"Beta(1,5)",3000,20,Gaffke,0.0138711561280128,0.7597545109988654
"Beta(1,5)",10000,20,Gaffke,0.0073490502537725,0.7349050253772554
"Beta(1,5)",30000,20,Gaffke,0.0042228607682388,0.7314209403878944
"Beta(1,5)",100000,20,Gaffke,0.0023111380322627,0.7308460168989965
"Beta(1,5)",300000,20,Gaffke,0.0013273538666584,0.727021654560564
"Beta(1,5)",1000,21,Gaffke,0.0240739587872949,0.7612854206487691
"Beta(1,5)",3000,21,Gaffke,0.0134993255729648,0.73938851274192
"Beta(1,5)",10000,21,Gaffke,0.0073317764029296,0.7331776402929674
"Beta(1,5)",30000,21,Gaffke,0.0042131195797088,0.7297337170418965
"Beta(1,5)",100000,21,Gaffke,0.0023065156985002,0.7293843066194883
"Beta(1,5)",300000,21,Gaffke,0.0013261025996226,0.7263363073795688
"Beta(1,5)",1000,22,Gaffke,0.0243196489532458,0.7690548258798655
"Beta(1,5)",3000,22,Gaffke,0.0138812896914134,0.7603095491251071
"Beta(1,5)",10000,22,Gaffke,0.007418941284829,0.7418941284829061
"Beta(1,5)",30000,22,Gaffke,0.0042001780669032,0.7274921812712877
"Beta(1,5)",100000,22,Gaffke,0.0023023509486923,0.7280672970917224
"Beta(1,5)",300000,22,Gaffke,0.001329259467049,0.7280653948800531
"Beta(1,5)",1000,23,Gaffke,0.0241834403913508,0.7647475329558241
"Beta(1,5)",3000,23,Gaffke,0.0135420240670695,0.7417272055811819
"Beta(1,5)",10000,23,Gaffke,0.0072758495845205,0.72758495845206
"Beta(1,5)",30000,23,Gaffke,0.0042025324951046,0.7278999801980524
"Beta(1,5)",100000,23,Gaffke,0.0023021079691179,0.7279904602037379
"Beta(1,5)",300000,23,Gaffke,0.0013264346214456,0.7265181632216139
"Beta(1,5)",1000,24,Gaffke,0.0230956410969125,0.7303482988803331
"Beta(1,5)",3000,24,Gaffke,0.0131893914927381,0.7224127240339405
"Beta(1,5)",10000,24,Gaffke,0.0071622974986538,0.716229749865388
"Beta(1,5)",30000,24,Gaffke,0.004175707293189,0.7232537189339405
"Beta(1,5)",100000,24,Gaffke,0.0023010770661159,0.7276644600504293
"Beta(1,5)",300000,24,Gaffke,0.0013285264871892,0.7276639252766394
"Beta(1,5)",1000,25,Gaffke,0.0244538886372448,0.7732998574180475
"Beta(1,5)",3000,25,Gaffke,0.0135087937636017,0.7399071069009777
"Beta(1,5)",10000,25,Gaffke,0.0073280985449411,0.7328098544941181
"Beta(1,5)",30000,25,Gaffke,0.0041911528626386,0.7259289700377852
"Beta(1,5)",100000,25,Gaffke,0.0023030522345251,0.7282890631439659
"Beta(1,5)",300000,25,Gaffke,0.0013289756333489,0.7279099327599592
"Beta(1,5)",1000,26,Gaffke,0.0239043606174772,0.7559222556125702
"Beta(1,5)",3000,26,Gaffke,0.0138086983925086,0.7563335599362296
"Beta(1,5)",10000,26,Gaffke,0.0074460180061798,0.7446018006179889
"Beta(1,5)",30000,26,Gaffke,0.0042548982823243,0.7369700006023298
"Beta(1,5)",100000,26,Gaffke,0.0023007568386036,0.7275631952195848
"Beta(1,5)",300000,26,Gaffke,0.0013276549168062,0.727186546517445
"Beta(1,5)",1000,27,Gaffke,0.0245293477661736,0.7756860845947219
"Beta(1,5)",3000,27,Gaffke,0.013714619257734,0.7511806335055722
"Beta(1,5)",10000,27,Gaffke,0.0073879517939442,0.7387951793944247
"Beta(1,5)",30000,27,Gaffke,0.0042302765988701,0.7327053999312724
"Beta(1,5)",100000,27,Gaffke,0.0023047280140523,0.7288189911601977
"Beta(1,5)",300000,27,Gaffke,0.0013279940983428,0.7273723238961187
"Beta(1,5)",1000,28,Gaffke,0.0242868873782526,0.7680188139127359
"Beta(1,5)",3000,28,Gaffke,0.0135166888602544,0.7403395391540172
"Beta(1,5)",10000,28,Gaffke,0.0074273518399344,0.7427351839934426
"Beta(1,5)",30000,28,Gaffke,0.0042326341747267,0.7331137440479136
"Beta(1,5)",100000,28,Gaffke,0.0023088084951456,0.7301093525806127
"Beta(1,5)",300000,28,Gaffke,0.0013303765720016,0.7286772584617064
"Beta(1,5)",1000,29,Gaffke,0.0253959344441055,0.803089961516957
"Beta(1,5)",3000,29,Gaffke,0.0137322036437982,0.7521437699962946
"Beta(1,5)",10000,29,Gaffke,0.0074310990576555,0.7431099057655599
"Beta(1,5)",30000,29,Gaffke,0.0042560462664473,0.7371688372850685
"Beta(1,5)",100000,29,Gaffke,0.0023173138639558,0.7327989863586192
"Beta(1,5)",300000,29,Gaffke,0.0013323773906879,0.7297731519896639
"Beta(1,5)",1000,30,Gaffke,0.0248884284739687,0.7870412135993003
"Beta(1,5)",3000,30,Gaffke,0.0138342669929592,0.7577340098592932
"Beta(1,5)",10000,30,Gaffke,0.0074104118227355,0.741041182273558
"Beta(1,5)",30000,30,Gaffke,0.0042326292240624,0.7331128865677046
"Beta(1,5)",100000,30,Gaffke,0.0023044422087448,0.7287286115862812
"Beta(1,5)",1000,31,Gaffke,0.0238637467303297,0.7546379317323783
"Beta(1,5)",3000,31,Gaffke,0.0136968351903315,0.7502065600175154
"Beta(1,5)",10000,31,Gaffke,0.0072641954011451,0.7264195401145174
"Beta(1,5)",30000,31,Gaffke,0.0042026295407638,0.7279167889992918
"Beta(1,5)",100000,31,Gaffke,0.0022941456200477,0.7254725443450256
"Beta(1,5)",1000,32,Gaffke,0.0246946461603764,0.7809132787872128
"Beta(1,5)",3000,32,Gaffke,0.0135590409279593,0.7426592574379127
"Beta(1,5)",10000,32,Gaffke,0.0074606091471963,0.7460609147196373
"Beta(1,5)",30000,32,Gaffke,0.0042255016972599,0.7318783627122735
"Beta(1,5)",100000,32,Gaffke,0.0023009581296944,0.7276268490515462
"Beta(1,5)",1000,33,Gaffke,0.0233963921582114,0.7398588825045075
"Beta(1,5)",3000,33,Gaffke,0.0132428818634823,0.7253425123005335
"Beta(1,5)",10000,33,Gaffke,0.0072326226214674,0.7232622621467427
"Beta(1,5)",30000,33,Gaffke,0.0042168576261991,0.7303811656861197
"Beta(1,5)",100000,33,Gaffke,0.0022983427849238,0.7267998044173979
"Beta(1,5)",1000,34,Gaffke,0.0235122401415499,0.7435223174013772
"Beta(1,5)",3000,34,Gaffke,0.0137993703161048,0.7558226401497847
"Beta(1,5)",10000,34,Gaffke,0.0073358144454563,0.7335814445456362
"Beta(1,5)",30000,34,Gaffke,0.0041961474659333,0.7267940607047876
"Beta(1,5)",100000,34,Gaffke,0.0023011482325549,0.7276869648544558
"Beta(1,5)",1000,35,Gaffke,0.0237538690885949,0.7511632956142793
"Beta(1,5)",3000,35,Gaffke,0.0135899176177001,0.7443504433851255
"Beta(1,5)",10000,35,Gaffke,0.0073667077124051,0.736670771240519
"Beta(1,5)",30000,35,Gaffke,0.0042385921998144,0.7341457042643724
"Beta(1,5)",100000,35,Gaffke,0.0023008768518707,0.7276011467469415
"Beta(1,5)",1000,36,Gaffke,0.0249287169654911,0.7883152475663322
"Beta(1,5)",3000,36,Gaffke,0.0134630035503114,0.7373990736277742
"Beta(1,5)",10000,36,Gaffke,0.0074147271945828,0.7414727194582804
"Beta(1,5)",30000,36,Gaffke,0.0042488787977842,0.7359273952964424
"Beta(1,5)",100000,36,Gaffke,0.0023177834183161,0.7329474724849949
"Beta(1,5)",1000,37,Gaffke,0.0238974289786999,0.755703057948033
"Beta(1,5)",3000,37,Gaffke,0.0133007331362825,0.7285111570098373
"Beta(1,5)",10000,37,Gaffke,0.0073042941365457,0.7304294136545708
"Beta(1,5)",30000,37,Gaffke,0.0042081702265495,0.7288764639282436
"Beta(1,5)",100000,37,Gaffke,0.0023078713135896,0.7298129897508158
"Beta(1,5)",1000,38,Gaffke,0.0245205689719153,0.7754084747450574
"Beta(1,5)",3000,38,Gaffke,0.0136677407969146,0.7486129944603809
"Beta(1,5)",10000,38,Gaffke,0.0073944938267268,0.7394493826726883
"Beta(1,5)",30000,38,Gaffke,0.0042322881328928,0.7330538078441309
"Beta(1,5)",100000,38,Gaffke,0.0023039567223812,0.7285750873180937
"Beta(1,5)",1000,39,Gaffke,0.0238926797195237,0.7555528731860804
"Beta(1,5)",3000,39,Gaffke,0.0137090024138864,0.7508729862978367
"Beta(1,5)",10000,39,Gaffke,0.0073381957023958,0.7338195702395856
"Beta(1,5)",30000,39,Gaffke,0.0042079821200179,0.7288438829212516
"Beta(1,5)",100000,39,Gaffke,0.0022991964836778,0.7270697676672073
"Beta(1,5)",1000,40,Gaffke,0.0240565110853832,0.7607336758690028
"Beta(1,5)",3000,40,Gaffke,0.0138702050838199,0.7597024201631034
"Beta(1,5)",10000,40,Gaffke,0.0074175098183832,0.7417509818383239
"Beta(1,5)",1000,41,Gaffke,0.0237265833336202,0.7503004442803058
"Beta(1,5)",3000,41,Gaffke,0.0134152481335677,0.7347834017284124
"Beta(1,5)",10000,41,Gaffke,0.0073168950161388,0.731689501613883
"Beta(1,5)",1000,42,Gaffke,0.0235135754727554,0.743564544281778
"Beta(1,5)",3000,42,Gaffke,0.0135482367325785,0.7420674872853341
"Beta(1,5)",10000,42,Gaffke,0.007374038257468,0.7374038257468019
"Beta(1,5)",1000,43,Gaffke,0.0239302903673536,0.7567422263002515
"Beta(1,5)",3000,43,Gaffke,0.0137879793361139,0.7551987304804729
"Beta(1,5)",10000,43,Gaffke,0.0074007887168023,0.7400788716802331
"Beta(1,5)",1000,44,Gaffke,0.0236166252310611,0.7468232637675364
"Beta(1,5)",3000,44,Gaffke,0.0131101044947422,0.7180699963020173
"Beta(1,5)",10000,44,Gaffke,0.0071939919207239,0.7193991920723924
"Beta(1,5)",1000,45,Gaffke,0.0239656608456108,0.7578607390324725
"Beta(1,5)",3000,45,Gaffke,0.0136164022989758,0.7458010691214273
"Beta(1,5)",10000,45,Gaffke,0.007337217704455,0.7337217704455057
"Beta(1,5)",1000,46,Gaffke,0.0239090871541093,0.7560717218245872
"Beta(1,5)",3000,46,Gaffke,0.0132931329369599,0.7280948769487858
"Beta(1,5)",10000,46,Gaffke,0.0073692914431008,0.7369291443100889
"Beta(1,5)",1000,47,Gaffke,0.0247731781873281,0.7833966795315851
"Beta(1,5)",3000,47,Gaffke,0.0136781289171836,0.7491819752405211
"Beta(1,5)",10000,47,Gaffke,0.0073258758524613,0.7325875852461333
"Beta(1,5)",1000,48,Gaffke,0.0233123773827384,0.7372021020284829
"Beta(1,5)",3000,48,Gaffke,0.013415841354034,0.7348158937515094
"Beta(1,5)",10000,48,Gaffke,0.0073764954669644,0.7376495466964422
"Beta(1,5)",1000,49,Gaffke,0.0238185551628505,0.7532088488897035
"Beta(1,5)",3000,49,Gaffke,0.0137544445216018,0.7533619530434702
"Beta(1,5)",10000,49,Gaffke,0.0073912211639309,0.7391221163930983
Bernoulli(0.5),1000,0,Gaffke,0.0822922967455623,2.602310916024388
Bernoulli(0.5),3000,0,Gaffke,0.0473271251729596,2.592213403910057
Bernoulli(0.5),10000,0,Gaffke,0.025853255532756,2.5853255532756023
Bernoulli(0.5),30000,0,Gaffke,0.0149039390275597,2.5814379628642103
Bernoulli(0.5),100000,0,Gaffke,0.0081552603566751,2.578919763877076
Bernoulli(0.5),300000,0,Gaffke,0.0047060880428559,2.577630578677567
Bernoulli(0.5),1000000,0,Gaffke,0.0025768227493418,2.576822749341845
Bernoulli(0.5),1000,1,Gaffke,0.0822845063268663,2.602064561354331
Bernoulli(0.5),3000,1,Gaffke,0.0473150153269104,2.591550120325153
Bernoulli(0.5),10000,1,Gaffke,0.0258501155680345,2.5850115568034573
Bernoulli(0.5),30000,1,Gaffke,0.014903665687645,2.58139061900222
Bernoulli(0.5),100000,1,Gaffke,0.0081553276035576,2.578941029208502
Bernoulli(0.5),300000,1,Gaffke,0.0047061026570028,2.5776385831754784
Bernoulli(0.5),1000000,1,Gaffke,0.0025768230370507,2.5768230370507017
Bernoulli(0.5),1000,2,Gaffke,0.0822786630228505,2.6018797798568247
Bernoulli(0.5),3000,2,Gaffke,0.0473227096164817,2.591971553921369
Bernoulli(0.5),10000,2,Gaffke,0.0258517718608749,2.585177186087495
Bernoulli(0.5),30000,2,Gaffke,0.0149030505553297,2.581284074959871
Bernoulli(0.5),100000,2,Gaffke,0.0081553242021298,2.578939953582586
Bernoulli(0.5),300000,2,Gaffke,0.0047060870872611,2.577630055276695
Bernoulli(0.5),1000000,2,Gaffke,0.0025768243492768,2.576824349276808
Bernoulli(0.5),1000,3,Gaffke,0.0822715206363253,2.601653917763333
Bernoulli(0.5),3000,3,Gaffke,0.0473214986585218,2.5919052270222886
Bernoulli(0.5),10000,3,Gaffke,0.0258532287542909,2.585322875429097
Bernoulli(0.5),30000,3,Gaffke,0.0149036949318193,2.581395684241782
Bernoulli(0.5),100000,3,Gaffke,0.0081552720858221,2.5789234729590245
Bernoulli(0.5),300000,3,Gaffke,0.0047060746975662,2.577623269161358
Bernoulli(0.5),1000000,3,Gaffke,0.0025768205897984,2.5768205897984675
Bernoulli(0.5),1000,4,Gaffke,0.0822845063268663,2.602064561354331
Bernoulli(0.5),3000,4,Gaffke,0.0473300477717483,2.5923734812383707
Bernoulli(0.5),10000,4,Gaffke,0.0258533168141359,2.585331681413594
Bernoulli(0.5),30000,4,Gaffke,0.014903842969242,2.5814213250755373
Bernoulli(0.5),100000,4,Gaffke,0.0081553312802908,2.578942191893627
Bernoulli(0.5),300000,4,Gaffke,0.0047061023873791,2.5776384354964894
Bernoulli(0.5),1000000,4,Gaffke,0.002576824049889,2.5768240498890704
Bernoulli(0.5),1000,5,Gaffke,0.0822630788247738,2.601386964242526
Bernoulli(0.5),3000,5,Gaffke,0.0473302252093953,2.59238319989855
Bernoulli(0.5),10000,5,Gaffke,0.0258533214488569,2.585332144885699
Bernoulli(0.5),30000,5,Gaffke,0.0149039384988615,2.581437871291006
Bernoulli(0.5),100000,5,Gaffke,0.0081553233029015,2.5789396692216284
Bernoulli(0.5),300000,5,Gaffke,0.0047061024112155,2.577638448552211
Bernoulli(0.5),1000000,5,Gaffke,0.0025768242568819,2.576824256881993
Bernoulli(0.5),1000,6,Gaffke,0.0822942442335993,2.602372501003516
Bernoulli(0.5),3000,6,Gaffke,0.0473308514545551,2.592417500758605
Bernoulli(0.5),10000,6,Gaffke,0.0258533276284829,2.5853327628482914
Bernoulli(0.5),30000,6,Gaffke,0.0149039297753236,2.581436360329921
Bernoulli(0.5),100000,6,Gaffke,0.0081553300487402,2.5789418024431194
Bernoulli(0.5),300000,6,Gaffke,0.0047061006019053,2.5776374575522
Bernoulli(0.5),1000000,6,Gaffke,0.0025768243790374,2.5768243790374457
Bernoulli(0.5),1000,7,Gaffke,0.0822948933859097,2.6023930290020103
Bernoulli(0.5),3000,7,Gaffke,0.0473248809112319,2.5920904806327405
Bernoulli(0.5),10000,7,Gaffke,0.0258527343776383,2.585273437763836
Bernoulli(0.5),30000,7,Gaffke,0.0149038039773868,2.58141457148812
Bernoulli(0.5),100000,7,Gaffke,0.00815528332135,2.578927025944912
Bernoulli(0.5),300000,7,Gaffke,0.0047061014744159,2.5776379354459173
Bernoulli(0.5),1000000,7,Gaffke,0.002576824356288,2.576824356288088
Bernoulli(0.5),1000,8,Gaffke,0.0822583705104977,2.6012380742720054
Bernoulli(0.5),3000,8,Gaffke,0.0473305174581749,2.5923992070234503
Bernoulli(0.5),10000,8,Gaffke,0.0258531025861528,2.585310258615281
Bernoulli(0.5),30000,8,Gaffke,0.0149030505553297,2.581284074959871
Bernoulli(0.5),100000,8,Gaffke,0.008155086269712,2.578864712745617
Bernoulli(0.5),300000,8,Gaffke,0.0047060691415045,2.577620225980992
Bernoulli(0.5),1000000,8,Gaffke,0.0025768241678564,2.576824167856484
Bernoulli(0.5),1000,9,Gaffke,0.0822362864996804,2.600539716531458
Bernoulli(0.5),3000,9,Gaffke,0.0473227096164817,2.591971553921369
Bernoulli(0.5),10000,9,Gaffke,0.0258521920973393,2.5852192097339355
Bernoulli(0.5),30000,9,Gaffke,0.0149037727507817,2.581409162881456
Bernoulli(0.5),100000,9,Gaffke,0.0081552855368546,2.5789277265489683
Bernoulli(0.5),300000,9,Gaffke,0.0047061002604817,2.577637270546786
Bernoulli(0.5),1000000,9,Gaffke,0.0025768188102285,2.576818810228532
Bernoulli(0.5),1000,10,Gaffke,0.0822422952440792,2.6007297297132386
Bernoulli(0.5),3000,10,Gaffke,0.0473285447436029,2.592291156996392
Bernoulli(0.5),10000,10,Gaffke,0.0258521431731031,2.5852143173103137
Bernoulli(0.5),30000,10,Gaffke,0.0149034869830107,2.581359666451602
Bernoulli(0.5),100000,10,Gaffke,0.0081552877002228,2.578928410666081
Bernoulli(0.5),300000,10,Gaffke,0.0047060668520941,2.577618972019312
Bernoulli(0.5),1000000,10,Gaffke,0.0025768239608688,2.576823960868835
Bernoulli(0.5),1000,11,Gaffke,0.082289050828474,2.602208271113437
Bernoulli(0.5),3000,11,Gaffke,0.0473238370320477,2.592033305015088
Bernoulli(0.5),10000,11,Gaffke,0.0258520422343874,2.585204223438742
Bernoulli(0.5),30000,11,Gaffke,0.0149038465049392,2.581421937476253
Bernoulli(0.5),100000,11,Gaffke,0.0081553250492249,2.5789402214575645
Bernoulli(0.5),300000,11,Gaffke,0.0047060979976262,2.577636031129777
Bernoulli(0.5),1000000,11,Gaffke,0.002576824209734,2.5768242097340965
Bernoulli(0.5),1000,12,Gaffke,0.0822942442335993,2.602372501003516
Bernoulli(0.5),3000,12,Gaffke,0.0473308514545552,2.5924175007586103
Bernoulli(0.5),10000,12,Gaffke,0.0258533214488569,2.585332144885699
Bernoulli(0.5),30000,12,Gaffke,0.0149037382857897,2.581403193369729
Bernoulli(0.5),100000,12,Gaffke,0.0081553152245062,2.578937114608717
Bernoulli(0.5),300000,12,Gaffke,0.0047060968689722,2.5776354129405195
Bernoulli(0.5),1000000,12,Gaffke,0.0025768240039106,2.5768240039106827
Bernoulli(0.5),1000,13,Gaffke,0.0822089979601461,2.59967677714198
Bernoulli(0.5),3000,13,Gaffke,0.0473058264645981,2.591046825608529
Bernoulli(0.5),10000,13,Gaffke,0.0258506599521571,2.5850659952157127
Bernoulli(0.5),30000,13,Gaffke,0.0149036949318193,2.581395684241782
Bernoulli(0.5),100000,13,Gaffke,0.0081553302377103,2.5789418622007
Bernoulli(0.5),300000,13,Gaffke,0.0047061019111484,2.5776381746541808
Bernoulli(0.5),1000000,13,Gaffke,0.0025768240446344,2.5768240446344404
Bernoulli(0.5),1000,14,Gaffke,0.0822947310983177,2.602387897017742
Bernoulli(0.5),3000,14,Gaffke,0.0473068394159765,2.591102307240489
Bernoulli(0.5),10000,14,Gaffke,0.0258533296883578,2.585332968835785
Bernoulli(0.5),30000,14,Gaffke,0.0149034312365077,2.581350010874053
Bernoulli(0.5),100000,14,Gaffke,0.0081552995857227,2.5789321691911504
Bernoulli(0.5),300000,14,Gaffke,0.0047060992008017,2.5776366901361407
Bernoulli(0.5),1000000,14,Gaffke,0.0025768238041096,2.5768238041096736
Bernoulli(0.5),1000,15,Gaffke,0.0822089979601461,2.599676777141981
Bernoulli(0.5),3000,15,Gaffke,0.0473306322696981,2.592405495509564
Bernoulli(0.5),10000,15,Gaffke,0.0258528347986644,2.5852834798664457
Bernoulli(0.5),30000,15,Gaffke,0.014903916987402,2.581434145396926
Bernoulli(0.5),100000,15,Gaffke,0.0081553296317071,2.5789416705656643
Bernoulli(0.5),300000,15,Gaffke,0.004706102595872,2.577638549692748
Bernoulli(0.5),1000000,15,Gaffke,0.0025768235077973,2.57682350779731
Bernoulli(0.5),1000,16,Gaffke,0.0822942442335993,2.602372501003516
Bernoulli(0.5),3000,16,Gaffke,0.0473214986585218,2.5919052270222886
Bernoulli(0.5),10000,16,Gaffke,0.0258532967303398,2.585329673033981
Bernoulli(0.5),30000,16,Gaffke,0.0149036473480486,2.5813874424909447
Bernoulli(0.5),100000,16,Gaffke,0.0081552065196756,2.5789027391229866
Bernoulli(0.5),300000,16,Gaffke,0.0047060999623279,2.577637107241205
Bernoulli(0.5),1000000,16,Gaffke,0.0025768235455845,2.576823545584584
Bernoulli(0.5),1000,17,Gaffke,0.0822752542348458,2.60177198451527
Bernoulli(0.5),3000,17,Gaffke,0.0473221145806941,2.59193896246903
Bernoulli(0.5),10000,17,Gaffke,0.0258477591842734,2.5847759184273453
Bernoulli(0.5),30000,17,Gaffke,0.0149029388605632,2.5812647288588204
Bernoulli(0.5),100000,17,Gaffke,0.0081552821940548,2.5789266694628683
Bernoulli(0.5),300000,17,Gaffke,0.0047060973538821,2.5776356785366046
Bernoulli(0.5),1000000,17,Gaffke,0.0025768221177505,2.57682211775051
Bernoulli(0.5),1000,18,Gaffke,0.0820216289690937,2.593751649395848
Bernoulli(0.5),3000,18,Gaffke,0.0472499968167269,2.587988909856863
Bernoulli(0.5),10000,18,Gaffke,0.0258519902198943,2.585199021989432
Bernoulli(0.5),30000,18,Gaffke,0.014903939192778,2.581437991480866
Bernoulli(0.5),100000,18,Gaffke,0.0081552720858222,2.5789234729590595
Bernoulli(0.5),300000,18,Gaffke,0.0047060950639536,2.577634424291157
Bernoulli(0.5),1000000,18,Gaffke,0.0025768189380718,2.5768189380718787
Bernoulli(0.5),1000,19,Gaffke,0.0822942442335993,2.602372501003516
Bernoulli(0.5),3000,19,Gaffke,0.0473308514545552,2.5924175007586103
Bernoulli(0.5),10000,19,Gaffke,0.0258514757342497,2.5851475734249787
Bernoulli(0.5),30000,19,Gaffke,0.0149035819201146,2.58137611004035
Bernoulli(0.5),100000,19,Gaffke,0.0081553276035577,2.57894102920852
Bernoulli(0.5),300000,19,Gaffke,0.0047060932706436,2.577633442054787
Bernoulli(0.5),1000000,19,Gaffke,0.0025768223505224,2.576822350522423
Bernoulli(0.5),1000,20,Gaffke,0.0822869409129088,2.60214154972487
Bernoulli(0.5),3000,20,Gaffke,0.0473173644634512,2.5916787878325582
Bernoulli(0.5),10000,20,Gaffke,0.0258518831006071,2.585188310060716
Bernoulli(0.5),30000,20,Gaffke,0.0149034393985766,2.581351424585848
Bernoulli(0.5),100000,20,Gaffke,0.0081551364909666,2.578880594100783
Bernoulli(0.5),300000,20,Gaffke,0.0047060834158572,2.57762804436599
Bernoulli(0.5),1000,21,Gaffke,0.082267462182524,2.601525578185428
Bernoulli(0.5),3000,21,Gaffke,0.0473305174581749,2.5923992070234503
Bernoulli(0.5),10000,21,Gaffke,0.0258522868555938,2.585228685559388
Bernoulli(0.5),30000,21,Gaffke,0.0149035248191395,2.581366219861344
Bernoulli(0.5),100000,21,Gaffke,0.0081552074205479,2.578903024003811
Bernoulli(0.5),300000,21,Gaffke,0.0047061026570028,2.5776385831754784
Bernoulli(0.5),1000,22,Gaffke,0.0822362864996804,2.600539716531458
Bernoulli(0.5),3000,22,Gaffke,0.0473307262061907,2.5924106406231573
Bernoulli(0.5),10000,22,Gaffke,0.0258533276284829,2.5853327628482914
Bernoulli(0.5),30000,22,Gaffke,0.0149036473480487,2.5813874424909544
Bernoulli(0.5),100000,22,Gaffke,0.008155254096238,2.5789177841530155
Bernoulli(0.5),300000,22,Gaffke,0.004706088042856,2.577630578677597
Bernoulli(0.5),1000,23,Gaffke,0.0822299524771494,2.600339417151971
Bernoulli(0.5),3000,23,Gaffke,0.0473214986585218,2.5919052270222886
Bernoulli(0.5),10000,23,Gaffke,0.0258531628379517,2.585316283795174
Bernoulli(0.5),30000,23,Gaffke,0.0149039381353799,2.58143780833415
Bernoulli(0.5),100000,23,Gaffke,0.0081552866250559,2.578928070668454
Bernoulli(0.5),300000,23,Gaffke,0.0047060930173269,2.577633303307516
Bernoulli(0.5),1000,24,Gaffke,0.082267462182524,2.601525578185428
Bernoulli(0.5),3000,24,Gaffke,0.0473305174581749,2.5923992070234503
Bernoulli(0.5),10000,24,Gaffke,0.0258532879758587,2.5853287975858787
Bernoulli(0.5),30000,24,Gaffke,0.0149037680254824,2.581408344435616
Bernoulli(0.5),100000,24,Gaffke,0.0081553289084152,2.578941441840692
Bernoulli(0.5),300000,24,Gaffke,0.0047060729385219,2.577622305693116
Bernoulli(0.5),1000,25,Gaffke,0.0822942442335993,2.602372501003516
Bernoulli(0.5),3000,25,Gaffke,0.0473278767156776,2.5922545676000146
Bernoulli(0.5),10000,25,Gaffke,0.0258532426584978,2.5853242658497813
Bernoulli(0.5),30000,25,Gaffke,0.0149038319656209,2.581419419192461
Bernoulli(0.5),100000,25,Gaffke,0.0081553300487402,2.5789418024431194
Bernoulli(0.5),300000,25,Gaffke,0.0047060995017726,2.5776368549847
Bernoulli(0.5),1000,26,Gaffke,0.0822817470412024,2.6019773050802013
Bernoulli(0.5),3000,26,Gaffke,0.0473298494582924,2.592362619163044
Bernoulli(0.5),10000,26,Gaffke,0.0258531437839796,2.585314378397962
Bernoulli(0.5),30000,26,Gaffke,0.0149038988463784,2.581431003279473
Bernoulli(0.5),100000,26,Gaffke,0.0081553142324178,2.578936800882832
Bernoulli(0.5),300000,26,Gaffke,0.0047060983471016,2.577636222545363
Bernoulli(0.5),1000,27,Gaffke,0.0822715206363253,2.601653917763333
Bernoulli(0.5),3000,27,Gaffke,0.0473173644634512,2.5916787878325582
Bernoulli(0.5),10000,27,Gaffke,0.0258533168141359,2.585331681413594
Bernoulli(0.5),30000,27,Gaffke,0.0149039328483882,2.58143689260032
Bernoulli(0.5),100000,27,Gaffke,0.0081553292847244,2.578941560840112
Bernoulli(0.5),300000,27,Gaffke,0.0047060979530071,2.577636006690927
Bernoulli(0.5),1000,28,Gaffke,0.0822630788247738,2.601386964242526
Bernoulli(0.5),3000,28,Gaffke,0.0473303817714672,2.5923917751563943
Bernoulli(0.5),10000,28,Gaffke,0.0258533276284828,2.585332762848286
Bernoulli(0.5),30000,28,Gaffke,0.0149037727507816,2.5814091628814366
Bernoulli(0.5),100000,28,Gaffke,0.0081552787339584,2.578925575284303
Bernoulli(0.5),300000,28,Gaffke,0.0047061026034962,2.577638553868713
Bernoulli(0.5),1000,29,Gaffke,0.0822869409129088,2.60214154972487
Bernoulli(0.5),3000,29,Gaffke,0.0473258412596019,2.5921430810792714
Bernoulli(0.5),10000,29,Gaffke,0.0258505852738418,2.5850585273841817
Bernoulli(0.5),30000,29,Gaffke,0.0149033979272926,2.58134424154876
Bernoulli(0.5),100000,29,Gaffke,0.0081552603566752,2.5789197638771104
Bernoulli(0.5),300000,29,Gaffke,0.0047060888161933,2.577631002251902
Bernoulli(0.5),1000,30,Gaffke,0.0822922967455622,2.602310916024386
Bernoulli(0.5),3000,30,Gaffke,0.0473253715264384,2.592117352734301
Bernoulli(0.5),10000,30,Gaffke,0.0258533250536373,2.5853325053637355
Bernoulli(0.5),30000,30,Gaffke,0.0149039381353799,2.58143780833415
Bernoulli(0.5),100000,30,Gaffke,0.0081552512291063,2.578916877486381
Bernoulli(0.5),1000,31,Gaffke,0.0822479787825095,2.6009094589793267
Bernoulli(0.5),3000,31,Gaffke,0.0473253715264384,2.592117352734301
Bernoulli(0.5),10000,31,Gaffke,0.0258529815671519,2.5852981567151936
Bernoulli(0.5),30000,31,Gaffke,0.0149036716686606,2.581391654944514
Bernoulli(0.5),100000,31,Gaffke,0.0081552179768496,2.5789063621995214
Bernoulli(0.5),1000,32,Gaffke,0.0822583705104977,2.6012380742720054
Bernoulli(0.5),3000,32,Gaffke,0.0473047926050997,2.590990198791669
Bernoulli(0.5),10000,32,Gaffke,0.025853197856029,2.585319785602908
Bernoulli(0.5),30000,32,Gaffke,0.0149039186726318,2.5814344372872875
Bernoulli(0.5),100000,32,Gaffke,0.0081553246321956,2.578940089581321
Bernoulli(0.5),1000,33,Gaffke,0.0822232931003916,2.6001288291684523
Bernoulli(0.5),3000,33,Gaffke,0.0473293902028609,2.592337464707097
Bernoulli(0.5),10000,33,Gaffke,0.0258525860627962,2.585258606279628
Bernoulli(0.5),30000,33,Gaffke,0.0149037583766108,2.5814066732020327
Bernoulli(0.5),100000,33,Gaffke,0.0081553022638646,2.57893301609399
Bernoulli(0.5),1000,34,Gaffke,0.0822845063268663,2.602064561354331
Bernoulli(0.5),3000,34,Gaffke,0.0473307262061906,2.592410640623154
Bernoulli(0.5),10000,34,Gaffke,0.0258533214488569,2.585332144885699
Bernoulli(0.5),30000,34,Gaffke,0.0149034713859077,2.581356964954117
Bernoulli(0.5),100000,34,Gaffke,0.0081553248423393,2.578940156034588
Bernoulli(0.5),1000,35,Gaffke,0.0822942442335993,2.602372501003516
Bernoulli(0.5),3000,35,Gaffke,0.0473306322696981,2.592405495509564
Bernoulli(0.5),10000,35,Gaffke,0.0258527343776383,2.585273437763836
Bernoulli(0.5),30000,35,Gaffke,0.0149039390275597,2.5814379628642103
Bernoulli(0.5),100000,35,Gaffke,0.0081553092149814,2.5789352142301074
Bernoulli(0.5),1000,36,Gaffke,0.0822630788247737,2.601386964242524
Bernoulli(0.5),3000,36,Gaffke,0.0473208618491429,2.5918703475361204
Bernoulli(0.5),10000,36,Gaffke,0.0258528662123418,2.5852866212341894
Bernoulli(0.5),30000,36,Gaffke,0.0149031758639604,2.5813057790513696
Bernoulli(0.5),100000,36,Gaffke,0.0081552617120462,2.5789201924830483
Bernoulli(0.5),1000,37,Gaffke,0.0822890508284741,2.602208271113439
Bernoulli(0.5),3000,37,Gaffke,0.0473306322696981,2.592405495509561
Bernoulli(0.5),10000,37,Gaffke,0.0258528023549917,2.585280235499172
Bernoulli(0.5),30000,37,Gaffke,0.0149039095856028,2.581432863367702
Bernoulli(0.5),100000,37,Gaffke,0.0081553274422829,2.578940978208959
Bernoulli(0.5),1000,38,Gaffke,0.0822533371832098,2.601078906487615
Bernoulli(0.5),3000,38,Gaffke,0.0473141904911074,2.5915049422075995
Bernoulli(0.5),10000,38,Gaffke,0.0258526622802541,2.585266228025418
Bernoulli(0.5),30000,38,Gaffke,0.0149036473480487,2.5813874424909544
Bernoulli(0.5),100000,38,Gaffke,0.0081553307264169,2.578942016743324
Bernoulli(0.5),1000,39,Gaffke,0.0822890508284741,2.602208271113439
Bernoulli(0.5),3000,39,Gaffke,0.0473173644634512,2.5916787878325582
Bernoulli(0.5),10000,39,Gaffke,0.0258521920973393,2.5852192097339355
Bernoulli(0.5),30000,39,Gaffke,0.0149034063537378,2.581345701051883
Bernoulli(0.5),100000,39,Gaffke,0.0081553315002126,2.57894226143899
Bernoulli(0.5),1000,40,Gaffke,0.0822869409129087,2.6021415497248666
Bernoulli(0.5),3000,40,Gaffke,0.0473302252093953,2.59238319989855
Bernoulli(0.5),10000,40,Gaffke,0.0258530078308989,2.5853007830898944
Bernoulli(0.5),1000,41,Gaffke,0.0822942442335993,2.602372501003516
Bernoulli(0.5),3000,41,Gaffke,0.047310682166921,2.591312783378004
Bernoulli(0.5),10000,41,Gaffke,0.0258517718608749,2.585177186087495
Bernoulli(0.5),1000,42,Gaffke,0.082293432785921,2.602346840774862
Bernoulli(0.5),3000,42,Gaffke,0.0473221145806941,2.59193896246903
Bernoulli(0.5),10000,42,Gaffke,0.0258524212675207,2.585242126752074
Bernoulli(0.5),1000,43,Gaffke,0.0822947310983177,2.602387897017742
Bernoulli(0.5),3000,43,Gaffke,0.047311590597427,2.5913625401660125
Bernoulli(0.5),10000,43,Gaffke,0.0258524640113971,2.585246401139718
Bernoulli(0.5),1000,44,Gaffke,0.0822422952440792,2.6007297297132386
Bernoulli(0.5),3000,44,Gaffke,0.0473308932039346,2.5924197874663
Bernoulli(0.5),10000,44,Gaffke,0.0258520932187885,2.5852093218788563
Bernoulli(0.5),1000,45,Gaffke,0.0822232931003916,2.6001288291684523
Bernoulli(0.5),3000,45,Gaffke,0.0473248809112319,2.5920904806327405
Bernoulli(0.5),10000,45,Gaffke,0.0258513500725296,2.5851350072529646
Bernoulli(0.5),1000,46,Gaffke,0.0822934327859211,2.602346840774864
Bernoulli(0.5),3000,46,Gaffke,0.0473296302687604,2.5923506136579406
Bernoulli(0.5),10000,46,Gaffke,0.0258523326896253,2.585233268962539
Bernoulli(0.5),1000,47,Gaffke,0.0822715206363253,2.601653917763333
Bernoulli(0.5),3000,47,Gaffke,0.0473288474406466,2.592307736396281
Bernoulli(0.5),10000,47,Gaffke,0.0258532967303398,2.585329673033981
Bernoulli(0.5),1000,48,Gaffke,0.0822013620247804,2.5994353076637644
Bernoulli(0.5),3000,48,Gaffke,0.0473158192668576,2.5915941539295506
Bernoulli(0.5),10000,48,Gaffke,0.0258532879758587,2.585328797585873
Bernoulli(0.5),1000,49,Gaffke,0.0822942442335993,2.602372501003516
Bernoulli(0.5),3000,49,Gaffke,0.047330799267777,2.5924146423710464
Bernoulli(0.5),10000,49,Gaffke,0.0258486816762573,2.584868167625737
"Uniform(0,1)",1000,0,Gaffke,0.048240270460273,1.525491295970021
"Uniform(0,1)",3000,0,Gaffke,0.0278304077585098,1.5243342113902645
"Uniform(0,1)",10000,0,Gaffke,0.0150542337447043,1.5054233744704382
"Uniform(0,1)",30000,0,Gaffke,0.0086137304548371,1.4919418790481325
"Uniform(0,1)",100000,0,Gaffke,0.0047046067260375,1.4877272749626311
"Uniform(0,1)",300000,0,Gaffke,0.0027190438986945,1.4892816781618217
"Uniform(0,1)",1000000,0,Gaffke,0.0014883284480129,1.4883284480129433
"Uniform(0,1)",1000,1,Gaffke,0.0482946532737569,1.5272110315317922
"Uniform(0,1)",3000,1,Gaffke,0.0274871050572818,1.5055307480387603
"Uniform(0,1)",10000,1,Gaffke,0.0148855819707323,1.488558197073231
"Uniform(0,1)",30000,1,Gaffke,0.0086113480529519,1.4915292349372085
"Uniform(0,1)",100000,1,Gaffke,0.0047156558807487,1.491221324473355
"Uniform(0,1)",300000,1,Gaffke,0.002719810362802,1.489701487842965
"Uniform(0,1)",1000000,1,Gaffke,0.0014880523882081,1.4880523882081498
"Uniform(0,1)",1000,2,Gaffke,0.0485550172134194,1.5354444622308736
"Uniform(0,1)",3000,2,Gaffke,0.0274741052818742,1.504818721015434
"Uniform(0,1)",10000,2,Gaffke,0.014890581304827,1.489058130482701
"Uniform(0,1)",30000,2,Gaffke,0.0086082718890695,1.490996427723546
"Uniform(0,1)",100000,2,Gaffke,0.0047213069332474,1.493008344180635
"Uniform(0,1)",300000,2,Gaffke,0.0027212715977212,1.4905018391700422
"Uniform(0,1)",1000000,2,Gaffke,0.0014878817336712,1.4878817336712036
"Uniform(0,1)",1000,3,Gaffke,0.0473237023565922,1.4965068675870927
"Uniform(0,1)",3000,3,Gaffke,0.0275892971831367,1.5111280412917731
"Uniform(0,1)",10000,3,Gaffke,0.0149521444479811,1.4952144447981153
"Uniform(0,1)",30000,3,Gaffke,0.0086044746754369,1.490338731029644
"Uniform(0,1)",100000,3,Gaffke,0.0047157265387393,1.4912436684918466
"Uniform(0,1)",300000,3,Gaffke,0.0027162877723628,1.4877720855986072
"Uniform(0,1)",1000000,3,Gaffke,0.0014878699573113,1.4878699573113163
"Uniform(0,1)",1000,4,Gaffke,0.0468492287310354,1.4815026941227207
"Uniform(0,1)",3000,4,Gaffke,0.0275155340738043,1.5070878694024636
"Uniform(0,1)",10000,4,Gaffke,0.0150193763974724,1.5019376397472473
"Uniform(0,1)",30000,4,Gaffke,0.008628737920759,1.494541248395086
"Uniform(0,1)",100000,4,Gaffke,0.0047083229235319,1.4889024397943615
"Uniform(0,1)",300000,4,Gaffke,0.0027189151169462,1.4892111414932714
"Uniform(0,1)",1000000,4,Gaffke,0.0014875754957425,1.4875754957425211
"Uniform(0,1)",1000,5,Gaffke,0.0489408471905379,1.5476454774035249
"Uniform(0,1)",3000,5,Gaffke,0.0278625931056418,1.5260970754547978
"Uniform(0,1)",10000,5,Gaffke,0.0151995941820813,1.5199594182081333
"Uniform(0,1)",30000,5,Gaffke,0.0086553306139409,1.4991472379651989
"Uniform(0,1)",100000,5,Gaffke,0.0047185567478487,1.492138659195892
"Uniform(0,1)",300000,5,Gaffke,0.0027213607012163,1.490550643164282
"Uniform(0,1)",1000000,5,Gaffke,0.0014892401687214,1.489240168721484
"Uniform(0,1)",1000,6,Gaffke,0.048287573967728,1.5269871642187474
"Uniform(0,1)",3000,6,Gaffke,0.0272171449297892,1.4907444228932945
"Uniform(0,1)",10000,6,Gaffke,0.0149150718705605,1.4915071870560517
"Uniform(0,1)",30000,6,Gaffke,0.0086227297001831,1.4935005940650332
"Uniform(0,1)",100000,6,Gaffke,0.0047206263908753,1.4927931377866366
"Uniform(0,1)",300000,6,Gaffke,0.0027234758708323,1.4917091692759217
"Uniform(0,1)",1000000,6,Gaffke,0.0014886715459422,1.4886715459422883
"Uniform(0,1)",1000,7,Gaffke,0.0479020937935547,1.514797210786484
"Uniform(0,1)",3000,7,Gaffke,0.027603379448723,1.5118993587440128
"Uniform(0,1)",10000,7,Gaffke,0.0150166578693511,1.501665786935119
"Uniform(0,1)",30000,7,Gaffke,0.0086201331447781,1.4930508574764167
"Uniform(0,1)",100000,7,Gaffke,0.0047082622032146,1.4888832383440955
"Uniform(0,1)",300000,7,Gaffke,0.0027210009468278,1.4903535975705078
"Uniform(0,1)",1000000,7,Gaffke,0.0014881220246365,1.4881220246365512
"Uniform(0,1)",1000,8,Gaffke,0.0482736355368604,1.526546392333243
"Uniform(0,1)",3000,8,Gaffke,0.0272196614119795,1.490882256299413
"Uniform(0,1)",10000,8,Gaffke,0.0148925136879515,1.489251368795158
"Uniform(0,1)",30000,8,Gaffke,0.0086181258493967,1.492703183717786
"Uniform(0,1)",100000,8,Gaffke,0.0047097837379964,1.489364389889037
"Uniform(0,1)",300000,8,Gaffke,0.0027194010768917,1.4894773127174388
"Uniform(0,1)",1000000,8,Gaffke,0.001489587158383,1.4895871583830989
"Uniform(0,1)",1000,9,Gaffke,0.0473637174439132,1.497772255754141
"Uniform(0,1)",3000,9,Gaffke,0.0272841281984818,1.4944132476171277
"Uniform(0,1)",10000,9,Gaffke,0.0149854795922922,1.4985479592292297
"Uniform(0,1)",30000,9,Gaffke,0.008652451816505,1.4986486156228442
"Uniform(0,1)",100000,9,Gaffke,0.0047139548692691,1.4906834174131698
"Uniform(0,1)",300000,9,Gaffke,0.0027172021897983,1.488272932655003
"Uniform(0,1)",1000000,9,Gaffke,0.0014881138885757,1.4881138885757816
"Uniform(0,1)",1000,10,Gaffke,0.0487754136787135,1.5424140104166697
"Uniform(0,1)",3000,10,Gaffke,0.02774101873851,1.5194381731255455
"Uniform(0,1)",10000,10,Gaffke,0.0150497965752414,1.5049796575241414
"Uniform(0,1)",30000,10,Gaffke,0.0086138954115748,1.4919704503932096
"Uniform(0,1)",100000,10,Gaffke,0.0047144110013939,1.4908276590560017
"Uniform(0,1)",300000,10,Gaffke,0.0027185080798941,1.4889881981180852
"Uniform(0,1)",1000000,10,Gaffke,0.0014885478172801,1.4885478172801947
"Uniform(0,1)",1000,11,Gaffke,0.0477173319300069,1.508954527651002
"Uniform(0,1)",3000,11,Gaffke,0.0273476531025504,1.497892649909302
"Uniform(0,1)",10000,11,Gaffke,0.0149917322308847,1.4991732230884791
"Uniform(0,1)",30000,11,Gaffke,0.0085931447582763,1.4883763318128873
"Uniform(0,1)",100000,11,Gaffke,0.004707575766156,1.4886661678865312
"Uniform(0,1)",300000,11,Gaffke,0.0027162310680406,1.4877410273622094
"Uniform(0,1)",1000000,11,Gaffke,0.0014880883444595,1.488088344459515
"Uniform(0,1)",1000,12,Gaffke,0.0481160080990979,1.5215617750825825
"Uniform(0,1)",3000,12,Gaffke,0.0275906028979422,1.5111995582370403
"Uniform(0,1)",10000,12,Gaffke,0.0149320670819595,1.49320670819596
"Uniform(0,1)",30000,12,Gaffke,0.0085899805277119,1.4878282710024469
"Uniform(0,1)",100000,12,Gaffke,0.0047087039299518,1.4890229246033866
"Uniform(0,1)",300000,12,Gaffke,0.0027205051051286,1.4900820138869348
"Uniform(0,1)",1000000,12,Gaffke,0.001487612478456,1.487612478456024
"Uniform(0,1)",1000,13,Gaffke,0.0481252544124667,1.5218541691846328
"Uniform(0,1)",3000,13,Gaffke,0.0276198095106653,1.512799270298716
"Uniform(0,1)",10000,13,Gaffke,0.0150110491142302,1.5011049114230235
"Uniform(0,1)",30000,13,Gaffke,0.0086028144402589,1.4900511698615722
"Uniform(0,1)",100000,13,Gaffke,0.0047091520734235,1.4891646400123038
"Uniform(0,1)",300000,13,Gaffke,0.0027176230873656,1.4885034677470117
"Uniform(0,1)",1000000,13,Gaffke,0.0014871465798394,1.487146579839449
"Uniform(0,1)",1000,14,Gaffke,0.0466902977983167,1.4764768567422606
"Uniform(0,1)",3000,14,Gaffke,0.0272503539828172,1.492563357638977
"Uniform(0,1)",10000,14,Gaffke,0.0149378921327013,1.4937892132701305
"Uniform(0,1)",30000,14,Gaffke,0.0086503026985227,1.4982763774691548
"Uniform(0,1)",100000,14,Gaffke,0.0047209962937587,1.4929101113490908
"Uniform(0,1)",300000,14,Gaffke,0.0027220198288532,1.4909116622392649
"Uniform(0,1)",1000000,14,Gaffke,0.0014883270591756,1.488327059175676
"Uniform(0,1)",1000,15,Gaffke,0.047508193394913,1.5023409864769257
"Uniform(0,1)",3000,15,Gaffke,0.0273639938596014,1.498787670033655
"Uniform(0,1)",10000,15,Gaffke,0.0149201349066709,1.4920134906670934
"Uniform(0,1)",30000,15,Gaffke,0.0086184041668164,1.492751389708945
"Uniform(0,1)",100000,15,Gaffke,0.004711035668944,1.4897602852158316
"Uniform(0,1)",300000,15,Gaffke,0.002719016366385,1.4892665980948243
"Uniform(0,1)",1000000,15,Gaffke,0.0014897911099846,1.4897911099846506
"Uniform(0,1)",1000,16,Gaffke,0.0483609211830632,1.529306606823646
"Uniform(0,1)",3000,16,Gaffke,0.0280037135942323,1.5338265629475143
"Uniform(0,1)",10000,16,Gaffke,0.0151279339181393,1.512793391813938
"Uniform(0,1)",30000,16,Gaffke,0.00864579745151,1.4974960457964848
"Uniform(0,1)",100000,16,Gaffke,0.0047229632621201,1.4935321213598631
"Uniform(0,1)",300000,16,Gaffke,0.0027212260192334,1.490476874804158
"Uniform(0,1)",1000000,16,Gaffke,0.0014895969443158,1.4895969443158297
"Uniform(0,1)",1000,17,Gaffke,0.0487617284864486,1.5419812466389269
"Uniform(0,1)",3000,17,Gaffke,0.0277974508337279,1.52252908627736
"Uniform(0,1)",10000,17,Gaffke,0.0150143641250699,1.5014364125069957
"Uniform(0,1)",30000,17,Gaffke,0.0086807083769089,1.5035427954495126
"Uniform(0,1)",100000,17,Gaffke,0.0047242393028044,1.4939356408548008
"Uniform(0,1)",300000,17,Gaffke,0.0027211386040773,1.4904289955512868
"Uniform(0,1)",1000000,17,Gaffke,0.0014887967450905,1.4887967450905593
"Uniform(0,1)",1000,18,Gaffke,0.047758419938557,1.510253844566391
"Uniform(0,1)",3000,18,Gaffke,0.0273518722739447,1.4981237434439636
"Uniform(0,1)",10000,18,Gaffke,0.0148897450046068,1.488974500460688
"Uniform(0,1)",30000,18,Gaffke,0.0086209180684541,1.4931868102451065
"Uniform(0,1)",100000,18,Gaffke,0.0047059606707164,1.488155429863759
"Uniform(0,1)",300000,18,Gaffke,0.0027183880082735,1.488922432182941
"Uniform(0,1)",1000000,18,Gaffke,0.0014883123358032,1.4883123358032655
"Uniform(0,1)",1000,19,Gaffke,0.0480640854925345,1.5199198380946508
"Uniform(0,1)",3000,19,Gaffke,0.0272570926058213,1.4929324472215637
"Uniform(0,1)",10000,19,Gaffke,0.0148860705040311,1.4886070504031124
"Uniform(0,1)",30000,19,Gaffke,0.0085988609822345,1.4893664108451778
"Uniform(0,1)",100000,19,Gaffke,0.0047069591895983,1.4884711892591116
"Uniform(0,1)",300000,19,Gaffke,0.0027169468147969,1.4881330580061003
"Uniform(0,1)",1000000,19,Gaffke,0.0014883735273996,1.4883735273996668
"Uniform(0,1)",1000,20,Gaffke,0.04728718945546,1.4953522282715093
"Uniform(0,1)",3000,20,Gaffke,0.0271260816225937,1.4857566801420952
"Uniform(0,1)",10000,20,Gaffke,0.0149088681674005,1.4908868167400555
"Uniform(0,1)",30000,20,Gaffke,0.0085845401101257,1.486885963035076
"Uniform(0,1)",100000,20,Gaffke,0.0047086533495497,1.4890069296758122
"Uniform(0,1)",300000,20,Gaffke,0.0027173837572299,1.488372381232993
"Uniform(0,1)",1000,21,Gaffke,0.0473135639544545,1.4961862631611955
"Uniform(0,1)",3000,21,Gaffke,0.0274673615875397,1.5044493536646408
"Uniform(0,1)",10000,21,Gaffke,0.0150498766825872,1.5049876682587229
"Uniform(0,1)",30000,21,Gaffke,0.0086184640026389,1.4927617535774165
"Uniform(0,1)",100000,21,Gaffke,0.0047181031687212,1.4919952248816972
"Uniform(0,1)",300000,21,Gaffke,0.0027195771031511,1.489573726270457
"Uniform(0,1)",1000,22,Gaffke,0.0490362708095529,1.5506630371901615
"Uniform(0,1)",3000,22,Gaffke,0.0275046114761292,1.5064896140891462
"Uniform(0,1)",10000,22,Gaffke,0.0150461384590308,1.50461384590308
"Uniform(0,1)",30000,22,Gaffke,0.0086565363374794,1.499356075408057
"Uniform(0,1)",100000,22,Gaffke,0.0047177409070885,1.4918806676948777
"Uniform(0,1)",300000,22,Gaffke,0.0027180982220807,1.4887637097483106
"Uniform(0,1)",1000,23,Gaffke,0.0478253781375848,1.5123712487358965
"Uniform(0,1)",3000,23,Gaffke,0.0273546922590407,1.4982782003888568
"Uniform(0,1)",10000,23,Gaffke,0.0149814350520242,1.498143505202426
"Uniform(0,1)",30000,23,Gaffke,0.0086230080657191,1.4935488083901778
"Uniform(0,1)",100000,23,Gaffke,0.0047076062076421,1.4886757943296778
"Uniform(0,1)",300000,23,Gaffke,0.0027184908401358,1.4889787555135852
"Uniform(0,1)",1000,24,Gaffke,0.047658925417597,1.5071075515569805
"Uniform(0,1)",3000,24,Gaffke,0.027351663536583,1.4981123104278051
"Uniform(0,1)",10000,24,Gaffke,0.0150385484664211,1.5038548466421109
"Uniform(0,1)",30000,24,Gaffke,0.0086294725003734,1.4946684813165323
"Uniform(0,1)",100000,24,Gaffke,0.0047229303003195,1.4935216979232884
"Uniform(0,1)",300000,24,Gaffke,0.0027234299738736,1.4916840304763022
"Uniform(0,1)",1000,25,Gaffke,0.0484579103029378,1.5323736720942345
"Uniform(0,1)",3000,25,Gaffke,0.0272996746617114,1.4952647624771582
"Uniform(0,1)",10000,25,Gaffke,0.0148341622762097,1.483416227620976
"Uniform(0,1)",30000,25,Gaffke,0.0085793054183481,1.4859792878229898
"Uniform(0,1)",100000,25,Gaffke,0.0047063832432142,1.488289059020727
"Uniform(0,1)",300000,25,Gaffke,0.0027158083606573,1.4875095009931418
"Uniform(0,1)",1000,26,Gaffke,0.0481724319498044,1.5233460539084815
"Uniform(0,1)",3000,26,Gaffke,0.0276906001457249,1.5166766330669392
"Uniform(0,1)",10000,26,Gaffke,0.0150695685507548,1.5069568550754808
"Uniform(0,1)",30000,26,Gaffke,0.0086316388701889,1.4950437075753626
"Uniform(0,1)",100000,26,Gaffke,0.004712139954628,1.4901094910107116
"Uniform(0,1)",300000,26,Gaffke,0.0027203637123818,1.490004569890051
"Uniform(0,1)",1000,27,Gaffke,0.0481180867605395,1.5216275081289816
"Uniform(0,1)",3000,27,Gaffke,0.0274807917624405,1.5051849546390843
"Uniform(0,1)",10000,27,Gaffke,0.0149771827932064,1.4977182793206478
"Uniform(0,1)",30000,27,Gaffke,0.0086015779735847,1.4898370075514211
"Uniform(0,1)",100000,27,Gaffke,0.0047121915785042,1.4901258159137472
"Uniform(0,1)",300000,27,Gaffke,0.0027154225272056,1.4872981713082123
"Uniform(0,1)",1000,28,Gaffke,0.0478551559400813,1.5133129055319348
"Uniform(0,1)",3000,28,Gaffke,0.027644136873843,1.5141317348564178
"Uniform(0,1)",10000,28,Gaffke,0.014907797709595,1.490779770959505
"Uniform(0,1)",30000,28,Gaffke,0.0086204962666204,1.4931137520244495
"Uniform(0,1)",100000,28,Gaffke,0.0047085869555589,1.488985934052423
"Uniform(0,1)",300000,28,Gaffke,0.0027171827417546,1.488262280522752
"Uniform(0,1)",1000,29,Gaffke,0.0491738520270134,1.5550137372945008
"Uniform(0,1)",3000,29,Gaffke,0.0277089932427059,1.5176840644788288
"Uniform(0,1)",10000,29,Gaffke,0.0150563803001432,1.5056380300143224
"Uniform(0,1)",30000,29,Gaffke,0.0086418286886472,1.4968086359043296
"Uniform(0,1)",100000,29,Gaffke,0.0047244345549206,1.4939973849952983
"Uniform(0,1)",300000,29,Gaffke,0.0027199471298151,1.4897763982211647
"Uniform(0,1)",1000,30,Gaffke,0.0475842386354717,1.5047457481307351
"Uniform(0,1)",3000,30,Gaffke,0.0273959032419683,1.500535418885497
"Uniform(0,1)",10000,30,Gaffke,0.0149435150647194,1.494351506471947
"Uniform(0,1)",30000,30,Gaffke,0.0086299203864831,1.4947460574663234
"Uniform(0,1)",100000,30,Gaffke,0.0047103766833018,1.4895518956583549
"Uniform(0,1)",1000,31,Gaffke,0.0466024685762014,1.4736994528722067
"Uniform(0,1)",3000,31,Gaffke,0.0276476874733917,1.5143262092029672
"Uniform(0,1)",10000,31,Gaffke,0.0149690718329961,1.4969071832996172
"Uniform(0,1)",30000,31,Gaffke,0.0086258678577992,1.4940441389083576
"Uniform(0,1)",100000,31,Gaffke,0.0047116562215048,1.4899565211658237
"Uniform(0,1)",1000,32,Gaffke,0.0479471451467483,1.5162218596641306
"Uniform(0,1)",3000,32,Gaffke,0.0275242516144843,1.5075653487701068
"Uniform(0,1)",10000,32,Gaffke,0.0149762590089673,1.497625900896732
"Uniform(0,1)",30000,32,Gaffke,0.0086363525216331,1.4958601359544286
"Uniform(0,1)",100000,32,Gaffke,0.0047176194350166,1.491842254852929
"Uniform(0,1)",1000,33,Gaffke,0.0484122211710077,1.5309288548820843
"Uniform(0,1)",3000,33,Gaffke,0.0275394617120706,1.5083984401250947
"Uniform(0,1)",10000,33,Gaffke,0.0150669195529863,1.506691955298639
"Uniform(0,1)",30000,33,Gaffke,0.0086344287093205,1.4955269218874598
"Uniform(0,1)",100000,33,Gaffke,0.0047242185306983,1.4939290721380962
"Uniform(0,1)",1000,34,Gaffke,0.0483250796651543,1.528173198509747
"Uniform(0,1)",3000,34,Gaffke,0.027801889888278,1.522772223308466
"Uniform(0,1)",10000,34,Gaffke,0.0150483705951314,1.5048370595131422
"Uniform(0,1)",30000,34,Gaffke,0.0086194975385694,1.492940767251725
"Uniform(0,1)",100000,34,Gaffke,0.0047163626565646,1.4914448266106657
"Uniform(0,1)",1000,35,Gaffke,0.0488245248974014,1.543967043513873
"Uniform(0,1)",3000,35,Gaffke,0.027674145176061,1.515775357260141
"Uniform(0,1)",10000,35,Gaffke,0.0149692572761511,1.496925727615117
"Uniform(0,1)",30000,35,Gaffke,0.0086247637965357,1.4938529098880582
"Uniform(0,1)",100000,35,Gaffke,0.0047050519218552,1.487868058241506
"Uniform(0,1)",1000,36,Gaffke,0.048090318849947,1.5207494096956178
"Uniform(0,1)",3000,36,Gaffke,0.0277216523550477,1.5183774326175838
"Uniform(0,1)",10000,36,Gaffke,0.0150734834122925,1.5073483412292532
"Uniform(0,1)",30000,36,Gaffke,0.0086387560848962,1.4962764453235158
"Uniform(0,1)",100000,36,Gaffke,0.0047207932571703,1.4928459055423466
"Uniform(0,1)",1000,37,Gaffke,0.047893857285136,1.5145367495207818
"Uniform(0,1)",3000,37,Gaffke,0.0275122030821947,1.506905423478123
"Uniform(0,1)",10000,37,Gaffke,0.0149110981662348,1.491109816623487
"Uniform(0,1)",30000,37,Gaffke,0.0086268532913536,1.494214821006732
"Uniform(0,1)",100000,37,Gaffke,0.0047159111215566,1.4913020387038267
"Uniform(0,1)",1000,38,Gaffke,0.0472542461341123,1.494310468980016
"Uniform(0,1)",3000,38,Gaffke,0.0275490967156687,1.5089261710063286
"Uniform(0,1)",10000,38,Gaffke,0.0149656871816117,1.496568718161173
"Uniform(0,1)",30000,38,Gaffke,0.0086096408579797,1.491233540094177
"Uniform(0,1)",100000,38,Gaffke,0.0047078697450257,1.4887591321677676
"Uniform(0,1)",1000,39,Gaffke,0.0481035490472948,1.5211677852707428
"Uniform(0,1)",3000,39,Gaffke,0.0275552039407859,1.5092606775023727
"Uniform(0,1)",10000,39,Gaffke,0.0149957077558731,1.4995707755873169
"Uniform(0,1)",30000,39,Gaffke,0.0085951117175589,1.4887170191542691
"Uniform(0,1)",100000,39,Gaffke,0.004707867044393,1.4887582781527164
"Uniform(0,1)",1000,40,Gaffke,0.0477068933966376,1.5086244322422158
"Uniform(0,1)",3000,40,Gaffke,0.0274492697158429,1.50345842104106
"Uniform(0,1)",10000,40,Gaffke,0.0149344791141365,1.4934479114136534
"Uniform(0,1)",1000,41,Gaffke,0.0472184880189598,1.4931796980928511
"Uniform(0,1)",3000,41,Gaffke,0.0270468368585805,1.4814162656606735
"Uniform(0,1)",10000,41,Gaffke,0.0148987884932622,1.489878849326226
"Uniform(0,1)",1000,42,Gaffke,0.0478971750739248,1.514641667214462
"Uniform(0,1)",3000,42,Gaffke,0.0277067709074831,1.5175623421656426
"Uniform(0,1)",10000,42,Gaffke,0.0150236002743791,1.50236002743791
"Uniform(0,1)",1000,43,Gaffke,0.0476583059332836,1.5070879617429294
"Uniform(0,1)",3000,43,Gaffke,0.0273828506888386,1.4998205011072814
"Uniform(0,1)",10000,43,Gaffke,0.0149400254898791,1.4940025489879103
"Uniform(0,1)",1000,44,Gaffke,0.0466002111893548,1.4736280680322544
"Uniform(0,1)",3000,44,Gaffke,0.0274850701307318,1.505419290521331
"Uniform(0,1)",10000,44,Gaffke,0.0151363448881285,1.513634488812854
"Uniform(0,1)",1000,45,Gaffke,0.0473755531548016,1.4981465337954878
"Uniform(0,1)",3000,45,Gaffke,0.0274869381845635,1.5055216080435554
"Uniform(0,1)",10000,45,Gaffke,0.0150397300265119,1.5039730026511988
"Uniform(0,1)",1000,46,Gaffke,0.047794995118902,1.5114104533236072
"Uniform(0,1)",3000,46,Gaffke,0.0275060975540177,1.5065710099273184
"Uniform(0,1)",10000,46,Gaffke,0.0148587174191061,1.4858717419106104
"Uniform(0,1)",1000,47,Gaffke,0.047732639952965,1.5094386098412205
"Uniform(0,1)",3000,47,Gaffke,0.0274358580257154,1.5027238325193513
"Uniform(0,1)",10000,47,Gaffke,0.0150698460758601,1.506984607586015
"Uniform(0,1)",1000,48,Gaffke,0.0474160218255354,1.4994262655294703
"Uniform(0,1)",3000,48,Gaffke,0.0278194588231195,1.5237345135008722
"Uniform(0,1)",10000,48,Gaffke,0.0149822403458222,1.4982240345822295
"Uniform(0,1)",1000,49,Gaffke,0.04848289171321,1.533163653650467
"Uniform(0,1)",3000,49,Gaffke,0.0278047261283626,1.522927570575751
"Uniform(0,1)",10000,49,Gaffke,0.0150518252574838,1.505182525748383
"Beta(0.5,0.5)",1000,0,Gaffke,0.0585643249705307,1.8519665653715045
"Beta(0.5,0.5)",3000,0,Gaffke,0.0336173254102699,1.8412967450196471
"Beta(0.5,0.5)",10000,0,Gaffke,0.0183303190572682,1.833031905726823
"Beta(0.5,0.5)",30000,0,Gaffke,0.0105557082698282,1.8283023033217431
"Beta(0.5,0.5)",100000,0,Gaffke,0.0057700647032669,1.824654670886721
"Beta(0.5,0.5)",300000,0,Gaffke,0.0033298569650422,1.823837773019353
"Beta(0.5,0.5)",1000000,0,Gaffke,0.0018234374085325,1.82343740853258
"Beta(0.5,0.5)",1000,1,Gaffke,0.0584994562864745,1.84991523746715
"Beta(0.5,0.5)",3000,1,Gaffke,0.0333386792383871,1.826034665629378
"Beta(0.5,0.5)",10000,1,Gaffke,0.0181831915352339,1.81831915352339
"Beta(0.5,0.5)",30000,1,Gaffke,0.0105477950569012,1.826931694637679
"Beta(0.5,0.5)",100000,1,Gaffke,0.0057727379028716,1.825500010825842
"Beta(0.5,0.5)",300000,1,Gaffke,0.0033287951803574,1.823256209596252
"Beta(0.5,0.5)",1000000,1,Gaffke,0.0018218744878679,1.821874487867969
"Beta(0.5,0.5)",1000,2,Gaffke,0.0586939408631597,1.8560653797881408
"Beta(0.5,0.5)",3000,2,Gaffke,0.0333891600400464,1.828799613008353
"Beta(0.5,0.5)",10000,2,Gaffke,0.0184466444467509,1.8446644446750928
"Beta(0.5,0.5)",30000,2,Gaffke,0.0105823193393047,1.832911475759456
"Beta(0.5,0.5)",100000,2,Gaffke,0.0057773068906462,1.826944851622734
"Beta(0.5,0.5)",300000,2,Gaffke,0.0033287102255068,1.8232096779082088
"Beta(0.5,0.5)",1000000,2,Gaffke,0.00182325891987,1.8232589198700635
"Beta(0.5,0.5)",1000,3,Gaffke,0.0580196208417441,1.8347415083928729
"Beta(0.5,0.5)",3000,3,Gaffke,0.0335374934130079,1.836924166448537
"Beta(0.5,0.5)",10000,3,Gaffke,0.0183131283232939,1.8313128323293903
"Beta(0.5,0.5)",30000,3,Gaffke,0.010569045104235,1.8306123108022128
"Beta(0.5,0.5)",100000,3,Gaffke,0.0057760071723719,1.8265338446164057
"Beta(0.5,0.5)",300000,3,Gaffke,0.0033300660621798,1.823952300238298
"Beta(0.5,0.5)",1000000,3,Gaffke,0.0018231568422245,1.8231568422245048
"Beta(0.5,0.5)",1000,4,Gaffke,0.0597744673822516,1.8902346285135776
"Beta(0.5,0.5)",3000,4,Gaffke,0.0339831597426079,1.8613343166327805
"Beta(0.5,0.5)",10000,4,Gaffke,0.018325056007901,1.8325056007901075
"Beta(0.5,0.5)",30000,4,Gaffke,0.0105572100964592,1.8285624273246484
"Beta(0.5,0.5)",100000,4,Gaffke,0.0057796532929264,1.827686849173977
"Beta(0.5,0.5)",300000,4,Gaffke,0.0033296129220726,1.823704105179866
"Beta(0.5,0.5)",1000000,4,Gaffke,0.0018223110176812,1.8223110176812107
"Beta(0.5,0.5)",1000,5,Gaffke,0.0596273485128392,1.8855823213722576
"Beta(0.5,0.5)",3000,5,Gaffke,0.0337124328136281,1.846505992040148
"Beta(0.5,0.5)",10000,5,Gaffke,0.0183963172252594,1.8396317225259475
"Beta(0.5,0.5)",30000,5,Gaffke,0.0105631888039959,1.8295979698463667
"Beta(0.5,0.5)",100000,5,Gaffke,0.005771458437343,1.8250954083000257
"Beta(0.5,0.5)",300000,5,Gaffke,0.0033314214938286,1.824694700727507
"Beta(0.5,0.5)",1000000,5,Gaffke,0.0018229273641532,1.8229273641532373
"Beta(0.5,0.5)",1000,6,Gaffke,0.0587111771455667,1.85661043889614
"Beta(0.5,0.5)",3000,6,Gaffke,0.0336095988757405,1.8408735452943343
"Beta(0.5,0.5)",10000,6,Gaffke,0.0183558512863618,1.8355851286361853
"Beta(0.5,0.5)",30000,6,Gaffke,0.010559691274522,1.828992179971395
"Beta(0.5,0.5)",100000,6,Gaffke,0.0057725932859591,1.825454278942656
"Beta(0.5,0.5)",300000,6,Gaffke,0.003327491989902,1.822542422787083
"Beta(0.5,0.5)",1000000,6,Gaffke,0.0018227203720373,1.8227203720373453
"Beta(0.5,0.5)",1000,7,Gaffke,0.057904912477215,1.8311141114070248
"Beta(0.5,0.5)",3000,7,Gaffke,0.0336192842078106,1.8414040327795111
"Beta(0.5,0.5)",10000,7,Gaffke,0.0182968323523001,1.829683235230012
"Beta(0.5,0.5)",30000,7,Gaffke,0.0105611487718845,1.829244625919764
"Beta(0.5,0.5)",100000,7,Gaffke,0.0057701323829666,1.8246760730869724
"Beta(0.5,0.5)",300000,7,Gaffke,0.0033284452580003,1.8230645492278976
"Beta(0.5,0.5)",1000000,7,Gaffke,0.0018215203815702,1.8215203815702408
"Beta(0.5,0.5)",1000,8,Gaffke,0.0600431577685074,1.8987313645731647
"Beta(0.5,0.5)",3000,8,Gaffke,0.0336045773149056,1.84059850308002
"Beta(0.5,0.5)",10000,8,Gaffke,0.0183429233391831,1.8342923339183137
"Beta(0.5,0.5)",30000,8,Gaffke,0.0105618616140042,1.829368093796687
"Beta(0.5,0.5)",100000,8,Gaffke,0.0057674999739918,1.8238436322776284
"Beta(0.5,0.5)",300000,8,Gaffke,0.0033276855857519,1.8226484596011467
"Beta(0.5,0.5)",1000000,8,Gaffke,0.0018221934874586,1.822193487458601
"Beta(0.5,0.5)",1000,9,Gaffke,0.0584583012003924,1.8486137993739544
"Beta(0.5,0.5)",3000,9,Gaffke,0.0335216343314789,1.8360555287790616
"Beta(0.5,0.5)",10000,9,Gaffke,0.0183562239609439,1.835622396094394
"Beta(0.5,0.5)",30000,9,Gaffke,0.0105363262474768,1.8249452385751352
"Beta(0.5,0.5)",100000,9,Gaffke,0.0057683174883888,1.8241021530290644
"Beta(0.5,0.5)",300000,9,Gaffke,0.0033270887508341,1.8223215596535496
"Beta(0.5,0.5)",1000000,9,Gaffke,0.0018218071465511,1.8218071465511687
"Beta(0.5,0.5)",1000,10,Gaffke,0.057917305570689,1.831506015433357
"Beta(0.5,0.5)",3000,10,Gaffke,0.0333379064985893,1.8259923409275465
"Beta(0.5,0.5)",10000,10,Gaffke,0.018347196902432,1.8347196902432084
"Beta(0.5,0.5)",30000,10,Gaffke,0.0105422136601173,1.8259649683569847
"Beta(0.5,0.5)",100000,10,Gaffke,0.0057645837084101,1.822921428127602
"Beta(0.5,0.5)",300000,10,Gaffke,0.0033281801573055,1.8229193475973235
"Beta(0.5,0.5)",1000000,10,Gaffke,0.0018227667506198,1.82276675061982
"Beta(0.5,0.5)",1000,11,Gaffke,0.0585034059282866,1.8500401361078311
"Beta(0.5,0.5)",3000,11,Gaffke,0.0332622716228776,1.821849648171406
"Beta(0.5,0.5)",10000,11,Gaffke,0.0182966135531464,1.829661355314644
"Beta(0.5,0.5)",30000,11,Gaffke,0.0105493934658568,1.827208547189913
"Beta(0.5,0.5)",100000,11,Gaffke,0.0057735573763251,1.8257591510853293
"Beta(0.5,0.5)",300000,11,Gaffke,0.0033334885178532,1.825826856412691
"Beta(0.5,0.5)",1000000,11,Gaffke,0.0018229214701097,1.8229214701097065
"Beta(0.5,0.5)",1000,12,Gaffke,0.0581174608061007,1.8378354797284373
"Beta(0.5,0.5)",3000,12,Gaffke,0.0335650734999704,1.838434790025269
"Beta(0.5,0.5)",10000,12,Gaffke,0.0182421353251115,1.82421353251116
"Beta(0.5,0.5)",30000,12,Gaffke,0.010532197199593,1.8242300665029767
"Beta(0.5,0.5)",100000,12,Gaffke,0.0057716132886524,1.8251443765836577
"Beta(0.5,0.5)",300000,12,Gaffke,0.0033280864798114,1.8228680383206768
"Beta(0.5,0.5)",1000000,12,Gaffke,0.0018218713802256,1.821871380225604
"Beta(0.5,0.5)",1000,13,Gaffke,0.0579931457707813,1.8339042931383016
"Beta(0.5,0.5)",3000,13,Gaffke,0.0334388827351263,1.831523037179875
"Beta(0.5,0.5)",10000,13,Gaffke,0.0181887032753427,1.8188703275342777
"Beta(0.5,0.5)",30000,13,Gaffke,0.0105249960770374,1.8229827954891964
"Beta(0.5,0.5)",100000,13,Gaffke,0.0057641981085672,1.8227994907507088
"Beta(0.5,0.5)",300000,13,Gaffke,0.0033286795621612,1.823192882902113
"Beta(0.5,0.5)",1000000,13,Gaffke,0.0018235482250741,1.8235482250741344
"Beta(0.5,0.5)",1000,14,Gaffke,0.058968266906812,1.8647403309825807
"Beta(0.5,0.5)",3000,14,Gaffke,0.0336243208489198,1.8416799009744635
"Beta(0.5,0.5)",10000,14,Gaffke,0.0182800033845874,1.8280003384587409
"Beta(0.5,0.5)",30000,14,Gaffke,0.0105215137892515,1.82237964555202
"Beta(0.5,0.5)",100000,14,Gaffke,0.0057620532921056,1.8221212402325224
"Beta(0.5,0.5)",300000,14,Gaffke,0.003326382479284,1.8219347187938173
"Beta(0.5,0.5)",1000000,14,Gaffke,0.0018214570969024,1.8214570969024568
"Beta(0.5,0.5)",1000,15,Gaffke,0.0581751688941286,1.8396603697042544
"Beta(0.5,0.5)",3000,15,Gaffke,0.0335996453039782,1.840328365716141
"Beta(0.5,0.5)",10000,15,Gaffke,0.0183448853876778,1.8344885387677867
"Beta(0.5,0.5)",30000,15,Gaffke,0.0105596050212535,1.828977240467054
"Beta(0.5,0.5)",100000,15,Gaffke,0.0057681908761738,1.8240621147311675
"Beta(0.5,0.5)",300000,15,Gaffke,0.0033281855459284,1.82292229906766
"Beta(0.5,0.5)",1000000,15,Gaffke,0.0018227513117822,1.8227513117822225
"Beta(0.5,0.5)",1000,16,Gaffke,0.0592722719147427,1.874353813434167
"Beta(0.5,0.5)",3000,16,Gaffke,0.0336489118345173,1.8430268047267693
"Beta(0.5,0.5)",10000,16,Gaffke,0.0183849174701442,1.83849174701442
"Beta(0.5,0.5)",30000,16,Gaffke,0.0105685968897801,1.8305346777813685
"Beta(0.5,0.5)",100000,16,Gaffke,0.0057708097338234,1.824890270235208
"Beta(0.5,0.5)",300000,16,Gaffke,0.0033288058004266,1.8232620264477213
"Beta(0.5,0.5)",1000000,16,Gaffke,0.0018221900097409,1.822190009740932
"Beta(0.5,0.5)",1000,17,Gaffke,0.0593360685308459,1.876371239573141
"Beta(0.5,0.5)",3000,17,Gaffke,0.0339339155047205,1.8586370986409737
"Beta(0.5,0.5)",10000,17,Gaffke,0.0182992398220268,1.8299239822026805
"Beta(0.5,0.5)",30000,17,Gaffke,0.0105304156545606,1.8239214938517805
"Beta(0.5,0.5)",100000,17,Gaffke,0.0057691384335725,1.824361758690535
"Beta(0.5,0.5)",300000,17,Gaffke,0.0033303323967749,1.8240981777038785
"Beta(0.5,0.5)",1000000,17,Gaffke,0.0018230560611447,1.8230560611447453
"Beta(0.5,0.5)",1000,18,Gaffke,0.058109714333571,1.8375905147581808
"Beta(0.5,0.5)",3000,18,Gaffke,0.0337647254155349,1.8493701758056509
"Beta(0.5,0.5)",10000,18,Gaffke,0.0183329756621832,1.8332975662183224
"Beta(0.5,0.5)",30000,18,Gaffke,0.0105409627255745,1.825748300138489
"Beta(0.5,0.5)",100000,18,Gaffke,0.0057766841742593,1.82674793141086
"Beta(0.5,0.5)",300000,18,Gaffke,0.0033299490479833,1.823888208923328
"Beta(0.5,0.5)",1000000,18,Gaffke,0.0018221132868571,1.8221132868571632
"Beta(0.5,0.5)",1000,19,Gaffke,0.059118504027767,1.86949124589582
"Beta(0.5,0.5)",3000,19,Gaffke,0.0335241617326557,1.8361939602427009
"Beta(0.5,0.5)",10000,19,Gaffke,0.0183685719873731,1.8368571987373128
"Beta(0.5,0.5)",30000,19,Gaffke,0.0105680845570464,1.830445939148847
"Beta(0.5,0.5)",100000,19,Gaffke,0.0057738051707957,1.8258375105772195
"Beta(0.5,0.5)",300000,19,Gaffke,0.0033302395516721,1.824047324346736
"Beta(0.5,0.5)",1000000,19,Gaffke,0.0018227046854032,1.822704685403298
"Beta(0.5,0.5)",1000,20,Gaffke,0.0579433292543155,1.832328956567028
"Beta(0.5,0.5)",3000,20,Gaffke,0.0337469530656377,1.848396744111791
"Beta(0.5,0.5)",10000,20,Gaffke,0.0182998907504044,1.8299890750404448
"Beta(0.5,0.5)",30000,20,Gaffke,0.0105548527610409,1.8281541248531483
"Beta(0.5,0.5)",100000,20,Gaffke,0.0057684138046687,1.824132610911087
"Beta(0.5,0.5)",300000,20,Gaffke,0.0033302398190559,1.824047470798865
"Beta(0.5,0.5)",1000,21,Gaffke,0.0578567414526473,1.8295908098584448
"Beta(0.5,0.5)",3000,21,Gaffke,0.0335867177943258,1.8396202968512407
"Beta(0.5,0.5)",10000,21,Gaffke,0.0183440943701007,1.834409437010076
"Beta(0.5,0.5)",30000,21,Gaffke,0.010538495186202,1.8253209097822056
"Beta(0.5,0.5)",100000,21,Gaffke,0.0057652608495989,1.8231355589730105
"Beta(0.5,0.5)",300000,21,Gaffke,0.0033272638762307,1.822417479783675
"Beta(0.5,0.5)",1000,22,Gaffke,0.0582722671227067,1.842730885295
"Beta(0.5,0.5)",3000,22,Gaffke,0.0335391991543643,1.837017593750353
"Beta(0.5,0.5)",10000,22,Gaffke,0.0182939984628266,1.8293998462826644
"Beta(0.5,0.5)",30000,22,Gaffke,0.0105443802796939,1.8263402378757256
"Beta(0.5,0.5)",100000,22,Gaffke,0.0057623303631073,1.822208857776435
"Beta(0.5,0.5)",300000,22,Gaffke,0.0033281677097111,1.822912529769084
"Beta(0.5,0.5)",1000,23,Gaffke,0.0583676538209387,1.8457472775439607
"Beta(0.5,0.5)",3000,23,Gaffke,0.033852762395537,1.8541921597898257
"Beta(0.5,0.5)",10000,23,Gaffke,0.0183580292429241,1.8358029242924176
"Beta(0.5,0.5)",30000,23,Gaffke,0.0105614300152642,1.829293338702057
"Beta(0.5,0.5)",100000,23,Gaffke,0.0057783736630436,1.827282194674818
"Beta(0.5,0.5)",300000,23,Gaffke,0.0033285182510477,1.823104529166521
"Beta(0.5,0.5)",1000,24,Gaffke,0.0592143760357434,1.8725229849864145
"Beta(0.5,0.5)",3000,24,Gaffke,0.0336459119911135,1.8428624965366425
"Beta(0.5,0.5)",10000,24,Gaffke,0.0182932894273691,1.829328942736913
"Beta(0.5,0.5)",30000,24,Gaffke,0.0105789437827201,1.832326812208623
"Beta(0.5,0.5)",100000,24,Gaffke,0.0057702780380752,1.8247221332765693
"Beta(0.5,0.5)",300000,24,Gaffke,0.0033310979685595,1.824517498639712
"Beta(0.5,0.5)",1000,25,Gaffke,0.0586055796667639,1.85327115341426
"Beta(0.5,0.5)",3000,25,Gaffke,0.0337343875447189,1.8477085021863893
"Beta(0.5,0.5)",10000,25,Gaffke,0.0182208783894821,1.822087838948211
"Beta(0.5,0.5)",30000,25,Gaffke,0.0105175894018038,1.8216999217072147
"Beta(0.5,0.5)",100000,25,Gaffke,0.0057693292269394,1.8244220928506976
"Beta(0.5,0.5)",300000,25,Gaffke,0.0033304244627968,1.8241486043408623
"Beta(0.5,0.5)",1000,26,Gaffke,0.0585391863325509,1.8511716118386
"Beta(0.5,0.5)",3000,26,Gaffke,0.0335972500372179,1.840197171552557
"Beta(0.5,0.5)",10000,26,Gaffke,0.0183582489069851,1.835824890698512
"Beta(0.5,0.5)",30000,26,Gaffke,0.0105149503198245,1.8212428192998689
"Beta(0.5,0.5)",100000,26,Gaffke,0.0057677678002692,1.8239283263830044
"Beta(0.5,0.5)",300000,26,Gaffke,0.0033298686029589,1.823844147368844
"Beta(0.5,0.5)",1000,27,Gaffke,0.0593117701540664,1.8756028574324584
"Beta(0.5,0.5)",3000,27,Gaffke,0.0341553025413622,1.8707629660317624
"Beta(0.5,0.5)",10000,27,Gaffke,0.0184488934125438,1.84488934125438
"Beta(0.5,0.5)",30000,27,Gaffke,0.0106034732361299,1.836575438167381
"Beta(0.5,0.5)",100000,27,Gaffke,0.0057740239024232,1.825906679591116
"Beta(0.5,0.5)",300000,27,Gaffke,0.0033301503361266,1.823998458979982
"Beta(0.5,0.5)",1000,28,Gaffke,0.0595537072846283,1.883253581263872
"Beta(0.5,0.5)",3000,28,Gaffke,0.0340164449917722,1.8631574248127296
"Beta(0.5,0.5)",10000,28,Gaffke,0.0183913509319465,1.8391350931946548
"Beta(0.5,0.5)",30000,28,Gaffke,0.0105656461973612,1.8300236028626544
"Beta(0.5,0.5)",100000,28,Gaffke,0.0057540710920024,1.8195970469259968
"Beta(0.5,0.5)",300000,28,Gaffke,0.0033281692200593,1.8229133570208824
"Beta(0.5,0.5)",1000,29,Gaffke,0.0589047116753398,1.8627305380958668
"Beta(0.5,0.5)",3000,29,Gaffke,0.0336099342751856,1.8408919158785235
"Beta(0.5,0.5)",10000,29,Gaffke,0.0182168008359649,1.821680083596494
"Beta(0.5,0.5)",30000,29,Gaffke,0.0105295653364616,1.823774214436757
"Beta(0.5,0.5)",100000,29,Gaffke,0.0057664546327325,1.823513066346448
"Beta(0.5,0.5)",300000,29,Gaffke,0.003327965682622,1.822801874975149
"Beta(0.5,0.5)",1000,30,Gaffke,0.0581544755552878,1.8390059888729489
"Beta(0.5,0.5)",3000,30,Gaffke,0.0338779926295361,1.855574076619069
"Beta(0.5,0.5)",10000,30,Gaffke,0.0183411725718109,1.8341172571810949
"Beta(0.5,0.5)",30000,30,Gaffke,0.0105684306233817,1.830505879596401
"Beta(0.5,0.5)",100000,30,Gaffke,0.0057720546887336,1.825283959545258
"Beta(0.5,0.5)",1000,31,Gaffke,0.0578597619102514,1.8296863251144944
"Beta(0.5,0.5)",3000,31,Gaffke,0.0335228181713236,1.8361203703578035
"Beta(0.5,0.5)",10000,31,Gaffke,0.0182572166455826,1.8257216645582608
"Beta(0.5,0.5)",30000,31,Gaffke,0.0105229786232031,1.822633362234899
"Beta(0.5,0.5)",100000,31,Gaffke,0.005759319116346,1.821256617940192
"Beta(0.5,0.5)",1000,32,Gaffke,0.0585452248574213,1.8513625667615807
"Beta(0.5,0.5)",3000,32,Gaffke,0.0335229015565022,1.836124937552132
"Beta(0.5,0.5)",10000,32,Gaffke,0.018276054213225,1.827605421322504
"Beta(0.5,0.5)",30000,32,Gaffke,0.0105400056790654,1.825582534820584
"Beta(0.5,0.5)",100000,32,Gaffke,0.005759164733326,1.821207797742655
"Beta(0.5,0.5)",1000,33,Gaffke,0.0592375019925931,1.8732542919535715
"Beta(0.5,0.5)",3000,33,Gaffke,0.0339225099744139,1.8580123920180505
"Beta(0.5,0.5)",10000,33,Gaffke,0.0183160991073014,1.831609910730148
"Beta(0.5,0.5)",30000,33,Gaffke,0.0105487121165741,1.8270905340323864
"Beta(0.5,0.5)",100000,33,Gaffke,0.0057679633615453,1.8239901682884527
"Beta(0.5,0.5)",1000,34,Gaffke,0.0581912656160384,1.8401693927452267
"Beta(0.5,0.5)",3000,34,Gaffke,0.0333735043241906,1.8279421141355403
"Beta(0.5,0.5)",10000,34,Gaffke,0.0182582897239889,1.8258289723988963
"Beta(0.5,0.5)",30000,34,Gaffke,0.0105397390532916,1.825536353881902
"Beta(0.5,0.5)",100000,34,Gaffke,0.0057714040125759,1.825078197677516
"Beta(0.5,0.5)",1000,35,Gaffke,0.0589260659751896,1.8634058203495016
"Beta(0.5,0.5)",3000,35,Gaffke,0.0339906623790716,1.861745252955974
"Beta(0.5,0.5)",10000,35,Gaffke,0.0184171685809296,1.8417168580929624
"Beta(0.5,0.5)",30000,35,Gaffke,0.0105890880939791,1.834083858459453
"Beta(0.5,0.5)",100000,35,Gaffke,0.0057758567767667,1.826486285350157
"Beta(0.5,0.5)",1000,36,Gaffke,0.05878832726991,1.8590501400430413
"Beta(0.5,0.5)",3000,36,Gaffke,0.03388710716925,1.8560733005193308
"Beta(0.5,0.5)",10000,36,Gaffke,0.0183531221617396,1.835312216173968
"Beta(0.5,0.5)",30000,36,Gaffke,0.0105515139043703,1.8275758179138928
"Beta(0.5,0.5)",100000,36,Gaffke,0.005767736407289,1.8239183990510024
"Beta(0.5,0.5)",1000,37,Gaffke,0.0586083299107658,1.8533581237659311
"Beta(0.5,0.5)",3000,37,Gaffke,0.0337226145029966,1.847063666134215
"Beta(0.5,0.5)",10000,37,Gaffke,0.0183367147778202,1.8336714777820229
"Beta(0.5,0.5)",30000,37,Gaffke,0.0105657005026096,1.8300330088076
"Beta(0.5,0.5)",100000,37,Gaffke,0.005770463241274,1.8247806996703777
"Beta(0.5,0.5)",1000,38,Gaffke,0.0573633158327797,1.813987321711824
"Beta(0.5,0.5)",3000,38,Gaffke,0.0330742243682515,1.8115498758478408
"Beta(0.5,0.5)",10000,38,Gaffke,0.0182013485553167,1.8201348555316743
"Beta(0.5,0.5)",30000,38,Gaffke,0.0105477216260494,1.826918976041065
"Beta(0.5,0.5)",100000,38,Gaffke,0.0057583010201711,1.8209346676611888
"Beta(0.5,0.5)",1000,39,Gaffke,0.0580428938208399,1.8354774646116736
"Beta(0.5,0.5)",3000,39,Gaffke,0.0338514924099316,1.854122599813447
"Beta(0.5,0.5)",10000,39,Gaffke,0.0183004282840424,1.830042828404244
"Beta(0.5,0.5)",30000,39,Gaffke,0.0105335252385256,1.8244600895935568
"Beta(0.5,0.5)",100000,39,Gaffke,0.0057639566541181,1.8227231361496568
"Beta(0.5,0.5)",1000,40,Gaffke,0.0579691415265438,1.833145212285288
"Beta(0.5,0.5)",3000,40,Gaffke,0.0335231474935197,1.836138408077354
"Beta(0.5,0.5)",10000,40,Gaffke,0.0183631098607147,1.836310986071471
"Beta(0.5,0.5)",1000,41,Gaffke,0.0588109607828184,1.8597658745654544
"Beta(0.5,0.5)",3000,41,Gaffke,0.0336705699766674,1.844213070027696
"Beta(0.5,0.5)",10000,41,Gaffke,0.0182876170915605,1.828761709156057
"Beta(0.5,0.5)",1000,42,Gaffke,0.0585265552311833,1.8507721813418183
"Beta(0.5,0.5)",3000,42,Gaffke,0.0334721114202137,1.833343047217737
"Beta(0.5,0.5)",10000,42,Gaffke,0.0183080510652306,1.8308051065230648
"Beta(0.5,0.5)",1000,43,Gaffke,0.0588824351695583,1.862026093130072
"Beta(0.5,0.5)",3000,43,Gaffke,0.0336514491622159,1.8431657798884007
"Beta(0.5,0.5)",10000,43,Gaffke,0.0182590185748616,1.825901857486168
"Beta(0.5,0.5)",1000,44,Gaffke,0.0591898201657948,1.871746460196768
"Beta(0.5,0.5)",3000,44,Gaffke,0.0333385026034815,1.8260249909371573
"Beta(0.5,0.5)",10000,44,Gaffke,0.0182821578462022,1.828215784620224
"Beta(0.5,0.5)",1000,45,Gaffke,0.0587989156077201,1.859384972684192
"Beta(0.5,0.5)",3000,45,Gaffke,0.0339865485848537,1.86151993116697
"Beta(0.5,0.5)",10000,45,Gaffke,0.0183875047503995,1.838750475039952
"Beta(0.5,0.5)",1000,46,Gaffke,0.0595185105454711,1.8821405626443968
"Beta(0.5,0.5)",3000,46,Gaffke,0.0338485844761702,1.8539633257217647
"Beta(0.5,0.5)",10000,46,Gaffke,0.0183756200303428,1.837562003034282
"Beta(0.5,0.5)",1000,47,Gaffke,0.0583711733903814,1.845858576102182
"Beta(0.5,0.5)",3000,47,Gaffke,0.0334001086426861,1.829399292672247
"Beta(0.5,0.5)",10000,47,Gaffke,0.0182872528044134,1.82872528044134
"Beta(0.5,0.5)",1000,48,Gaffke,0.0594820487773922,1.8809875402979344
"Beta(0.5,0.5)",3000,48,Gaffke,0.0338230203921251,1.852563123172417
"Beta(0.5,0.5)",10000,48,Gaffke,0.0183550535318654,1.835505353186545
"Beta(0.5,0.5)",1000,49,Gaffke,0.059944301176784,1.8956052446574927
"Beta(0.5,0.5)",3000,49,Gaffke,0.0336700095261693,1.844182372889677
"Beta(0.5,0.5)",10000,49,Gaffke,0.0182578066811136,1.8257806681113653
Bernoulli(0.1),1000,0,Gaffke,0.0500734384930783,1.5834611591447698
Bernoulli(0.1),3000,0,Gaffke,0.0283800065171967,1.554436975161229
Bernoulli(0.1),10000,0,Gaffke,0.0156025532615471,1.560255326154715
Bernoulli(0.1),30000,0,Gaffke,0.0088990855370717,1.541366829110959
Bernoulli(0.1),100000,0,Gaffke,0.0048789837822431,1.5428701418911248
Bernoulli(0.1),300000,0,Gaffke,0.0028342256629762,1.5523693286721132
Bernoulli(0.1),1000000,0,Gaffke,0.0015488367689024,1.548836768902495
Bernoulli(0.1),1000,1,Gaffke,0.0487589835791447,1.541894445048462
Bernoulli(0.1),3000,1,Gaffke,0.0276932820621227,1.516823527677779
Bernoulli(0.1),10000,1,Gaffke,0.0156638496407049,1.5663849640704928
Bernoulli(0.1),30000,1,Gaffke,0.0090048957050765,1.5596936878051284
Bernoulli(0.1),100000,1,Gaffke,0.0049206522386048,1.5560468647597487
Bernoulli(0.1),300000,1,Gaffke,0.0028318951702961,1.5510928652611142
Bernoulli(0.1),1000000,1,Gaffke,0.0015460919189202,1.5460919189202311
Bernoulli(0.1),1000,2,Gaffke,0.0494231231370947,1.562896381921856
Bernoulli(0.1),3000,2,Gaffke,0.0294826857082512,1.6148332018244382
Bernoulli(0.1),10000,2,Gaffke,0.0152902407462955,1.5290240746295525
Bernoulli(0.1),30000,2,Gaffke,0.0089720401632489,1.554002941029578
Bernoulli(0.1),100000,2,Gaffke,0.0049204366475183,1.55597868887211
Bernoulli(0.1),300000,2,Gaffke,0.0028270998840055,1.5484663787900703
Bernoulli(0.1),1000000,2,Gaffke,0.0015483638256542,1.548363825654292
Bernoulli(0.1),1000,3,Gaffke,0.0525467552215885,1.661674301515657
Bernoulli(0.1),3000,3,Gaffke,0.0292032293964241,1.599526749241951
Bernoulli(0.1),10000,3,Gaffke,0.015650261043771,1.565026104377107
Bernoulli(0.1),30000,3,Gaffke,0.0089680847595143,1.5533178450062954
Bernoulli(0.1),100000,3,Gaffke,0.004898802114158,1.5491372487187722
Bernoulli(0.1),300000,3,Gaffke,0.002829436570889,1.5497462349059896
Bernoulli(0.1),1000000,3,Gaffke,0.0015483295456158,1.5483295456158317
Bernoulli(0.1),1000,4,Gaffke,0.0494231231370947,1.562896381921856
Bernoulli(0.1),3000,4,Gaffke,0.0280399051233838,1.5358088546382027
Bernoulli(0.1),10000,4,Gaffke,0.0155751879302996,1.5575187930299674
Bernoulli(0.1),30000,4,Gaffke,0.008916413633759,1.5443681434970429
Bernoulli(0.1),100000,4,Gaffke,0.0048658477463862,1.5387161626177766
Bernoulli(0.1),300000,4,Gaffke,0.0028150346460923,1.5418579758233315
Bernoulli(0.1),1000000,4,Gaffke,0.0015450743907314,1.5450743907314406
Bernoulli(0.1),1000,5,Gaffke,0.0521480008000783,1.649064579525305
Bernoulli(0.1),3000,5,Gaffke,0.029757854552588,1.6299048201410269
Bernoulli(0.1),10000,5,Gaffke,0.016043460494832,1.6043460494832018
Bernoulli(0.1),30000,5,Gaffke,0.0090440742439298,1.5664796097911504
Bernoulli(0.1),100000,5,Gaffke,0.0049197897850249,1.5557741329908836
Bernoulli(0.1),300000,5,Gaffke,0.0028300619560071,1.5500887724422905
Bernoulli(0.1),1000000,5,Gaffke,0.0015501447522549,1.5501447522549423
Bernoulli(0.1),1000,6,Gaffke,0.0511280329402539,1.6168103637531817
Bernoulli(0.1),3000,6,Gaffke,0.0293634508895893,1.608302441842323
Bernoulli(0.1),10000,6,Gaffke,0.0157180178685881,1.5718017868588132
Bernoulli(0.1),30000,6,Gaffke,0.0090933170406483,1.5750087123734755
Bernoulli(0.1),100000,6,Gaffke,0.0049081233138896,1.5520848708864707
Bernoulli(0.1),300000,6,Gaffke,0.0028347246630631,1.5526426422759223
Bernoulli(0.1),1000000,6,Gaffke,0.0015484735137995,1.5484735137995531
Bernoulli(0.1),1000,7,Gaffke,0.0494231231370947,1.562896381921856
Bernoulli(0.1),3000,7,Gaffke,0.0274732200330757,1.5047702339418396
Bernoulli(0.1),10000,7,Gaffke,0.0153884648272455,1.5388464827245567
Bernoulli(0.1),30000,7,Gaffke,0.0089746755774247,1.5544594081547216
Bernoulli(0.1),100000,7,Gaffke,0.0049193584689828,1.555637738882446
Bernoulli(0.1),300000,7,Gaffke,0.0028248019765888,1.5472077630628724
Bernoulli(0.1),1000000,7,Gaffke,0.0015475819452968,1.5475819452968471
Bernoulli(0.1),1000,8,Gaffke,0.0469157590926982,1.4836065688868108
Bernoulli(0.1),3000,8,Gaffke,0.0281255324474597,1.54049885633172
Bernoulli(0.1),10000,8,Gaffke,0.0156841975552148,1.5684197555214858
Bernoulli(0.1),30000,8,Gaffke,0.0090009630123655,1.5590125254465328
Bernoulli(0.1),100000,8,Gaffke,0.0048846589848008,1.5446647985176447
Bernoulli(0.1),300000,8,Gaffke,0.0028183941932298,1.5436980755735403
Bernoulli(0.1),1000000,8,Gaffke,0.001548151270251,1.548151270251097
Bernoulli(0.1),1000,9,Gaffke,0.0487589835791447,1.541894445048462
Bernoulli(0.1),3000,9,Gaffke,0.0279538702762627,1.5310965319882297
Bernoulli(0.1),10000,9,Gaffke,0.0152194795014926,1.521947950149269
Bernoulli(0.1),30000,9,Gaffke,0.0087953587082759,1.52340081535273
Bernoulli(0.1),100000,9,Gaffke,0.0048767982683511,1.5421790217154543
Bernoulli(0.1),300000,9,Gaffke,0.0028161271843556,1.542456383675103
Bernoulli(0.1),1000000,9,Gaffke,0.0015431878216237,1.5431878216237012
Bernoulli(0.1),1000,10,Gaffke,0.0504995714602667,1.5969366667687814
Bernoulli(0.1),3000,10,Gaffke,0.0287138206992834,1.5727207309156326
Bernoulli(0.1),10000,10,Gaffke,0.0157987170210571,1.5798717021057131
Bernoulli(0.1),30000,10,Gaffke,0.0089970276075023,1.558330893329392
Bernoulli(0.1),100000,10,Gaffke,0.0049208678148245,1.5561150359461269
Bernoulli(0.1),300000,10,Gaffke,0.0028380893101194,1.5544855353666955
Bernoulli(0.1),1000000,10,Gaffke,0.0015453426247436,1.545342624743609
Bernoulli(0.1),1000,11,Gaffke,0.0507104721277411,1.6036059314614708
Bernoulli(0.1),3000,11,Gaffke,0.0279106988403781,1.5287319350608413
Bernoulli(0.1),10000,11,Gaffke,0.0149750401110431,1.4975040111043114
Bernoulli(0.1),30000,11,Gaffke,0.0089137511908222,1.5439069948531683
Bernoulli(0.1),100000,11,Gaffke,0.0048792022497036,1.5429392273681226
Bernoulli(0.1),300000,11,Gaffke,0.0028284772261219,1.5492207801366555
Bernoulli(0.1),1000000,11,Gaffke,0.0015466208949276,1.5466208949276723
Bernoulli(0.1),1000,12,Gaffke,0.047619753871553,1.5058688385072896
Bernoulli(0.1),3000,12,Gaffke,0.0280399051233838,1.5358088546382027
Bernoulli(0.1),10000,12,Gaffke,0.0155820363676021,1.5582036367602163
Bernoulli(0.1),30000,12,Gaffke,0.0089297072684747,1.546670668571539
Bernoulli(0.1),100000,12,Gaffke,0.0049040080697427,1.5507835164233017
Bernoulli(0.1),300000,12,Gaffke,0.0028215799860282,1.545443006152784
Bernoulli(0.1),1000000,12,Gaffke,0.0015464010950937,1.546401095093755
Bernoulli(0.1),1000,13,Gaffke,0.0487589835791447,1.541894445048462
Bernoulli(0.1),3000,13,Gaffke,0.0288374253116174,1.5794908343543348
Bernoulli(0.1),10000,13,Gaffke,0.0153884648272455,1.5388464827245567
Bernoulli(0.1),30000,13,Gaffke,0.0089812587949361,1.5555996548754314
Bernoulli(0.1),100000,13,Gaffke,0.0049128815770022,1.5535895658006913
Bernoulli(0.1),300000,13,Gaffke,0.0028209097596038,1.5450759080214882
Bernoulli(0.1),1000000,13,Gaffke,0.0015457414023872,1.5457414023872378
Bernoulli(0.1),1000,14,Gaffke,0.0515400562946732,1.6298396862446594
Bernoulli(0.1),3000,14,Gaffke,0.0289193598774989,1.5839785753515985
Bernoulli(0.1),10000,14,Gaffke,0.0155888800643927,1.5588880064392727
Bernoulli(0.1),30000,14,Gaffke,0.0090336529179497,1.5646745831831876
Bernoulli(0.1),100000,14,Gaffke,0.0049102870584671,1.5527691070004566
Bernoulli(0.1),300000,14,Gaffke,0.0028298535183693,1.5499746064462403
Bernoulli(0.1),1000000,14,Gaffke,0.0015474241225451,1.5474241225451602
Bernoulli(0.1),1000,15,Gaffke,0.0531353741594876,1.68028806669236
Bernoulli(0.1),3000,15,Gaffke,0.028796317881954,1.5772392877035617
Bernoulli(0.1),10000,15,Gaffke,0.0157584499231091,1.575844992310914
Bernoulli(0.1),30000,15,Gaffke,0.0089628066215896,1.5524036447008072
Bernoulli(0.1),100000,15,Gaffke,0.0049223764322028,1.5565921026494358
Bernoulli(0.1),300000,15,Gaffke,0.0028282686054457,1.5491065138863278
Bernoulli(0.1),1000000,15,Gaffke,0.0015462843065648,1.5462843065648102
Bernoulli(0.1),1000,16,Gaffke,0.0485344318916468,1.5347934971991863
Bernoulli(0.1),3000,16,Gaffke,0.0287551164809293,1.5749825940293598
Bernoulli(0.1),10000,16,Gaffke,0.0156638496407049,1.5663849640704928
Bernoulli(0.1),30000,16,Gaffke,0.008909755198699,1.5432148687147689
Bernoulli(0.1),100000,16,Gaffke,0.0048765796329887,1.5421098831432445
Bernoulli(0.1),300000,16,Gaffke,0.002823170777697,1.5463143186340595
Bernoulli(0.1),1000000,16,Gaffke,0.0015464010950937,1.546401095093755
Bernoulli(0.1),1000,17,Gaffke,0.0483082567865047,1.5276412123764145
Bernoulli(0.1),3000,17,Gaffke,0.0278240455254045,1.5239857375314745
Bernoulli(0.1),10000,17,Gaffke,0.0156025532615471,1.560255326154715
Bernoulli(0.1),30000,17,Gaffke,0.0089930894869149,1.557648790835024
Bernoulli(0.1),100000,17,Gaffke,0.0048872748412001,1.5454920049430063
Bernoulli(0.1),300000,17,Gaffke,0.0028306454534035,1.5504083671285367
Bernoulli(0.1),1000000,17,Gaffke,0.0015461606330889,1.546160633088947
Bernoulli(0.1),1000,18,Gaffke,0.0469157590926982,1.4836065688868108
Bernoulli(0.1),3000,18,Gaffke,0.0278240455254045,1.5239857375314745
Bernoulli(0.1),10000,18,Gaffke,0.015513337627495,1.5513337627495083
Bernoulli(0.1),30000,18,Gaffke,0.00890842258004,1.5429840523923175
Bernoulli(0.1),100000,18,Gaffke,0.0048877106047093,1.545629805464052
Bernoulli(0.1),300000,18,Gaffke,0.0028183522374291,1.5436750954350893
Bernoulli(0.1),1000000,18,Gaffke,0.0015463530073718,1.5463530073718394
Bernoulli(0.1),1000,19,Gaffke,0.0504995714602667,1.5969366667687814
Bernoulli(0.1),3000,19,Gaffke,0.0282107560036081,1.545166742745045
Bernoulli(0.1),10000,19,Gaffke,0.015311370929343,1.5311370929343024
Bernoulli(0.1),30000,19,Gaffke,0.0089190748365484,1.544829077341093
Bernoulli(0.1),100000,19,Gaffke,0.0048885819496813,1.545905348937976
Bernoulli(0.1),300000,19,Gaffke,0.002827767817455,1.5488322210072551
Bernoulli(0.1),1000000,19,Gaffke,0.0015481101252166,1.548110125216634
Bernoulli(0.1),1000,20,Gaffke,0.0531353741594876,1.68028806669236
Bernoulli(0.1),3000,20,Gaffke,0.0290821189998939,1.5928932596291514
Bernoulli(0.1),10000,20,Gaffke,0.0158388204285305,1.5838820428530576
Bernoulli(0.1),30000,20,Gaffke,0.0089865199079248,1.556510906375502
Bernoulli(0.1),100000,20,Gaffke,0.0049007553631597,1.5497549202870349
Bernoulli(0.1),300000,20,Gaffke,0.0028248019765888,1.5472077630628724
Bernoulli(0.1),1000,21,Gaffke,0.0513347282589807,1.6233466436418926
Bernoulli(0.1),3000,21,Gaffke,0.0291629498228933,1.5973205461389968
Bernoulli(0.1),10000,21,Gaffke,0.0157247680539396,1.5724768053939655
Bernoulli(0.1),30000,21,Gaffke,0.0089562020804984,1.55125970462774
Bernoulli(0.1),100000,21,Gaffke,0.0048861851668142,1.545147419646266
Bernoulli(0.1),300000,21,Gaffke,0.0028203650174482,1.5447775404548845
Bernoulli(0.1),1000,22,Gaffke,0.0509199533567474,1.6102303095685817
Bernoulli(0.1),3000,22,Gaffke,0.0284640406739069,1.5590397154843385
Bernoulli(0.1),10000,22,Gaffke,0.0156093827744266,1.560938277442668
Bernoulli(0.1),30000,22,Gaffke,0.0088803655594191,1.5381244338698712
Bernoulli(0.1),100000,22,Gaffke,0.0048800759670512,1.54321552105307
Bernoulli(0.1),300000,22,Gaffke,0.0028233381479699,1.5464059911079853
Bernoulli(0.1),1000,23,Gaffke,0.0502872331352549,1.5902219393529566
Bernoulli(0.1),3000,23,Gaffke,0.0280827694896046,1.538156632667428
Bernoulli(0.1),10000,23,Gaffke,0.0152831873232877,1.528318732328776
Bernoulli(0.1),30000,23,Gaffke,0.0088803655594191,1.5381244338698712
Bernoulli(0.1),100000,23,Gaffke,0.0048746112270456,1.5414874185292555
Bernoulli(0.1),300000,23,Gaffke,0.0028176808120446,1.5433073406063555
Bernoulli(0.1),1000,24,Gaffke,0.0489819346383127,1.548944776585642
Bernoulli(0.1),3000,24,Gaffke,0.028796317881954,1.5772392877035617
Bernoulli(0.1),10000,24,Gaffke,0.0157382545952644,1.573825459526443
Bernoulli(0.1),30000,24,Gaffke,0.009110066038959,1.5779097239784745
Bernoulli(0.1),100000,24,Gaffke,0.0049193584689828,1.555637738882446
Bernoulli(0.1),300000,24,Gaffke,0.0028420689340386,1.5566652651576562
Bernoulli(0.1),1000,25,Gaffke,0.0507104721277411,1.6036059314614708
Bernoulli(0.1),3000,25,Gaffke,0.0292032293964241,1.599526749241951
Bernoulli(0.1),10000,25,Gaffke,0.0155888800643927,1.5588880064392727
Bernoulli(0.1),30000,25,Gaffke,0.0089707219998018,1.553774628423262
Bernoulli(0.1),100000,25,Gaffke,0.004897064868188,1.54858788330665
Bernoulli(0.1),300000,25,Gaffke,0.0028189814721492,1.544019741485257
Bernoulli(0.1),1000,26,Gaffke,0.0511280329402539,1.6168103637531817
Bernoulli(0.1),3000,26,Gaffke,0.0284640406739069,1.5590397154843385
Bernoulli(0.1),10000,26,Gaffke,0.0153464880311698,1.5346488031169865
Bernoulli(0.1),30000,26,Gaffke,0.0088373454160469,1.5306731264629247
Bernoulli(0.1),100000,26,Gaffke,0.0048546386066276,1.535171521392955
Bernoulli(0.1),300000,26,Gaffke,0.002808718607629,1.5383985390829076
Bernoulli(0.1),1000,27,Gaffke,0.0511280329402539,1.6168103637531817
Bernoulli(0.1),3000,27,Gaffke,0.0285893629279007,1.565903898031317
Bernoulli(0.1),10000,27,Gaffke,0.0157718905547023,1.5771890554702392
Bernoulli(0.1),30000,27,Gaffke,0.0089878344288119,1.5567385880719062
Bernoulli(0.1),100000,27,Gaffke,0.004896413152104,1.5483817925853156
Bernoulli(0.1),300000,27,Gaffke,0.0028296867509315,1.549883264158698
Bernoulli(0.1),1000,28,Gaffke,0.0515400562946732,1.6298396862446594
Bernoulli(0.1),3000,28,Gaffke,0.0290821189998939,1.5928932596291514
Bernoulli(0.1),10000,28,Gaffke,0.0153184043182409,1.5318404318240983
Bernoulli(0.1),30000,28,Gaffke,0.0089017548208165,1.5418291626175409
Bernoulli(0.1),100000,28,Gaffke,0.0048968476445815,1.5485191911708387
Bernoulli(0.1),300000,28,Gaffke,0.0028170931100474,1.542985442965387
Bernoulli(0.1),1000,29,Gaffke,0.0466775281983048,1.476073046533791
Bernoulli(0.1),3000,29,Gaffke,0.0279969388774163,1.5334554964254274
Bernoulli(0.1),10000,29,Gaffke,0.0157247680539396,1.5724768053939655
Bernoulli(0.1),30000,29,Gaffke,0.0090101350826181,1.5606011746153512
Bernoulli(0.1),100000,29,Gaffke,0.0048818226701982,1.5437678770871524
Bernoulli(0.1),300000,29,Gaffke,0.0028278512917668,1.5488779417708438
Bernoulli(0.1),1000,30,Gaffke,0.0461955486299724,1.460831514317837
Bernoulli(0.1),3000,30,Gaffke,0.0275174471313671,1.5071926518805607
Bernoulli(0.1),10000,30,Gaffke,0.015533997402051,1.553399740205104
Bernoulli(0.1),30000,30,Gaffke,0.009028435105216,1.56377083150727
Bernoulli(0.1),100000,30,Gaffke,0.0048829138647234,1.5441129430941274
Bernoulli(0.1),1000,31,Gaffke,0.0473868447708377,1.4985036060468708
Bernoulli(0.1),3000,31,Gaffke,0.0282107560036081,1.545166742745045
Bernoulli(0.1),10000,31,Gaffke,0.0155477466498121,1.5547746649812164
Bernoulli(0.1),30000,31,Gaffke,0.0090153696533216,1.5615078288567652
Bernoulli(0.1),100000,31,Gaffke,0.0048940223640479,1.5476257590193423
Bernoulli(0.1),1000,32,Gaffke,0.0523480219763723,1.6553898044988558
Bernoulli(0.1),3000,32,Gaffke,0.0282955794835688,1.5498127160831054
Bernoulli(0.1),10000,32,Gaffke,0.0154233100489027,1.5423310048902712
Bernoulli(0.1),30000,32,Gaffke,0.008961486324372,1.5521749625146126
Bernoulli(0.1),100000,32,Gaffke,0.0049236689535247,1.5570008337796033
Bernoulli(0.1),1000,33,Gaffke,0.0483082567865047,1.5276412123764145
Bernoulli(0.1),3000,33,Gaffke,0.0279969388774163,1.5334554964254274
Bernoulli(0.1),10000,33,Gaffke,0.015409386675083,1.5409386675083
Bernoulli(0.1),30000,33,Gaffke,0.0088776862645162,1.5376603663798576
Bernoulli(0.1),100000,33,Gaffke,0.0048616764820175,1.537397093005013
Bernoulli(0.1),1000,34,Gaffke,0.0480804348702087,1.5204368508124178
Bernoulli(0.1),3000,34,Gaffke,0.0269338840427965,1.475229585146809
Bernoulli(0.1),10000,34,Gaffke,0.0155820363676021,1.5582036367602163
Bernoulli(0.1),30000,34,Gaffke,0.0089336893339275,1.5473603825398743
Bernoulli(0.1),100000,34,Gaffke,0.0049089889914043,1.5523586221530397
Bernoulli(0.1),1000,35,Gaffke,0.049641403324667,1.5697990075300303
Bernoulli(0.1),3000,35,Gaffke,0.0285893629279007,1.565903898031317
Bernoulli(0.1),10000,35,Gaffke,0.0158254707364599,1.5825470736459943
Bernoulli(0.1),30000,35,Gaffke,0.008885720384256,1.5390519167381962
Bernoulli(0.1),100000,35,Gaffke,0.0048833502360028,1.54425093580898
Bernoulli(0.1),1000,36,Gaffke,0.0492033072759614,1.5559451940517326
Bernoulli(0.1),3000,36,Gaffke,0.0289193598774989,1.5839785753515985
Bernoulli(0.1),10000,36,Gaffke,0.0156366537332615,1.5636653733261563
Bernoulli(0.1),30000,36,Gaffke,0.0088964150058937,1.5409042795426098
Bernoulli(0.1),100000,36,Gaffke,0.0048983678931194,1.548999935969757
Bernoulli(0.1),1000,37,Gaffke,0.0513347282589807,1.6233466436418926
Bernoulli(0.1),3000,37,Gaffke,0.0290415669855117,1.5906721343262076
Bernoulli(0.1),10000,37,Gaffke,0.0158854025147994,1.5885402514799405
Bernoulli(0.1),30000,37,Gaffke,0.0090232125149211,1.5628662523334778
Bernoulli(0.1),100000,37,Gaffke,0.0048985850111738,1.549068594727087
Bernoulli(0.1),1000,38,Gaffke,0.0485344318916468,1.5347934971991863
Bernoulli(0.1),3000,38,Gaffke,0.0289601878159432,1.586214813637837
Bernoulli(0.1),10000,38,Gaffke,0.0156706369368941,1.5670636936894162
Bernoulli(0.1),30000,38,Gaffke,0.0089891486470205,1.5569662173428578
Bernoulli(0.1),100000,38,Gaffke,0.0049072573966468,1.5518110438112471
Bernoulli(0.1),1000,39,Gaffke,0.0487589835791447,1.541894445048462
Bernoulli(0.1),3000,39,Gaffke,0.0275615663622431,1.5096091616776184
Bernoulli(0.1),10000,39,Gaffke,0.0154372138652815,1.5437213865281545
Bernoulli(0.1),30000,39,Gaffke,0.0089852050842272,1.5562831722307784
Bernoulli(0.1),100000,39,Gaffke,0.0049070408798633,1.5517425751924774
Bernoulli(0.1),1000,40,Gaffke,0.0540919713632848,1.7105383263658325
Bernoulli(0.1),3000,40,Gaffke,0.0289193598774989,1.5839785753515985
Bernoulli(0.1),10000,40,Gaffke,0.0154233100489027,1.5423310048902712
Bernoulli(0.1),1000,41,Gaffke,0.0492033072759614,1.5559451940517326
Bernoulli(0.1),3000,41,Gaffke,0.0286724301244303,1.570453675764114
Bernoulli(0.1),10000,41,Gaffke,0.015533997402051,1.553399740205104
Bernoulli(0.1),1000,42,Gaffke,0.0519466765249197,1.6426981469474675
Bernoulli(0.1),3000,42,Gaffke,0.0286724301244303,1.570453675764114
Bernoulli(0.1),10000,42,Gaffke,0.015744990963159,1.5744990963159051
Bernoulli(0.1),1000,43,Gaffke,0.0519466765249197,1.6426981469474675
Bernoulli(0.1),3000,43,Gaffke,0.0289193598774989,1.5839785753515985
Bernoulli(0.1),10000,43,Gaffke,0.0153605000783298,1.53605000783298
Bernoulli(0.1),1000,44,Gaffke,0.0498581684184531,1.5766537216658685
Bernoulli(0.1),3000,44,Gaffke,0.0282955794835688,1.5498127160831054
Bernoulli(0.1),10000,44,Gaffke,0.0156366537332615,1.5636653733261563
Bernoulli(0.1),1000,45,Gaffke,0.0494231231370947,1.562896381921856
Bernoulli(0.1),3000,45,Gaffke,0.0284640406739069,1.5590397154843385
Bernoulli(0.1),10000,45,Gaffke,0.015513337627495,1.5513337627495083
Bernoulli(0.1),1000,46,Gaffke,0.0485344318916468,1.5347934971991863
Bernoulli(0.1),3000,46,Gaffke,0.0277805626662412,1.5216040832486195
Bernoulli(0.1),10000,46,Gaffke,0.015629843045047,1.5629843045047012
Bernoulli(0.1),1000,47,Gaffke,0.0504995714602667,1.5969366667687814
Bernoulli(0.1),3000,47,Gaffke,0.0289601878159432,1.586214813637837
Bernoulli(0.1),10000,47,Gaffke,0.0153814810412144,1.5381481041214409
Bernoulli(0.1),1000,48,Gaffke,0.0507104721277411,1.6036059314614708
Bernoulli(0.1),3000,48,Gaffke,0.0282532175248127,1.5474924560440193
Bernoulli(0.1),10000,48,Gaffke,0.0159052990663018,1.5905299066301837
Bernoulli(0.1),1000,49,Gaffke,0.0509199533567474,1.6102303095685817
Bernoulli(0.1),3000,49,Gaffke,0.0288784391758922,1.58173725621771
Bernoulli(0.1),10000,49,Gaffke,0.015527115603994,1.5527115603994055
"Beta(50,50)",1000,0,Gaffke,0.009507042378649,0.3006390772827603
"Beta(50,50)",3000,0,Gaffke,0.0050766763096354,0.2780610131939406
"Beta(50,50)",10000,0,Gaffke,0.0026768510537558,0.2676851053755813
"Beta(50,50)",30000,0,Gaffke,0.0015172610149694,0.2627973166270535
"Beta(50,50)",100000,0,Gaffke,0.0008229261996853,0.2602321137232167
"Beta(50,50)",300000,0,Gaffke,0.0004714840220829,0.2582424343980753
"Beta(50,50)",1000000,0,Gaffke,0.0002576096552152,0.2576096552152074
"Beta(50,50)",1000,1,Gaffke,0.0098500896740054,0.3114871852676255
"Beta(50,50)",3000,1,Gaffke,0.0051073408891922,0.2797405813879111
"Beta(50,50)",10000,1,Gaffke,0.002669875033502,0.2669875033502022
"Beta(50,50)",30000,1,Gaffke,0.0015149363209199,0.2623946678064778
"Beta(50,50)",100000,1,Gaffke,0.0008204287467471,0.2594423497598448
"Beta(50,50)",300000,1,Gaffke,0.0004712144012626,0.2580947569928343
"Beta(50,50)",1000000,1,Gaffke,0.0002575271278041,0.2575271278041913
"Beta(50,50)",1000,2,Gaffke,0.0094078410019749,0.2975020543096148
"Beta(50,50)",3000,2,Gaffke,0.0050045690002277,0.27411153320158
"Beta(50,50)",10000,2,Gaffke,0.002669009985848,0.2669009985848014
"Beta(50,50)",30000,2,Gaffke,0.001515965427112,0.2625729142275873
"Beta(50,50)",100000,2,Gaffke,0.0008202563450069,0.259387831542696
"Beta(50,50)",300000,2,Gaffke,0.000471264960876,0.2581224496335839
"Beta(50,50)",1000000,2,Gaffke,0.0002571274877432,0.2571274877432028
"Beta(50,50)",1000,3,Gaffke,0.0097732908644011,0.3090585936682347
"Beta(50,50)",3000,3,Gaffke,0.0050698179502378,0.2776853653789882
"Beta(50,50)",10000,3,Gaffke,0.0026797118608001,0.2679711860800127
"Beta(50,50)",30000,3,Gaffke,0.0015136210259912,0.2621668520421342
"Beta(50,50)",100000,3,Gaffke,0.0008201009625961,0.259338695310042
"Beta(50,50)",300000,3,Gaffke,0.0004707066358229,0.257816642407592
"Beta(50,50)",1000000,3,Gaffke,0.0002575775411899,0.2575775411899905
"Beta(50,50)",1000,4,Gaffke,0.0101533983663947,0.3210786482884034
"Beta(50,50)",3000,4,Gaffke,0.0052168339958775,0.2857377658301932
"Beta(50,50)",10000,4,Gaffke,0.0026999719510839,0.2699971951083901
"Beta(50,50)",30000,4,Gaffke,0.0015202388623959,0.2633130949310574
"Beta(50,50)",100000,4,Gaffke,0.0008231305218079,0.2602967260515975
"Beta(50,50)",300000,4,Gaffke,0.0004714918404683,0.2582467167041436
"Beta(50,50)",1000000,4,Gaffke,0.0002576958365692,0.257695836569205
"Beta(50,50)",1000,5,Gaffke,0.0097297763809386,0.3076825448787619
"Beta(50,50)",3000,5,Gaffke,0.0050907222855255,0.2788303429776593
"Beta(50,50)",10000,5,Gaffke,0.002679603851755,0.267960385175503
"Beta(50,50)",30000,5,Gaffke,0.0015226704400878,0.2637342565415337
"Beta(50,50)",100000,5,Gaffke,0.0008209111421268,0.2595948965731033
"Beta(50,50)",300000,5,Gaffke,0.0004709968049605,0.2579755745897815
"Beta(50,50)",1000000,5,Gaffke,0.000257234745529,0.2572347455290225
"Beta(50,50)",1000,6,Gaffke,0.0092776207146652,0.2933841272550116
"Beta(50,50)",3000,6,Gaffke,0.0050388227976819,0.2759876909561677
"Beta(50,50)",10000,6,Gaffke,0.0026605794872626,0.2660579487262615
"Beta(50,50)",30000,6,Gaffke,0.0015125794194374,0.2619864404948687
"Beta(50,50)",100000,6,Gaffke,0.0008180143058535,0.2586788365098802
"Beta(50,50)",300000,6,Gaffke,0.0004707505550618,0.2578406979654528
"Beta(50,50)",1000000,6,Gaffke,0.0002571522809885,0.2571522809885485
"Beta(50,50)",1000,7,Gaffke,0.0096516908259743,0.3052132628183091
"Beta(50,50)",3000,7,Gaffke,0.0050527817693043,0.2767522553198856
"Beta(50,50)",10000,7,Gaffke,0.0026841241311855,0.2684124131185517
"Beta(50,50)",30000,7,Gaffke,0.001517882595369,0.2629049775103623
"Beta(50,50)",100000,7,Gaffke,0.0008223223243452,0.2600411515734574
"Beta(50,50)",300000,7,Gaffke,0.0004721535296059,0.2586091387708595
"Beta(50,50)",1000000,7,Gaffke,0.0002572658102613,0.257265810261309
"Beta(50,50)",1000,8,Gaffke,0.0094140043396937,0.2976969561614171
"Beta(50,50)",3000,8,Gaffke,0.0049849752822607,0.2730383410699908
"Beta(50,50)",10000,8,Gaffke,0.0026644115847681,0.26644115847681
"Beta(50,50)",30000,8,Gaffke,0.0015165666554577,0.2626770500317707
"Beta(50,50)",100000,8,Gaffke,0.000821797146882,0.2598750758775123
"Beta(50,50)",300000,8,Gaffke,0.0004720153571496,0.2585334585997432
"Beta(50,50)",1000000,8,Gaffke,0.0002575027074246,0.2575027074246394
"Beta(50,50)",1000,9,Gaffke,0.0100792599461471,0.3187341855873113
"Beta(50,50)",3000,9,Gaffke,0.0051290436997555,0.2809292932785889
"Beta(50,50)",10000,9,Gaffke,0.0026823736732021,0.2682373673202176
"Beta(50,50)",30000,9,Gaffke,0.0015182537136223,0.2629692570774043
"Beta(50,50)",100000,9,Gaffke,0.0008231092714449,0.2602900060967711
"Beta(50,50)",300000,9,Gaffke,0.0004726322575883,0.2588713488857109
"Beta(50,50)",1000000,9,Gaffke,0.0002576061957894,0.257606195789406
"Beta(50,50)",1000,10,Gaffke,0.0100627759761365,0.318212916686156
"Beta(50,50)",3000,10,Gaffke,0.0051435932336829,0.281726204071907
"Beta(50,50)",10000,10,Gaffke,0.0026632201822811,0.2663220182281101
"Beta(50,50)",30000,10,Gaffke,0.0015154288927075,0.2624799837427242
"Beta(50,50)",100000,10,Gaffke,0.0008193967934051,0.2591160174598702
"Beta(50,50)",300000,10,Gaffke,0.0004711852637184,0.2580787977025998
"Beta(50,50)",1000000,10,Gaffke,0.0002572436615822,0.2572436615822515
"Beta(50,50)",1000,11,Gaffke,0.0094974893126077,0.300336982809474
"Beta(50,50)",3000,11,Gaffke,0.005137245238479,0.2813785100550969
"Beta(50,50)",10000,11,Gaffke,0.0026667277514092,0.2666727751409248
"Beta(50,50)",30000,11,Gaffke,0.0015136210346576,0.2621668535432085
"Beta(50,50)",100000,11,Gaffke,0.000817576581155,0.258540415806347
"Beta(50,50)",300000,11,Gaffke,0.0004713358646204,0.2581612852138205
"Beta(50,50)",1000000,11,Gaffke,0.0002575603215168,0.2575603215168587
"Beta(50,50)",1000,12,Gaffke,0.0097944736782722,0.3097284530590752
"Beta(50,50)",3000,12,Gaffke,0.0051798229957558,0.2837105898659475
"Beta(50,50)",10000,12,Gaffke,0.0026724232954573,0.2672423295457304
"Beta(50,50)",30000,12,Gaffke,0.0015169498689183,0.2627434245501471
"Beta(50,50)",100000,12,Gaffke,0.0008194954893365,0.2591472278537629
"Beta(50,50)",300000,12,Gaffke,0.0004716817972828,0.2583507603363972
"Beta(50,50)",1000000,12,Gaffke,0.0002572415277949,0.257241527794938
"Beta(50,50)",1000,13,Gaffke,0.0098320977575454,0.3109182309127743
"Beta(50,50)",3000,13,Gaffke,0.0051244679291273,0.2806786679994835
"Beta(50,50)",10000,13,Gaffke,0.0026808691591868,0.268086915918686
"Beta(50,50)",30000,13,Gaffke,0.0015143879622752,0.262299689303146
"Beta(50,50)",100000,13,Gaffke,0.0008195453144055,0.2591629839240467
"Beta(50,50)",300000,13,Gaffke,0.0004712499900929,0.2581142497979997
"Beta(50,50)",1000000,13,Gaffke,0.0002572877327036,0.2572877327036149
"Beta(50,50)",1000,14,Gaffke,0.0095893526531433,0.3032419567051165
"Beta(50,50)",3000,14,Gaffke,0.0050715380040683,0.2777795766072958
"Beta(50,50)",10000,14,Gaffke,0.0026535518390752,0.265355183907523
"Beta(50,50)",30000,14,Gaffke,0.0015158710160491,0.2625565617518209
"Beta(50,50)",100000,14,Gaffke,0.0008208769485642,0.2595840836191925
"Beta(50,50)",300000,14,Gaffke,0.0004707082317896,0.2578175165545808
"Beta(50,50)",1000000,14,Gaffke,0.0002572585234901,0.2572585234901225
"Beta(50,50)",1000,15,Gaffke,0.0095618664967188,0.3023727681208636
"Beta(50,50)",3000,15,Gaffke,0.0050893134109301,0.2787531757379979
"Beta(50,50)",10000,15,Gaffke,0.00270085038086,0.2700850380860042
"Beta(50,50)",30000,15,Gaffke,0.0015224477562359,0.2636956865669894
"Beta(50,50)",100000,15,Gaffke,0.0008226241341094,0.2601365922009814
"Beta(50,50)",300000,15,Gaffke,0.0004720581451569,0.2585568945565038
"Beta(50,50)",1000000,15,Gaffke,0.0002570418268565,0.2570418268565411
"Beta(50,50)",1000,16,Gaffke,0.0097527787555611,0.308409943832759
"Beta(50,50)",3000,16,Gaffke,0.0050588120751982,0.2770825487765608
"Beta(50,50)",10000,16,Gaffke,0.002673389137358,0.2673389137358095
"Beta(50,50)",30000,16,Gaffke,0.0015229975151632,0.2637909076063841
"Beta(50,50)",100000,16,Gaffke,0.0008213121606794,0.2597217097741193
"Beta(50,50)",300000,16,Gaffke,0.0004716861845341,0.2583531633329216
"Beta(50,50)",1000000,16,Gaffke,0.0002574417239016,0.2574417239016302
"Beta(50,50)",1000,17,Gaffke,0.009834575609473,0.3109965874707359
"Beta(50,50)",3000,17,Gaffke,0.0051632543516658,0.2828030878544108
"Beta(50,50)",10000,17,Gaffke,0.0026991142061694,0.2699114206169473
"Beta(50,50)",30000,17,Gaffke,0.0015280547039082,0.2646668383913637
"Beta(50,50)",100000,17,Gaffke,0.0008226301321271,0.2601384889407172
"Beta(50,50)",300000,17,Gaffke,0.0004719635953956,0.2585051075194342
"Beta(50,50)",1000000,17,Gaffke,0.0002574603511615,0.2574603511615314
"Beta(50,50)",1000,18,Gaffke,0.0095217680695929,0.3011047445177831
"Beta(50,50)",3000,18,Gaffke,0.0050449722545421,0.2763245105800428
"Beta(50,50)",10000,18,Gaffke,0.0026526578876927,0.2652657887692755
"Beta(50,50)",30000,18,Gaffke,0.0015101703845986,0.2615691834210621
"Beta(50,50)",100000,18,Gaffke,0.0008223229624724,0.2600413533670019
"Beta(50,50)",300000,18,Gaffke,0.0004710266413619,0.2579919166598354
"Beta(50,50)",1000000,18,Gaffke,0.000257143914001,0.2571439140010012
"Beta(50,50)",1000,19,Gaffke,0.0097385596536735,0.3079602963502894
"Beta(50,50)",3000,19,Gaffke,0.0051462683506759,0.281872726264015
"Beta(50,50)",10000,19,Gaffke,0.0026826251119481,0.2682625111948111
"Beta(50,50)",30000,19,Gaffke,0.0015206372638046,0.2633821000792244
"Beta(50,50)",100000,19,Gaffke,0.0008218300735993,0.2598854882197654
"Beta(50,50)",300000,19,Gaffke,0.0004723402514393,0.2587114105310131
"Beta(50,50)",1000000,19,Gaffke,0.0002575609065394,0.2575609065394446
"Beta(50,50)",1000,20,Gaffke,0.0096655665958743,0.3056520531900305
"Beta(50,50)",3000,20,Gaffke,0.0050504542846026,0.2766247737325491
"Beta(50,50)",10000,20,Gaffke,0.0026771444834523,0.2677144483452354
"Beta(50,50)",30000,20,Gaffke,0.0015200753503958,0.2632847738218742
"Beta(50,50)",100000,20,Gaffke,0.000823894455973,0.2605383032460089
"Beta(50,50)",300000,20,Gaffke,0.0004722743237171,0.2586753004303546
"Beta(50,50)",1000,21,Gaffke,0.0095707871483087,0.302654863893233
"Beta(50,50)",3000,21,Gaffke,0.0051248583778515,0.2807000537568621
"Beta(50,50)",10000,21,Gaffke,0.002684854749124,0.2684854749124055
"Beta(50,50)",30000,21,Gaffke,0.0015138391057938,0.2622046245719558
"Beta(50,50)",100000,21,Gaffke,0.0008221593140185,0.2599896031820308
"Beta(50,50)",300000,21,Gaffke,0.0004720196344837,0.2585358013920842
"Beta(50,50)",1000,22,Gaffke,0.0093601289582953,0.2959932670111235
"Beta(50,50)",3000,22,Gaffke,0.0050971983741509,0.2791850529601106
"Beta(50,50)",10000,22,Gaffke,0.0026889312494636,0.2688931249463622
"Beta(50,50)",30000,22,Gaffke,0.0015261467793,0.2643363761555335
"Beta(50,50)",100000,22,Gaffke,0.0008227436229524,0.260174377890863
"Beta(50,50)",300000,22,Gaffke,0.0004711320040134,0.2580496261607763
"Beta(50,50)",1000,23,Gaffke,0.0097117294181527,0.3071118498062463
"Beta(50,50)",3000,23,Gaffke,0.005030569286846,0.2755356275498248
"Beta(50,50)",10000,23,Gaffke,0.0026819298010675,0.2681929801067573
"Beta(50,50)",30000,23,Gaffke,0.0015191875320323,0.263130999170528
"Beta(50,50)",100000,23,Gaffke,0.0008242554792346,0.2606524688255109
"Beta(50,50)",300000,23,Gaffke,0.0004718971151107,0.2584686947677715
"Beta(50,50)",1000,24,Gaffke,0.0095551042200149,0.3021589261553382
"Beta(50,50)",3000,24,Gaffke,0.005074401058428,0.2779363925529131
"Beta(50,50)",10000,24,Gaffke,0.0026638385776814,0.2663838577681487
"Beta(50,50)",30000,24,Gaffke,0.0015093451049693,0.2614262407962219
"Beta(50,50)",100000,24,Gaffke,0.0008184674224337,0.2588221245538
"Beta(50,50)",300000,24,Gaffke,0.0004706079385742,0.2577625836981418
"Beta(50,50)",1000,25,Gaffke,0.0097673920714614,0.3088720574568824
"Beta(50,50)",3000,25,Gaffke,0.0050830372694306,0.2784094173106635
"Beta(50,50)",10000,25,Gaffke,0.0026751508566761,0.2675150856676134
"Beta(50,50)",30000,25,Gaffke,0.0015071425340265,0.2610447443182014
"Beta(50,50)",100000,25,Gaffke,0.0008189817308966,0.2589847631700405
"Beta(50,50)",300000,25,Gaffke,0.0004707960396148,0.257865610881156
"Beta(50,50)",1000,26,Gaffke,0.0097539944761337,0.3084483882928347
"Beta(50,50)",3000,26,Gaffke,0.0050508783739181,0.2766480020609986
"Beta(50,50)",10000,26,Gaffke,0.0026642631259201,0.2664263125920107
"Beta(50,50)",30000,26,Gaffke,0.0015131133367661,0.2620789176889005
"Beta(50,50)",100000,26,Gaffke,0.0008190154570474,0.2589954283153871
"Beta(50,50)",300000,26,Gaffke,0.0004709196455613,0.2579333126463143
"Beta(50,50)",1000,27,Gaffke,0.0096048844920245,0.3037331165762683
"Beta(50,50)",3000,27,Gaffke,0.0050942813203994,0.2790252793459958
"Beta(50,50)",10000,27,Gaffke,0.0026793841597181,0.2679384159718134
"Beta(50,50)",30000,27,Gaffke,0.0015220537686568,0.2636274459165312
"Beta(50,50)",100000,27,Gaffke,0.000818994114564,0.2589886792295253
"Beta(50,50)",300000,27,Gaffke,0.0004713694980172,0.2581797069839582
"Beta(50,50)",1000,28,Gaffke,0.0095792632230027,0.3029229009097409
"Beta(50,50)",3000,28,Gaffke,0.0051151107885492,0.2801661563026437
"Beta(50,50)",10000,28,Gaffke,0.0026776963501538,0.2677696350153802
"Beta(50,50)",30000,28,Gaffke,0.0015246695141769,0.2640805063305846
"Beta(50,50)",100000,28,Gaffke,0.0008222198599958,0.2600087495011697
"Beta(50,50)",300000,28,Gaffke,0.0004722224661031,0.258646896845399
"Beta(50,50)",1000,29,Gaffke,0.0095181390498729,0.3009899848378942
"Beta(50,50)",3000,29,Gaffke,0.0050665014662441,0.2775037140694892
"Beta(50,50)",10000,29,Gaffke,0.0026597315296195,0.2659731529619513
"Beta(50,50)",30000,29,Gaffke,0.0015132468092231,0.2621020357965899
"Beta(50,50)",100000,29,Gaffke,0.0008196957951229,0.259210570105117
"Beta(50,50)",300000,29,Gaffke,0.0004715840171389,0.2582972039458928
"Beta(50,50)",1000,30,Gaffke,0.0099357269896927,0.314195274970374
"Beta(50,50)",3000,30,Gaffke,0.0051818649222345,0.2838224307852615
"Beta(50,50)",10000,30,Gaffke,0.002679076401459,0.267907640145909
"Beta(50,50)",30000,30,Gaffke,0.0015170011769868,0.2627523113682979
"Beta(50,50)",100000,30,Gaffke,0.0008211431053388,0.2596682497814408
"Beta(50,50)",1000,31,Gaffke,0.0098154911192681,0.3103930829004282
"Beta(50,50)",3000,31,Gaffke,0.0051128962377287,0.2800448603587307
"Beta(50,50)",10000,31,Gaffke,0.0026924620166799,0.2692462016679942
"Beta(50,50)",30000,31,Gaffke,0.0015192151848645,0.2631357887815608
"Beta(50,50)",100000,31,Gaffke,0.0008241995286729,0.2606347757043647
"Beta(50,50)",1000,32,Gaffke,0.0098475873800854,0.3114080557860029
"Beta(50,50)",3000,32,Gaffke,0.0051339940889992,0.2812004372643092
"Beta(50,50)",10000,32,Gaffke,0.0026487856441722,0.2648785644172202
"Beta(50,50)",30000,32,Gaffke,0.0015130066254266,0.2620604347427366
"Beta(50,50)",100000,32,Gaffke,0.0008225031185104,0.2600983237084432
"Beta(50,50)",1000,33,Gaffke,0.0095642103423426,0.3024468870274142
"Beta(50,50)",3000,33,Gaffke,0.0050473815350022,0.2764564723055771
"Beta(50,50)",10000,33,Gaffke,0.0026635081935829,0.2663508193582964
"Beta(50,50)",30000,33,Gaffke,0.0015098937499455,0.2615212688936363
"Beta(50,50)",100000,33,Gaffke,0.0008213206726424,0.259724401493153
"Beta(50,50)",1000,34,Gaffke,0.0097696123889747,0.3089422700615917
"Beta(50,50)",3000,34,Gaffke,0.0051499838222171,0.282076231021501
"Beta(50,50)",10000,34,Gaffke,0.0026968009802567,0.2696800980256708
"Beta(50,50)",30000,34,Gaffke,0.0015198675035943,0.2632487736998272
"Beta(50,50)",100000,34,Gaffke,0.0008182974722401,0.2587683815837134
"Beta(50,50)",1000,35,Gaffke,0.0094787703204354,0.2997450363018001
"Beta(50,50)",3000,35,Gaffke,0.0050604156294669,0.277170379061073
"Beta(50,50)",10000,35,Gaffke,0.0026698911995308,0.2669891199530816
"Beta(50,50)",30000,35,Gaffke,0.0015140215023751,0.2622362165865468
"Beta(50,50)",100000,35,Gaffke,0.0008213299656128,0.2597273401884376
"Beta(50,50)",1000,36,Gaffke,0.0095660356058662,0.3025046069280603
"Beta(50,50)",3000,36,Gaffke,0.0051128714142112,0.2800435007186866
"Beta(50,50)",10000,36,Gaffke,0.0026723105742182,0.2672310574218239
"Beta(50,50)",30000,36,Gaffke,0.001513850536534,0.2622066044342428
"Beta(50,50)",100000,36,Gaffke,0.0008237558561122,0.2604944741216721
"Beta(50,50)",1000,37,Gaffke,0.0099228187328148,0.3137870800468058
"Beta(50,50)",3000,37,Gaffke,0.0051330456737948,0.2811484904241716
"Beta(50,50)",10000,37,Gaffke,0.0026548579167349,0.265485791673492
"Beta(50,50)",30000,37,Gaffke,0.0015112707243705,0.2617597678601252
"Beta(50,50)",100000,37,Gaffke,0.0008197468889562,0.2592267273938885
"Beta(50,50)",1000,38,Gaffke,0.009436190162996,0.2983985334954292
"Beta(50,50)",3000,38,Gaffke,0.0050852202191204,0.2785289823893632
"Beta(50,50)",10000,38,Gaffke,0.002668824415123,0.2668824415123005
"Beta(50,50)",30000,38,Gaffke,0.0015222247805446,0.263657066044371
"Beta(50,50)",100000,38,Gaffke,0.0008192958081752,0.259084083126218
"Beta(50,50)",1000,39,Gaffke,0.0093639012216401,0.2961125564521606
"Beta(50,50)",3000,39,Gaffke,0.005102541136212,0.2794776880901354
"Beta(50,50)",10000,39,Gaffke,0.0026792673674944,0.2679267367494464
"Beta(50,50)",30000,39,Gaffke,0.0015114539589254,0.2617915050160072
"Beta(50,50)",100000,39,Gaffke,0.0008195301092777,0.2591581756404255
"Beta(50,50)",1000,40,Gaffke,0.0099090665256437,0.313352197071656
"Beta(50,50)",3000,40,Gaffke,0.0052658930849745,0.2884248428051029
"Beta(50,50)",10000,40,Gaffke,0.0027043333537454,0.2704333353745425
"Beta(50,50)",1000,41,Gaffke,0.0094585573382207,0.2991058456807703
"Beta(50,50)",3000,41,Gaffke,0.0050811600355775,0.2783065969779587
"Beta(50,50)",10000,41,Gaffke,0.0026582561213546,0.2658256121354674
"Beta(50,50)",1000,42,Gaffke,0.0097363251270236,0.3078896344132297
"Beta(50,50)",3000,42,Gaffke,0.0050914752529567,0.2788715847023749
"Beta(50,50)",10000,42,Gaffke,0.0026685484836862,0.266854848368625
"Beta(50,50)",1000,43,Gaffke,0.0098130586760837,0.3103161622930124
"Beta(50,50)",3000,43,Gaffke,0.0051190059799071,0.2803795047198991
"Beta(50,50)",10000,43,Gaffke,0.0026793802014268,0.2679380201426828
"Beta(50,50)",1000,44,Gaffke,0.0097251038785435,0.3075347873793523
"Beta(50,50)",3000,44,Gaffke,0.0050870728379726,0.2786304545029419
"Beta(50,50)",10000,44,Gaffke,0.0026865720116744,0.2686572011674493
"Beta(50,50)",1000,45,Gaffke,0.0097483964093997,0.308271361879104
"Beta(50,50)",3000,45,Gaffke,0.0051525491626197,0.2822167405021196
"Beta(50,50)",10000,45,Gaffke,0.0026737105839213,0.2673710583921351
"Beta(50,50)",1000,46,Gaffke,0.0096952934689044,0.306592099454928
"Beta(50,50)",3000,46,Gaffke,0.0050795943699189,0.278220841938085
"Beta(50,50)",10000,46,Gaffke,0.0026728717487637,0.2672871748763739
"Beta(50,50)",1000,47,Gaffke,0.0097710187051425,0.3089867416835956
"Beta(50,50)",3000,47,Gaffke,0.0052097469579868,0.2853495927783329
"Beta(50,50)",10000,47,Gaffke,0.0026976077167562,0.26976077167562
"Beta(50,50)",1000,48,Gaffke,0.0097068710026966,0.3069582132196378
"Beta(50,50)",3000,48,Gaffke,0.0050827907419253,0.2783959144430907
"Beta(50,50)",10000,48,Gaffke,0.0026824110893569,0.2682411089356962
"Beta(50,50)",1000,49,Gaffke,0.0100968409606173,0.3192901460803331
"Beta(50,50)",3000,49,Gaffke,0.005170929444887,0.283223470023231
"Beta(50,50)",10000,49,Gaffke,0.0026793269398799,0.2679326939879933
"Beta(20,80)",1000,0,Gaffke,0.0087094890970519,0.2754182280308758
"Beta(20,80)",3000,0,Gaffke,0.0042982670599092,0.2354257826893714
"Beta(20,80)",10000,0,Gaffke,0.0021912662310624,0.2191266231062472
"Beta(20,80)",30000,0,Gaffke,0.0012247430364604,0.2121317165365626
"Beta(20,80)",100000,0,Gaffke,0.0006599003305952,0.2086788073378957
"Beta(20,80)",300000,0,Gaffke,0.0003781387278596,0.2071151111150134
"Beta(20,80)",1000000,0,Gaffke,0.0002062271672284,0.206227167228401
"Beta(20,80)",1000,1,Gaffke,0.0087051474152783,0.2752809319980719
"Beta(20,80)",3000,1,Gaffke,0.0042527636199187,0.232933456636684
"Beta(20,80)",10000,1,Gaffke,0.0021703316530151,0.2170331653015111
"Beta(20,80)",30000,1,Gaffke,0.0012217141034337,0.2116070899470659
"Beta(20,80)",100000,1,Gaffke,0.0006575231091501,0.2079270639109988
"Beta(20,80)",300000,1,Gaffke,0.0003782765228999,0.2071905845668952
"Beta(20,80)",1000000,1,Gaffke,0.0002060219963444,0.2060219963444243
"Beta(20,80)",1000,2,Gaffke,0.008596136786275,0.2718337132298928
"Beta(20,80)",3000,2,Gaffke,0.0043193594950169,0.2365810629394885
"Beta(20,80)",10000,2,Gaffke,0.0021856767888259,0.2185676788825918
"Beta(20,80)",30000,2,Gaffke,0.0012181365476914,0.2109874391158199
"Beta(20,80)",100000,2,Gaffke,0.0006563868941273,0.2075677611726271
"Beta(20,80)",300000,2,Gaffke,0.0003768206164029,0.2063931517369004
"Beta(20,80)",1000000,2,Gaffke,0.0002060269597321,0.2060269597321251
"Beta(20,80)",1000,3,Gaffke,0.0086328695733997,0.2729953059510921
"Beta(20,80)",3000,3,Gaffke,0.0043389394908275,0.2376535034776203
"Beta(20,80)",10000,3,Gaffke,0.0021690020190371,0.2169002019037164
"Beta(20,80)",30000,3,Gaffke,0.0012151338119307,0.2104673500258859
"Beta(20,80)",100000,3,Gaffke,0.0006605563666697,0.2088862641601589
"Beta(20,80)",300000,3,Gaffke,0.0003782344390395,0.2071675342872795
"Beta(20,80)",1000000,3,Gaffke,0.0002061299955605,0.2061299955605222
"Beta(20,80)",1000,4,Gaffke,0.0087425721849385,0.2764644071284051
"Beta(20,80)",3000,4,Gaffke,0.0043164062528811,0.2364193072059357
"Beta(20,80)",10000,4,Gaffke,0.0021945882833085,0.219458828330854
"Beta(20,80)",30000,4,Gaffke,0.0012233382251601,0.2118883960818482
"Beta(20,80)",100000,4,Gaffke,0.0006592783367333,0.2084821156084835
"Beta(20,80)",300000,4,Gaffke,0.0003781463619733,0.2071192924913403
"Beta(20,80)",1000000,4,Gaffke,0.0002061718263815,0.2061718263815515
"Beta(20,80)",1000,5,Gaffke,0.0086748704766752,0.274323491132442
"Beta(20,80)",3000,5,Gaffke,0.0042700106874369,0.2338781174297348
"Beta(20,80)",10000,5,Gaffke,0.0021633796682649,0.2163379668264908
"Beta(20,80)",30000,5,Gaffke,0.0012205109124496,0.2113986911554998
"Beta(20,80)",100000,5,Gaffke,0.0006561969130652,0.2075076838857812
"Beta(20,80)",300000,5,Gaffke,0.0003774217465788,0.2067224042942154
"Beta(20,80)",1000000,5,Gaffke,0.0002059750107293,0.2059750107293867
"Beta(20,80)",1000,6,Gaffke,0.0087032075464414,0.275219587959207
"Beta(20,80)",3000,6,Gaffke,0.0042845848004505,0.2346763744750535
"Beta(20,80)",10000,6,Gaffke,0.0021727178837,0.217271788370002
"Beta(20,80)",30000,6,Gaffke,0.0012194038859207,0.2112069485361633
"Beta(20,80)",100000,6,Gaffke,0.0006566534448471,0.2076520519112714
"Beta(20,80)",300000,6,Gaffke,0.0003760606529778,0.2059769026261059
"Beta(20,80)",1000000,6,Gaffke,0.000205839466609,0.2058394666090979
"Beta(20,80)",1000,7,Gaffke,0.0085028657574765,0.2688842243227887
"Beta(20,80)",3000,7,Gaffke,0.0041522653936496,0.2274289420849955
"Beta(20,80)",10000,7,Gaffke,0.002177709164112,0.2177709164112057
"Beta(20,80)",30000,7,Gaffke,0.0012177039035603,0.210912502954153
"Beta(20,80)",100000,7,Gaffke,0.000658736363359,0.208310728579091
"Beta(20,80)",300000,7,Gaffke,0.0003785994734591,0.2073674718731647
"Beta(20,80)",1000000,7,Gaffke,0.0002060356215825,0.2060356215825565
"Beta(20,80)",1000,8,Gaffke,0.0084839677540048,0.2682866169807858
"Beta(20,80)",3000,8,Gaffke,0.0042452809063029,0.2325236115328095
"Beta(20,80)",10000,8,Gaffke,0.0021788899209427,0.2178889920942728
"Beta(20,80)",30000,8,Gaffke,0.0012241629275592,0.2120312387274884
"Beta(20,80)",100000,8,Gaffke,0.0006592317925103,0.2084673970328133
"Beta(20,80)",300000,8,Gaffke,0.000377972003117,0.2070237922125998
"Beta(20,80)",1000000,8,Gaffke,0.0002059936006472,0.2059936006472973
"Beta(20,80)",1000,9,Gaffke,0.0086251578946961,0.2727514412582255
"Beta(20,80)",3000,9,Gaffke,0.0042890535081636,0.2349211356767877
"Beta(20,80)",10000,9,Gaffke,0.0021670606741199,0.216706067411998
"Beta(20,80)",30000,9,Gaffke,0.0012149549097834,0.2104363632650216
"Beta(20,80)",100000,9,Gaffke,0.0006580736590243,0.2081011630677859
"Beta(20,80)",300000,9,Gaffke,0.0003776790077706,0.2068633120521469
"Beta(20,80)",1000000,9,Gaffke,0.0002060734579255,0.2060734579255041
"Beta(20,80)",1000,10,Gaffke,0.0087956202844148,0.2781419353272903
"Beta(20,80)",3000,10,Gaffke,0.0043253955142336,0.2369116693277436
"Beta(20,80)",10000,10,Gaffke,0.0021920348182485,0.2192034818248506
"Beta(20,80)",30000,10,Gaffke,0.0012228748712813,0.2118081408358479
"Beta(20,80)",100000,10,Gaffke,0.0006588767022938,0.2083551076469212
"Beta(20,80)",300000,10,Gaffke,0.0003781862392091,0.2071411341529141
"Beta(20,80)",1000000,10,Gaffke,0.0002061773160117,0.2061773160117186
"Beta(20,80)",1000,11,Gaffke,0.008722155667334,0.2758187801532151
"Beta(20,80)",3000,11,Gaffke,0.0042917535067059,0.2350690206874725
"Beta(20,80)",10000,11,Gaffke,0.0021911835685594,0.2191183568559435
"Beta(20,80)",30000,11,Gaffke,0.0012160005388111,0.2106174715252006
"Beta(20,80)",100000,11,Gaffke,0.0006577022620197,0.2079837170227351
"Beta(20,80)",300000,11,Gaffke,0.0003772951481971,0.2066530635048177
"Beta(20,80)",1000000,11,Gaffke,0.000205864572813,0.205864572813047
"Beta(20,80)",1000,12,Gaffke,0.0084770671427247,0.2680684004918588
"Beta(20,80)",3000,12,Gaffke,0.0042070111061836,0.2304274882531549
"Beta(20,80)",10000,12,Gaffke,0.0021553538445862,0.2155353844586233
"Beta(20,80)",30000,12,Gaffke,0.0012218705987063,0.2116341957233998
"Beta(20,80)",100000,12,Gaffke,0.0006603454179529,0.208819556318701
"Beta(20,80)",300000,12,Gaffke,0.0003787146626532,0.2074305635931236
"Beta(20,80)",1000000,12,Gaffke,0.0002063851213061,0.2063851213061074
"Beta(20,80)",1000,13,Gaffke,0.0086371734893956,0.2731314077251429
"Beta(20,80)",3000,13,Gaffke,0.0043081626268039,0.2359677852101232
"Beta(20,80)",10000,13,Gaffke,0.0021869715460114,0.2186971546011412
"Beta(20,80)",30000,13,Gaffke,0.001228203621142,0.2127311073858181
"Beta(20,80)",100000,13,Gaffke,0.000659752283798,0.2086319908299743
"Beta(20,80)",300000,13,Gaffke,0.0003776001157373,0.2068201011058885
"Beta(20,80)",1000000,13,Gaffke,0.0002059467008702,0.2059467008702631
"Beta(20,80)",1000,14,Gaffke,0.0089307236608522,0.2824142792185036
"Beta(20,80)",3000,14,Gaffke,0.0044044567135885,0.2412420295587504
"Beta(20,80)",10000,14,Gaffke,0.002214277041102,0.2214277041102025
"Beta(20,80)",30000,14,Gaffke,0.0012358005994345,0.2140469426244791
"Beta(20,80)",100000,14,Gaffke,0.0006594216385441,0.2085274316199722
"Beta(20,80)",300000,14,Gaffke,0.0003777307369405,0.2068916452854081
"Beta(20,80)",1000000,14,Gaffke,0.0002058904608943,0.205890460894309
"Beta(20,80)",1000,15,Gaffke,0.0087891496717995,0.277937316590078
"Beta(20,80)",3000,15,Gaffke,0.0043595273340489,0.2387811460918973
"Beta(20,80)",10000,15,Gaffke,0.0021811757318737,0.2181175731873791
"Beta(20,80)",30000,15,Gaffke,0.0012196069646908,0.2112421228109347
"Beta(20,80)",100000,15,Gaffke,0.0006590899222418,0.2084225337147573
"Beta(20,80)",300000,15,Gaffke,0.0003784980463104,0.2073119179358893
"Beta(20,80)",1000000,15,Gaffke,0.0002063745329149,0.206374532914999
"Beta(20,80)",1000,16,Gaffke,0.0085465590559132,0.2702659277382424
"Beta(20,80)",3000,16,Gaffke,0.0042540296276875,0.2330027987379765
"Beta(20,80)",10000,16,Gaffke,0.0021681614763228,0.2168161476322844
"Beta(20,80)",30000,16,Gaffke,0.001217071865696,0.2108030307848118
"Beta(20,80)",100000,16,Gaffke,0.000659101756945,0.2084262761764908
"Beta(20,80)",300000,16,Gaffke,0.0003773619060995,0.2066896283138846
"Beta(20,80)",1000000,16,Gaffke,0.0002059244292079,0.2059244292079709
"Beta(20,80)",1000,17,Gaffke,0.0087622276115425,0.2770859662929145
"Beta(20,80)",3000,17,Gaffke,0.0042957810254248,0.2352896169727867
"Beta(20,80)",10000,17,Gaffke,0.0021644546682725,0.216445466827253
"Beta(20,80)",30000,17,Gaffke,0.0012225056339389,0.2117441870521542
"Beta(20,80)",100000,17,Gaffke,0.0006594490176944,0.2085360896675008
"Beta(20,80)",300000,17,Gaffke,0.0003775866616889,0.2068127320201188
"Beta(20,80)",1000000,17,Gaffke,0.0002060992952969,0.2060992952969964
"Beta(20,80)",1000,18,Gaffke,0.0088362985259292,0.2794282942712498
"Beta(20,80)",3000,18,Gaffke,0.0043109207133728,0.2361188518330546
"Beta(20,80)",10000,18,Gaffke,0.0021749586432915,0.2174958643291563
"Beta(20,80)",30000,18,Gaffke,0.001216562402975,0.2107147892530863
"Beta(20,80)",100000,18,Gaffke,0.000658425879877,0.2082125450811817
"Beta(20,80)",300000,18,Gaffke,0.0003775854561904,0.2068120717413785
"Beta(20,80)",1000000,18,Gaffke,0.0002062774759142,0.2062774759142294
"Beta(20,80)",1000,19,Gaffke,0.0087820424647106,0.2777125669680462
"Beta(20,80)",3000,19,Gaffke,0.0042986332659577,0.2354458406207149
"Beta(20,80)",10000,19,Gaffke,0.002170021789617,0.2170021789617088
"Beta(20,80)",30000,19,Gaffke,0.0012232834691707,0.2118789120662902
"Beta(20,80)",100000,19,Gaffke,0.000658345684967,0.2081871852239495
"Beta(20,80)",300000,19,Gaffke,0.0003777838169226,0.206920718388913
"Beta(20,80)",1000000,19,Gaffke,0.0002060651781477,0.2060651781477518
"Beta(20,80)",1000,20,Gaffke,0.0086485206493092,0.2734902364281544
"Beta(20,80)",3000,20,Gaffke,0.004210374264102,0.2306116959987928
"Beta(20,80)",10000,20,Gaffke,0.0021733946781306,0.2173394678130602
"Beta(20,80)",30000,20,Gaffke,0.0012235891737495,0.2119318616525425
"Beta(20,80)",100000,20,Gaffke,0.0006596367905584,0.2085954686608309
"Beta(20,80)",300000,20,Gaffke,0.000377997690241,0.2070378616298581
"Beta(20,80)",1000,21,Gaffke,0.0087234027592354,0.2758582166618161
"Beta(20,80)",3000,21,Gaffke,0.0043427942661763,0.2378646382188907
"Beta(20,80)",10000,21,Gaffke,0.0021733222406922,0.2173322240692277
"Beta(20,80)",30000,21,Gaffke,0.0012136919992567,0.2102176207452538
"Beta(20,80)",100000,21,Gaffke,0.0006574315201809,0.2078981009358899
"Beta(20,80)",300000,21,Gaffke,0.0003775291581762,0.2067812360490459
"Beta(20,80)",1000,22,Gaffke,0.0086128368247346,0.2723618148153386
"Beta(20,80)",3000,22,Gaffke,0.0042475361121619,0.2326471342448889
"Beta(20,80)",10000,22,Gaffke,0.0021860241943476,0.2186024194347657
"Beta(20,80)",30000,22,Gaffke,0.0012252171222871,0.2122138306104631
"Beta(20,80)",100000,22,Gaffke,0.0006595556352976,0.2085698051139846
"Beta(20,80)",300000,22,Gaffke,0.0003784388117798,0.2072794738472889
"Beta(20,80)",1000,23,Gaffke,0.0084013168956863,0.265672967352241
"Beta(20,80)",3000,23,Gaffke,0.004211392275419,0.2306674547750027
"Beta(20,80)",10000,23,Gaffke,0.0021809764023468,0.2180976402346851
"Beta(20,80)",30000,23,Gaffke,0.0012197655203261,0.211269585452554
"Beta(20,80)",100000,23,Gaffke,0.0006610357995933,0.2090378741625562
"Beta(20,80)",300000,23,Gaffke,0.0003774941772355,0.2067620761987724
"Beta(20,80)",1000,24,Gaffke,0.0088079406783863,0.278531540393496
"Beta(20,80)",3000,24,Gaffke,0.0043414919507089,0.2377933074630388
"Beta(20,80)",10000,24,Gaffke,0.0021959190480519,0.2195919048051914
"Beta(20,80)",30000,24,Gaffke,0.0012226609893015,0.2117710953902653
"Beta(20,80)",100000,24,Gaffke,0.0006610787930062,0.2090514698734663
"Beta(20,80)",300000,24,Gaffke,0.0003779842402786,0.2070304947820574
"Beta(20,80)",1000,25,Gaffke,0.0088527248517157,0.2799477403019826
"Beta(20,80)",3000,25,Gaffke,0.0042845591640918,0.2346749703138597
"Beta(20,80)",10000,25,Gaffke,0.0021831843129277,0.2183184312927744
"Beta(20,80)",30000,25,Gaffke,0.0012187671067333,0.2110966551455841
"Beta(20,80)",100000,25,Gaffke,0.0006560226898046,0.2074525896532771
"Beta(20,80)",300000,25,Gaffke,0.0003776891921388,0.2068688902603493
"Beta(20,80)",1000,26,Gaffke,0.0085545241788374,0.2705178070410801
"Beta(20,80)",3000,26,Gaffke,0.0042615689340869,0.2334157435562678
"Beta(20,80)",10000,26,Gaffke,0.0021816508114944,0.2181650811494434
"Beta(20,80)",30000,26,Gaffke,0.0012183541309214,0.2110251256367414
"Beta(20,80)",100000,26,Gaffke,0.0006567845789771,0.2076935201642672
"Beta(20,80)",300000,26,Gaffke,0.0003774678614236,0.2067476624349656
"Beta(20,80)",1000,27,Gaffke,0.0086373332747711,0.2731364605823779
"Beta(20,80)",3000,27,Gaffke,0.0042798494424516,0.2344170082356652
"Beta(20,80)",10000,27,Gaffke,0.0021663586852725,0.2166358685272568
"Beta(20,80)",30000,27,Gaffke,0.0012202418395777,0.2113520863669928
"Beta(20,80)",100000,27,Gaffke,0.0006588875607608,0.2083585413956788
"Beta(20,80)",300000,27,Gaffke,0.0003775250287374,0.2067789742622855
"Beta(20,80)",1000,28,Gaffke,0.0089917840086867,0.2843451769572938
"Beta(20,80)",3000,28,Gaffke,0.0043041707167202,0.2357491392900881
"Beta(20,80)",10000,28,Gaffke,0.0021614354841122,0.2161435484112295
"Beta(20,80)",30000,28,Gaffke,0.0012217333633315,0.2116104258592176
"Beta(20,80)",100000,28,Gaffke,0.0006589710977518,0.2083849581117461
"Beta(20,80)",300000,28,Gaffke,0.0003770655787147,0.2065273231207946
"Beta(20,80)",1000,29,Gaffke,0.0087563765073424,0.2769009381319227
"Beta(20,80)",3000,29,Gaffke,0.0042739569556138,0.2340942634395802
"Beta(20,80)",10000,29,Gaffke,0.0021840921281825,0.2184092128182546
"Beta(20,80)",30000,29,Gaffke,0.0012260520402301,0.2123584426402114
"Beta(20,80)",100000,29,Gaffke,0.0006615924458285,0.2092139011579893
"Beta(20,80)",300000,29,Gaffke,0.0003780222421003,0.2070513092370534
"Beta(20,80)",1000,30,Gaffke,0.0085354319523654,0.2699140578285262
"Beta(20,80)",3000,30,Gaffke,0.0042156962957503,0.2309031956773412
"Beta(20,80)",10000,30,Gaffke,0.0021435973533679,0.2143597353367915
"Beta(20,80)",30000,30,Gaffke,0.0012101176227415,0.2095985205722758
"Beta(20,80)",100000,30,Gaffke,0.0006574128430471,0.2078921947075802
"Beta(20,80)",1000,31,Gaffke,0.0086315849959875,0.2729546840465588
"Beta(20,80)",3000,31,Gaffke,0.0042448276472948,0.2324987855144964
"Beta(20,80)",10000,31,Gaffke,0.0021556544075027,0.2155654407502788
"Beta(20,80)",30000,31,Gaffke,0.0012212368010246,0.2115244187447577
"Beta(20,80)",100000,31,Gaffke,0.0006591963269235,0.2084561818295376
"Beta(20,80)",1000,32,Gaffke,0.0087483571872945,0.2766473449655495
"Beta(20,80)",3000,32,Gaffke,0.0043390558032694,0.2376598741724381
"Beta(20,80)",10000,32,Gaffke,0.0021924500563398,0.2192450056339889
"Beta(20,80)",30000,32,Gaffke,0.0012296988065602,0.212990081096919
"Beta(20,80)",100000,32,Gaffke,0.0006588212076621,0.2083375587035054
"Beta(20,80)",1000,33,Gaffke,0.0087048846708658,0.2752726232902119
"Beta(20,80)",3000,33,Gaffke,0.0042598505335643,0.2333216228833622
"Beta(20,80)",10000,33,Gaffke,0.0021821741302786,0.2182174130278658
"Beta(20,80)",30000,33,Gaffke,0.001223175853929,0.2118602725596482
"Beta(20,80)",100000,33,Gaffke,0.0006622705917547,0.2094283497292535
"Beta(20,80)",1000,34,Gaffke,0.00867578486882,0.2743524067509663
"Beta(20,80)",3000,34,Gaffke,0.0042672639569408,0.2337276728045274
"Beta(20,80)",10000,34,Gaffke,0.0021791708954497,0.2179170895449778
"Beta(20,80)",30000,34,Gaffke,0.0012240880767612,0.2120182741889706
"Beta(20,80)",100000,34,Gaffke,0.000659066224559,0.2084150398494693
"Beta(20,80)",1000,35,Gaffke,0.0086757311935625,0.274350709390287
"Beta(20,80)",3000,35,Gaffke,0.0042848493192946,0.2346908627688353
"Beta(20,80)",10000,35,Gaffke,0.0021834401676214,0.2183440167621425
"Beta(20,80)",30000,35,Gaffke,0.0012224992925361,0.2117430886889571
"Beta(20,80)",100000,35,Gaffke,0.0006593063781764,0.2084909830913947
"Beta(20,80)",1000,36,Gaffke,0.0086231059302523,0.2726865524450253
"Beta(20,80)",3000,36,Gaffke,0.0043134130946783,0.2362553651793476
"Beta(20,80)",10000,36,Gaffke,0.0021891739756717,0.2189173975671726
"Beta(20,80)",30000,36,Gaffke,0.0012302702147483,0.2130890518982839
"Beta(20,80)",100000,36,Gaffke,0.0006597944856619,0.2086453362311059
"Beta(20,80)",1000,37,Gaffke,0.0088577187052344,0.2801056598161854
"Beta(20,80)",3000,37,Gaffke,0.0043216309115837,0.2367054735486047
"Beta(20,80)",10000,37,Gaffke,0.0021934680885404,0.2193468088540401
"Beta(20,80)",30000,37,Gaffke,0.0012229188840253,0.2118157640667324
"Beta(20,80)",100000,37,Gaffke,0.0006608282843745,0.2089722520884961
"Beta(20,80)",1000,38,Gaffke,0.0086678836657027,0.2741025487699023
"Beta(20,80)",3000,38,Gaffke,0.0043086349496461,0.2359936553976329
"Beta(20,80)",10000,38,Gaffke,0.002169918148363,0.2169918148363009
"Beta(20,80)",30000,38,Gaffke,0.0012253595067734,0.2122384923269086
"Beta(20,80)",100000,38,Gaffke,0.0006563415847129,0.2075534330777272
"Beta(20,80)",1000,39,Gaffke,0.0086786072617525,0.2744416586521522
"Beta(20,80)",3000,39,Gaffke,0.004232199988127,0.2318071401370263
"Beta(20,80)",10000,39,Gaffke,0.0021739632487662,0.2173963248766286
"Beta(20,80)",30000,39,Gaffke,0.0012170697028821,0.21080265617447
"Beta(20,80)",100000,39,Gaffke,0.0006578407177862,0.2080275005804558
"Beta(20,80)",1000,40,Gaffke,0.0086159500042611,0.2724602621960271
"Beta(20,80)",3000,40,Gaffke,0.0042779914577298,0.2343152422213039
"Beta(20,80)",10000,40,Gaffke,0.0021946425002575,0.2194642500257582
"Beta(20,80)",1000,41,Gaffke,0.0086305252441856,0.272921171752076
"Beta(20,80)",3000,41,Gaffke,0.0042191568874695,0.2310927400920339
"Beta(20,80)",10000,41,Gaffke,0.0021810161723668,0.2181016172366878
"Beta(20,80)",1000,42,Gaffke,0.0087182888854339,0.275696501773022
"Beta(20,80)",3000,42,Gaffke,0.0042727772889124,0.234029650433312
"Beta(20,80)",10000,42,Gaffke,0.0021389111357912,0.2138911135791232
"Beta(20,80)",1000,43,Gaffke,0.0086263331655587,0.2727886065861609
"Beta(20,80)",3000,43,Gaffke,0.0043494402992824,0.2382286564439029
"Beta(20,80)",10000,43,Gaffke,0.0021721544111778,0.2172154411177851
"Beta(20,80)",1000,44,Gaffke,0.0089284718250137,0.2823430699168385
"Beta(20,80)",3000,44,Gaffke,0.0042586044904483,0.2332533742911353
"Beta(20,80)",10000,44,Gaffke,0.0021848819049674,0.2184881904967434
"Beta(20,80)",1000,45,Gaffke,0.0086919994852055,0.2748651579426047
"Beta(20,80)",3000,45,Gaffke,0.004304494732657,0.2357668863738444
"Beta(20,80)",10000,45,Gaffke,0.002187350690097,0.2187350690097039
"Beta(20,80)",1000,46,Gaffke,0.008782104420049,0.2777145261678722
"Beta(20,80)",3000,46,Gaffke,0.0043745449835724,0.2396036966323684
"Beta(20,80)",10000,46,Gaffke,0.0022098740024142,0.2209874002414291
"Beta(20,80)",1000,47,Gaffke,0.0086440121161339,0.2733476640907534
"Beta(20,80)",3000,47,Gaffke,0.0042603296171121,0.233347863369967
"Beta(20,80)",10000,47,Gaffke,0.0021760615760252,0.217606157602529
"Beta(20,80)",1000,48,Gaffke,0.0085908639375705,0.2716669711132551
"Beta(20,80)",3000,48,Gaffke,0.0042792472052079,0.2343840223433331
"Beta(20,80)",10000,48,Gaffke,0.0021794454673983,0.2179445467398372
"Beta(20,80)",1000,49,Gaffke,0.0089740379225921,0.2837839964411712
"Beta(20,80)",3000,49,Gaffke,0.0043689107253963,0.2392950956025813
"Beta(20,80)",10000,49,Gaffke,0.0021958864994485,0.2195886499448573
"Uniform(0.45,0.55)",1000,0,Gaffke,0.0069008885524601,0.2182252570475654
"Uniform(0.45,0.55)",3000,0,Gaffke,0.0032512440955221,0.1780779731072952
"Uniform(0.45,0.55)",10000,0,Gaffke,0.0016105319292679,0.1610531929267966
"Uniform(0.45,0.55)",30000,0,Gaffke,0.0008991187005465,0.1557319271381917
"Uniform(0.45,0.55)",100000,0,Gaffke,0.0004819022913832,0.1523908850425139
"Uniform(0.45,0.55)",300000,0,Gaffke,0.0002749731952259,0.1506090217344987
"Uniform(0.45,0.55)",1000000,0,Gaffke,0.0001496501862803,0.1496501862803811
"Uniform(0.45,0.55)",1000,1,Gaffke,0.0068840246147551,0.2176919725128936
"Uniform(0.45,0.55)",3000,1,Gaffke,0.0032633159757137,0.1787391772165416
"Uniform(0.45,0.55)",10000,1,Gaffke,0.0016102625795326,0.1610262579532617
"Uniform(0.45,0.55)",30000,1,Gaffke,0.000897965552914,0.1555321961093811
"Uniform(0.45,0.55)",100000,1,Gaffke,0.0004810555286276,0.1521231151479707
"Uniform(0.45,0.55)",300000,1,Gaffke,0.0002752572615839,0.1507646112866295
"Uniform(0.45,0.55)",1000000,1,Gaffke,0.0001497175625572,0.1497175625572167
"Uniform(0.45,0.55)",1000,2,Gaffke,0.0068713763757252,0.2172920000756478
"Uniform(0.45,0.55)",3000,2,Gaffke,0.0032560027397503,0.178338614785989
"Uniform(0.45,0.55)",10000,2,Gaffke,0.0016130593934259,0.1613059393425986
"Uniform(0.45,0.55)",30000,2,Gaffke,0.0008984820473593,0.1556216555714843
"Uniform(0.45,0.55)",100000,2,Gaffke,0.0004819141862796,0.1523946465390474
"Uniform(0.45,0.55)",300000,2,Gaffke,0.0002750711835934,0.1506626921737686
"Uniform(0.45,0.55)",1000000,2,Gaffke,0.000149783777055,0.1497837770550458
"Uniform(0.45,0.55)",1000,3,Gaffke,0.0069534219471296,0.2198865088513248
"Uniform(0.45,0.55)",3000,3,Gaffke,0.0032720439967338,0.1792172306160497
"Uniform(0.45,0.55)",10000,3,Gaffke,0.0016188304795266,0.1618830479526656
"Uniform(0.45,0.55)",30000,3,Gaffke,0.0008956235169839,0.1551265435869759
"Uniform(0.45,0.55)",100000,3,Gaffke,0.0004805693992293,0.1519693875343538
"Uniform(0.45,0.55)",300000,3,Gaffke,0.0002751923349616,0.1507290495110128
"Uniform(0.45,0.55)",1000000,3,Gaffke,0.0001497789463008,0.1497789463008603
"Uniform(0.45,0.55)",1000,4,Gaffke,0.0069532264529926,0.2198803267839039
"Uniform(0.45,0.55)",3000,4,Gaffke,0.0032495958852257,0.1779876969114095
"Uniform(0.45,0.55)",10000,4,Gaffke,0.0016213289438007,0.1621328943800792
"Uniform(0.45,0.55)",30000,4,Gaffke,0.0008993078579606,0.1557646901633803
"Uniform(0.45,0.55)",100000,4,Gaffke,0.0004818931854751,0.1523880055015432
"Uniform(0.45,0.55)",300000,4,Gaffke,0.0002749985863757,0.1506229290400322
"Uniform(0.45,0.55)",1000000,4,Gaffke,0.000149723601577,0.1497236015770009
"Uniform(0.45,0.55)",1000,5,Gaffke,0.0069548747735247,0.2199324512558591
"Uniform(0.45,0.55)",3000,5,Gaffke,0.0032805368725676,0.1796824045832741
"Uniform(0.45,0.55)",10000,5,Gaffke,0.0016147435002288,0.1614743500228888
"Uniform(0.45,0.55)",30000,5,Gaffke,0.000894962947567,0.1550121296077686
"Uniform(0.45,0.55)",100000,5,Gaffke,0.0004800968269931,0.1518199470718261
"Uniform(0.45,0.55)",300000,5,Gaffke,0.0002747099865343,0.1504648563968279
"Uniform(0.45,0.55)",1000000,5,Gaffke,0.0001496930095322,0.1496930095322701
"Uniform(0.45,0.55)",1000,6,Gaffke,0.0069862117450723,0.2209234133064826
"Uniform(0.45,0.55)",3000,6,Gaffke,0.0032761198301591,0.1794404732068149
"Uniform(0.45,0.55)",10000,6,Gaffke,0.0016102996262956,0.1610299626295663
"Uniform(0.45,0.55)",30000,6,Gaffke,0.0008960763091071,0.1552049694832381
"Uniform(0.45,0.55)",100000,6,Gaffke,0.000480688445297,0.1520070332064038
"Uniform(0.45,0.55)",300000,6,Gaffke,0.0002750235843479,0.1506366209932938
"Uniform(0.45,0.55)",1000000,6,Gaffke,0.0001497904482464,0.1497904482464229
"Uniform(0.45,0.55)",1000,7,Gaffke,0.0069856721224437,0.2209063489406497
"Uniform(0.45,0.55)",3000,7,Gaffke,0.003261452354573,0.1786371024827989
"Uniform(0.45,0.55)",10000,7,Gaffke,0.001619851084899,0.1619851084899037
"Uniform(0.45,0.55)",30000,7,Gaffke,0.0008958232939232,0.155161145967885
"Uniform(0.45,0.55)",100000,7,Gaffke,0.0004804342009828,0.1519266340948803
"Uniform(0.45,0.55)",300000,7,Gaffke,0.0002745717072291,0.1503891177021181
"Uniform(0.45,0.55)",1000000,7,Gaffke,0.0001496757250919,0.1496757250919467
"Uniform(0.45,0.55)",1000,8,Gaffke,0.0069772948350715,0.2206414358535493
"Uniform(0.45,0.55)",3000,8,Gaffke,0.0032400122373386,0.1774627788983137
"Uniform(0.45,0.55)",10000,8,Gaffke,0.0016139081355558,0.1613908135555841
"Uniform(0.45,0.55)",30000,8,Gaffke,0.0008975905421461,0.1554672423390451
"Uniform(0.45,0.55)",100000,8,Gaffke,0.0004818703402596,0.1523807812100824
"Uniform(0.45,0.55)",300000,8,Gaffke,0.0002754821842189,0.1508878064875219
"Uniform(0.45,0.55)",1000000,8,Gaffke,0.0001498096418422,0.1498096418422467
"Uniform(0.45,0.55)",1000,9,Gaffke,0.0069322273679352,0.2192162774082948
"Uniform(0.45,0.55)",3000,9,Gaffke,0.0032791260305703,0.1796051295845753
"Uniform(0.45,0.55)",10000,9,Gaffke,0.0016249495478418,0.1624949547841814
"Uniform(0.45,0.55)",30000,9,Gaffke,0.0008995965084709,0.155814685898332
"Uniform(0.45,0.55)",100000,9,Gaffke,0.000481643031388,0.1523088998334336
"Uniform(0.45,0.55)",300000,9,Gaffke,0.0002749879009419,0.1506170763868947
"Uniform(0.45,0.55)",1000000,9,Gaffke,0.0001497362472443,0.1497362472443475
"Uniform(0.45,0.55)",1000,10,Gaffke,0.0068777479061478,0.2174934855588107
"Uniform(0.45,0.55)",3000,10,Gaffke,0.0032488186277295,0.1779451247650438
"Uniform(0.45,0.55)",10000,10,Gaffke,0.0016045508778017,0.1604550877801702
"Uniform(0.45,0.55)",30000,10,Gaffke,0.0008924199759984,0.1545716740118768
"Uniform(0.45,0.55)",100000,10,Gaffke,0.0004795756547432,0.1516551379355089
"Uniform(0.45,0.55)",300000,10,Gaffke,0.0002747375556179,0.1504799566057594
"Uniform(0.45,0.55)",1000000,10,Gaffke,0.0001497075176448,0.1497075176448703
"Uniform(0.45,0.55)",1000,11,Gaffke,0.0068590113466447,0.2169009835233626
"Uniform(0.45,0.55)",3000,11,Gaffke,0.0032441985633828,0.1776920734190622
"Uniform(0.45,0.55)",10000,11,Gaffke,0.0016105558924732,0.1610555892473275
"Uniform(0.45,0.55)",30000,11,Gaffke,0.0008952391670527,0.1550599722261009
"Uniform(0.45,0.55)",100000,11,Gaffke,0.0004809407794299,0.15208682826553
"Uniform(0.45,0.55)",300000,11,Gaffke,0.000274820987007,0.1505256538596207
"Uniform(0.45,0.55)",1000000,11,Gaffke,0.0001498263331215,0.1498263331215499
"Uniform(0.45,0.55)",1000,12,Gaffke,0.0069222088484557,0.2188994640049145
"Uniform(0.45,0.55)",3000,12,Gaffke,0.0032322561791958,0.1770379620981038
"Uniform(0.45,0.55)",10000,12,Gaffke,0.0016120937619634,0.1612093761963473
"Uniform(0.45,0.55)",30000,12,Gaffke,0.0008960612072941,0.1552023537725037
"Uniform(0.45,0.55)",100000,12,Gaffke,0.0004803240779736,0.1518918101416903
"Uniform(0.45,0.55)",300000,12,Gaffke,0.0002748209281702,0.1505256216333344
"Uniform(0.45,0.55)",1000000,12,Gaffke,0.0001497380603091,0.1497380603091014
"Uniform(0.45,0.55)",1000,13,Gaffke,0.0070194750317109,0.221975290788893
"Uniform(0.45,0.55)",3000,13,Gaffke,0.0032726769411505,0.1792518984095147
"Uniform(0.45,0.55)",10000,13,Gaffke,0.0016250949032717,0.1625094903271784
"Uniform(0.45,0.55)",30000,13,Gaffke,0.0009001670912126,0.1559135137281807
"Uniform(0.45,0.55)",100000,13,Gaffke,0.0004815008191655,0.1522639283799951
"Uniform(0.45,0.55)",300000,13,Gaffke,0.00027524367333,0.1507571686934758
"Uniform(0.45,0.55)",1000000,13,Gaffke,0.0001498720935048,0.1498720935048103
"Uniform(0.45,0.55)",1000,14,Gaffke,0.0068876843293911,0.2178077028512557
"Uniform(0.45,0.55)",3000,14,Gaffke,0.0032458405947073,0.1777820111787223
"Uniform(0.45,0.55)",10000,14,Gaffke,0.0016185605396855,0.1618560539685565
"Uniform(0.45,0.55)",30000,14,Gaffke,0.0008997814503264,0.155846718767339
"Uniform(0.45,0.55)",100000,14,Gaffke,0.0004810691583811,0.1521274252544689
"Uniform(0.45,0.55)",300000,14,Gaffke,0.0002747755555896,0.1505007700474881
"Uniform(0.45,0.55)",1000000,14,Gaffke,0.0001496067478384,0.1496067478384821
"Uniform(0.45,0.55)",1000,15,Gaffke,0.0069899740573186,0.2210423880661532
"Uniform(0.45,0.55)",3000,15,Gaffke,0.0032656784585916,0.1788685757329352
"Uniform(0.45,0.55)",10000,15,Gaffke,0.0016167058972607,0.1616705897260706
"Uniform(0.45,0.55)",30000,15,Gaffke,0.0008951319544355,0.1550414024560757
"Uniform(0.45,0.55)",100000,15,Gaffke,0.0004811279115903,0.1521460046505739
"Uniform(0.45,0.55)",300000,15,Gaffke,0.0002748939954779,0.1505656422459802
"Uniform(0.45,0.55)",1000000,15,Gaffke,0.0001496815537844,0.1496815537844753
"Uniform(0.45,0.55)",1000,16,Gaffke,0.0068872840852804,0.2177950460211573
"Uniform(0.45,0.55)",3000,16,Gaffke,0.0032627210236258,0.1787065903486222
"Uniform(0.45,0.55)",10000,16,Gaffke,0.0016046087824,0.1604608782400041
"Uniform(0.45,0.55)",30000,16,Gaffke,0.0008970530718718,0.1553741497567732
"Uniform(0.45,0.55)",100000,16,Gaffke,0.0004810935245382,0.1521351305098926
"Uniform(0.45,0.55)",300000,16,Gaffke,0.0002748231195339,0.1505268218926655
"Uniform(0.45,0.55)",1000000,16,Gaffke,0.0001496730610382,0.1496730610382468
"Uniform(0.45,0.55)",1000,17,Gaffke,0.0068843996002385,0.2177038305950636
"Uniform(0.45,0.55)",3000,17,Gaffke,0.0032323865133425,0.1770451007933197
"Uniform(0.45,0.55)",10000,17,Gaffke,0.001622370648448,0.1622370648448001
"Uniform(0.45,0.55)",30000,17,Gaffke,0.0008972236144737,0.1554036886019129
"Uniform(0.45,0.55)",100000,17,Gaffke,0.0004811719316095,0.1521599250028834
"Uniform(0.45,0.55)",300000,17,Gaffke,0.0002750210404257,0.150635227629729
"Uniform(0.45,0.55)",1000000,17,Gaffke,0.0001496939039002,0.1496939039002387
"Uniform(0.45,0.55)",1000,18,Gaffke,0.0069315680057881,0.2191954265464173
"Uniform(0.45,0.55)",3000,18,Gaffke,0.0032856980994753,0.1799650966234486
"Uniform(0.45,0.55)",10000,18,Gaffke,0.0016163308305801,0.1616330830580103
"Uniform(0.45,0.55)",30000,18,Gaffke,0.0008965630431124,0.1552892742859372
"Uniform(0.45,0.55)",100000,18,Gaffke,0.0004801853557216,0.1518479423138726
"Uniform(0.45,0.55)",300000,18,Gaffke,0.0002749002053966,0.1505690435585272
"Uniform(0.45,0.55)",1000000,18,Gaffke,0.0001498719393783,0.149871939378321
"Uniform(0.45,0.55)",1000,19,Gaffke,0.0069171367412023,0.2187390698903415
"Uniform(0.45,0.55)",3000,19,Gaffke,0.0032528576465117,0.1781663509347671
"Uniform(0.45,0.55)",10000,19,Gaffke,0.0016143504297493,0.1614350429749389
"Uniform(0.45,0.55)",30000,19,Gaffke,0.0008968841329043,0.1553448886692772
"Uniform(0.45,0.55)",100000,19,Gaffke,0.0004805203221191,0.1519538679894298
"Uniform(0.45,0.55)",300000,19,Gaffke,0.0002748735987222,0.150554470482798
"Uniform(0.45,0.55)",1000000,19,Gaffke,0.0001497021817492,0.1497021817492561
"Uniform(0.45,0.55)",1000,20,Gaffke,0.0069141703760109,0.218645265186574
"Uniform(0.45,0.55)",3000,20,Gaffke,0.0032478790720332,0.1778936631801542
"Uniform(0.45,0.55)",10000,20,Gaffke,0.0016122787438869,0.1612278743886919
"Uniform(0.45,0.55)",30000,20,Gaffke,0.0008950083725869,0.1550199974520205
"Uniform(0.45,0.55)",100000,20,Gaffke,0.0004808090395913,0.1520451684706585
"Uniform(0.45,0.55)",300000,20,Gaffke,0.0002750897632036,0.1506728686453759
"Uniform(0.45,0.55)",1000,21,Gaffke,0.0069541968939808,0.2199110148224799
"Uniform(0.45,0.55)",3000,21,Gaffke,0.003285306981518,0.1799436742106628
"Uniform(0.45,0.55)",10000,21,Gaffke,0.0016262952820529,0.1626295282052936
"Uniform(0.45,0.55)",30000,21,Gaffke,0.000898822585486,0.1556806385052293
"Uniform(0.45,0.55)",100000,21,Gaffke,0.0004809680343035,0.1520954470133153
"Uniform(0.45,0.55)",300000,21,Gaffke,0.0002750521562086,0.1506522704459149
"Uniform(0.45,0.55)",1000,22,Gaffke,0.0069833543511176,0.2208330545757911
"Uniform(0.45,0.55)",3000,22,Gaffke,0.0032730704665082,0.1792734526810504
"Uniform(0.45,0.55)",10000,22,Gaffke,0.0016095232885104,0.1609523288510495
"Uniform(0.45,0.55)",30000,22,Gaffke,0.0008959749469706,0.1551874130461969
"Uniform(0.45,0.55)",100000,22,Gaffke,0.0004800666206754,0.1518103949954348
"Uniform(0.45,0.55)",300000,22,Gaffke,0.0002748547246368,0.1505441327204994
"Uniform(0.45,0.55)",1000,23,Gaffke,0.0069230473669987,0.2189259802894776
"Uniform(0.45,0.55)",3000,23,Gaffke,0.0032625996336078,0.1786999415435087
"Uniform(0.45,0.55)",10000,23,Gaffke,0.0016141686107475,0.161416861074759
"Uniform(0.45,0.55)",30000,23,Gaffke,0.0008981991007593,0.1555726477827939
"Uniform(0.45,0.55)",100000,23,Gaffke,0.0004821497715276,0.1524691451357039
"Uniform(0.45,0.55)",300000,23,Gaffke,0.0002753294931777,0.1508041741598974
"Uniform(0.45,0.55)",1000,24,Gaffke,0.0069781530837392,0.2206685760594363
"Uniform(0.45,0.55)",3000,24,Gaffke,0.0032648181228734,0.1788214532049484
"Uniform(0.45,0.55)",10000,24,Gaffke,0.0016116739132759,0.161167391327599
"Uniform(0.45,0.55)",30000,24,Gaffke,0.0008953210019107,0.1550741464392897
"Uniform(0.45,0.55)",100000,24,Gaffke,0.0004799670131937,0.1517788963440335
"Uniform(0.45,0.55)",300000,24,Gaffke,0.000274868157379,0.1505514901364095
"Uniform(0.45,0.55)",1000,25,Gaffke,0.0068745667270153,0.2173928878417753
"Uniform(0.45,0.55)",3000,25,Gaffke,0.0032242084470882,0.1765971696568912
"Uniform(0.45,0.55)",10000,25,Gaffke,0.0016050120819681,0.1605012081968115
"Uniform(0.45,0.55)",30000,25,Gaffke,0.0008955495239419,0.1551137276161658
"Uniform(0.45,0.55)",100000,25,Gaffke,0.000480637557214,0.1519909409815919
"Uniform(0.45,0.55)",300000,25,Gaffke,0.0002747600641853,0.1504922850558609
"Uniform(0.45,0.55)",1000,26,Gaffke,0.0068991577335204,0.2181705237468964
"Uniform(0.45,0.55)",3000,26,Gaffke,0.003239052736648,0.1774102248811002
"Uniform(0.45,0.55)",10000,26,Gaffke,0.0016085170761445,0.1608517076144566
"Uniform(0.45,0.55)",30000,26,Gaffke,0.0008944018273645,0.1549149407377856
"Uniform(0.45,0.55)",100000,26,Gaffke,0.0004815414381475,0.1522767732299344
"Uniform(0.45,0.55)",300000,26,Gaffke,0.0002752969657202,0.1507863581376835
"Uniform(0.45,0.55)",1000,27,Gaffke,0.0069392239178015,0.2194375277416994
"Uniform(0.45,0.55)",3000,27,Gaffke,0.0032636926347228,0.1787598076801184
"Uniform(0.45,0.55)",10000,27,Gaffke,0.001613398658224,0.1613398658224074
"Uniform(0.45,0.55)",30000,27,Gaffke,0.0008955839528784,0.1551196908828795
"Uniform(0.45,0.55)",100000,27,Gaffke,0.0004813948981021,0.1522304331987356
"Uniform(0.45,0.55)",300000,27,Gaffke,0.000275299687054,0.1507878486736363
"Uniform(0.45,0.55)",1000,28,Gaffke,0.0068980538615831,0.2181356162512262
"Uniform(0.45,0.55)",3000,28,Gaffke,0.0032599264554729,0.1785535255470371
"Uniform(0.45,0.55)",10000,28,Gaffke,0.0016152775011565,0.1615277501156586
"Uniform(0.45,0.55)",30000,28,Gaffke,0.0008981679429264,0.1555672510878163
"Uniform(0.45,0.55)",100000,28,Gaffke,0.0004815464608449,0.1522783615463029
"Uniform(0.45,0.55)",300000,28,Gaffke,0.0002752018608014,0.1507342670283719
"Uniform(0.45,0.55)",1000,29,Gaffke,0.0069397575309895,0.219454402072336
"Uniform(0.45,0.55)",3000,29,Gaffke,0.0032160237733062,0.1761488766112721
"Uniform(0.45,0.55)",10000,29,Gaffke,0.0016072998293325,0.1607299829332553
"Uniform(0.45,0.55)",30000,29,Gaffke,0.0008923617438571,0.1545615879091349
"Uniform(0.45,0.55)",100000,29,Gaffke,0.0004797571828302,0.1517125421569323
"Uniform(0.45,0.55)",300000,29,Gaffke,0.0002747778386189,0.1505020205141163
"Uniform(0.45,0.55)",1000,30,Gaffke,0.0070329816783359,0.2224024084577524
"Uniform(0.45,0.55)",3000,30,Gaffke,0.0032860973299909,0.179986963379352
"Uniform(0.45,0.55)",10000,30,Gaffke,0.0016231495827979,0.1623149582797911
"Uniform(0.45,0.55)",30000,30,Gaffke,0.0008986423815405,0.1556494262662888
"Uniform(0.45,0.55)",100000,30,Gaffke,0.000480442179581,0.1519291571491909
"Uniform(0.45,0.55)",1000,31,Gaffke,0.0069641030847142,0.2202242760790152
"Uniform(0.45,0.55)",3000,31,Gaffke,0.0032791590604017,0.1796069387029465
"Uniform(0.45,0.55)",10000,31,Gaffke,0.0016201640393559,0.1620164039355998
"Uniform(0.45,0.55)",30000,31,Gaffke,0.0008994651936181,0.1557919414986439
"Uniform(0.45,0.55)",100000,31,Gaffke,0.0004815700620661,0.1522858249077756
"Uniform(0.45,0.55)",1000,32,Gaffke,0.0068440804825923,0.2164288281449614
"Uniform(0.45,0.55)",3000,32,Gaffke,0.0032488877158501,0.1779489088772553
"Uniform(0.45,0.55)",10000,32,Gaffke,0.0016094791108123,0.1609479110812328
"Uniform(0.45,0.55)",30000,32,Gaffke,0.0008967793682924,0.1553267429061977
"Uniform(0.45,0.55)",100000,32,Gaffke,0.0004813965130852,0.1522309439012309
"Uniform(0.45,0.55)",1000,33,Gaffke,0.0068763382952747,0.2174489097490777
"Uniform(0.45,0.55)",3000,33,Gaffke,0.003261145252357,0.1786202818016831
"Uniform(0.45,0.55)",10000,33,Gaffke,0.0016175496875237,0.16175496875237
"Uniform(0.45,0.55)",30000,33,Gaffke,0.0008973037947964,0.1554175762411742
"Uniform(0.45,0.55)",100000,33,Gaffke,0.0004811135768054,0.1521414715935465
"Uniform(0.45,0.55)",1000,34,Gaffke,0.0069239844456046,0.2189556133168895
"Uniform(0.45,0.55)",3000,34,Gaffke,0.0032683574059876,0.1790153077248526
"Uniform(0.45,0.55)",10000,34,Gaffke,0.0016141102720102,0.1614110272010249
"Uniform(0.45,0.55)",30000,34,Gaffke,0.0008948838575238,0.1549984308104524
"Uniform(0.45,0.55)",100000,34,Gaffke,0.0004808127382662,0.1520463380943663
"Uniform(0.45,0.55)",1000,35,Gaffke,0.0069461168894072,0.2196555026429071
"Uniform(0.45,0.55)",3000,35,Gaffke,0.0032448032892309,0.1777251956178773
"Uniform(0.45,0.55)",10000,35,Gaffke,0.0016276114126478,0.1627611412647889
"Uniform(0.45,0.55)",30000,35,Gaffke,0.000899570120131,0.1558101153037786
"Uniform(0.45,0.55)",100000,35,Gaffke,0.0004814018693692,0.152232637706963
"Uniform(0.45,0.55)",1000,36,Gaffke,0.0068516019886792,0.2166666790516576
"Uniform(0.45,0.55)",3000,36,Gaffke,0.0032165454770735,0.1761774515034406
"Uniform(0.45,0.55)",10000,36,Gaffke,0.0016199309432344,0.1619930943234482
"Uniform(0.45,0.55)",30000,36,Gaffke,0.0008975583120846,0.1554616599286387
"Uniform(0.45,0.55)",100000,36,Gaffke,0.0004809703078379,0.1520961659680247
"Uniform(0.45,0.55)",1000,37,Gaffke,0.0068672692253898,0.2171621205781223
"Uniform(0.45,0.55)",3000,37,Gaffke,0.0032501437421468,0.1780177042708071
"Uniform(0.45,0.55)",10000,37,Gaffke,0.0016162930738176,0.1616293073817665
"Uniform(0.45,0.55)",30000,37,Gaffke,0.0008978347604112,0.1555095421833759
"Uniform(0.45,0.55)",100000,37,Gaffke,0.0004811887076774,0.152165230061383
"Uniform(0.45,0.55)",1000,38,Gaffke,0.0069058220374329,0.218381267540727
"Uniform(0.45,0.55)",3000,38,Gaffke,0.003259759681568,0.178544390964068
"Uniform(0.45,0.55)",10000,38,Gaffke,0.001613682056229,0.1613682056229026
"Uniform(0.45,0.55)",30000,38,Gaffke,0.0008949185040364,0.1550044317624657
"Uniform(0.45,0.55)",100000,38,Gaffke,0.0004816300453079,0.1523047932743342
"Uniform(0.45,0.55)",1000,39,Gaffke,0.0069364031894919,0.2193483284805111
"Uniform(0.45,0.55)",3000,39,Gaffke,0.0032740501070269,0.1793271098020875
"Uniform(0.45,0.55)",10000,39,Gaffke,0.0016307926822273,0.1630792682227322
"Uniform(0.45,0.55)",30000,39,Gaffke,0.0009021650414741,0.1562595688645645
"Uniform(0.45,0.55)",100000,39,Gaffke,0.0004813105013449,0.1522037446007667
"Uniform(0.45,0.55)",1000,40,Gaffke,0.0068786990928895,0.2175235647246519
"Uniform(0.45,0.55)",3000,40,Gaffke,0.00322891237408,0.1768548143491184
"Uniform(0.45,0.55)",10000,40,Gaffke,0.0016091962049048,0.160919620490485
"Uniform(0.45,0.55)",1000,41,Gaffke,0.0069173111348012,0.2187445847001583
"Uniform(0.45,0.55)",3000,41,Gaffke,0.0032104534675479,0.175843778399669
"Uniform(0.45,0.55)",10000,41,Gaffke,0.001607016554493,0.1607016554493023
"Uniform(0.45,0.55)",1000,42,Gaffke,0.0069548225669553,0.2199308003391778
"Uniform(0.45,0.55)",3000,42,Gaffke,0.0032448697168143,0.17772883400646
"Uniform(0.45,0.55)",10000,42,Gaffke,0.0016130191828158,0.1613019182815867
"Uniform(0.45,0.55)",1000,43,Gaffke,0.0069171010795636,0.2187379421703077
"Uniform(0.45,0.55)",3000,43,Gaffke,0.003255661047087,0.1783198995080481
"Uniform(0.45,0.55)",10000,43,Gaffke,0.0016128842756263,0.1612884275626336
"Uniform(0.45,0.55)",1000,44,Gaffke,0.0069768447912272,0.2206272042176017
"Uniform(0.45,0.55)",3000,44,Gaffke,0.0032960826435693,0.1805338815284189
"Uniform(0.45,0.55)",10000,44,Gaffke,0.0016226780585104,0.1622678058510407
"Uniform(0.45,0.55)",1000,45,Gaffke,0.0069338207820623,0.2192666655872715
"Uniform(0.45,0.55)",3000,45,Gaffke,0.0032516982419658,0.1781028477324563
"Uniform(0.45,0.55)",10000,45,Gaffke,0.0016061752346247,0.1606175234624751
"Uniform(0.45,0.55)",1000,46,Gaffke,0.006904862316326,0.218350918494563
"Uniform(0.45,0.55)",3000,46,Gaffke,0.0032417773013533,0.1775594554359473
"Uniform(0.45,0.55)",10000,46,Gaffke,0.0016202657826254,0.1620265782625474
"Uniform(0.45,0.55)",1000,47,Gaffke,0.0069515411707864,0.2198270334811871
"Uniform(0.45,0.55)",3000,47,Gaffke,0.00326424603427,0.1787901186216461
"Uniform(0.45,0.55)",10000,47,Gaffke,0.0016064151028447,0.1606415102844705
"Uniform(0.45,0.55)",1000,48,Gaffke,0.0068988862801617,0.2181619396379771
"Uniform(0.45,0.55)",3000,48,Gaffke,0.003235755526561,0.177229629246951
"Uniform(0.45,0.55)",10000,48,Gaffke,0.0016128970849953,0.1612897084995346
"Uniform(0.45,0.55)",1000,49,Gaffke,0.006889212703679,0.2178560342899259
"Uniform(0.45,0.55)",3000,49,Gaffke,0.003252488086098,0.1781461092772688
"Uniform(0.45,0.55)",10000,49,Gaffke,0.0016149778318939,0.1614977831893904
"Uniform(0,1)",1000,0,Randomized Gaffke,0.04824027046027313,1.5254912959700229
"Uniform(0,1)",3000,0,Randomized Gaffke,0.027830407758509923,1.5243342113902674
"Uniform(0,1)",10000,0,Randomized Gaffke,0.015054233744704382,1.5054233744704382
"Uniform(0,1)",30000,0,Randomized Gaffke,0.00861373045483721,1.491941879048142
"Uniform(0,1)",100000,0,Randomized Gaffke,0.0047046067260375635,1.4877272749626487
"Uniform(0,1)",300000,0,Randomized Gaffke,0.0027190438986945953,1.4892816781618217
"Uniform(0,1)",1000000,0,Randomized Gaffke,0.0014883284480129433,1.4883284480129433
"Uniform(0,1)",1000,1,Randomized Gaffke,0.04829465327375693,1.5272110315317922
"Uniform(0,1)",3000,1,Randomized Gaffke,0.027487105057281858,1.5055307480387605
"Uniform(0,1)",10000,1,Randomized Gaffke,0.014885581970732364,1.4885581970732364
"Uniform(0,1)",30000,1,Randomized Gaffke,0.00861134805295194,1.4915292349372085
"Uniform(0,1)",100000,1,Randomized Gaffke,0.0047156558807487925,1.491221324473355
"Uniform(0,1)",300000,1,Randomized Gaffke,0.002719810362802,1.489701487842965
"Uniform(0,1)",1000000,1,Randomized Gaffke,0.0014880523882082053,1.4880523882082053
"Uniform(0,1)",1000,2,Randomized Gaffke,0.04855501721341948,1.5354444622308754
"Uniform(0,1)",3000,2,Randomized Gaffke,0.027474105281874273,1.504818721015437
"Uniform(0,1)",10000,2,Randomized Gaffke,0.01489058130482701,1.489058130482701
"Uniform(0,1)",30000,2,Randomized Gaffke,0.008608271889069596,1.490996427723546
"Uniform(0,1)",100000,2,Randomized Gaffke,0.00472130693324746,1.4930083441806525
"Uniform(0,1)",300000,2,Randomized Gaffke,0.002721271597721231,1.4905018391700422
"Uniform(0,1)",1000000,2,Randomized Gaffke,0.001487881733671259,1.487881733671259
"Uniform(0,1)",1000,3,Randomized Gaffke,0.04732370235659228,1.4965068675870945
"Uniform(0,1)",3000,3,Randomized Gaffke,0.027589297183136796,1.5111280412917762
"Uniform(0,1)",10000,3,Randomized Gaffke,0.014952144447981208,1.4952144447981208
"Uniform(0,1)",30000,3,Randomized Gaffke,0.008604474675436957,1.4903387310296534
"Uniform(0,1)",100000,3,Randomized Gaffke,0.004715726538739307,1.4912436684918466
"Uniform(0,1)",300000,3,Randomized Gaffke,0.0027162877723628798,1.4877720855986072
"Uniform(0,1)",1000000,3,Randomized Gaffke,0.0014878699573113163,1.4878699573113163
"Uniform(0,1)",1000,4,Randomized Gaffke,0.04684922873103553,1.4815026941227225
"Uniform(0,1)",3000,4,Randomized Gaffke,0.02751553407380436,1.5070878694024668
"Uniform(0,1)",10000,4,Randomized Gaffke,0.015019376397472528,1.5019376397472528
"Uniform(0,1)",30000,4,Randomized Gaffke,0.008628737920759022,1.494541248395086
"Uniform(0,1)",100000,4,Randomized Gaffke,0.004708322923531905,1.4889024397943615
"Uniform(0,1)",300000,4,Randomized Gaffke,0.0027189151169462744,1.4892111414932714
"Uniform(0,1)",1000000,4,Randomized Gaffke,0.0014875754957425769,1.4875754957425769
"Uniform(0,1)",1000,5,Randomized Gaffke,0.04894084719053793,1.5476454774035249
"Uniform(0,1)",3000,5,Randomized Gaffke,0.02786259310564193,1.5260970754548009
"Uniform(0,1)",10000,5,Randomized Gaffke,0.015199594182081388,1.5199594182081388
"Uniform(0,1)",30000,5,Randomized Gaffke,0.00865533061394097,1.4991472379652084
"Uniform(0,1)",100000,5,Randomized Gaffke,0.004718556747848768,1.492138659195892
"Uniform(0,1)",300000,5,Randomized Gaffke,0.0027213607012164243,1.4905506431643123
"Uniform(0,1)",1000000,5,Randomized Gaffke,0.001489240168721484,1.489240168721484
"Uniform(0,1)",1000,6,Randomized Gaffke,0.04828757396772809,1.5269871642187474
"Uniform(0,1)",3000,6,Randomized Gaffke,0.027217144929789328,1.4907444228932976
"Uniform(0,1)",10000,6,Randomized Gaffke,0.014915071870560515,1.4915071870560515
"Uniform(0,1)",30000,6,Randomized Gaffke,0.008622729700183185,1.4935005940650428
"Uniform(0,1)",100000,6,Randomized Gaffke,0.004720626390875338,1.4927931377866366
"Uniform(0,1)",300000,6,Randomized Gaffke,0.0027234758708323814,1.4917091692759215
"Uniform(0,1)",1000000,6,Randomized Gaffke,0.0014886715459422883,1.4886715459422883
"Uniform(0,1)",1000,7,Randomized Gaffke,0.047902093793554756,1.5147972107864858
"Uniform(0,1)",3000,7,Randomized Gaffke,0.027603379448723042,1.5118993587440128
"Uniform(0,1)",10000,7,Randomized Gaffke,0.015016657869351246,1.5016657869351246
"Uniform(0,1)",30000,7,Randomized Gaffke,0.008620133144778164,1.4930508574764263
"Uniform(0,1)",100000,7,Randomized Gaffke,0.004708262203214686,1.4888832383440957
"Uniform(0,1)",300000,7,Randomized Gaffke,0.002721000946827812,1.4903535975705078
"Uniform(0,1)",1000000,7,Randomized Gaffke,0.0014881220246366067,1.4881220246366067
"Uniform(0,1)",1000,8,Randomized Gaffke,0.04827363553686048,1.526546392333243
"Uniform(0,1)",3000,8,Randomized Gaffke,0.027219661411979568,1.490882256299413
"Uniform(0,1)",10000,8,Randomized Gaffke,0.01489251368795158,1.489251368795158
"Uniform(0,1)",30000,8,Randomized Gaffke,0.008618125849396807,1.4927031837177955
"Uniform(0,1)",100000,8,Randomized Gaffke,0.004709783737996409,1.489364389889037
"Uniform(0,1)",300000,8,Randomized Gaffke,0.002719401076891781,1.4894773127174692
"Uniform(0,1)",1000000,8,Randomized Gaffke,0.0014895871583830989,1.4895871583830989
"Uniform(0,1)",1000,9,Randomized Gaffke,0.04736371744391321,1.497772255754141
"Uniform(0,1)",3000,9,Randomized Gaffke,0.027284128198481805,1.4944132476171275
"Uniform(0,1)",10000,9,Randomized Gaffke,0.014985479592292295,1.4985479592292295
"Uniform(0,1)",30000,9,Randomized Gaffke,0.008652451816505147,1.4986486156228538
"Uniform(0,1)",100000,9,Randomized Gaffke,0.004713954869269121,1.4906834174131698
"Uniform(0,1)",300000,9,Randomized Gaffke,0.002717202189798429,1.4882729326550332
"Uniform(0,1)",1000000,9,Randomized Gaffke,0.0014881138885757816,1.4881138885757816
"Uniform(0,1)",1000,10,Randomized Gaffke,0.04877541367871352,1.5424140104166695
"Uniform(0,1)",3000,10,Randomized Gaffke,0.027741018738510093,1.5194381731255486
"Uniform(0,1)",10000,10,Randomized Gaffke,0.015049796575241414,1.5049796575241414
"Uniform(0,1)",30000,10,Randomized Gaffke,0.008613895411574868,1.4919704503932096
"Uniform(0,1)",100000,10,Randomized Gaffke,0.0047144110013939144,1.4908276590560015
"Uniform(0,1)",300000,10,Randomized Gaffke,0.002718508079894155,1.4889881981180852
"Uniform(0,1)",1000000,10,Randomized Gaffke,0.0014885478172802502,1.4885478172802502
"Uniform(0,1)",1000,11,Randomized Gaffke,0.047717331930006934,1.5089545276510021
"Uniform(0,1)",3000,11,Randomized Gaffke,0.027347653102550495,1.4978926499093048
"Uniform(0,1)",10000,11,Randomized Gaffke,0.014991732230884791,1.4991732230884791
"Uniform(0,1)",30000,11,Randomized Gaffke,0.008593144758276383,1.4883763318128873
"Uniform(0,1)",100000,11,Randomized Gaffke,0.004707575766156102,1.4886661678865487
"Uniform(0,1)",300000,11,Randomized Gaffke,0.0027162310680406976,1.4877410273622398
"Uniform(0,1)",1000000,11,Randomized Gaffke,0.001488088344459515,1.488088344459515
"Uniform(0,1)",1000,12,Randomized Gaffke,0.048116008099097995,1.521561775082584
"Uniform(0,1)",3000,12,Randomized Gaffke,0.027590602897942296,1.5111995582370403
"Uniform(0,1)",10000,12,Randomized Gaffke,0.014932067081959655,1.4932067081959655
"Uniform(0,1)",30000,12,Randomized Gaffke,0.008589980527711982,1.4878282710024469
"Uniform(0,1)",100000,12,Randomized Gaffke,0.0047087039299519295,1.4890229246034041
"Uniform(0,1)",300000,12,Randomized Gaffke,0.0027205051051287232,1.4900820138869653
"Uniform(0,1)",1000000,12,Randomized Gaffke,0.0014876124784560796,1.4876124784560796
"Uniform(0,1)",1000,13,Randomized Gaffke,0.04812525441246679,1.5218541691846346
"Uniform(0,1)",3000,13,Randomized Gaffke,0.02761980951066545,1.5127992702987192
"Uniform(0,1)",10000,13,Randomized Gaffke,0.015011049114230235,1.5011049114230235
"Uniform(0,1)",30000,13,Randomized Gaffke,0.008602814440258955,1.4900511698615722
"Uniform(0,1)",100000,13,Randomized Gaffke,0.00470915207342365,1.4891646400123215
"Uniform(0,1)",300000,13,Randomized Gaffke,0.002717623087365728,1.4885034677470421
"Uniform(0,1)",1000000,13,Randomized Gaffke,0.001487146579839449,1.487146579839449
"Uniform(0,1)",1000,14,Randomized Gaffke,0.04669029779831685,1.4764768567422624
"Uniform(0,1)",3000,14,Randomized Gaffke,0.027250353982817277,1.492563357638977
"Uniform(0,1)",10000,14,Randomized Gaffke,0.014937892132701303,1.4937892132701303
"Uniform(0,1)",30000,14,Randomized Gaffke,0.008650302698522794,1.4982763774691643
"Uniform(0,1)",100000,14,Randomized Gaffke,0.004720996293758772,1.4929101113491083
"Uniform(0,1)",300000,14,Randomized Gaffke,0.0027220198288532838,1.4909116622392953
"Uniform(0,1)",1000000,14,Randomized Gaffke,0.0014883270591756759,1.4883270591756759
"Uniform(0,1)",1000,15,Randomized Gaffke,0.04750819339491308,1.5023409864769257
"Uniform(0,1)",3000,15,Randomized Gaffke,0.027363993859601476,1.4987876700336582
"Uniform(0,1)",10000,15,Randomized Gaffke,0.01492013490667099,1.492013490667099
"Uniform(0,1)",30000,15,Randomized Gaffke,0.008618404166816473,1.492751389708945
"Uniform(0,1)",100000,15,Randomized Gaffke,0.004711035668944097,1.4897602852158316
"Uniform(0,1)",300000,15,Randomized Gaffke,0.0027190163663851075,1.489266598094855
"Uniform(0,1)",1000000,15,Randomized Gaffke,0.0014897911099846506,1.4897911099846506
"Uniform(0,1)",1000,16,Randomized Gaffke,0.04836092118306329,1.5293066068236478
"Uniform(0,1)",3000,16,Randomized Gaffke,0.028003713594232427,1.5338265629475174
"Uniform(0,1)",10000,16,Randomized Gaffke,0.015127933918139436,1.5127933918139436
"Uniform(0,1)",30000,16,Randomized Gaffke,0.008645797451510007,1.4974960457964848
"Uniform(0,1)",100000,16,Randomized Gaffke,0.004722963262120239,1.4935321213598807
"Uniform(0,1)",300000,16,Randomized Gaffke,0.0027212260192335247,1.4904768748041886
"Uniform(0,1)",1000000,16,Randomized Gaffke,0.0014895969443158297,1.4895969443158297
"Uniform(0,1)",1000,17,Randomized Gaffke,0.04876172848644872,1.5419812466389287
"Uniform(0,1)",3000,17,Randomized Gaffke,0.027797450833728032,1.522529086277363
"Uniform(0,1)",10000,17,Randomized Gaffke,0.015014364125069957,1.5014364125069957
"Uniform(0,1)",30000,17,Randomized Gaffke,0.008680708376909041,1.5035427954495222
"Uniform(0,1)",100000,17,Randomized Gaffke,0.004724239302804467,1.4939356408548008
"Uniform(0,1)",300000,17,Randomized Gaffke,0.0027211386040773555,1.4904289955512868
"Uniform(0,1)",1000000,17,Randomized Gaffke,0.0014887967450906148,1.4887967450906148
"Uniform(0,1)",1000,18,Randomized Gaffke,0.04775841993855706,1.510253844566391
"Uniform(0,1)",3000,18,Randomized Gaffke,0.027351872273944755,1.4981237434439665
"Uniform(0,1)",10000,18,Randomized Gaffke,0.014889745004606936,1.4889745004606936
"Uniform(0,1)",30000,18,Randomized Gaffke,0.008620918068454164,1.493186810245116
"Uniform(0,1)",100000,18,Randomized Gaffke,0.004705960670716436,1.488155429863759
"Uniform(0,1)",300000,18,Randomized Gaffke,0.002718388008273509,1.488922432182941
"Uniform(0,1)",1000000,18,Randomized Gaffke,0.0014883123358032657,1.4883123358032657
"Uniform(0,1)",1000,19,Randomized Gaffke,0.0480640854925346,1.5199198380946526
"Uniform(0,1)",3000,19,Randomized Gaffke,0.02725709260582143,1.4929324472215668
"Uniform(0,1)",10000,19,Randomized Gaffke,0.01488607050403118,1.488607050403118
"Uniform(0,1)",30000,19,Randomized Gaffke,0.008598860982234502,1.4893664108451778
"Uniform(0,1)",100000,19,Randomized Gaffke,0.004706959189598403,1.4884711892591291
"Uniform(0,1)",300000,19,Randomized Gaffke,0.00271694681479695,1.4881330580061005
"Uniform(0,1)",1000000,19,Randomized Gaffke,0.0014883735273996668,1.4883735273996668
"Uniform(0,1)",1000,20,Randomized Gaffke,0.04728718945546001,1.4953522282715093
"Uniform(0,1)",3000,20,Randomized Gaffke,0.02712608162259378,1.4857566801420952
"Uniform(0,1)",10000,20,Randomized Gaffke,0.014908868167400557,1.4908868167400557
"Uniform(0,1)",30000,20,Randomized Gaffke,0.008584540110125827,1.4868859630350857
"Uniform(0,1)",100000,20,Randomized Gaffke,0.00470865334954973,1.4890069296758122
"Uniform(0,1)",300000,20,Randomized Gaffke,0.002717383757229963,1.488372381232993
"Uniform(0,1)",1000,21,Randomized Gaffke,0.047313563954454574,1.4961862631611957
"Uniform(0,1)",3000,21,Randomized Gaffke,0.027467361587539707,1.5044493536646408
"Uniform(0,1)",10000,21,Randomized Gaffke,0.015049876682587282,1.5049876682587282
"Uniform(0,1)",30000,21,Randomized Gaffke,0.008618464002639048,1.492761753577426
"Uniform(0,1)",100000,21,Randomized Gaffke,0.004718103168721344,1.4919952248817148
"Uniform(0,1)",300000,21,Randomized Gaffke,0.0027195771031512384,1.4895737262704873
"Uniform(0,1)",1000,22,Randomized Gaffke,0.04903627080955303,1.5506630371901635
"Uniform(0,1)",3000,22,Randomized Gaffke,0.02750461147612926,1.5064896140891462
"Uniform(0,1)",10000,22,Randomized Gaffke,0.0150461384590308,1.50461384590308
"Uniform(0,1)",30000,22,Randomized Gaffke,0.008656536337479426,1.499356075408057
"Uniform(0,1)",100000,22,Randomized Gaffke,0.004717740907088652,1.4918806676948952
"Uniform(0,1)",300000,22,Randomized Gaffke,0.0027180982220808003,1.488763709748341
"Uniform(0,1)",1000,23,Randomized Gaffke,0.047825378137584806,1.5123712487358965
"Uniform(0,1)",3000,23,Randomized Gaffke,0.027354692259040803,1.49827820038886
"Uniform(0,1)",10000,23,Randomized Gaffke,0.014981435052024261,1.4981435052024261
"Uniform(0,1)",30000,23,Randomized Gaffke,0.008623008065719195,1.4935488083901876
"Uniform(0,1)",100000,23,Randomized Gaffke,0.004707606207642212,1.4886757943296953
"Uniform(0,1)",300000,23,Randomized Gaffke,0.0027184908401358676,1.4889787555135852
"Uniform(0,1)",1000,24,Randomized Gaffke,0.04765892541759703,1.5071075515569803
"Uniform(0,1)",3000,24,Randomized Gaffke,0.027351663536583026,1.4981123104278053
"Uniform(0,1)",10000,24,Randomized Gaffke,0.015038548466421109,1.5038548466421109
"Uniform(0,1)",30000,24,Randomized Gaffke,0.008629472500373547,1.494668481316542
"Uniform(0,1)",100000,24,Randomized Gaffke,0.004722930300319561,1.4935216979232884
"Uniform(0,1)",300000,24,Randomized Gaffke,0.002723429973873648,1.4916840304763022
"Uniform(0,1)",1000,25,Randomized Gaffke,0.048457910302937834,1.5323736720942345
"Uniform(0,1)",3000,25,Randomized Gaffke,0.027299674661711515,1.4952647624771611
"Uniform(0,1)",10000,25,Randomized Gaffke,0.014834162276209817,1.4834162276209817
"Uniform(0,1)",30000,25,Randomized Gaffke,0.008579305418348171,1.4859792878229994
"Uniform(0,1)",100000,25,Randomized Gaffke,0.004706383243214263,1.488289059020727
"Uniform(0,1)",300000,25,Randomized Gaffke,0.0027158083606573236,1.4875095009931418
"Uniform(0,1)",1000,26,Randomized Gaffke,0.04817243194980453,1.5233460539084833
"Uniform(0,1)",3000,26,Randomized Gaffke,0.027690600145724942,1.5166766330669392
"Uniform(0,1)",10000,26,Randomized Gaffke,0.015069568550754808,1.5069568550754808
"Uniform(0,1)",30000,26,Randomized Gaffke,0.008631638870188973,1.4950437075753722
"Uniform(0,1)",100000,26,Randomized Gaffke,0.004712139954628103,1.490109491010729
"Uniform(0,1)",300000,26,Randomized Gaffke,0.0027203637123819346,1.4900045698900815
"Uniform(0,1)",1000,27,Randomized Gaffke,0.04811808676053958,1.5216275081289816
"Uniform(0,1)",3000,27,Randomized Gaffke,0.027480791762440615,1.5051849546390876
"Uniform(0,1)",10000,27,Randomized Gaffke,0.014977182793206534,1.4977182793206534
"Uniform(0,1)",30000,27,Randomized Gaffke,0.008601577973584795,1.4898370075514211
"Uniform(0,1)",100000,27,Randomized Gaffke,0.004712191578504221,1.4901258159137472
"Uniform(0,1)",300000,27,Randomized Gaffke,0.002715422527205691,1.4872981713082427
"Uniform(0,1)",1000,28,Randomized Gaffke,0.04785515594008144,1.5133129055319365
"Uniform(0,1)",3000,28,Randomized Gaffke,0.02764413687384304,1.5141317348564178
"Uniform(0,1)",10000,28,Randomized Gaffke,0.014907797709595105,1.4907797709595105
"Uniform(0,1)",30000,28,Randomized Gaffke,0.008620496266620481,1.4931137520244495
"Uniform(0,1)",100000,28,Randomized Gaffke,0.004708586955558924,1.488985934052423
"Uniform(0,1)",300000,28,Randomized Gaffke,0.0027171827417546424,1.4882622805227521
"Uniform(0,1)",1000,29,Randomized Gaffke,0.049173852027013465,1.5550137372945025
"Uniform(0,1)",3000,29,Randomized Gaffke,0.02770899324270598,1.5176840644788288
"Uniform(0,1)",10000,29,Randomized Gaffke,0.01505638030014328,1.505638030014328
"Uniform(0,1)",30000,29,Randomized Gaffke,0.008641828688647157,1.49680863590432
"Uniform(0,1)",100000,29,Randomized Gaffke,0.004724434554920609,1.4939973849952983
"Uniform(0,1)",300000,29,Randomized Gaffke,0.0027199471298151034,1.4897763982211647
"Uniform(0,1)",1000,30,Randomized Gaffke,0.04758423863547179,1.5047457481307351
"Uniform(0,1)",3000,30,Randomized Gaffke,0.02739590324196839,1.5005354188854998
"Uniform(0,1)",10000,30,Randomized Gaffke,0.014943515064719526,1.4943515064719526
"Uniform(0,1)",30000,30,Randomized Gaffke,0.008629920386483136,1.4947460574663234
"Uniform(0,1)",100000,30,Randomized Gaffke,0.004710376683301876,1.4895518956583549
"Uniform(0,1)",1000,31,Randomized Gaffke,0.04660246857620148,1.4736994528722085
"Uniform(0,1)",3000,31,Randomized Gaffke,0.027647687473391747,1.5143262092029672
"Uniform(0,1)",10000,31,Randomized Gaffke,0.014969071832996228,1.4969071832996228
"Uniform(0,1)",30000,31,Randomized Gaffke,0.00862586785779923,1.4940441389083576
"Uniform(0,1)",100000,31,Randomized Gaffke,0.0047116562215048785,1.4899565211658237
"Uniform(0,1)",1000,32,Randomized Gaffke,0.04794714514674836,1.5162218596641306
"Uniform(0,1)",3000,32,Randomized Gaffke,0.027524251614484407,1.5075653487701097
"Uniform(0,1)",10000,32,Randomized Gaffke,0.014976259008967319,1.4976259008967319
"Uniform(0,1)",30000,32,Randomized Gaffke,0.008636352521633195,1.4958601359544286
"Uniform(0,1)",100000,32,Randomized Gaffke,0.00471761943501664,1.4918422548529293
"Uniform(0,1)",1000,33,Randomized Gaffke,0.04841222117100774,1.5309288548820843
"Uniform(0,1)",3000,33,Randomized Gaffke,0.027539461712070668,1.5083984401250947
"Uniform(0,1)",10000,33,Randomized Gaffke,0.01506691955298639,1.506691955298639
"Uniform(0,1)",30000,33,Randomized Gaffke,0.008634428709320574,1.4955269218874598
"Uniform(0,1)",100000,33,Randomized Gaffke,0.004724218530698376,1.4939290721380962
"Uniform(0,1)",1000,34,Randomized Gaffke,0.04832507966515437,1.5281731985097489
"Uniform(0,1)",3000,34,Randomized Gaffke,0.027801889888278086,1.522772223308469
"Uniform(0,1)",10000,34,Randomized Gaffke,0.015048370595131477,1.5048370595131477
"Uniform(0,1)",30000,34,Randomized Gaffke,0.008619497538569554,1.4929407672517345
"Uniform(0,1)",100000,34,Randomized Gaffke,0.0047163626565646655,1.4914448266106832
"Uniform(0,1)",1000,35,Randomized Gaffke,0.04882452489740141,1.543967043513873
"Uniform(0,1)",3000,35,Randomized Gaffke,0.027674145176061038,1.515775357260141
"Uniform(0,1)",10000,35,Randomized Gaffke,0.014969257276151227,1.4969257276151227
"Uniform(0,1)",30000,35,Randomized Gaffke,0.008624763796535762,1.4938529098880582
"Uniform(0,1)",100000,35,Randomized Gaffke,0.004705051921855219,1.487868058241506
"Uniform(0,1)",1000,36,Randomized Gaffke,0.04809031884994708,1.5207494096956196
"Uniform(0,1)",3000,36,Randomized Gaffke,0.0277216523550477,1.5183774326175838
"Uniform(0,1)",10000,36,Randomized Gaffke,0.015073483412292532,1.5073483412292532
"Uniform(0,1)",30000,36,Randomized Gaffke,0.008638756084896337,1.4962764453235253
"Uniform(0,1)",100000,36,Randomized Gaffke,0.0047207932571704525,1.4928459055423642
"Uniform(0,1)",1000,37,Randomized Gaffke,0.04789385728513601,1.5145367495207818
"Uniform(0,1)",3000,37,Randomized Gaffke,0.027512203082194764,1.506905423478123
"Uniform(0,1)",10000,37,Randomized Gaffke,0.01491109816623487,1.491109816623487
"Uniform(0,1)",30000,37,Randomized Gaffke,0.008626853291353709,1.4942148210067419
"Uniform(0,1)",100000,37,Randomized Gaffke,0.004715911121556671,1.4913020387038267
"Uniform(0,1)",1000,38,Randomized Gaffke,0.04725424613411244,1.4943104689800177
"Uniform(0,1)",3000,38,Randomized Gaffke,0.027549096715668797,1.5089261710063286
"Uniform(0,1)",10000,38,Randomized Gaffke,0.014965687181611786,1.4965687181611786
"Uniform(0,1)",30000,38,Randomized Gaffke,0.008609640857979717,1.491233540094177
"Uniform(0,1)",100000,38,Randomized Gaffke,0.00470786974502585,1.488759132167785
"Uniform(0,1)",1000,39,Randomized Gaffke,0.0481035490472948,1.5211677852707428
"Uniform(0,1)",3000,39,Randomized Gaffke,0.027555203940785977,1.5092606775023727
"Uniform(0,1)",10000,39,Randomized Gaffke,0.014995707755873167,1.4995707755873167
"Uniform(0,1)",30000,39,Randomized Gaffke,0.008595111717558945,1.4887170191542691
"Uniform(0,1)",100000,39,Randomized Gaffke,0.0047078670443931325,1.488758278152734
"Uniform(0,1)",1000,40,Randomized Gaffke,0.047706893396637695,1.5086244322422175
"Uniform(0,1)",3000,40,Randomized Gaffke,0.02744926971584294,1.50345842104106
"Uniform(0,1)",10000,40,Randomized Gaffke,0.014934479114136534,1.4934479114136534
"Uniform(0,1)",1000,41,Randomized Gaffke,0.04721848801895995,1.4931796980928531
"Uniform(0,1)",3000,41,Randomized Gaffke,0.02704683685858056,1.4814162656606737
"Uniform(0,1)",10000,41,Randomized Gaffke,0.014898788493262316,1.4898788493262316
"Uniform(0,1)",1000,42,Randomized Gaffke,0.04789717507392488,1.5146416672144638
"Uniform(0,1)",3000,42,Randomized Gaffke,0.027706770907483247,1.5175623421656457
"Uniform(0,1)",10000,42,Randomized Gaffke,0.015023600274379156,1.5023600274379156
"Uniform(0,1)",1000,43,Randomized Gaffke,0.047658305933283684,1.5070879617429311
"Uniform(0,1)",3000,43,Randomized Gaffke,0.027382850688838667,1.4998205011072814
"Uniform(0,1)",10000,43,Randomized Gaffke,0.01494002548987916,1.494002548987916
"Uniform(0,1)",1000,44,Randomized Gaffke,0.04660021118935487,1.4736280680322544
"Uniform(0,1)",3000,44,Randomized Gaffke,0.02748507013073187,1.505419290521331
"Uniform(0,1)",10000,44,Randomized Gaffke,0.015136344888128539,1.513634488812854
"Uniform(0,1)",1000,45,Randomized Gaffke,0.047375553154801686,1.4981465337954896
"Uniform(0,1)",3000,45,Randomized Gaffke,0.027486938184563547,1.5055216080435554
"Uniform(0,1)",10000,45,Randomized Gaffke,0.015039730026512044,1.5039730026512044
"Uniform(0,1)",1000,46,Randomized Gaffke,0.04779499511890206,1.5114104533236072
"Uniform(0,1)",3000,46,Randomized Gaffke,0.027506097554017783,1.5065710099273215
"Uniform(0,1)",10000,46,Randomized Gaffke,0.014858717419106104,1.4858717419106104
"Uniform(0,1)",1000,47,Randomized Gaffke,0.04773263995296506,1.5094386098412205
"Uniform(0,1)",3000,47,Randomized Gaffke,0.027435858025715465,1.5027238325193513
"Uniform(0,1)",10000,47,Randomized Gaffke,0.015069846075860205,1.5069846075860205
"Uniform(0,1)",1000,48,Randomized Gaffke,0.04741602182553545,1.4994262655294703
"Uniform(0,1)",3000,48,Randomized Gaffke,0.027819458823119647,1.5237345135008753
"Uniform(0,1)",10000,48,Randomized Gaffke,0.014982240345822295,1.4982240345822295
"Uniform(0,1)",1000,49,Randomized Gaffke,0.04848289171321002,1.533163653650467
"Uniform(0,1)",3000,49,Randomized Gaffke,0.027804726128362656,1.522927570575751
"Uniform(0,1)",10000,49,Randomized Gaffke,0.015051825257483886,1.5051825257483886
"Beta(1,5)",1000,0,Randomized Gaffke,0.0244719742860548,0.7738717758500611
"Beta(1,5)",3000,0,Randomized Gaffke,0.013346308250061945,0.7310074087976227
"Beta(1,5)",10000,0,Randomized Gaffke,0.007260090271265757,0.7260090271265757
"Beta(1,5)",30000,0,Randomized Gaffke,0.004215448559590662,0.7301371081904067
"Beta(1,5)",100000,0,Randomized Gaffke,0.0023009405188046117,0.7276212799992064
"Beta(1,5)",300000,0,Randomized Gaffke,0.001328058910767177,0.7274078231229234
"Beta(1,5)",1000000,0,Randomized Gaffke,0.0007269284152396915,0.7269284152396915
"Beta(1,5)",1000,1,Randomized Gaffke,0.023839806257276358,0.7538808675012737
"Beta(1,5)",3000,1,Randomized Gaffke,0.013929642052483898,0.7629579170117993
"Beta(1,5)",10000,1,Randomized Gaffke,0.007471872384618161,0.7471872384618161
"Beta(1,5)",30000,1,Randomized Gaffke,0.004228722912088145,0.7324362934867287
"Beta(1,5)",100000,1,Randomized Gaffke,0.002307293235682767,0.729630185465723
"Beta(1,5)",300000,1,Randomized Gaffke,0.0013298961204152304,0.7284141042900284
"Beta(1,5)",1000000,1,Randomized Gaffke,0.000726682026805564,0.726682026805564
"Beta(1,5)",1000,2,Randomized Gaffke,0.024509146203049975,0.775047255077056
"Beta(1,5)",3000,2,Randomized Gaffke,0.013672790284871061,0.7488895663061367
"Beta(1,5)",10000,2,Randomized Gaffke,0.007377066219598133,0.7377066219598133
"Beta(1,5)",30000,2,Randomized Gaffke,0.004252050130006874,0.7364766861501755
"Beta(1,5)",100000,2,Randomized Gaffke,0.0023068773241467777,0.7294986626898364
"Beta(1,5)",300000,2,Randomized Gaffke,0.0013313989903875612,0.7292372600748711
"Beta(1,5)",1000000,2,Randomized Gaffke,0.0007272846643795183,0.7272846643795183
"Beta(1,5)",1000,3,Randomized Gaffke,0.02336431738029024,0.7388445889677562
"Beta(1,5)",3000,3,Randomized Gaffke,0.013237314741709721,0.7250375884830086
"Beta(1,5)",10000,3,Randomized Gaffke,0.007369609203247612,0.7369609203247612
"Beta(1,5)",30000,3,Randomized Gaffke,0.004232904066491766,0.7331604906728648
"Beta(1,5)",100000,3,Randomized Gaffke,0.002304866702965036,0.7288628484452282
"Beta(1,5)",300000,3,Randomized Gaffke,0.0013280607349869522,0.7274088222892442
"Beta(1,5)",1000000,3,Randomized Gaffke,0.0007265992517377085,0.7265992517377085
"Beta(1,5)",1000,4,Randomized Gaffke,0.024189222874403227,0.7649303911255927
"Beta(1,5)",3000,4,Randomized Gaffke,0.01363946126165555,0.7470640605226618
"Beta(1,5)",10000,4,Randomized Gaffke,0.007301927576012807,0.7301927576012807
"Beta(1,5)",30000,4,Randomized Gaffke,0.004213839894004784,0.7298584791376937
"Beta(1,5)",100000,4,Randomized Gaffke,0.0023056271904964287,0.7291033357183642
"Beta(1,5)",300000,4,Randomized Gaffke,0.0013279199205865067,0.7273316950656986
"Beta(1,5)",1000000,4,Randomized Gaffke,0.0007279922111473602,0.7279922111473602
"Beta(1,5)",1000,5,Randomized Gaffke,0.024667674303421233,0.7800603537801856
"Beta(1,5)",3000,5,Randomized Gaffke,0.01388515220414921,0.76052110766051
"Beta(1,5)",10000,5,Randomized Gaffke,0.007443126510078973,0.7443126510078973
"Beta(1,5)",30000,5,Randomized Gaffke,0.004256471274505735,0.7372424508401387
"Beta(1,5)",100000,5,Randomized Gaffke,0.002303949562226598,0.728572823078389
"Beta(1,5)",300000,5,Randomized Gaffke,0.0013245791588924472,0.725501884526613
"Beta(1,5)",1000000,5,Randomized Gaffke,0.0007253541171305666,0.7253541171305666
"Beta(1,5)",1000,6,Randomized Gaffke,0.023995283540165308,0.7587974908847077
"Beta(1,5)",3000,6,Randomized Gaffke,0.013517113112055112,0.7403627763821442
"Beta(1,5)",10000,6,Randomized Gaffke,0.0073854489627104,0.73854489627104
"Beta(1,5)",30000,6,Randomized Gaffke,0.004246333265536001,0.7354864961778218
"Beta(1,5)",100000,6,Randomized Gaffke,0.002301618549271911,0.7278356920591719
"Beta(1,5)",300000,6,Randomized Gaffke,0.0013266963317602465,0.7266615078644446
"Beta(1,5)",1000000,6,Randomized Gaffke,0.0007266527206190587,0.7266527206190587
"Beta(1,5)",1000,7,Randomized Gaffke,0.02469733180501346,0.7809982063276006
"Beta(1,5)",3000,7,Randomized Gaffke,0.013731113574406095,0.752084064436761
"Beta(1,5)",10000,7,Randomized Gaffke,0.007346601373093009,0.7346601373093009
"Beta(1,5)",30000,7,Randomized Gaffke,0.004199516197744724,0.727377542170233
"Beta(1,5)",100000,7,Randomized Gaffke,0.0022940693675221058,0.7254484311791759
"Beta(1,5)",300000,7,Randomized Gaffke,0.0013272741849315872,0.7269780110813138
"Beta(1,5)",1000000,7,Randomized Gaffke,0.0007269769738550425,0.7269769738550425
"Beta(1,5)",1000,8,Randomized Gaffke,0.02364315936491304,0.7476623467546532
"Beta(1,5)",3000,8,Randomized Gaffke,0.01352899596437318,0.741013627008355
"Beta(1,5)",10000,8,Randomized Gaffke,0.007444720911729846,0.7444720911729846
"Beta(1,5)",30000,8,Randomized Gaffke,0.004235415300799766,0.7335954492139815
"Beta(1,5)",100000,8,Randomized Gaffke,0.0023025789226705506,0.7281393887935658
"Beta(1,5)",300000,8,Randomized Gaffke,0.001327833019368868,0.7272840973085233
"Beta(1,5)",1000000,8,Randomized Gaffke,0.0007265952114165475,0.7265952114165475
"Beta(1,5)",1000,9,Randomized Gaffke,0.024117494093876396,0.7626621279230815
"Beta(1,5)",3000,9,Randomized Gaffke,0.013284466787697569,0.7276202124050151
"Beta(1,5)",10000,9,Randomized Gaffke,0.007368062072012599,0.7368062072012599
"Beta(1,5)",30000,9,Randomized Gaffke,0.004238162697111025,0.7340713122139443
"Beta(1,5)",100000,9,Randomized Gaffke,0.0023082873411518767,0.7299445492174047
"Beta(1,5)",300000,9,Randomized Gaffke,0.001329206236574343,0.728036239348316
"Beta(1,5)",1000000,9,Randomized Gaffke,0.0007275575140023305,0.7275575140023305
"Beta(1,5)",1000,10,Randomized Gaffke,0.024047346861021307,0.7604438776492788
"Beta(1,5)",3000,10,Randomized Gaffke,0.013794930996363808,0.7555794885935675
"Beta(1,5)",10000,10,Randomized Gaffke,0.007438880714610435,0.7438880714610435
"Beta(1,5)",30000,10,Randomized Gaffke,0.004214924106103496,0.7300462701818088
"Beta(1,5)",100000,10,Randomized Gaffke,0.0023099250232106183,0.7304624297562864
"Beta(1,5)",300000,10,Randomized Gaffke,0.0013270492209036255,0.7268547932085719
"Beta(1,5)",1000000,10,Randomized Gaffke,0.000727476632166657,0.727476632166657
"Beta(1,5)",1000,11,Randomized Gaffke,0.02386886986705758,0.7547999395406237
"Beta(1,5)",3000,11,Randomized Gaffke,0.013541380782775642,0.7416919714493183
"Beta(1,5)",10000,11,Randomized Gaffke,0.0072898794995945315,0.7289879499594532
"Beta(1,5)",30000,11,Randomized Gaffke,0.004231595725817078,0.7329338794206479
"Beta(1,5)",100000,11,Randomized Gaffke,0.0023071933360648,0.7295985944327074
"Beta(1,5)",300000,11,Randomized Gaffke,0.001328413944742618,0.7276022832399532
"Beta(1,5)",1000000,11,Randomized Gaffke,0.0007262092188314029,0.7262092188314029
"Beta(1,5)",1000,12,Randomized Gaffke,0.02486917218403853,0.7864322762446591
"Beta(1,5)",3000,12,Randomized Gaffke,0.013601502084219758,0.7449849507480694
"Beta(1,5)",10000,12,Randomized Gaffke,0.007346781525962659,0.7346781525962659
"Beta(1,5)",30000,12,Randomized Gaffke,0.004214278933440785,0.7299345229986618
"Beta(1,5)",100000,12,Randomized Gaffke,0.0022988052351109733,0.7269460440069551
"Beta(1,5)",300000,12,Randomized Gaffke,0.0013264010436732643,0.7264997719182419
"Beta(1,5)",1000000,12,Randomized Gaffke,0.0007262496014777131,0.7262496014777131
"Beta(1,5)",1000,13,Randomized Gaffke,0.023706208483332075,0.7496561349413514
"Beta(1,5)",3000,13,Randomized Gaffke,0.013641442182777602,0.7471725600409804
"Beta(1,5)",10000,13,Randomized Gaffke,0.007386863059613447,0.7386863059613447
"Beta(1,5)",30000,13,Randomized Gaffke,0.004265777822211991,0.7388543921871686
"Beta(1,5)",100000,13,Randomized Gaffke,0.002311572545248969,0.7309834219699375
"Beta(1,5)",300000,13,Randomized Gaffke,0.0013262916887956389,0.7264398757849932
"Beta(1,5)",1000000,13,Randomized Gaffke,0.0007260859966523592,0.7260859966523592
"Beta(1,5)",1000,14,Randomized Gaffke,0.024192770512574263,0.7650425772949391
"Beta(1,5)",3000,14,Randomized Gaffke,0.013665431573569115,0.7484865130887123
"Beta(1,5)",10000,14,Randomized Gaffke,0.007381891277987912,0.7381891277987912
"Beta(1,5)",30000,14,Randomized Gaffke,0.004244828831862835,0.7352259206219677
"Beta(1,5)",100000,14,Randomized Gaffke,0.002312317686452403,0.7312190563080666
"Beta(1,5)",300000,14,Randomized Gaffke,0.0013305312532585212,0.7287619808753112
"Beta(1,5)",1000000,14,Randomized Gaffke,0.000726987372126009,0.726987372126009
"Beta(1,5)",1000,15,Randomized Gaffke,0.023783403084358806,0.7520972425644759
"Beta(1,5)",3000,15,Randomized Gaffke,0.013589518858502209,0.7443286024443516
"Beta(1,5)",10000,15,Randomized Gaffke,0.007291859389859712,0.7291859389859712
"Beta(1,5)",30000,15,Randomized Gaffke,0.004214254026474656,0.7299302089855821
"Beta(1,5)",100000,15,Randomized Gaffke,0.002305095906649929,0.7289353290144647
"Beta(1,5)",300000,15,Randomized Gaffke,0.0013284568244420203,0.7276257694185748
"Beta(1,5)",1000000,15,Randomized Gaffke,0.0007263278701326314,0.7263278701326314
"Beta(1,5)",1000,16,Randomized Gaffke,0.02415737829241485,0.7639233770234003
"Beta(1,5)",3000,16,Randomized Gaffke,0.013888317002831024,0.7606944508233092
"Beta(1,5)",10000,16,Randomized Gaffke,0.007412718207444574,0.7412718207444574
"Beta(1,5)",30000,16,Randomized Gaffke,0.004224305781944632,0.7316712241035077
"Beta(1,5)",100000,16,Randomized Gaffke,0.0023020569790399847,0.7279743357252851
"Beta(1,5)",300000,16,Randomized Gaffke,0.001327994522306919,0.7273725561107971
"Beta(1,5)",1000000,16,Randomized Gaffke,0.0007266783616170502,0.7266783616170502
"Beta(1,5)",1000,17,Randomized Gaffke,0.023559048423821866,0.7450025252547695
"Beta(1,5)",3000,17,Randomized Gaffke,0.013435856978646132,0.7359121946617694
"Beta(1,5)",10000,17,Randomized Gaffke,0.0072342010620564945,0.7234201062056494
"Beta(1,5)",30000,17,Randomized Gaffke,0.0042043148881338865,0.7282086997266152
"Beta(1,5)",100000,17,Randomized Gaffke,0.0022997026617478655,0.7272298352275035
"Beta(1,5)",300000,17,Randomized Gaffke,0.001328341062924454,0.7275623642241128
"Beta(1,5)",1000000,17,Randomized Gaffke,0.0007272931692381412,0.7272931692381412
"Beta(1,5)",1000,18,Randomized Gaffke,0.023574827342114857,0.745501498462965
"Beta(1,5)",3000,18,Randomized Gaffke,0.01373586120482162,0.752344102864089
"Beta(1,5)",10000,18,Randomized Gaffke,0.007355716409228136,0.7355716409228136
"Beta(1,5)",30000,18,Randomized Gaffke,0.0042143374890421526,0.7299446651263255
"Beta(1,5)",100000,18,Randomized Gaffke,0.0022992671216703897,0.7270921053617925
"Beta(1,5)",300000,18,Randomized Gaffke,0.0013272415307095664,0.7269601256273153
"Beta(1,5)",1000000,18,Randomized Gaffke,0.0007245416622177758,0.7245416622177758
"Beta(1,5)",1000,19,Randomized Gaffke,0.02410676436023565,0.7623228239531646
"Beta(1,5)",3000,19,Randomized Gaffke,0.01338747649361216,0.7332622863621546
"Beta(1,5)",10000,19,Randomized Gaffke,0.007282441907703635,0.7282441907703635
"Beta(1,5)",30000,19,Randomized Gaffke,0.00420177280358161,0.7277683977664474
"Beta(1,5)",100000,19,Randomized Gaffke,0.00230867009686464,0.730065587201382
"Beta(1,5)",300000,19,Randomized Gaffke,0.0013254162531021463,0.7259603799080222
"Beta(1,5)",1000000,19,Randomized Gaffke,0.0007264405809021268,0.7264405809021268
"Beta(1,5)",1000,20,Randomized Gaffke,0.024836615464067374,0.7854027423621276
"Beta(1,5)",3000,20,Randomized Gaffke,0.013871156128012874,0.7597545109988669
"Beta(1,5)",10000,20,Randomized Gaffke,0.00734905025377261,0.734905025377261
"Beta(1,5)",30000,20,Randomized Gaffke,0.004222860768238829,0.7314209403878993
"Beta(1,5)",100000,20,Randomized Gaffke,0.002311138032262655,0.7308460168989702
"Beta(1,5)",300000,20,Randomized Gaffke,0.0013273538666584705,0.7270216545605488
"Beta(1,5)",1000,21,Randomized Gaffke,0.024073958787294958,0.7612854206487709
"Beta(1,5)",3000,21,Randomized Gaffke,0.013499325572964876,0.7393885127419214
"Beta(1,5)",10000,21,Randomized Gaffke,0.007331776402929646,0.7331776402929646
"Beta(1,5)",30000,21,Randomized Gaffke,0.004213119579708824,0.7297337170418917
"Beta(1,5)",100000,21,Randomized Gaffke,0.0023065156985001556,0.7293843066194707
"Beta(1,5)",300000,21,Randomized Gaffke,0.001326102599622625,0.7263363073795536
"Beta(1,5)",1000,22,Randomized Gaffke,0.02431964895324576,0.7690548258798637
"Beta(1,5)",3000,22,Randomized Gaffke,0.013881289691413445,0.7603095491251071
"Beta(1,5)",10000,22,Randomized Gaffke,0.007418941284829145,0.7418941284829145
"Beta(1,5)",30000,22,Randomized Gaffke,0.004200178066903232,0.7274921812712828
"Beta(1,5)",100000,22,Randomized Gaffke,0.0023023509486923,0.7280672970917136
"Beta(1,5)",300000,22,Randomized Gaffke,0.0013292594670490099,0.7280653948800379
"Beta(1,5)",1000,23,Randomized Gaffke,0.024183440391350897,0.7647475329558259
"Beta(1,5)",3000,23,Randomized Gaffke,0.013542024067069502,0.7417272055811819
"Beta(1,5)",10000,23,Randomized Gaffke,0.007275849584520572,0.7275849584520572
"Beta(1,5)",30000,23,Randomized Gaffke,0.004202532495104688,0.7278999801980524
"Beta(1,5)",100000,23,Randomized Gaffke,0.0023021079691180057,0.7279904602037468
"Beta(1,5)",300000,23,Randomized Gaffke,0.0013264346214456324,0.7265181632215987
"Beta(1,5)",1000,24,Randomized Gaffke,0.02309564109691256,0.7303482988803331
"Beta(1,5)",3000,24,Randomized Gaffke,0.013189391492738234,0.7224127240339466
"Beta(1,5)",10000,24,Randomized Gaffke,0.007162297498653852,0.7162297498653852
"Beta(1,5)",30000,24,Randomized Gaffke,0.00417570729318914,0.7232537189339501
"Beta(1,5)",100000,24,Randomized Gaffke,0.002301077066116042,0.7276644600504556
"Beta(1,5)",300000,24,Randomized Gaffke,0.001328526487189341,0.7276639252767002
"Beta(1,5)",1000,25,Randomized Gaffke,0.02445388863724479,0.7732998574180457
"Beta(1,5)",3000,25,Randomized Gaffke,0.013508793763601729,0.7399071069009777
"Beta(1,5)",10000,25,Randomized Gaffke,0.007328098544941153,0.7328098544941153
"Beta(1,5)",30000,25,Randomized Gaffke,0.004191152862638575,0.7259289700377756
"Beta(1,5)",100000,25,Randomized Gaffke,0.002303052234525066,0.7282890631439484
"Beta(1,5)",300000,25,Randomized Gaffke,0.0013289756333490499,0.7279099327599896
"Beta(1,5)",1000,26,Randomized Gaffke,0.023904360617477166,0.7559222556125684
"Beta(1,5)",3000,26,Randomized Gaffke,0.01380869839250859,0.7563335599362281
"Beta(1,5)",10000,26,Randomized Gaffke,0.007446018006179889,0.7446018006179889
"Beta(1,5)",30000,26,Randomized Gaffke,0.00425489828232431,0.736970000602325
"Beta(1,5)",100000,26,Randomized Gaffke,0.002300756838603535,0.7275631952195585
"Beta(1,5)",300000,26,Randomized Gaffke,0.0013276549168062812,0.727186546517445
"Beta(1,5)",1000,27,Randomized Gaffke,0.024529347766173715,0.7756860845947228
"Beta(1,5)",3000,27,Randomized Gaffke,0.013714619257734095,0.7511806335055722
"Beta(1,5)",10000,27,Randomized Gaffke,0.007387951793944331,0.7387951793944331
"Beta(1,5)",30000,27,Randomized Gaffke,0.004230276598870181,0.732705399931282
"Beta(1,5)",100000,27,Randomized Gaffke,0.0023047280140522375,0.7288189911601626
"Beta(1,5)",300000,27,Randomized Gaffke,0.0013279940983428329,0.7273723238961035
"Beta(1,5)",1000,28,Randomized Gaffke,0.024286887378252547,0.7680188139127341
"Beta(1,5)",3000,28,Randomized Gaffke,0.01351668886025445,0.7403395391540156
"Beta(1,5)",10000,28,Randomized Gaffke,0.007427351839934426,0.7427351839934426
"Beta(1,5)",30000,28,Randomized Gaffke,0.004232634174726746,0.7331137440479089
"Beta(1,5)",100000,28,Randomized Gaffke,0.0023088084951456422,0.7301093525806039
"Beta(1,5)",300000,28,Randomized Gaffke,0.0013303765720016347,0.7286772584616912
"Beta(1,5)",1000,29,Randomized Gaffke,0.025395934444105622,0.8030899615169588
"Beta(1,5)",3000,29,Randomized Gaffke,0.013732203643798319,0.7521437699962976
"Beta(1,5)",10000,29,Randomized Gaffke,0.007431099057655627,0.7431099057655627
"Beta(1,5)",30000,29,Randomized Gaffke,0.004256046266447294,0.7371688372850541
"Beta(1,5)",100000,29,Randomized Gaffke,0.00231731386395595,0.7327989863586368
"Beta(1,5)",300000,29,Randomized Gaffke,0.00133237739068795,0.7297731519896639
"Beta(1,5)",1000,30,Randomized Gaffke,0.024888428473968827,0.7870412135993021
"Beta(1,5)",3000,30,Randomized Gaffke,0.013834266992959254,0.7577340098592947
"Beta(1,5)",10000,30,Randomized Gaffke,0.0074104118227356075,0.7410411822735608
"Beta(1,5)",30000,30,Randomized Gaffke,0.0042326292240624785,0.7331128865677046
"Beta(1,5)",100000,30,Randomized Gaffke,0.002304442208744789,0.7287286115862724
"Beta(1,5)",1000,31,Randomized Gaffke,0.023863746730329732,0.7546379317323791
"Beta(1,5)",3000,31,Randomized Gaffke,0.013696835190331463,0.7502065600175108
"Beta(1,5)",10000,31,Randomized Gaffke,0.007264195401145229,0.7264195401145229
"Beta(1,5)",30000,31,Randomized Gaffke,0.004202629540763947,0.7279167889993013
"Beta(1,5)",100000,31,Randomized Gaffke,0.0022941456200477606,0.7254725443450168
"Beta(1,5)",1000,32,Randomized Gaffke,0.024694646160376366,0.7809132787872103
"Beta(1,5)",3000,32,Randomized Gaffke,0.013559040927959343,0.7426592574379113
"Beta(1,5)",10000,32,Randomized Gaffke,0.007460609147196401,0.7460609147196401
"Beta(1,5)",30000,32,Randomized Gaffke,0.004225501697260076,0.7318783627122976
"Beta(1,5)",100000,32,Randomized Gaffke,0.002300958129694386,0.7276268490515374
"Beta(1,5)",1000,33,Randomized Gaffke,0.02339639215821146,0.7398588825045075
"Beta(1,5)",3000,33,Randomized Gaffke,0.013242881863482325,0.7253425123005319
"Beta(1,5)",10000,33,Randomized Gaffke,0.007232622621467372,0.7232622621467372
"Beta(1,5)",30000,33,Randomized Gaffke,0.004216857626199166,0.7303811656861244
"Beta(1,5)",100000,33,Randomized Gaffke,0.002298342784923968,0.7267998044174243
"Beta(1,5)",1000,34,Randomized Gaffke,0.0235122401415499,0.7435223174013746
"Beta(1,5)",3000,34,Randomized Gaffke,0.01379937031610487,0.7558226401497832
"Beta(1,5)",10000,34,Randomized Gaffke,0.007335814445456307,0.7335814445456307
"Beta(1,5)",30000,34,Randomized Gaffke,0.004196147465933359,0.7267940607047971
"Beta(1,5)",100000,34,Randomized Gaffke,0.002301148232554978,0.7276869648544558
"Beta(1,5)",1000,35,Randomized Gaffke,0.023753869088595003,0.751163295614282
"Beta(1,5)",3000,35,Randomized Gaffke,0.013589917617700148,0.744350443385124
"Beta(1,5)",10000,35,Randomized Gaffke,0.007366707712405163,0.7366707712405163
"Beta(1,5)",30000,35,Randomized Gaffke,0.004238592199814373,0.7341457042643629
"Beta(1,5)",100000,35,Randomized Gaffke,0.0023008768518706646,0.7276011467469152
"Beta(1,5)",1000,36,Randomized Gaffke,0.024928716965491204,0.7883152475663331
"Beta(1,5)",3000,36,Randomized Gaffke,0.013463003550311547,0.7373990736277772
"Beta(1,5)",10000,36,Randomized Gaffke,0.007414727194582804,0.7414727194582804
"Beta(1,5)",30000,36,Randomized Gaffke,0.004248878797784211,0.7359273952964424
"Beta(1,5)",100000,36,Randomized Gaffke,0.002317783418316205,0.7329474724850037
"Beta(1,5)",1000,37,Randomized Gaffke,0.023897428978699925,0.7557030579480322
"Beta(1,5)",3000,37,Randomized Gaffke,0.013300733136282494,0.7285111570098357
"Beta(1,5)",10000,37,Randomized Gaffke,0.007304294136545708,0.7304294136545708
"Beta(1,5)",30000,37,Randomized Gaffke,0.0042081702265496235,0.728876463928258
"Beta(1,5)",100000,37,Randomized Gaffke,0.0023078713135897544,0.7298129897508333
"Beta(1,5)",1000,38,Randomized Gaffke,0.02452056897191529,0.7754084747450565
"Beta(1,5)",3000,38,Randomized Gaffke,0.01366774079691463,0.7486129944603778
"Beta(1,5)",10000,38,Randomized Gaffke,0.007394493826726883,0.7394493826726883
"Beta(1,5)",30000,38,Randomized Gaffke,0.004232288132892864,0.7330538078441261
"Beta(1,5)",100000,38,Randomized Gaffke,0.002303956722381234,0.7285750873180937
"Beta(1,5)",1000,39,Randomized Gaffke,0.02389267971952383,0.755552873186083
"Beta(1,5)",3000,39,Randomized Gaffke,0.01370900241388634,0.7508729862978322
"Beta(1,5)",10000,39,Randomized Gaffke,0.0073381957023958,0.73381957023958
"Beta(1,5)",30000,39,Randomized Gaffke,0.004207982120017939,0.7288438829212467
"Beta(1,5)",100000,39,Randomized Gaffke,0.0022991964836777956,0.7270697676671986
"Beta(1,5)",1000,40,Randomized Gaffke,0.024056511085383175,0.7607336758690019
"Beta(1,5)",3000,40,Randomized Gaffke,0.01387020508382003,0.7597024201631064
"Beta(1,5)",10000,40,Randomized Gaffke,0.007417509818383322,0.7417509818383322
"Beta(1,5)",1000,41,Randomized Gaffke,0.02372658333362021,0.7503004442803058
"Beta(1,5)",3000,41,Randomized Gaffke,0.013415248133567786,0.7347834017284155
"Beta(1,5)",10000,41,Randomized Gaffke,0.007316895016138886,0.7316895016138886
"Beta(1,5)",1000,42,Randomized Gaffke,0.023513575472755482,0.743564544281778
"Beta(1,5)",3000,42,Randomized Gaffke,0.013548236732578434,0.7420674872853296
"Beta(1,5)",10000,42,Randomized Gaffke,0.00737403825746813,0.737403825746813
"Beta(1,5)",1000,43,Randomized Gaffke,0.02393029036735364,0.7567422263002498
"Beta(1,5)",3000,43,Randomized Gaffke,0.013787979336114004,0.7551987304804745
"Beta(1,5)",10000,43,Randomized Gaffke,0.007400788716802442,0.7400788716802442
"Beta(1,5)",1000,44,Randomized Gaffke,0.02361662523106106,0.7468232637675328
"Beta(1,5)",3000,44,Randomized Gaffke,0.013110104494742175,0.7180699963020158
"Beta(1,5)",10000,44,Randomized Gaffke,0.007193991920723952,0.7193991920723952
"Beta(1,5)",1000,45,Randomized Gaffke,0.02396566084561086,0.7578607390324725
"Beta(1,5)",3000,45,Randomized Gaffke,0.013616402298975788,0.7458010691214243
"Beta(1,5)",10000,45,Randomized Gaffke,0.0073372177044549736,0.7337217704454974
"Beta(1,5)",1000,46,Randomized Gaffke,0.02390908715410925,0.7560717218245845
"Beta(1,5)",3000,46,Randomized Gaffke,0.013293132936960023,0.7280948769487904
"Beta(1,5)",10000,46,Randomized Gaffke,0.007369291443100834,0.7369291443100834
"Beta(1,5)",1000,47,Randomized Gaffke,0.024773178187328215,0.783396679531586
"Beta(1,5)",3000,47,Randomized Gaffke,0.013678128917183702,0.7491819752405225
"Beta(1,5)",10000,47,Randomized Gaffke,0.0073258758524614165,0.7325875852461416
"Beta(1,5)",1000,48,Randomized Gaffke,0.02331237738273842,0.7372021020284829
"Beta(1,5)",3000,48,Randomized Gaffke,0.013415841354034036,0.7348158937515094
"Beta(1,5)",10000,48,Randomized Gaffke,0.0073764954669643945,0.7376495466964395
"Beta(1,5)",1000,49,Randomized Gaffke,0.023818555162850474,0.7532088488897026
"Beta(1,5)",3000,49,Randomized Gaffke,0.013754444521601905,0.7533619530434716
"Beta(1,5)",10000,49,Randomized Gaffke,0.007391221163930872,0.7391221163930872
"Beta(0.5,0.5)",1000,0,Randomized Gaffke,0.05856432497053071,1.8519665653715045
"Beta(0.5,0.5)",3000,0,Randomized Gaffke,0.033617325410270016,1.8412967450196502
"Beta(0.5,0.5)",10000,0,Randomized Gaffke,0.01833031905726823,1.833031905726823
"Beta(0.5,0.5)",30000,0,Randomized Gaffke,0.010555708269828268,1.8283023033217527
"Beta(0.5,0.5)",100000,0,Randomized Gaffke,0.005770064703266964,1.824654670886721
"Beta(0.5,0.5)",300000,0,Randomized Gaffke,0.0033298569650422882,1.8238377730193527
"Beta(0.5,0.5)",1000000,0,Randomized Gaffke,0.0018234374085326355,1.8234374085326355
"Beta(0.5,0.5)",1000,1,Randomized Gaffke,0.058499456286474516,1.8499152374671501
"Beta(0.5,0.5)",3000,1,Randomized Gaffke,0.033338679238387126,1.826034665629378
"Beta(0.5,0.5)",10000,1,Randomized Gaffke,0.018183191535233956,1.8183191535233956
"Beta(0.5,0.5)",30000,1,Randomized Gaffke,0.010547795056901288,1.8269316946376888
"Beta(0.5,0.5)",100000,1,Randomized Gaffke,0.00577273790287175,1.8255000108258594
"Beta(0.5,0.5)",300000,1,Randomized Gaffke,0.0033287951803574467,1.8232562095962515
"Beta(0.5,0.5)",1000000,1,Randomized Gaffke,0.0018218744878679693,1.8218744878679693
"Beta(0.5,0.5)",1000,2,Randomized Gaffke,0.058693940863159766,1.8560653797881408
"Beta(0.5,0.5)",3000,2,Randomized Gaffke,0.03338916004004644,1.828799613008353
"Beta(0.5,0.5)",10000,2,Randomized Gaffke,0.01844664444675098,1.8446644446750982
"Beta(0.5,0.5)",30000,2,Randomized Gaffke,0.010582319339304813,1.832911475759465
"Beta(0.5,0.5)",100000,2,Randomized Gaffke,0.005777306890646261,1.8269448516227516
"Beta(0.5,0.5)",300000,2,Randomized Gaffke,0.003328710225506848,1.8232096779082092
"Beta(0.5,0.5)",1000000,2,Randomized Gaffke,0.0018232589198701188,1.8232589198701188
"Beta(0.5,0.5)",1000,3,Randomized Gaffke,0.058019620841744224,1.8347415083928746
"Beta(0.5,0.5)",3000,3,Randomized Gaffke,0.033537493413007935,1.836924166448537
"Beta(0.5,0.5)",10000,3,Randomized Gaffke,0.018313128323293903,1.8313128323293903
"Beta(0.5,0.5)",30000,3,Randomized Gaffke,0.010569045104235009,1.8306123108022134
"Beta(0.5,0.5)",100000,3,Randomized Gaffke,0.005776007172371922,1.8265338446164059
"Beta(0.5,0.5)",300000,3,Randomized Gaffke,0.0033300660621798928,1.8239523002383284
"Beta(0.5,0.5)",1000000,3,Randomized Gaffke,0.0018231568422245603,1.8231568422245603
"Beta(0.5,0.5)",1000,4,Randomized Gaffke,0.05977446738225162,1.8902346285135776
"Beta(0.5,0.5)",3000,4,Randomized Gaffke,0.03398315974260796,1.8613343166327836
"Beta(0.5,0.5)",10000,4,Randomized Gaffke,0.01832505600790113,1.832505600790113
"Beta(0.5,0.5)",30000,4,Randomized Gaffke,0.010557210096459269,1.8285624273246581
"Beta(0.5,0.5)",100000,4,Randomized Gaffke,0.005779653292926401,1.827686849173977
"Beta(0.5,0.5)",300000,4,Randomized Gaffke,0.0033296129220726778,1.8237041051798966
"Beta(0.5,0.5)",1000000,4,Randomized Gaffke,0.0018223110176812107,1.8223110176812107
"Beta(0.5,0.5)",1000,5,Randomized Gaffke,0.05962734851283924,1.8855823213722576
"Beta(0.5,0.5)",3000,5,Randomized Gaffke,0.033712432813628124,1.846505992040148
"Beta(0.5,0.5)",10000,5,Randomized Gaffke,0.018396317225259473,1.8396317225259473
"Beta(0.5,0.5)",30000,5,Randomized Gaffke,0.010563188803995927,1.8295979698463667
"Beta(0.5,0.5)",100000,5,Randomized Gaffke,0.005771458437343058,1.8250954083000257
"Beta(0.5,0.5)",300000,5,Randomized Gaffke,0.0033314214938287012,1.8246947007275374
"Beta(0.5,0.5)",1000000,5,Randomized Gaffke,0.0018229273641532928,1.8229273641532928
"Beta(0.5,0.5)",1000,6,Randomized Gaffke,0.05871117714556673,1.8566104388961397
"Beta(0.5,0.5)",3000,6,Randomized Gaffke,0.0336095988757405,1.8408735452943343
"Beta(0.5,0.5)",10000,6,Randomized Gaffke,0.018355851286361857,1.8355851286361857
"Beta(0.5,0.5)",30000,6,Randomized Gaffke,0.01055969127452211,1.8289921799714046
"Beta(0.5,0.5)",100000,6,Randomized Gaffke,0.005772593285959138,1.825454278942656
"Beta(0.5,0.5)",300000,6,Randomized Gaffke,0.0033274919899020095,1.822542422787083
"Beta(0.5,0.5)",1000000,6,Randomized Gaffke,0.0018227203720374008,1.8227203720374008
"Beta(0.5,0.5)",1000,7,Randomized Gaffke,0.05790491247721513,1.8311141114070266
"Beta(0.5,0.5)",3000,7,Randomized Gaffke,0.033619284207810685,1.8414040327795111
"Beta(0.5,0.5)",10000,7,Randomized Gaffke,0.01829683235230012,1.8296832352300119
"Beta(0.5,0.5)",30000,7,Randomized Gaffke,0.010561148771884521,1.8292446259197641
"Beta(0.5,0.5)",100000,7,Randomized Gaffke,0.005770132382966697,1.8246760730869724
"Beta(0.5,0.5)",300000,7,Randomized Gaffke,0.003328445258000412,1.8230645492279283
"Beta(0.5,0.5)",1000000,7,Randomized Gaffke,0.0018215203815702963,1.8215203815702963
"Beta(0.5,0.5)",1000,8,Randomized Gaffke,0.060043157768507494,1.8987313645731672
"Beta(0.5,0.5)",3000,8,Randomized Gaffke,0.03360457731490568,1.840598503080023
"Beta(0.5,0.5)",10000,8,Randomized Gaffke,0.018342923339183193,1.8342923339183193
"Beta(0.5,0.5)",30000,8,Randomized Gaffke,0.010561861614004298,1.829368093796687
"Beta(0.5,0.5)",100000,8,Randomized Gaffke,0.005767499973991896,1.8238436322776284
"Beta(0.5,0.5)",300000,8,Randomized Gaffke,0.003327685585752027,1.8226484596011772
"Beta(0.5,0.5)",1000000,8,Randomized Gaffke,0.001822193487458601,1.822193487458601
"Beta(0.5,0.5)",1000,9,Randomized Gaffke,0.05845830120039247,1.8486137993739546
"Beta(0.5,0.5)",3000,9,Randomized Gaffke,0.03352163433147898,1.8360555287790645
"Beta(0.5,0.5)",10000,9,Randomized Gaffke,0.018356223960943996,1.8356223960943996
"Beta(0.5,0.5)",30000,9,Randomized Gaffke,0.010536326247476857,1.8249452385751448
"Beta(0.5,0.5)",100000,9,Randomized Gaffke,0.005768317488388908,1.824102153029082
"Beta(0.5,0.5)",300000,9,Randomized Gaffke,0.0033270887508341507,1.8223215596535496
"Beta(0.5,0.5)",1000000,9,Randomized Gaffke,0.0018218071465512242,1.8218071465512242
"Beta(0.5,0.5)",1000,10,Randomized Gaffke,0.05791730557068914,1.831506015433359
"Beta(0.5,0.5)",3000,10,Randomized Gaffke,0.033337906498589365,1.8259923409275465
"Beta(0.5,0.5)",10000,10,Randomized Gaffke,0.01834719690243214,1.834719690243214
"Beta(0.5,0.5)",30000,10,Randomized Gaffke,0.010542213660117372,1.8259649683569943
"Beta(0.5,0.5)",100000,10,Randomized Gaffke,0.005764583708410154,1.822921428127602
"Beta(0.5,0.5)",300000,10,Randomized Gaffke,0.003328180157305516,1.8229193475973233
"Beta(0.5,0.5)",1000000,10,Randomized Gaffke,0.0018227667506198197,1.8227667506198197
"Beta(0.5,0.5)",1000,11,Randomized Gaffke,0.05850340592828662,1.8500401361078311
"Beta(0.5,0.5)",3000,11,Randomized Gaffke,0.03326227162287765,1.821849648171406
"Beta(0.5,0.5)",10000,11,Randomized Gaffke,0.018296613553146435,1.8296613553146435
"Beta(0.5,0.5)",30000,11,Randomized Gaffke,0.010549393465856816,1.8272085471899133
"Beta(0.5,0.5)",100000,11,Randomized Gaffke,0.005773557376325178,1.8257591510853473
"Beta(0.5,0.5)",300000,11,Randomized Gaffke,0.003333488517853256,1.825826856412691
"Beta(0.5,0.5)",1000000,11,Randomized Gaffke,0.0018229214701097618,1.8229214701097618
"Beta(0.5,0.5)",1000,12,Randomized Gaffke,0.05811746080610075,1.8378354797284377
"Beta(0.5,0.5)",3000,12,Randomized Gaffke,0.03356507349997051,1.8384347900252727
"Beta(0.5,0.5)",10000,12,Randomized Gaffke,0.018242135325111597,1.8242135325111597
"Beta(0.5,0.5)",30000,12,Randomized Gaffke,0.01053219719959303,1.8242300665029774
"Beta(0.5,0.5)",100000,12,Randomized Gaffke,0.005771613288652444,1.8251443765836577
"Beta(0.5,0.5)",300000,12,Randomized Gaffke,0.0033280864798114207,1.8228680383206768
"Beta(0.5,0.5)",1000000,12,Randomized Gaffke,0.0018218713802256592,1.8218713802256592
"Beta(0.5,0.5)",1000,13,Randomized Gaffke,0.05799314577078135,1.8339042931383018
"Beta(0.5,0.5)",3000,13,Randomized Gaffke,0.03343888273512641,1.831523037179878
"Beta(0.5,0.5)",10000,13,Randomized Gaffke,0.018188703275342832,1.8188703275342832
"Beta(0.5,0.5)",30000,13,Randomized Gaffke,0.01052499607703744,1.8229827954891964
"Beta(0.5,0.5)",100000,13,Randomized Gaffke,0.0057641981085672644,1.8227994907507088
"Beta(0.5,0.5)",300000,13,Randomized Gaffke,0.0033286795621612075,1.8231928829021133
"Beta(0.5,0.5)",1000000,13,Randomized Gaffke,0.0018235482250741342,1.8235482250741342
"Beta(0.5,0.5)",1000,14,Randomized Gaffke,0.05896826690681206,1.8647403309825812
"Beta(0.5,0.5)",3000,14,Randomized Gaffke,0.033624320848919864,1.8416799009744667
"Beta(0.5,0.5)",10000,14,Randomized Gaffke,0.018280003384587407,1.8280003384587407
"Beta(0.5,0.5)",30000,14,Randomized Gaffke,0.010521513789251535,1.82237964555202
"Beta(0.5,0.5)",100000,14,Randomized Gaffke,0.005762053292105607,1.8221212402325226
"Beta(0.5,0.5)",300000,14,Randomized Gaffke,0.003326382479284018,1.8219347187938177
"Beta(0.5,0.5)",1000000,14,Randomized Gaffke,0.0018214570969024568,1.8214570969024568
"Beta(0.5,0.5)",1000,15,Randomized Gaffke,0.05817516889412866,1.8396603697042546
"Beta(0.5,0.5)",3000,15,Randomized Gaffke,0.0335996453039783,1.8403283657161438
"Beta(0.5,0.5)",10000,15,Randomized Gaffke,0.018344885387677923,1.8344885387677923
"Beta(0.5,0.5)",30000,15,Randomized Gaffke,0.010559605021253526,1.8289772404670541
"Beta(0.5,0.5)",100000,15,Randomized Gaffke,0.005768190876173862,1.8240621147311675
"Beta(0.5,0.5)",300000,15,Randomized Gaffke,0.0033281855459284526,1.8229222990676597
"Beta(0.5,0.5)",1000000,15,Randomized Gaffke,0.0018227513117822225,1.8227513117822225
"Beta(0.5,0.5)",1000,16,Randomized Gaffke,0.059272271914742825,1.8743538134341688
"Beta(0.5,0.5)",3000,16,Randomized Gaffke,0.03364891183451735,1.8430268047267693
"Beta(0.5,0.5)",10000,16,Randomized Gaffke,0.018384917470144202,1.8384917470144202
"Beta(0.5,0.5)",30000,16,Randomized Gaffke,0.010568596889780235,1.830534677781378
"Beta(0.5,0.5)",100000,16,Randomized Gaffke,0.005770809733823434,1.824890270235208
"Beta(0.5,0.5)",300000,16,Randomized Gaffke,0.0033288058004266596,1.8232620264477217
"Beta(0.5,0.5)",1000000,16,Randomized Gaffke,0.0018221900097409316,1.8221900097409316
"Beta(0.5,0.5)",1000,17,Randomized Gaffke,0.05933606853084594,1.8763712395731411
"Beta(0.5,0.5)",3000,17,Randomized Gaffke,0.03393391550472058,1.8586370986409766
"Beta(0.5,0.5)",10000,17,Randomized Gaffke,0.018299239822026803,1.8299239822026803
"Beta(0.5,0.5)",30000,17,Randomized Gaffke,0.010530415654560699,1.8239214938517805
"Beta(0.5,0.5)",100000,17,Randomized Gaffke,0.005769138433572629,1.8243617586905525
"Beta(0.5,0.5)",300000,17,Randomized Gaffke,0.0033303323967749376,1.8240981777038785
"Beta(0.5,0.5)",1000000,17,Randomized Gaffke,0.001823056061144801,1.823056061144801
"Beta(0.5,0.5)",1000,18,Randomized Gaffke,0.058109714333571094,1.8375905147581812
"Beta(0.5,0.5)",3000,18,Randomized Gaffke,0.03376472541553499,1.8493701758056509
"Beta(0.5,0.5)",10000,18,Randomized Gaffke,0.018332975662183282,1.8332975662183282
"Beta(0.5,0.5)",30000,18,Randomized Gaffke,0.010540962725574643,1.8257483001384993
"Beta(0.5,0.5)",100000,18,Randomized Gaffke,0.005776684174259361,1.8267479314108601
"Beta(0.5,0.5)",300000,18,Randomized Gaffke,0.0033299490479833382,1.8238882089233273
"Beta(0.5,0.5)",1000000,18,Randomized Gaffke,0.0018221132868572187,1.8221132868572187
"Beta(0.5,0.5)",1000,19,Randomized Gaffke,0.05911850402776708,1.869491245895822
"Beta(0.5,0.5)",3000,19,Randomized Gaffke,0.033524161732655766,1.8361939602427038
"Beta(0.5,0.5)",10000,19,Randomized Gaffke,0.018368571987373128,1.8368571987373128
"Beta(0.5,0.5)",30000,19,Randomized Gaffke,0.010568084557046498,1.8304459391488566
"Beta(0.5,0.5)",100000,19,Randomized Gaffke,0.005773805170795787,1.8258375105772193
"Beta(0.5,0.5)",300000,19,Randomized Gaffke,0.0033302395516722205,1.8240473243467665
"Beta(0.5,0.5)",1000000,19,Randomized Gaffke,0.0018227046854033535,1.8227046854033535
"Beta(0.5,0.5)",1000,20,Randomized Gaffke,0.0579433292543155,1.8323289565670282
"Beta(0.5,0.5)",3000,20,Randomized Gaffke,0.0337469530656378,1.848396744111794
"Beta(0.5,0.5)",10000,20,Randomized Gaffke,0.0182998907504045,1.8299890750404502
"Beta(0.5,0.5)",30000,20,Randomized Gaffke,0.010554852761040956,1.828154124853158
"Beta(0.5,0.5)",100000,20,Randomized Gaffke,0.005768413804668748,1.824132610911087
"Beta(0.5,0.5)",300000,20,Randomized Gaffke,0.003330239819055947,1.824047470798865
"Beta(0.5,0.5)",1000,21,Randomized Gaffke,0.05785674145264735,1.8295908098584455
"Beta(0.5,0.5)",3000,21,Randomized Gaffke,0.033586717794325816,1.8396202968512407
"Beta(0.5,0.5)",10000,21,Randomized Gaffke,0.01834409437010076,1.834409437010076
"Beta(0.5,0.5)",30000,21,Randomized Gaffke,0.010538495186202146,1.8253209097822152
"Beta(0.5,0.5)",100000,21,Randomized Gaffke,0.005765260849598941,1.8231355589730103
"Beta(0.5,0.5)",300000,21,Randomized Gaffke,0.0033272638762307793,1.822417479783675
"Beta(0.5,0.5)",1000,22,Randomized Gaffke,0.05827226712270683,1.8427308852950013
"Beta(0.5,0.5)",3000,22,Randomized Gaffke,0.03353919915436432,1.837017593750353
"Beta(0.5,0.5)",10000,22,Randomized Gaffke,0.018293998462826644,1.8293998462826644
"Beta(0.5,0.5)",30000,22,Randomized Gaffke,0.01054438027969401,1.8263402378757354
"Beta(0.5,0.5)",100000,22,Randomized Gaffke,0.005762330363107415,1.8222088577764526
"Beta(0.5,0.5)",300000,22,Randomized Gaffke,0.0033281677097111717,1.8229125297691144
"Beta(0.5,0.5)",1000,23,Randomized Gaffke,0.058367653820938725,1.8457472775439607
"Beta(0.5,0.5)",3000,23,Randomized Gaffke,0.03385276239553703,1.8541921597898257
"Beta(0.5,0.5)",10000,23,Randomized Gaffke,0.018358029242924234,1.8358029242924234
"Beta(0.5,0.5)",30000,23,Randomized Gaffke,0.010561430015264273,1.8292933387020662
"Beta(0.5,0.5)",100000,23,Randomized Gaffke,0.005778373663043623,1.827282194674818
"Beta(0.5,0.5)",300000,23,Randomized Gaffke,0.0033285182510478517,1.823104529166552
"Beta(0.5,0.5)",1000,24,Randomized Gaffke,0.05921437603574348,1.8725229849864142
"Beta(0.5,0.5)",3000,24,Randomized Gaffke,0.0336459119911135,1.8428624965366422
"Beta(0.5,0.5)",10000,24,Randomized Gaffke,0.018293289427369186,1.8293289427369186
"Beta(0.5,0.5)",30000,24,Randomized Gaffke,0.010578943782720174,1.832326812208623
"Beta(0.5,0.5)",100000,24,Randomized Gaffke,0.005770278038075338,1.8247221332765868
"Beta(0.5,0.5)",300000,24,Randomized Gaffke,0.0033310979685596265,1.824517498639742
"Beta(0.5,0.5)",1000,25,Randomized Gaffke,0.058605579666763996,1.8532711534142599
"Beta(0.5,0.5)",3000,25,Randomized Gaffke,0.03373438754471897,1.8477085021863895
"Beta(0.5,0.5)",10000,25,Randomized Gaffke,0.01822087838948211,1.822087838948211
"Beta(0.5,0.5)",30000,25,Randomized Gaffke,0.010517589401803862,1.8216999217072243
"Beta(0.5,0.5)",100000,25,Randomized Gaffke,0.005769329226939457,1.8244220928507153
"Beta(0.5,0.5)",300000,25,Randomized Gaffke,0.003330424462796855,1.8241486043408623
"Beta(0.5,0.5)",1000,26,Randomized Gaffke,0.05853918633255095,1.8511716118386
"Beta(0.5,0.5)",3000,26,Randomized Gaffke,0.033597250037217974,1.8401971715525567
"Beta(0.5,0.5)",10000,26,Randomized Gaffke,0.01835824890698512,1.835824890698512
"Beta(0.5,0.5)",30000,26,Randomized Gaffke,0.010514950319824523,1.8212428192998689
"Beta(0.5,0.5)",100000,26,Randomized Gaffke,0.0057677678002692745,1.8239283263830044
"Beta(0.5,0.5)",300000,26,Randomized Gaffke,0.003329868602958974,1.823844147368844
"Beta(0.5,0.5)",1000,27,Randomized Gaffke,0.05931177015406647,1.8756028574324601
"Beta(0.5,0.5)",3000,27,Randomized Gaffke,0.03415530254136229,1.8707629660317653
"Beta(0.5,0.5)",10000,27,Randomized Gaffke,0.018448893412543854,1.8448893412543854
"Beta(0.5,0.5)",30000,27,Randomized Gaffke,0.010603473236129923,1.836575438167381
"Beta(0.5,0.5)",100000,27,Randomized Gaffke,0.005774023902423264,1.8259066795911336
"Beta(0.5,0.5)",300000,27,Randomized Gaffke,0.0033301503361266582,1.823998458979982
"Beta(0.5,0.5)",1000,28,Randomized Gaffke,0.05955370728462844,1.883253581263874
"Beta(0.5,0.5)",3000,28,Randomized Gaffke,0.034016444991772254,1.8631574248127298
"Beta(0.5,0.5)",10000,28,Randomized Gaffke,0.01839135093194655,1.8391350931946548
"Beta(0.5,0.5)",30000,28,Randomized Gaffke,0.010565646197361278,1.830023602862664
"Beta(0.5,0.5)",100000,28,Randomized Gaffke,0.0057540710920024885,1.8195970469260143
"Beta(0.5,0.5)",300000,28,Randomized Gaffke,0.0033281692200593516,1.8229133570208822
"Beta(0.5,0.5)",1000,29,Randomized Gaffke,0.058904711675339894,1.8627305380958685
"Beta(0.5,0.5)",3000,29,Randomized Gaffke,0.03360993427518566,1.8408919158785233
"Beta(0.5,0.5)",10000,29,Randomized Gaffke,0.018216800835964997,1.8216800835964997
"Beta(0.5,0.5)",30000,29,Randomized Gaffke,0.0105295653364616,1.823774214436757
"Beta(0.5,0.5)",100000,29,Randomized Gaffke,0.0057664546327325095,1.8235130663464474
"Beta(0.5,0.5)",300000,29,Randomized Gaffke,0.0033279656826220583,1.8228018749751798
"Beta(0.5,0.5)",1000,30,Randomized Gaffke,0.058154475555287855,1.8390059888729489
"Beta(0.5,0.5)",3000,30,Randomized Gaffke,0.03387799262953611,1.855574076619069
"Beta(0.5,0.5)",10000,30,Randomized Gaffke,0.01834117257181095,1.8341172571810949
"Beta(0.5,0.5)",30000,30,Randomized Gaffke,0.010568430623381808,1.8305058795964113
"Beta(0.5,0.5)",100000,30,Randomized Gaffke,0.005772054688733652,1.825283959545258
"Beta(0.5,0.5)",1000,31,Randomized Gaffke,0.057859761910251495,1.8296863251144961
"Beta(0.5,0.5)",3000,31,Randomized Gaffke,0.03352281817132369,1.8361203703578066
"Beta(0.5,0.5)",10000,31,Randomized Gaffke,0.018257216645582663,1.8257216645582663
"Beta(0.5,0.5)",30000,31,Randomized Gaffke,0.010522978623203116,1.822633362234899
"Beta(0.5,0.5)",100000,31,Randomized Gaffke,0.005759319116346084,1.8212566179401914
"Beta(0.5,0.5)",1000,32,Randomized Gaffke,0.05854522485742142,1.8513625667615823
"Beta(0.5,0.5)",3000,32,Randomized Gaffke,0.03352290155650228,1.8361249375521345
"Beta(0.5,0.5)",10000,32,Randomized Gaffke,0.01827605421322509,1.827605421322509
"Beta(0.5,0.5)",30000,32,Randomized Gaffke,0.010540005679065434,1.8255825348205836
"Beta(0.5,0.5)",100000,32,Randomized Gaffke,0.005759164733326105,1.8212077977426726
"Beta(0.5,0.5)",1000,33,Randomized Gaffke,0.059237501992593145,1.8732542919535715
"Beta(0.5,0.5)",3000,33,Randomized Gaffke,0.033922509974413984,1.8580123920180536
"Beta(0.5,0.5)",10000,33,Randomized Gaffke,0.018316099107301476,1.8316099107301476
"Beta(0.5,0.5)",30000,33,Randomized Gaffke,0.01054871211657421,1.8270905340323962
"Beta(0.5,0.5)",100000,33,Randomized Gaffke,0.005767963361545392,1.8239901682884703
"Beta(0.5,0.5)",1000,34,Randomized Gaffke,0.05819126561603849,1.8401693927452285
"Beta(0.5,0.5)",3000,34,Randomized Gaffke,0.03337350432419062,1.8279421141355405
"Beta(0.5,0.5)",10000,34,Randomized Gaffke,0.018258289723988963,1.8258289723988963
"Beta(0.5,0.5)",30000,34,Randomized Gaffke,0.010539739053291641,1.825536353881902
"Beta(0.5,0.5)",100000,34,Randomized Gaffke,0.005771404012575976,1.8250781976775154
"Beta(0.5,0.5)",1000,35,Randomized Gaffke,0.05892606597518968,1.8634058203495036
"Beta(0.5,0.5)",3000,35,Randomized Gaffke,0.03399066237907167,1.8617452529559768
"Beta(0.5,0.5)",10000,35,Randomized Gaffke,0.01841716858092962,1.8417168580929622
"Beta(0.5,0.5)",30000,35,Randomized Gaffke,0.010589088093979182,1.8340838584594625
"Beta(0.5,0.5)",100000,35,Randomized Gaffke,0.005775856776766786,1.8264862853501749
"Beta(0.5,0.5)",1000,36,Randomized Gaffke,0.05878832726991007,1.8590501400430413
"Beta(0.5,0.5)",3000,36,Randomized Gaffke,0.033887107169250086,1.8560733005193308
"Beta(0.5,0.5)",10000,36,Randomized Gaffke,0.018353122161739677,1.8353122161739677
"Beta(0.5,0.5)",30000,36,Randomized Gaffke,0.010551513904370369,1.8275758179138935
"Beta(0.5,0.5)",100000,36,Randomized Gaffke,0.005767736407289059,1.8239183990510022
"Beta(0.5,0.5)",1000,37,Randomized Gaffke,0.05860832991076592,1.853358123765933
"Beta(0.5,0.5)",3000,37,Randomized Gaffke,0.03372261450299674,1.8470636661342181
"Beta(0.5,0.5)",10000,37,Randomized Gaffke,0.018336714777820284,1.8336714777820284
"Beta(0.5,0.5)",30000,37,Randomized Gaffke,0.010565700502609743,1.8300330088076098
"Beta(0.5,0.5)",100000,37,Randomized Gaffke,0.005770463241274115,1.8247806996703952
"Beta(0.5,0.5)",1000,38,Randomized Gaffke,0.05736331583277976,1.8139873217118252
"Beta(0.5,0.5)",3000,38,Randomized Gaffke,0.033074224368251526,1.8115498758478414
"Beta(0.5,0.5)",10000,38,Randomized Gaffke,0.0182013485553168,1.8201348555316799
"Beta(0.5,0.5)",30000,38,Randomized Gaffke,0.010547721626049444,1.8269189760410651
"Beta(0.5,0.5)",100000,38,Randomized Gaffke,0.005758301020171108,1.8209346676611886
"Beta(0.5,0.5)",1000,39,Randomized Gaffke,0.058042893820839936,1.8354774646116738
"Beta(0.5,0.5)",3000,39,Randomized Gaffke,0.03385149240993168,1.85412259981345
"Beta(0.5,0.5)",10000,39,Randomized Gaffke,0.01830042828404249,1.8300428284042491
"Beta(0.5,0.5)",30000,39,Randomized Gaffke,0.010533525238525687,1.8244600895935568
"Beta(0.5,0.5)",100000,39,Randomized Gaffke,0.005763956654118163,1.8227231361496747
"Beta(0.5,0.5)",1000,40,Randomized Gaffke,0.05796914152654392,1.8331452122852894
"Beta(0.5,0.5)",3000,40,Randomized Gaffke,0.03352314749351981,1.836138408077357
"Beta(0.5,0.5)",10000,40,Randomized Gaffke,0.018363109860714766,1.8363109860714766
"Beta(0.5,0.5)",1000,41,Randomized Gaffke,0.058810960782818444,1.8597658745654542
"Beta(0.5,0.5)",3000,41,Randomized Gaffke,0.03367056997666745,1.844213070027696
"Beta(0.5,0.5)",10000,41,Randomized Gaffke,0.01828761709156057,1.828761709156057
"Beta(0.5,0.5)",1000,42,Randomized Gaffke,0.05852655523118333,1.8507721813418183
"Beta(0.5,0.5)",3000,42,Randomized Gaffke,0.03347211142021378,1.833343047217737
"Beta(0.5,0.5)",10000,42,Randomized Gaffke,0.018308051065230646,1.8308051065230646
"Beta(0.5,0.5)",1000,43,Randomized Gaffke,0.05888243516955832,1.8620260931300718
"Beta(0.5,0.5)",3000,43,Randomized Gaffke,0.03365144916221596,1.8431657798884007
"Beta(0.5,0.5)",10000,43,Randomized Gaffke,0.01825901857486173,1.825901857486173
"Beta(0.5,0.5)",1000,44,Randomized Gaffke,0.059189820165794826,1.8717464601967682
"Beta(0.5,0.5)",3000,44,Randomized Gaffke,0.03333850260348159,1.8260249909371575
"Beta(0.5,0.5)",10000,44,Randomized Gaffke,0.01828215784620224,1.828215784620224
"Beta(0.5,0.5)",1000,45,Randomized Gaffke,0.05879891560772016,1.859384972684193
"Beta(0.5,0.5)",3000,45,Randomized Gaffke,0.03398654858485384,1.8615199311669728
"Beta(0.5,0.5)",10000,45,Randomized Gaffke,0.01838750475039952,1.838750475039952
"Beta(0.5,0.5)",1000,46,Randomized Gaffke,0.05951851054547125,1.8821405626443983
"Beta(0.5,0.5)",3000,46,Randomized Gaffke,0.03384858447617034,1.8539633257217683
"Beta(0.5,0.5)",10000,46,Randomized Gaffke,0.01837562003034282,1.837562003034282
"Beta(0.5,0.5)",1000,47,Randomized Gaffke,0.0583711733903815,1.8458585761021837
"Beta(0.5,0.5)",3000,47,Randomized Gaffke,0.033400108642686166,1.829399292672247
"Beta(0.5,0.5)",10000,47,Randomized Gaffke,0.018287252804413456,1.8287252804413456
"Beta(0.5,0.5)",1000,48,Randomized Gaffke,0.05948204877739227,1.8809875402979344
"Beta(0.5,0.5)",3000,48,Randomized Gaffke,0.03382302039212515,1.8525631231724173
"Beta(0.5,0.5)",10000,48,Randomized Gaffke,0.018355053531865506,1.8355053531865506
"Beta(0.5,0.5)",1000,49,Randomized Gaffke,0.05994430117678412,1.8956052446574951
"Beta(0.5,0.5)",3000,49,Randomized Gaffke,0.03367000952616933,1.8441823728896773
"Beta(0.5,0.5)",10000,49,Randomized Gaffke,0.018257806681113653,1.8257806681113653
Bernoulli(0.1),1000,0,Randomized Gaffke,0.050073438493078354,1.5834611591447707
Bernoulli(0.1),3000,0,Randomized Gaffke,0.02838000651719677,1.5544369751612297
Bernoulli(0.1),10000,0,Randomized Gaffke,0.015602553261547136,1.5602553261547136
Bernoulli(0.1),30000,0,Randomized Gaffke,0.008899085537071819,1.541366829110976
Bernoulli(0.1),100000,0,Randomized Gaffke,0.004878983782243121,1.5428701418911248
Bernoulli(0.1),300000,0,Randomized Gaffke,0.002834225662976239,1.5523693286721207
Bernoulli(0.1),1000000,0,Randomized Gaffke,0.0015488367689025367,1.5488367689025369
Bernoulli(0.1),1000,1,Randomized Gaffke,0.04875898357914471,1.5418944450484615
Bernoulli(0.1),3000,1,Randomized Gaffke,0.027693282062122848,1.5168235276777868
Bernoulli(0.1),10000,1,Randomized Gaffke,0.01566384964070494,1.566384964070494
Bernoulli(0.1),30000,1,Randomized Gaffke,0.009004895705076538,1.559693687805133
Bernoulli(0.1),100000,1,Randomized Gaffke,0.004920652238604772,1.5560468647597399
Bernoulli(0.1),300000,1,Randomized Gaffke,0.0028318951702961392,1.5510928652611293
Bernoulli(0.1),1000000,1,Randomized Gaffke,0.0015460919189202171,1.5460919189202171
Bernoulli(0.1),1000,2,Randomized Gaffke,0.04942312313709481,1.5628963819218586
Bernoulli(0.1),3000,2,Randomized Gaffke,0.029482685708251175,1.6148332018244345
Bernoulli(0.1),10000,2,Randomized Gaffke,0.015290240746295508,1.5290240746295507
Bernoulli(0.1),30000,2,Randomized Gaffke,0.008972040163248887,1.5540029410295637
Bernoulli(0.1),100000,2,Randomized Gaffke,0.004920436647518331,1.5559786888721014
Bernoulli(0.1),300000,2,Randomized Gaffke,0.0028270998840055073,1.548466378790055
Bernoulli(0.1),1000000,2,Randomized Gaffke,0.0015483638256543197,1.5483638256543197
Bernoulli(0.1),1000,3,Randomized Gaffke,0.05254675522158844,1.6616743015156528
Bernoulli(0.1),3000,3,Randomized Gaffke,0.029203229396424196,1.599526749241951
Bernoulli(0.1),10000,3,Randomized Gaffke,0.015650261043770985,1.5650261043770985
Bernoulli(0.1),30000,3,Randomized Gaffke,0.008968084759514272,1.5533178450062834
Bernoulli(0.1),100000,3,Randomized Gaffke,0.004898802114158149,1.5491372487187942
Bernoulli(0.1),300000,3,Randomized Gaffke,0.0028294365708889935,1.5497462349059667
Bernoulli(0.1),1000000,3,Randomized Gaffke,0.0015483295456157897,1.5483295456157897
Bernoulli(0.1),1000,4,Randomized Gaffke,0.04942312313709481,1.5628963819218586
Bernoulli(0.1),3000,4,Randomized Gaffke,0.02803990512338385,1.5358088546382012
Bernoulli(0.1),10000,4,Randomized Gaffke,0.015575187930299647,1.5575187930299648
Bernoulli(0.1),30000,4,Randomized Gaffke,0.008916413633759043,1.5443681434970498
Bernoulli(0.1),100000,4,Randomized Gaffke,0.0048658477463861816,1.5387161626177677
Bernoulli(0.1),300000,4,Randomized Gaffke,0.002815034646092285,1.5418579758233164
Bernoulli(0.1),1000000,4,Randomized Gaffke,0.0015450743907315517,1.5450743907315516
Bernoulli(0.1),1000,5,Randomized Gaffke,0.052148000800078365,1.6490645795253058
Bernoulli(0.1),3000,5,Randomized Gaffke,0.029757854552588045,1.6299048201410276
Bernoulli(0.1),10000,5,Randomized Gaffke,0.01604346049483199,1.604346049483199
Bernoulli(0.1),30000,5,Randomized Gaffke,0.00904407424392982,1.5664796097911529
Bernoulli(0.1),100000,5,Randomized Gaffke,0.004919789785024914,1.555774132990888
Bernoulli(0.1),300000,5,Randomized Gaffke,0.0028300619560070878,1.5500887724422752
Bernoulli(0.1),1000000,5,Randomized Gaffke,0.0015501447522549838,1.5501447522549838
Bernoulli(0.1),1000,6,Randomized Gaffke,0.05112803294025406,1.6168103637531843
Bernoulli(0.1),3000,6,Randomized Gaffke,0.02936345088958925,1.6083024418423169
Bernoulli(0.1),10000,6,Randomized Gaffke,0.015718017868588202,1.57180178685882
Bernoulli(0.1),30000,6,Randomized Gaffke,0.009093317040648335,1.5750087123734782
Bernoulli(0.1),100000,6,Randomized Gaffke,0.004908123313889637,1.5520848708864794
Bernoulli(0.1),300000,6,Randomized Gaffke,0.0028347246630630735,1.552642642275877
Bernoulli(0.1),1000000,6,Randomized Gaffke,0.0015484735137994837,1.5484735137994838
Bernoulli(0.1),1000,7,Randomized Gaffke,0.04942312313709481,1.5628963819218586
Bernoulli(0.1),3000,7,Randomized Gaffke,0.02747322003307566,1.5047702339418365
Bernoulli(0.1),10000,7,Randomized Gaffke,0.01538846482724561,1.538846482724561
Bernoulli(0.1),30000,7,Randomized Gaffke,0.008974675577424679,1.5544594081547094
Bernoulli(0.1),100000,7,Randomized Gaffke,0.004919358468982768,1.555637738882433
Bernoulli(0.1),300000,7,Randomized Gaffke,0.0028248019765888394,1.5472077630628875
Bernoulli(0.1),1000000,7,Randomized Gaffke,0.0015475819452967499,1.5475819452967499
Bernoulli(0.1),1000,8,Randomized Gaffke,0.04691575909269824,1.4836065688868114
Bernoulli(0.1),3000,8,Randomized Gaffke,0.02812553244745984,1.540498856331724
Bernoulli(0.1),10000,8,Randomized Gaffke,0.015684197555214857,1.5684197555214858
Bernoulli(0.1),30000,8,Randomized Gaffke,0.009000963012365637,1.5590125254465497
Bernoulli(0.1),100000,8,Randomized Gaffke,0.0048846589848007965,1.5446647985176316
Bernoulli(0.1),300000,8,Randomized Gaffke,0.0028183941932297674,1.5436980755735177
Bernoulli(0.1),1000000,8,Randomized Gaffke,0.001548151270251083,1.5481512702510831
Bernoulli(0.1),1000,9,Randomized Gaffke,0.04875898357914471,1.5418944450484615
Bernoulli(0.1),3000,9,Randomized Gaffke,0.027953870276262796,1.5310965319882304
Bernoulli(0.1),10000,9,Randomized Gaffke,0.015219479501492703,1.5219479501492703
Bernoulli(0.1),30000,9,Randomized Gaffke,0.008795358708276038,1.523400815352747
Bernoulli(0.1),100000,9,Randomized Gaffke,0.004876798268351121,1.5421790217154587
Bernoulli(0.1),300000,9,Randomized Gaffke,0.00281612718435556,1.54245638367505
Bernoulli(0.1),1000000,9,Randomized Gaffke,0.0015431878216237566,1.5431878216237567
Bernoulli(0.1),1000,10,Randomized Gaffke,0.05049957146026676,1.5969366667687823
Bernoulli(0.1),3000,10,Randomized Gaffke,0.028713820699283563,1.572720730915637
Bernoulli(0.1),10000,10,Randomized Gaffke,0.01579871702105709,1.579871702105709
Bernoulli(0.1),30000,10,Randomized Gaffke,0.00899702760750229,1.5583308933293825
Bernoulli(0.1),100000,10,Randomized Gaffke,0.004920867814824481,1.5561150359461047
Bernoulli(0.1),300000,10,Randomized Gaffke,0.0028380893101194182,1.5544855353666804
Bernoulli(0.1),1000000,10,Randomized Gaffke,0.001545342624743637,1.545342624743637
Bernoulli(0.1),1000,11,Randomized Gaffke,0.05071047212774106,1.6036059314614681
Bernoulli(0.1),3000,11,Randomized Gaffke,0.027910698840378237,1.5287319350608444
Bernoulli(0.1),10000,11,Randomized Gaffke,0.014975040111043156,1.4975040111043156
Bernoulli(0.1),30000,11,Randomized Gaffke,0.008913751190822258,1.5439069948531734
Bernoulli(0.1),100000,11,Randomized Gaffke,0.004879202249703729,1.5429392273681402
Bernoulli(0.1),300000,11,Randomized Gaffke,0.00282847722612202,1.5492207801366709
Bernoulli(0.1),1000000,11,Randomized Gaffke,0.0015466208949275473,1.5466208949275473
Bernoulli(0.1),1000,12,Randomized Gaffke,0.04761975387155304,1.5058688385072887
Bernoulli(0.1),3000,12,Randomized Gaffke,0.02803990512338385,1.5358088546382012
Bernoulli(0.1),10000,12,Randomized Gaffke,0.015582036367602248,1.5582036367602248
Bernoulli(0.1),30000,12,Randomized Gaffke,0.00892970726847482,1.5466706685715486
Bernoulli(0.1),100000,12,Randomized Gaffke,0.00490400806974281,1.5507835164233146
Bernoulli(0.1),300000,12,Randomized Gaffke,0.002821579986028333,1.5454430061528295
Bernoulli(0.1),1000000,12,Randomized Gaffke,0.0015464010950938245,1.5464010950938245
Bernoulli(0.1),1000,13,Randomized Gaffke,0.04875898357914471,1.5418944450484615
Bernoulli(0.1),3000,13,Randomized Gaffke,0.028837425311617537,1.579490834354337
Bernoulli(0.1),10000,13,Randomized Gaffke,0.01538846482724561,1.538846482724561
Bernoulli(0.1),30000,13,Randomized Gaffke,0.008981258794936164,1.5555996548754265
Bernoulli(0.1),100000,13,Randomized Gaffke,0.004912881577002301,1.5535895658007175
Bernoulli(0.1),300000,13,Randomized Gaffke,0.002820909759603779,1.5450759080214653
Bernoulli(0.1),1000000,13,Randomized Gaffke,0.0015457414023872795,1.5457414023872795
Bernoulli(0.1),1000,14,Randomized Gaffke,0.051540056294673314,1.6298396862446607
Bernoulli(0.1),3000,14,Randomized Gaffke,0.02891935987749887,1.583978575351597
Bernoulli(0.1),10000,14,Randomized Gaffke,0.015588880064392699,1.5588880064392698
Bernoulli(0.1),30000,14,Randomized Gaffke,0.00903365291794983,1.5646745831831947
Bernoulli(0.1),100000,14,Randomized Gaffke,0.004910287058467092,1.552769107000439
Bernoulli(0.1),300000,14,Randomized Gaffke,0.002829853518369313,1.5499746064462327
Bernoulli(0.1),1000000,14,Randomized Gaffke,0.0015474241225452157,1.5474241225452157
Bernoulli(0.1),1000,15,Randomized Gaffke,0.05313537415948763,1.680288066692359
Bernoulli(0.1),3000,15,Randomized Gaffke,0.028796317881954067,1.577239287703563
Bernoulli(0.1),10000,15,Randomized Gaffke,0.015758449923109055,1.5758449923109055
Bernoulli(0.1),30000,15,Randomized Gaffke,0.0089628066215897,1.552403644700812
Bernoulli(0.1),100000,15,Randomized Gaffke,0.004922376432202835,1.5565921026494358
Bernoulli(0.1),300000,15,Randomized Gaffke,0.002828268605445744,1.5491065138863125
Bernoulli(0.1),1000000,15,Randomized Gaffke,0.0015462843065648102,1.5462843065648102
Bernoulli(0.1),1000,16,Randomized Gaffke,0.0485344318916469,1.5347934971991872
Bernoulli(0.1),3000,16,Randomized Gaffke,0.028755116480929405,1.5749825940293607
Bernoulli(0.1),10000,16,Randomized Gaffke,0.01566384964070494,1.566384964070494
Bernoulli(0.1),30000,16,Randomized Gaffke,0.008909755198699063,1.5432148687147713
Bernoulli(0.1),100000,16,Randomized Gaffke,0.004876579632988792,1.5421098831432574
Bernoulli(0.1),300000,16,Randomized Gaffke,0.002823170777697004,1.5463143186340518
Bernoulli(0.1),1000000,16,Randomized Gaffke,0.0015464010950938245,1.5464010950938245
Bernoulli(0.1),1000,17,Randomized Gaffke,0.04830825678650473,1.527641212376414
Bernoulli(0.1),3000,17,Randomized Gaffke,0.027824045525404503,1.523985737531473
Bernoulli(0.1),10000,17,Randomized Gaffke,0.015602553261547136,1.5602553261547136
Bernoulli(0.1),30000,17,Randomized Gaffke,0.008993089486914949,1.5576487908350216
Bernoulli(0.1),100000,17,Randomized Gaffke,0.004887274841200093,1.5454920049430019
Bernoulli(0.1),300000,17,Randomized Gaffke,0.002830645453403502,1.5504083671285367
Bernoulli(0.1),1000000,17,Randomized Gaffke,0.0015461606330889471,1.546160633088947
Bernoulli(0.1),1000,18,Randomized Gaffke,0.04691575909269824,1.4836065688868114
Bernoulli(0.1),3000,18,Randomized Gaffke,0.027824045525404503,1.523985737531473
Bernoulli(0.1),10000,18,Randomized Gaffke,0.015513337627495155,1.5513337627495156
Bernoulli(0.1),30000,18,Randomized Gaffke,0.008908422580039946,1.5429840523923009
Bernoulli(0.1),100000,18,Randomized Gaffke,0.004887710604709258,1.545629805464017
Bernoulli(0.1),300000,18,Randomized Gaffke,0.0028183522374290726,1.5436750954350589
Bernoulli(0.1),1000000,18,Randomized Gaffke,0.0015463530073718534,1.5463530073718534
Bernoulli(0.1),1000,19,Randomized Gaffke,0.05049957146026676,1.5969366667687823
Bernoulli(0.1),3000,19,Randomized Gaffke,0.028210756003608117,1.5451667427450457
Bernoulli(0.1),10000,19,Randomized Gaffke,0.015311370929342982,1.5311370929342982
Bernoulli(0.1),30000,19,Randomized Gaffke,0.008919074836548427,1.5448290773410955
Bernoulli(0.1),100000,19,Randomized Gaffke,0.004888581949681392,1.5459053489379848
Bernoulli(0.1),300000,19,Randomized Gaffke,0.0028277678174550014,1.5488322210072551
Bernoulli(0.1),1000000,19,Randomized Gaffke,0.001548110125216634,1.548110125216634
Bernoulli(0.1),1000,20,Randomized Gaffke,0.05313537415948763,1.680288066692359
Bernoulli(0.1),3000,20,Randomized Gaffke,0.02908211899989402,1.5928932596291536
Bernoulli(0.1),10000,20,Randomized Gaffke,0.01583882042853056,1.5838820428530562
Bernoulli(0.1),30000,20,Randomized Gaffke,0.008986519907924942,1.5565109063755187
Bernoulli(0.1),100000,20,Randomized Gaffke,0.004900755363159676,1.5497549202870216
Bernoulli(0.1),300000,20,Randomized Gaffke,0.0028248019765888394,1.5472077630628875
Bernoulli(0.1),1000,21,Randomized Gaffke,0.051334728258980805,1.623346643641894
Bernoulli(0.1),3000,21,Randomized Gaffke,0.029162949822893303,1.5973205461389952
Bernoulli(0.1),10000,21,Randomized Gaffke,0.015724768053939547,1.5724768053939546
Bernoulli(0.1),30000,21,Randomized Gaffke,0.008956202080498438,1.5512597046277377
Bernoulli(0.1),100000,21,Randomized Gaffke,0.004886185166814161,1.545147419646253
Bernoulli(0.1),300000,21,Randomized Gaffke,0.0028203650174482425,1.544777540454854
Bernoulli(0.1),1000,22,Randomized Gaffke,0.05091995335674737,1.6102303095685808
Bernoulli(0.1),3000,22,Randomized Gaffke,0.028464040673906968,1.5590397154843396
Bernoulli(0.1),10000,22,Randomized Gaffke,0.015609382774426653,1.5609382774426652
Bernoulli(0.1),30000,22,Randomized Gaffke,0.008880365559419054,1.5381244338698616
Bernoulli(0.1),100000,22,Randomized Gaffke,0.004880075967051187,1.543215521053057
Bernoulli(0.1),300000,22,Randomized Gaffke,0.0028233381479699365,1.5464059911079928
Bernoulli(0.1),1000,23,Randomized Gaffke,0.050287233135254863,1.5902219393529553
Bernoulli(0.1),3000,23,Randomized Gaffke,0.02808276948960456,1.5381566326674259
Bernoulli(0.1),10000,23,Randomized Gaffke,0.01528318732328772,1.528318732328772
Bernoulli(0.1),30000,23,Randomized Gaffke,0.008880365559419054,1.5381244338698616
Bernoulli(0.1),100000,23,Randomized Gaffke,0.004874611227045689,1.5414874185292555
Bernoulli(0.1),300000,23,Randomized Gaffke,0.0028176808120446706,1.5433073406063402
Bernoulli(0.1),1000,24,Randomized Gaffke,0.04898193463831267,1.5489447765856388
Bernoulli(0.1),3000,24,Randomized Gaffke,0.028796317881954067,1.577239287703563
Bernoulli(0.1),10000,24,Randomized Gaffke,0.0157382545952644,1.57382545952644
Bernoulli(0.1),30000,24,Randomized Gaffke,0.009110066038959044,1.5779097239784816
Bernoulli(0.1),100000,24,Randomized Gaffke,0.004919358468982768,1.555637738882433
Bernoulli(0.1),300000,24,Randomized Gaffke,0.002842068934038655,1.5566652651576336
Bernoulli(0.1),1000,25,Randomized Gaffke,0.05071047212774106,1.6036059314614681
Bernoulli(0.1),3000,25,Randomized Gaffke,0.029203229396424196,1.599526749241951
Bernoulli(0.1),10000,25,Randomized Gaffke,0.015588880064392699,1.5588880064392698
Bernoulli(0.1),30000,25,Randomized Gaffke,0.008970721999801826,1.5537746284232645
Bernoulli(0.1),100000,25,Randomized Gaffke,0.00489706486818807,1.5485878833066544
Bernoulli(0.1),300000,25,Randomized Gaffke,0.002818981472149193,1.5440197414852344
Bernoulli(0.1),1000,26,Randomized Gaffke,0.05112803294025406,1.6168103637531843
Bernoulli(0.1),3000,26,Randomized Gaffke,0.028464040673906968,1.5590397154843396
Bernoulli(0.1),10000,26,Randomized Gaffke,0.015346488031169933,1.5346488031169934
Bernoulli(0.1),30000,26,Randomized Gaffke,0.008837345416046999,1.530673126462932
Bernoulli(0.1),100000,26,Randomized Gaffke,0.004854638606627548,1.5351715213929247
Bernoulli(0.1),300000,26,Randomized Gaffke,0.0028087186076290044,1.5383985390829076
Bernoulli(0.1),1000,27,Randomized Gaffke,0.05112803294025406,1.6168103637531843
Bernoulli(0.1),3000,27,Randomized Gaffke,0.028589362927900805,1.5659038980313214
Bernoulli(0.1),10000,27,Randomized Gaffke,0.01577189055470228,1.5771890554702281
Bernoulli(0.1),30000,27,Randomized Gaffke,0.00898783442881193,1.5567385880719062
Bernoulli(0.1),100000,27,Randomized Gaffke,0.004896413152104109,1.5483817925853463
Bernoulli(0.1),300000,27,Randomized Gaffke,0.002829686750931551,1.5498832641587132
Bernoulli(0.1),1000,28,Randomized Gaffke,0.051540056294673314,1.6298396862446607
Bernoulli(0.1),3000,28,Randomized Gaffke,0.02908211899989402,1.5928932596291536
Bernoulli(0.1),10000,28,Randomized Gaffke,0.015318404318241038,1.531840431824104
Bernoulli(0.1),30000,28,Randomized Gaffke,0.008901754820816482,1.5418291626175333
Bernoulli(0.1),100000,28,Randomized Gaffke,0.004896847644581495,1.5485191911708212
Bernoulli(0.1),300000,28,Randomized Gaffke,0.0028170931100474778,1.542985442965387
Bernoulli(0.1),1000,29,Randomized Gaffke,0.04667752819830491,1.476073046533792
Bernoulli(0.1),3000,29,Randomized Gaffke,0.02799693887741639,1.5334554964254319
Bernoulli(0.1),10000,29,Randomized Gaffke,0.015724768053939547,1.5724768053939546
Bernoulli(0.1),30000,29,Randomized Gaffke,0.009010135082618206,1.5606011746153536
Bernoulli(0.1),100000,29,Randomized Gaffke,0.004881822670198169,1.5437678770871217
Bernoulli(0.1),300000,29,Randomized Gaffke,0.0028278512917668114,1.5488779417708056
Bernoulli(0.1),1000,30,Randomized Gaffke,0.04619554862997245,1.4608315143178385
Bernoulli(0.1),3000,30,Randomized Gaffke,0.027517447131367237,1.507192651880566
Bernoulli(0.1),10000,30,Randomized Gaffke,0.01553399740205108,1.553399740205108
Bernoulli(0.1),30000,30,Randomized Gaffke,0.009028435105216115,1.5637708315072774
Bernoulli(0.1),100000,30,Randomized Gaffke,0.004882913864723393,1.544112943094123
Bernoulli(0.1),1000,31,Randomized Gaffke,0.04738684477083782,1.4985036060468722
Bernoulli(0.1),3000,31,Randomized Gaffke,0.028210756003608117,1.5451667427450457
Bernoulli(0.1),10000,31,Randomized Gaffke,0.015547746649812164,1.5547746649812164
Bernoulli(0.1),30000,31,Randomized Gaffke,0.009015369653321573,1.5615078288567579
Bernoulli(0.1),100000,31,Randomized Gaffke,0.004894022364048012,1.547625759019347
Bernoulli(0.1),1000,32,Randomized Gaffke,0.052348021976372255,1.6553898044988535
Bernoulli(0.1),3000,32,Randomized Gaffke,0.028295579483568964,1.54981271608311
Bernoulli(0.1),10000,32,Randomized Gaffke,0.01542331004890271,1.5423310048902712
Bernoulli(0.1),30000,32,Randomized Gaffke,0.00896148632437209,1.5521749625146126
Bernoulli(0.1),100000,32,Randomized Gaffke,0.004923668953524793,1.5570008337796077
Bernoulli(0.1),1000,33,Randomized Gaffke,0.04830825678650473,1.527641212376414
Bernoulli(0.1),3000,33,Randomized Gaffke,0.02799693887741639,1.5334554964254319
Bernoulli(0.1),10000,33,Randomized Gaffke,0.015409386675083028,1.5409386675083028
Bernoulli(0.1),30000,33,Randomized Gaffke,0.008877686264516307,1.53766036637986
Bernoulli(0.1),100000,33,Randomized Gaffke,0.004861676482017532,1.537397093005004
Bernoulli(0.1),1000,34,Randomized Gaffke,0.0480804348702087,1.5204368508124173
Bernoulli(0.1),3000,34,Randomized Gaffke,0.02693388404279652,1.4752295851468094
Bernoulli(0.1),10000,34,Randomized Gaffke,0.015582036367602248,1.5582036367602248
Bernoulli(0.1),30000,34,Randomized Gaffke,0.008933689333927644,1.547360382539884
Bernoulli(0.1),100000,34,Randomized Gaffke,0.004908988991404309,1.5523586221530352
Bernoulli(0.1),1000,35,Randomized Gaffke,0.04964140332466711,1.5697990075300312
Bernoulli(0.1),3000,35,Randomized Gaffke,0.028589362927900805,1.5659038980313214
Bernoulli(0.1),10000,35,Randomized Gaffke,0.015825470736460012,1.5825470736460012
Bernoulli(0.1),30000,35,Randomized Gaffke,0.008885720384256057,1.5390519167381937
Bernoulli(0.1),100000,35,Randomized Gaffke,0.004883350236002837,1.5442509358089755
Bernoulli(0.1),1000,36,Randomized Gaffke,0.049203307275961505,1.5559451940517335
Bernoulli(0.1),3000,36,Randomized Gaffke,0.02891935987749887,1.583978575351597
Bernoulli(0.1),10000,36,Randomized Gaffke,0.015636653733261535,1.5636653733261534
Bernoulli(0.1),30000,36,Randomized Gaffke,0.008896415005893804,1.5409042795426242
Bernoulli(0.1),100000,36,Randomized Gaffke,0.004898367893119385,1.5489999359697484
Bernoulli(0.1),1000,37,Randomized Gaffke,0.051334728258980805,1.623346643641894
Bernoulli(0.1),3000,37,Randomized Gaffke,0.02904156698551169,1.5906721343262062
Bernoulli(0.1),10000,37,Randomized Gaffke,0.015885402514799418,1.5885402514799418
Bernoulli(0.1),30000,37,Randomized Gaffke,0.009023212514921206,1.5628662523334873
Bernoulli(0.1),100000,37,Randomized Gaffke,0.004898585011173948,1.5490685947271048
Bernoulli(0.1),1000,38,Randomized Gaffke,0.0485344318916469,1.5347934971991872
Bernoulli(0.1),3000,38,Randomized Gaffke,0.028960187815943242,1.5862148136378384
Bernoulli(0.1),10000,38,Randomized Gaffke,0.01567063693689419,1.567063693689419
Bernoulli(0.1),30000,38,Randomized Gaffke,0.008989148647020523,1.5569662173428578
Bernoulli(0.1),100000,38,Randomized Gaffke,0.004907257396646894,1.5518110438112513
Bernoulli(0.1),1000,39,Randomized Gaffke,0.04875898357914471,1.5418944450484615
Bernoulli(0.1),3000,39,Randomized Gaffke,0.027561566362243148,1.5096091616776175
Bernoulli(0.1),10000,39,Randomized Gaffke,0.015437213865281518,1.5437213865281518
Bernoulli(0.1),30000,39,Randomized Gaffke,0.00898520508422715,1.5562831722307615
Bernoulli(0.1),100000,39,Randomized Gaffke,0.0049070408798633225,1.5517425751924774
Bernoulli(0.1),1000,40,Randomized Gaffke,0.054091971363284766,1.7105383263658314
Bernoulli(0.1),3000,40,Randomized Gaffke,0.02891935987749887,1.583978575351597
Bernoulli(0.1),10000,40,Randomized Gaffke,0.01542331004890271,1.5423310048902712
Bernoulli(0.1),1000,41,Randomized Gaffke,0.049203307275961505,1.5559451940517335
Bernoulli(0.1),3000,41,Randomized Gaffke,0.028672430124430368,1.570453675764117
Bernoulli(0.1),10000,41,Randomized Gaffke,0.01553399740205108,1.553399740205108
Bernoulli(0.1),1000,42,Randomized Gaffke,0.05194667652491966,1.6426981469474662
Bernoulli(0.1),3000,42,Randomized Gaffke,0.028672430124430368,1.570453675764117
Bernoulli(0.1),10000,42,Randomized Gaffke,0.015744990963158983,1.5744990963158982
Bernoulli(0.1),1000,43,Randomized Gaffke,0.05194667652491966,1.6426981469474662
Bernoulli(0.1),3000,43,Randomized Gaffke,0.02891935987749887,1.583978575351597
Bernoulli(0.1),10000,43,Randomized Gaffke,0.0153605000783298,1.53605000783298
Bernoulli(0.1),1000,44,Randomized Gaffke,0.049858168418453044,1.5766537216658667
Bernoulli(0.1),3000,44,Randomized Gaffke,0.028295579483568964,1.54981271608311
Bernoulli(0.1),10000,44,Randomized Gaffke,0.015636653733261535,1.5636653733261534
Bernoulli(0.1),1000,45,Randomized Gaffke,0.04942312313709481,1.5628963819218586
Bernoulli(0.1),3000,45,Randomized Gaffke,0.028464040673906968,1.5590397154843396
Bernoulli(0.1),10000,45,Randomized Gaffke,0.015513337627495155,1.5513337627495156
Bernoulli(0.1),1000,46,Randomized Gaffke,0.0485344318916469,1.5347934971991872
Bernoulli(0.1),3000,46,Randomized Gaffke,0.027780562666241293,1.5216040832486217
Bernoulli(0.1),10000,46,Randomized Gaffke,0.015629843045046957,1.5629843045046956
Bernoulli(0.1),1000,47,Randomized Gaffke,0.05049957146026676,1.5969366667687823
Bernoulli(0.1),3000,47,Randomized Gaffke,0.028960187815943242,1.5862148136378384
Bernoulli(0.1),10000,47,Randomized Gaffke,0.015381481041214382,1.5381481041214382
Bernoulli(0.1),1000,48,Randomized Gaffke,0.05071047212774106,1.6036059314614681
Bernoulli(0.1),3000,48,Randomized Gaffke,0.028253217524812677,1.547492456044018
Bernoulli(0.1),10000,48,Randomized Gaffke,0.015905299066301865,1.5905299066301866
Bernoulli(0.1),1000,49,Randomized Gaffke,0.05091995335674737,1.6102303095685808
Bernoulli(0.1),3000,49,Randomized Gaffke,0.02887843917589225,1.5817372562177086
Bernoulli(0.1),10000,49,Randomized Gaffke,0.01552711560399403,1.5527115603994028
"Beta(50,50)",1000,0,Randomized Gaffke,0.009507042378649133,0.300639077282762
"Beta(50,50)",3000,0,Randomized Gaffke,0.005076676309635431,0.27806101319394066
"Beta(50,50)",10000,0,Randomized Gaffke,0.0026768510537558132,0.2676851053755813
"Beta(50,50)",30000,0,Randomized Gaffke,0.0015172610149694066,0.2627973166270535
"Beta(50,50)",100000,0,Randomized Gaffke,0.0008229261996853254,0.26023211372321675
"Beta(50,50)",300000,0,Randomized Gaffke,0.00047148402208291307,0.25824243439807537
"Beta(50,50)",1000000,0,Randomized Gaffke,0.0002576096552152074,0.2576096552152074
"Beta(50,50)",1000,1,Randomized Gaffke,0.009850089674005469,0.31148718526762725
"Beta(50,50)",3000,1,Randomized Gaffke,0.005107340889192291,0.2797405813879111
"Beta(50,50)",10000,1,Randomized Gaffke,0.0026698750335020227,0.26698750335020227
"Beta(50,50)",30000,1,Randomized Gaffke,0.0015149363209199795,0.26239466780648746
"Beta(50,50)",100000,1,Randomized Gaffke,0.0008204287467472038,0.25944234975986236
"Beta(50,50)",300000,1,Randomized Gaffke,0.0004712144012626873,0.2580947569928647
"Beta(50,50)",1000000,1,Randomized Gaffke,0.0002575271278042468,0.2575271278042468
"Beta(50,50)",1000,2,Randomized Gaffke,0.009407841001975004,0.29750205430961657
"Beta(50,50)",3000,2,Randomized Gaffke,0.005004569000227721,0.27411153320158
"Beta(50,50)",10000,2,Randomized Gaffke,0.00266900998584807,0.266900998584807
"Beta(50,50)",30000,2,Randomized Gaffke,0.0015159654271120204,0.2625729142275873
"Beta(50,50)",100000,2,Randomized Gaffke,0.0008202563450070421,0.2593878315427136
"Beta(50,50)",300000,2,Randomized Gaffke,0.00047126496087607217,0.2581224496336143
"Beta(50,50)",1000000,2,Randomized Gaffke,0.0002571274877432028,0.2571274877432028
"Beta(50,50)",1000,3,Randomized Gaffke,0.009773290864401152,0.30905859366823474
"Beta(50,50)",3000,3,Randomized Gaffke,0.005069817950237865,0.27768536537898825
"Beta(50,50)",10000,3,Randomized Gaffke,0.002679711860800127,0.2679711860800127
"Beta(50,50)",30000,3,Randomized Gaffke,0.0015136210259912297,0.2621668520421342
"Beta(50,50)",100000,3,Randomized Gaffke,0.0008201009625961597,0.259338695310042
"Beta(50,50)",300000,3,Randomized Gaffke,0.00047070663582299277,0.2578166424076225
"Beta(50,50)",1000000,3,Randomized Gaffke,0.00025757754118999054,0.25757754118999054
"Beta(50,50)",1000,4,Randomized Gaffke,0.010153398366394839,0.32107864828840516
"Beta(50,50)",3000,4,Randomized Gaffke,0.005216833995877579,0.2857377658301963
"Beta(50,50)",10000,4,Randomized Gaffke,0.0026999719510839015,0.26999719510839015
"Beta(50,50)",30000,4,Randomized Gaffke,0.0015202388623960505,0.2633130949310671
"Beta(50,50)",100000,4,Randomized Gaffke,0.0008231305218079354,0.26029672605159754
"Beta(50,50)",300000,4,Randomized Gaffke,0.00047149184046835213,0.2582467167041436
"Beta(50,50)",1000000,4,Randomized Gaffke,0.00025769583656920503,0.25769583656920503
"Beta(50,50)",1000,5,Randomized Gaffke,0.009729776380938637,0.30768254487876195
"Beta(50,50)",3000,5,Randomized Gaffke,0.00509072228552554,0.2788303429776593
"Beta(50,50)",10000,5,Randomized Gaffke,0.0026796038517550302,0.267960385175503
"Beta(50,50)",30000,5,Randomized Gaffke,0.0015226704400878588,0.26373425654154337
"Beta(50,50)",100000,5,Randomized Gaffke,0.0008209111421269011,0.2595948965731209
"Beta(50,50)",300000,5,Randomized Gaffke,0.0004709968049605995,0.2579755745897815
"Beta(50,50)",1000000,5,Randomized Gaffke,0.000257234745529078,0.257234745529078
"Beta(50,50)",1000,6,Randomized Gaffke,0.009277620714665202,0.2933841272550116
"Beta(50,50)",3000,6,Randomized Gaffke,0.005038822797681919,0.2759876909561677
"Beta(50,50)",10000,6,Randomized Gaffke,0.0026605794872626154,0.26605794872626154
"Beta(50,50)",30000,6,Randomized Gaffke,0.0015125794194374986,0.2619864404948783
"Beta(50,50)",100000,6,Randomized Gaffke,0.0008180143058535982,0.2586788365098978
"Beta(50,50)",300000,6,Randomized Gaffke,0.0004707505550619051,0.2578406979654832
"Beta(50,50)",1000000,6,Randomized Gaffke,0.0002571522809885485,0.2571522809885485
"Beta(50,50)",1000,7,Randomized Gaffke,0.00965169082597439,0.3052132628183091
"Beta(50,50)",3000,7,Randomized Gaffke,0.005052781769304404,0.2767522553198887
"Beta(50,50)",10000,7,Randomized Gaffke,0.002684124131185517,0.2684124131185517
"Beta(50,50)",30000,7,Randomized Gaffke,0.0015178825953690578,0.262904977510372
"Beta(50,50)",100000,7,Randomized Gaffke,0.0008223223243452593,0.260041151573475
"Beta(50,50)",300000,7,Randomized Gaffke,0.00047215352960594537,0.25860913877085956
"Beta(50,50)",1000000,7,Randomized Gaffke,0.0002572658102613645,0.2572658102613645
"Beta(50,50)",1000,8,Randomized Gaffke,0.009414004339693749,0.29769695616141717
"Beta(50,50)",3000,8,Randomized Gaffke,0.004984975282260773,0.2730383410699908
"Beta(50,50)",10000,8,Randomized Gaffke,0.002664411584768156,0.2664411584768156
"Beta(50,50)",30000,8,Randomized Gaffke,0.0015165666554578516,0.2626770500317803
"Beta(50,50)",100000,8,Randomized Gaffke,0.0008217971468820751,0.25987507587752984
"Beta(50,50)",300000,8,Randomized Gaffke,0.0004720153571497465,0.25853345859977356
"Beta(50,50)",1000000,8,Randomized Gaffke,0.00025750270742463943,0.25750270742463943
"Beta(50,50)",1000,9,Randomized Gaffke,0.010079259946147223,0.31873418558731303
"Beta(50,50)",3000,9,Randomized Gaffke,0.005129043699755642,0.28092929327859195
"Beta(50,50)",10000,9,Randomized Gaffke,0.0026823736732021763,0.26823736732021763
"Beta(50,50)",30000,9,Randomized Gaffke,0.0015182537136224084,0.2629692570774139
"Beta(50,50)",100000,9,Randomized Gaffke,0.0008231092714449106,0.26029000609677116
"Beta(50,50)",300000,9,Randomized Gaffke,0.0004726322575883124,0.25887134888571095
"Beta(50,50)",1000000,9,Randomized Gaffke,0.00025760619578946153,0.25760619578946153
"Beta(50,50)",1000,10,Randomized Gaffke,0.010062775976136529,0.31821291668615603
"Beta(50,50)",3000,10,Randomized Gaffke,0.005143593233682964,0.28172620407191007
"Beta(50,50)",10000,10,Randomized Gaffke,0.0026632201822811563,0.26632201822811563
"Beta(50,50)",30000,10,Randomized Gaffke,0.0015154288927075044,0.26247998374272424
"Beta(50,50)",100000,10,Randomized Gaffke,0.0008193967934052027,0.2591160174598877
"Beta(50,50)",300000,10,Randomized Gaffke,0.0004711852637184766,0.25807879770263015
"Beta(50,50)",1000000,10,Randomized Gaffke,0.00025724366158225154,0.25724366158225154
"Beta(50,50)",1000,11,Randomized Gaffke,0.009497489312607743,0.300336982809474
"Beta(50,50)",3000,11,Randomized Gaffke,0.005137245238479082,0.2813785100551
"Beta(50,50)",10000,11,Randomized Gaffke,0.0026667277514093035,0.26667277514093035
"Beta(50,50)",30000,11,Randomized Gaffke,0.0015136210346576862,0.2621668535432085
"Beta(50,50)",100000,11,Randomized Gaffke,0.0008175765811551106,0.2585404158063646
"Beta(50,50)",300000,11,Randomized Gaffke,0.0004713358646205035,0.2581612852138509
"Beta(50,50)",1000000,11,Randomized Gaffke,0.0002575603215168587,0.2575603215168587
"Beta(50,50)",1000,12,Randomized Gaffke,0.009794473678272242,0.30972845305907526
"Beta(50,50)",3000,12,Randomized Gaffke,0.005179822995755867,0.2837105898659475
"Beta(50,50)",10000,12,Randomized Gaffke,0.0026724232954573046,0.26724232954573046
"Beta(50,50)",30000,12,Randomized Gaffke,0.0015169498689183714,0.26274342455015676
"Beta(50,50)",100000,12,Randomized Gaffke,0.0008194954893365192,0.25914722785376293
"Beta(50,50)",300000,12,Randomized Gaffke,0.0004716817972828524,0.25835076033639726
"Beta(50,50)",1000000,12,Randomized Gaffke,0.00025724152779499354,0.25724152779499354
"Beta(50,50)",1000,13,Randomized Gaffke,0.009832097757545455,0.3109182309127761
"Beta(50,50)",3000,13,Randomized Gaffke,0.005124467929127352,0.28067866799948354
"Beta(50,50)",10000,13,Randomized Gaffke,0.0026808691591868605,0.26808691591868605
"Beta(50,50)",30000,13,Randomized Gaffke,0.0015143879622752654,0.262299689303146
"Beta(50,50)",100000,13,Randomized Gaffke,0.0008195453144056453,0.2591629839240643
"Beta(50,50)",300000,13,Randomized Gaffke,0.000471249990092959,0.2581142497979997
"Beta(50,50)",1000000,13,Randomized Gaffke,0.00025728773270367045,0.25728773270367045
"Beta(50,50)",1000,14,Randomized Gaffke,0.009589352653143424,0.3032419567051183
"Beta(50,50)",3000,14,Randomized Gaffke,0.005071538004068399,0.2777795766072989
"Beta(50,50)",10000,14,Randomized Gaffke,0.00265355183907523,0.265355183907523
"Beta(50,50)",30000,14,Randomized Gaffke,0.001515871016049164,0.2625565617518209
"Beta(50,50)",100000,14,Randomized Gaffke,0.0008208769485643086,0.2595840836192101
"Beta(50,50)",300000,14,Randomized Gaffke,0.0004707082317896849,0.2578175165545808
"Beta(50,50)",1000000,14,Randomized Gaffke,0.00025725852349012257,0.25725852349012257
"Beta(50,50)",1000,15,Randomized Gaffke,0.009561866496718863,0.30237276812086544
"Beta(50,50)",3000,15,Randomized Gaffke,0.0050893134109301075,0.2787531757379979
"Beta(50,50)",10000,15,Randomized Gaffke,0.002700850380860098,0.2700850380860098
"Beta(50,50)",30000,15,Randomized Gaffke,0.0015224477562360006,0.263695686566999
"Beta(50,50)",100000,15,Randomized Gaffke,0.0008226241341094953,0.2601365922009814
"Beta(50,50)",300000,15,Randomized Gaffke,0.00047205814515693945,0.2585568945565038
"Beta(50,50)",1000000,15,Randomized Gaffke,0.0002570418268565411,0.2570418268565411
"Beta(50,50)",1000,16,Randomized Gaffke,0.009752778755561187,0.30840994383275905
"Beta(50,50)",3000,16,Randomized Gaffke,0.00505881207519826,0.2770825487765608
"Beta(50,50)",10000,16,Randomized Gaffke,0.0026733891373580954,0.26733891373580954
"Beta(50,50)",30000,16,Randomized Gaffke,0.0015229975151632158,0.26379090760638413
"Beta(50,50)",100000,16,Randomized Gaffke,0.0008213121606794327,0.2597217097741193
"Beta(50,50)",300000,16,Randomized Gaffke,0.00047168618453424793,0.25835316333295205
"Beta(50,50)",1000000,16,Randomized Gaffke,0.0002574417239016302,0.2574417239016302
"Beta(50,50)",1000,17,Randomized Gaffke,0.009834575609473095,0.31099658747073594
"Beta(50,50)",3000,17,Randomized Gaffke,0.005163254351665869,0.28280308785441083
"Beta(50,50)",10000,17,Randomized Gaffke,0.0026991142061695284,0.26991142061695284
"Beta(50,50)",30000,17,Randomized Gaffke,0.001528054703908266,0.26466683839137334
"Beta(50,50)",100000,17,Randomized Gaffke,0.0008226301321272445,0.26013848894073477
"Beta(50,50)",300000,17,Randomized Gaffke,0.00047196359539564137,0.2585051075194342
"Beta(50,50)",1000000,17,Randomized Gaffke,0.00025746035116153143,0.25746035116153143
"Beta(50,50)",1000,18,Randomized Gaffke,0.009521768069592929,0.30110474451778313
"Beta(50,50)",3000,18,Randomized Gaffke,0.005044972254542146,0.2763245105800428
"Beta(50,50)",10000,18,Randomized Gaffke,0.0026526578876927553,0.26526578876927553
"Beta(50,50)",30000,18,Randomized Gaffke,0.0015101703845986636,0.2615691834210717
"Beta(50,50)",100000,18,Randomized Gaffke,0.0008223229624724215,0.26004135336700196
"Beta(50,50)",300000,18,Randomized Gaffke,0.00047102664136200456,0.2579919166598658
"Beta(50,50)",1000000,18,Randomized Gaffke,0.00025714391400105674,0.25714391400105674
"Beta(50,50)",1000,19,Randomized Gaffke,0.009738559653673595,0.3079602963502912
"Beta(50,50)",3000,19,Randomized Gaffke,0.005146268350675998,0.28187272626401505
"Beta(50,50)",10000,19,Randomized Gaffke,0.0026826251119481115,0.26826251119481115
"Beta(50,50)",30000,19,Randomized Gaffke,0.0015206372638046917,0.2633821000792244
"Beta(50,50)",100000,19,Randomized Gaffke,0.0008218300735993167,0.2598854882197654
"Beta(50,50)",300000,19,Randomized Gaffke,0.00047234025143938485,0.2587114105310131
"Beta(50,50)",1000000,19,Randomized Gaffke,0.00025756090653950015,0.25756090653950015
"Beta(50,50)",1000,20,Randomized Gaffke,0.009665566595874309,0.3056520531900305
"Beta(50,50)",3000,20,Randomized Gaffke,0.005050454284602712,0.2766247737325522
"Beta(50,50)",10000,20,Randomized Gaffke,0.0026771444834524094,0.26771444834524094
"Beta(50,50)",30000,20,Randomized Gaffke,0.001520075350395944,0.2632847738218839
"Beta(50,50)",100000,20,Randomized Gaffke,0.0008238944559730843,0.2605383032460265
"Beta(50,50)",300000,20,Randomized Gaffke,0.00047227432371715894,0.25867530043038506
"Beta(50,50)",1000,21,Randomized Gaffke,0.009570787148308724,0.30265486389323304
"Beta(50,50)",3000,21,Randomized Gaffke,0.005124858377851538,0.28070005375686213
"Beta(50,50)",10000,21,Randomized Gaffke,0.0026848547491241104,0.26848547491241104
"Beta(50,50)",30000,21,Randomized Gaffke,0.001513839105793835,0.26220462457195587
"Beta(50,50)",100000,21,Randomized Gaffke,0.0008221593140185779,0.25998960318203085
"Beta(50,50)",300000,21,Randomized Gaffke,0.00047201963448378903,0.25853580139211463
"Beta(50,50)",1000,22,Randomized Gaffke,0.009360128958295355,0.29599326701112527
"Beta(50,50)",3000,22,Randomized Gaffke,0.0050971983741509574,0.2791850529601137
"Beta(50,50)",10000,22,Randomized Gaffke,0.002688931249463622,0.2688931249463622
"Beta(50,50)",30000,22,Randomized Gaffke,0.001526146779300075,0.26433637615553357
"Beta(50,50)",100000,22,Randomized Gaffke,0.0008227436229525376,0.2601743778908806
"Beta(50,50)",300000,22,Randomized Gaffke,0.000471132004013497,0.2580496261608068
"Beta(50,50)",1000,23,Randomized Gaffke,0.009711729418152848,0.30711184980624806
"Beta(50,50)",3000,23,Randomized Gaffke,0.005030569286846032,0.2755356275498248
"Beta(50,50)",10000,23,Randomized Gaffke,0.002681929801067573,0.2681929801067573
"Beta(50,50)",30000,23,Randomized Gaffke,0.001519187532032451,0.2631309991705376
"Beta(50,50)",100000,23,Randomized Gaffke,0.0008242554792346479,0.2606524688255109
"Beta(50,50)",300000,23,Randomized Gaffke,0.00047189711511075316,0.2584686947677715
"Beta(50,50)",1000,24,Randomized Gaffke,0.009555104220014932,0.30215892615533824
"Beta(50,50)",3000,24,Randomized Gaffke,0.005074401058428102,0.2779363925529162
"Beta(50,50)",10000,24,Randomized Gaffke,0.0026638385776814877,0.26638385776814877
"Beta(50,50)",30000,24,Randomized Gaffke,0.0015093451049693618,0.2614262407962315
"Beta(50,50)",100000,24,Randomized Gaffke,0.0008184674224338551,0.2588221245538176
"Beta(50,50)",300000,24,Randomized Gaffke,0.00047060793857434113,0.2577625836981723
"Beta(50,50)",1000,25,Randomized Gaffke,0.00976739207146149,0.3088720574568842
"Beta(50,50)",3000,25,Randomized Gaffke,0.0050830372694307124,0.2784094173106666
"Beta(50,50)",10000,25,Randomized Gaffke,0.002675150856676134,0.2675150856676134
"Beta(50,50)",30000,25,Randomized Gaffke,0.0015071425340265066,0.26104474431820146
"Beta(50,50)",100000,25,Randomized Gaffke,0.0008189817308966729,0.25898476317005803
"Beta(50,50)",300000,25,Randomized Gaffke,0.0004707960396148625,0.257865610881156
"Beta(50,50)",1000,26,Randomized Gaffke,0.009753994476133787,0.3084483882928365
"Beta(50,50)",3000,26,Randomized Gaffke,0.005050878373918155,0.27664800206099865
"Beta(50,50)",10000,26,Randomized Gaffke,0.0026642631259201077,0.26642631259201077
"Beta(50,50)",30000,26,Randomized Gaffke,0.0015131133367661809,0.26207891768891023
"Beta(50,50)",100000,26,Randomized Gaffke,0.0008190154570474895,0.2589954283153871
"Beta(50,50)",300000,26,Randomized Gaffke,0.0004709196455614517,0.2579333126463447
"Beta(50,50)",1000,27,Randomized Gaffke,0.009604884492024568,0.30373311657627
"Beta(50,50)",3000,27,Randomized Gaffke,0.0050942813203994075,0.2790252793459958
"Beta(50,50)",10000,27,Randomized Gaffke,0.00267938415971819,0.267938415971819
"Beta(50,50)",30000,27,Randomized Gaffke,0.001522053768656828,0.2636274459165312
"Beta(50,50)",100000,27,Randomized Gaffke,0.0008189941145640978,0.2589886792295429
"Beta(50,50)",300000,27,Randomized Gaffke,0.00047136949801734884,0.2581797069839887
"Beta(50,50)",1000,28,Randomized Gaffke,0.009579263223002732,0.3029229009097409
"Beta(50,50)",3000,28,Randomized Gaffke,0.00511511078854926,0.28016615630264674
"Beta(50,50)",10000,28,Randomized Gaffke,0.0026776963501538575,0.26776963501538575
"Beta(50,50)",30000,28,Randomized Gaffke,0.0015246695141770128,0.26408050633059427
"Beta(50,50)",100000,28,Randomized Gaffke,0.0008222198599958652,0.26000874950116976
"Beta(50,50)",300000,28,Randomized Gaffke,0.0004722224661031227,0.258646896845399
"Beta(50,50)",1000,29,Randomized Gaffke,0.00951813904987292,0.3009899848378942
"Beta(50,50)",3000,29,Randomized Gaffke,0.0050665014662441,0.27750371406948926
"Beta(50,50)",10000,29,Randomized Gaffke,0.002659731529619569,0.2659731529619569
"Beta(50,50)",30000,29,Randomized Gaffke,0.001513246809223101,0.2621020357965899
"Beta(50,50)",100000,29,Randomized Gaffke,0.0008196957951229211,0.25921057010511706
"Beta(50,50)",300000,29,Randomized Gaffke,0.0004715840171389818,0.2582972039459232
"Beta(50,50)",1000,30,Randomized Gaffke,0.00993572698969275,0.314195274970374
"Beta(50,50)",3000,30,Randomized Gaffke,0.0051818649222346025,0.28382243078526453
"Beta(50,50)",10000,30,Randomized Gaffke,0.0026790764014590907,0.26790764014590907
"Beta(50,50)",30000,30,Randomized Gaffke,0.001517001176986832,0.26275231136829796
"Beta(50,50)",100000,30,Randomized Gaffke,0.0008211431053389284,0.25966824978145836
"Beta(50,50)",1000,31,Randomized Gaffke,0.00981549111926816,0.3103930829004282
"Beta(50,50)",3000,31,Randomized Gaffke,0.0051128962377287035,0.2800448603587307
"Beta(50,50)",10000,31,Randomized Gaffke,0.0026924620166799418,0.2692462016679942
"Beta(50,50)",30000,31,Randomized Gaffke,0.0015192151848645863,0.2631357887815608
"Beta(50,50)",100000,31,Randomized Gaffke,0.0008241995286729087,0.2606347757043647
"Beta(50,50)",1000,32,Randomized Gaffke,0.009847587380085454,0.3114080557860029
"Beta(50,50)",3000,32,Randomized Gaffke,0.005133994088999283,0.28120043726430927
"Beta(50,50)",10000,32,Randomized Gaffke,0.0026487856441722024,0.26487856441722024
"Beta(50,50)",30000,32,Randomized Gaffke,0.0015130066254266938,0.26206043474273666
"Beta(50,50)",100000,32,Randomized Gaffke,0.0008225031185104537,0.26009832370844327
"Beta(50,50)",1000,33,Randomized Gaffke,0.009564210342342616,0.30244688702741424
"Beta(50,50)",3000,33,Randomized Gaffke,0.005047381535002227,0.2764564723055771
"Beta(50,50)",10000,33,Randomized Gaffke,0.0026635081935830196,0.26635081935830196
"Beta(50,50)",30000,33,Randomized Gaffke,0.0015098937499455345,0.26152126889363636
"Beta(50,50)",100000,33,Randomized Gaffke,0.0008213206726424005,0.259724401493153
"Beta(50,50)",1000,34,Randomized Gaffke,0.00976961238897478,0.30894227006159175
"Beta(50,50)",3000,34,Randomized Gaffke,0.005149983822217152,0.282076231021501
"Beta(50,50)",10000,34,Randomized Gaffke,0.0026968009802567083,0.26968009802567083
"Beta(50,50)",30000,34,Randomized Gaffke,0.0015198675035943965,0.2632487736998368
"Beta(50,50)",100000,34,Randomized Gaffke,0.0008182974722401037,0.25876838158371346
"Beta(50,50)",1000,35,Randomized Gaffke,0.009478770320435481,0.29974503630180194
"Beta(50,50)",3000,35,Randomized Gaffke,0.005060415629466963,0.27717037906107606
"Beta(50,50)",10000,35,Randomized Gaffke,0.0026698911995308716,0.26698911995308716
"Beta(50,50)",30000,35,Randomized Gaffke,0.0015140215023751735,0.26223621658655644
"Beta(50,50)",100000,35,Randomized Gaffke,0.0008213299656129047,0.2597273401884552
"Beta(50,50)",1000,36,Randomized Gaffke,0.009566035605866274,0.3025046069280621
"Beta(50,50)",3000,36,Randomized Gaffke,0.005112871414211351,0.28004350071868966
"Beta(50,50)",10000,36,Randomized Gaffke,0.002672310574218295,0.2672310574218295
"Beta(50,50)",30000,36,Randomized Gaffke,0.0015138505365340782,0.2622066044342428
"Beta(50,50)",100000,36,Randomized Gaffke,0.0008237558561122738,0.26049447412167215
"Beta(50,50)",1000,37,Randomized Gaffke,0.009922818732814809,0.3137870800468058
"Beta(50,50)",3000,37,Randomized Gaffke,0.0051330456737948005,0.28114849042417167
"Beta(50,50)",10000,37,Randomized Gaffke,0.0026548579167349207,0.26548579167349207
"Beta(50,50)",30000,37,Randomized Gaffke,0.001511270724370628,0.26175976786013483
"Beta(50,50)",100000,37,Randomized Gaffke,0.000819746888956252,0.2592267273938885
"Beta(50,50)",1000,38,Randomized Gaffke,0.009436190162996072,0.29839853349543094
"Beta(50,50)",3000,38,Randomized Gaffke,0.005085220219120501,0.2785289823893662
"Beta(50,50)",10000,38,Randomized Gaffke,0.0026688244151230056,0.26688244151230056
"Beta(50,50)",30000,38,Randomized Gaffke,0.001522224780544701,0.2636570660443806
"Beta(50,50)",100000,38,Randomized Gaffke,0.0008192958081752466,0.25908408312621806
"Beta(50,50)",1000,39,Randomized Gaffke,0.009363901221640158,0.29611255645216067
"Beta(50,50)",3000,39,Randomized Gaffke,0.005102541136212058,0.27947768809013845
"Beta(50,50)",10000,39,Randomized Gaffke,0.0026792673674944645,0.26792673674944645
"Beta(50,50)",30000,39,Randomized Gaffke,0.001511453958925546,0.26179150501601683
"Beta(50,50)",100000,39,Randomized Gaffke,0.0008195301092777107,0.25915817564042554
"Beta(50,50)",1000,40,Randomized Gaffke,0.009909066525643828,0.31335219707165773
"Beta(50,50)",3000,40,Randomized Gaffke,0.005265893084974604,0.28842484280510594
"Beta(50,50)",10000,40,Randomized Gaffke,0.0027043333537454806,0.27043333537454806
"Beta(50,50)",1000,41,Randomized Gaffke,0.009458557338220708,0.2991058456807703
"Beta(50,50)",3000,41,Randomized Gaffke,0.00508116003557757,0.27830659697795873
"Beta(50,50)",10000,41,Randomized Gaffke,0.0026582561213547296,0.26582561213547296
"Beta(50,50)",1000,42,Randomized Gaffke,0.009736325127023715,0.3078896344132315
"Beta(50,50)",3000,42,Randomized Gaffke,0.005091475252956779,0.27887158470237494
"Beta(50,50)",10000,42,Randomized Gaffke,0.0026685484836862505,0.26685484836862505
"Beta(50,50)",1000,43,Randomized Gaffke,0.009813058676083841,0.31031616229301423
"Beta(50,50)",3000,43,Randomized Gaffke,0.005119005979907221,0.2803795047199022
"Beta(50,50)",10000,43,Randomized Gaffke,0.0026793802014268286,0.26793802014268286
"Beta(50,50)",1000,44,Randomized Gaffke,0.009725103878543584,0.30753478737935236
"Beta(50,50)",3000,44,Randomized Gaffke,0.0050870728379726615,0.278630454502945
"Beta(50,50)",10000,44,Randomized Gaffke,0.002686572011674493,0.2686572011674493
"Beta(50,50)",1000,45,Randomized Gaffke,0.009748396409399729,0.30827136187910403
"Beta(50,50)",3000,45,Randomized Gaffke,0.005152549162619757,0.2822167405021196
"Beta(50,50)",10000,45,Randomized Gaffke,0.0026737105839213515,0.26737105839213515
"Beta(50,50)",1000,46,Randomized Gaffke,0.009695293468904465,0.30659209945492977
"Beta(50,50)",3000,46,Randomized Gaffke,0.005079594369919005,0.27822084193808805
"Beta(50,50)",10000,46,Randomized Gaffke,0.002672871748763739,0.2672871748763739
"Beta(50,50)",1000,47,Randomized Gaffke,0.009771018705142576,0.3089867416835973
"Beta(50,50)",3000,47,Randomized Gaffke,0.005209746957986872,0.2853495927783329
"Beta(50,50)",10000,47,Randomized Gaffke,0.0026976077167562007,0.26976077167562007
"Beta(50,50)",1000,48,Randomized Gaffke,0.009706871002696627,0.3069582132196378
"Beta(50,50)",3000,48,Randomized Gaffke,0.005082790741925358,0.2783959144430938
"Beta(50,50)",10000,48,Randomized Gaffke,0.002682411089356962,0.2682411089356962
"Beta(50,50)",1000,49,Randomized Gaffke,0.010096840960617415,0.3192901460803349
"Beta(50,50)",3000,49,Randomized Gaffke,0.005170929444887118,0.2832234700232341
"Beta(50,50)",10000,49,Randomized Gaffke,0.002679326939879989,0.2679326939879989
"Beta(20,80)",1000,0,Randomized Gaffke,0.008709489097051992,0.27541822803087584
"Beta(20,80)",3000,0,Randomized Gaffke,0.0042982670599092665,0.23542578268937145
"Beta(20,80)",10000,0,Randomized Gaffke,0.0021912662310624997,0.21912662310624997
"Beta(20,80)",30000,0,Randomized Gaffke,0.0012247430364603351,0.21213171653654822
"Beta(20,80)",100000,0,Randomized Gaffke,0.0006599003305952367,0.20867880733790453
"Beta(20,80)",300000,0,Randomized Gaffke,0.000378138727859606,0.20711511111501343
"Beta(20,80)",1000000,0,Randomized Gaffke,0.00020622716722842882,0.20622716722842882
"Beta(20,80)",1000,1,Randomized Gaffke,0.008705147415278253,0.2752809319980693
"Beta(20,80)",3000,1,Randomized Gaffke,0.0042527636199186925,0.23293345663667944
"Beta(20,80)",10000,1,Randomized Gaffke,0.002170331653015084,0.2170331653015084
"Beta(20,80)",30000,1,Randomized Gaffke,0.001221714103433691,0.21160708994706112
"Beta(20,80)",100000,1,Randomized Gaffke,0.0006575231091501543,0.2079270639109988
"Beta(20,80)",300000,1,Randomized Gaffke,0.000378276522899873,0.20719058456688
"Beta(20,80)",1000000,1,Randomized Gaffke,0.00020602199634450757,0.20602199634450757
"Beta(20,80)",1000,2,Randomized Gaffke,0.008596136786275105,0.2718337132298937
"Beta(20,80)",3000,2,Randomized Gaffke,0.004319359495016939,0.23658106293949008
"Beta(20,80)",10000,2,Randomized Gaffke,0.002185676788825891,0.2185676788825891
"Beta(20,80)",30000,2,Randomized Gaffke,0.001218136547691484,0.2109874391158199
"Beta(20,80)",100000,2,Randomized Gaffke,0.0006563868941273643,0.20756776117262715
"Beta(20,80)",300000,2,Randomized Gaffke,0.0003768206164029564,0.20639315173690043
"Beta(20,80)",1000000,2,Randomized Gaffke,0.00020602695973206964,0.20602695973206964
"Beta(20,80)",1000,3,Randomized Gaffke,0.008632869573399704,0.2729953059510921
"Beta(20,80)",3000,3,Randomized Gaffke,0.004338939490827504,0.23765350347762038
"Beta(20,80)",10000,3,Randomized Gaffke,0.002169002019037136,0.21690020190371362
"Beta(20,80)",30000,3,Randomized Gaffke,0.0012151338119307242,0.2104673500258859
"Beta(20,80)",100000,3,Randomized Gaffke,0.0006605563666697289,0.20888626416016767
"Beta(20,80)",300000,3,Randomized Gaffke,0.0003782344390395598,0.20716753428727955
"Beta(20,80)",1000000,3,Randomized Gaffke,0.00020612999556046674,0.20612999556046674
"Beta(20,80)",1000,4,Randomized Gaffke,0.00874257218493854,0.27646440712840603
"Beta(20,80)",3000,4,Randomized Gaffke,0.004316406252881211,0.23641930720593876
"Beta(20,80)",10000,4,Randomized Gaffke,0.002194588283308596,0.2194588283308596
"Beta(20,80)",30000,4,Randomized Gaffke,0.001223338225160131,0.2118883960818482
"Beta(20,80)",100000,4,Randomized Gaffke,0.0006592783367334321,0.20848211560850985
"Beta(20,80)",300000,4,Randomized Gaffke,0.00037814636197347484,0.20711929249138594
"Beta(20,80)",1000000,4,Randomized Gaffke,0.00020617182638163478,0.20617182638163478
"Beta(20,80)",1000,5,Randomized Gaffke,0.008674870476675256,0.2743234911324438
"Beta(20,80)",3000,5,Randomized Gaffke,0.004270010687436959,0.23387811742973638
"Beta(20,80)",10000,5,Randomized Gaffke,0.002163379668264853,0.21633796682648532
"Beta(20,80)",30000,5,Randomized Gaffke,0.0012205109124495406,0.2113986911554854
"Beta(20,80)",100000,5,Randomized Gaffke,0.0006561969130652601,0.20750768388577243
"Beta(20,80)",300000,5,Randomized Gaffke,0.00037742174657892646,0.2067224042942763
"Beta(20,80)",1000000,5,Randomized Gaffke,0.00020597501072938673,0.20597501072938673
"Beta(20,80)",1000,6,Randomized Gaffke,0.00870320754644141,0.27521958795920526
"Beta(20,80)",3000,6,Randomized Gaffke,0.004284584800450575,0.23467637447505507
"Beta(20,80)",10000,6,Randomized Gaffke,0.002172717883699965,0.2172717883699965
"Beta(20,80)",30000,6,Randomized Gaffke,0.0012194038859207612,0.21120694853616814
"Beta(20,80)",100000,6,Randomized Gaffke,0.0006566534448472217,0.20765205191129782
"Beta(20,80)",300000,6,Randomized Gaffke,0.0003760606529778776,0.2059769026261059
"Beta(20,80)",1000000,6,Randomized Gaffke,0.00020583946660907015,0.20583946660907015
"Beta(20,80)",1000,7,Randomized Gaffke,0.00850286575747658,0.26888422432278875
"Beta(20,80)",3000,7,Randomized Gaffke,0.004152265393649601,0.2274289420849955
"Beta(20,80)",10000,7,Randomized Gaffke,0.0021777091641121127,0.21777091641121127
"Beta(20,80)",30000,7,Randomized Gaffke,0.0012177039035603798,0.210912502954153
"Beta(20,80)",100000,7,Randomized Gaffke,0.0006587363633591414,0.20831072857911734
"Beta(20,80)",300000,7,Randomized Gaffke,0.00037859947345925127,0.2073674718732104
"Beta(20,80)",1000000,7,Randomized Gaffke,0.00020603562158266753,0.20603562158266753
"Beta(20,80)",1000,8,Randomized Gaffke,0.00848396775400495,0.26828661698078754
"Beta(20,80)",3000,8,Randomized Gaffke,0.004245280906302884,0.2325236115328065
"Beta(20,80)",10000,8,Randomized Gaffke,0.0021788899209427004,0.21788899209427004
"Beta(20,80)",30000,8,Randomized Gaffke,0.0012241629275592247,0.2120312387274836
"Beta(20,80)",100000,8,Randomized Gaffke,0.0006592317925102897,0.20846739703280456
"Beta(20,80)",300000,8,Randomized Gaffke,0.0003779720031170386,0.20702379221261502
"Beta(20,80)",1000000,8,Randomized Gaffke,0.00020599360064726957,0.20599360064726957
"Beta(20,80)",1000,9,Randomized Gaffke,0.008625157894696062,0.27275144125822287
"Beta(20,80)",3000,9,Randomized Gaffke,0.004289053508163582,0.23492113567678619
"Beta(20,80)",10000,9,Randomized Gaffke,0.0021670606741200082,0.21670606741200082
"Beta(20,80)",30000,9,Randomized Gaffke,0.0012149549097835166,0.21043636326503123
"Beta(20,80)",100000,9,Randomized Gaffke,0.0006580736590242608,0.20810116306776838
"Beta(20,80)",300000,9,Randomized Gaffke,0.00037767900777060937,0.20686331205213168
"Beta(20,80)",1000000,9,Randomized Gaffke,0.00020607345792561516,0.20607345792561516
"Beta(20,80)",1000,10,Randomized Gaffke,0.008795620284414885,0.27814193532729037
"Beta(20,80)",3000,10,Randomized Gaffke,0.0043253955142336376,0.23691166932774213
"Beta(20,80)",10000,10,Randomized Gaffke,0.0021920348182485616,0.21920348182485616
"Beta(20,80)",30000,10,Randomized Gaffke,0.001222874871281282,0.21180814083584312
"Beta(20,80)",100000,10,Randomized Gaffke,0.0006588767022938369,0.20835510764692125
"Beta(20,80)",300000,10,Randomized Gaffke,0.0003781862392090718,0.20714113415285335
"Beta(20,80)",1000000,10,Randomized Gaffke,0.00020617731601174638,0.20617731601174638
"Beta(20,80)",1000,11,Randomized Gaffke,0.008722155667334114,0.2758187801532169
"Beta(20,80)",3000,11,Randomized Gaffke,0.004291753506705881,0.23506902068747104
"Beta(20,80)",10000,11,Randomized Gaffke,0.0021911835685594627,0.21911835685594627
"Beta(20,80)",30000,11,Randomized Gaffke,0.001216000538811074,0.21061747152519106
"Beta(20,80)",100000,11,Randomized Gaffke,0.0006577022620198603,0.20798371702276142
"Beta(20,80)",300000,11,Randomized Gaffke,0.00037729514819706544,0.20665306350478738
"Beta(20,80)",1000000,11,Randomized Gaffke,0.00020586457281310255,0.20586457281310255
"Beta(20,80)",1000,12,Randomized Gaffke,0.008477067142724753,0.2680684004918588
"Beta(20,80)",3000,12,Randomized Gaffke,0.004207011106183711,0.23042748825315804
"Beta(20,80)",10000,12,Randomized Gaffke,0.002155353844586233,0.2155353844586233
"Beta(20,80)",30000,12,Randomized Gaffke,0.0012218705987063205,0.211634195723395
"Beta(20,80)",100000,12,Randomized Gaffke,0.0006603454179528734,0.2088195563186923
"Beta(20,80)",300000,12,Randomized Gaffke,0.0003787146626532123,0.20743056359312367
"Beta(20,80)",1000000,12,Randomized Gaffke,0.00020638512130607967,0.20638512130607967
"Beta(20,80)",1000,13,Randomized Gaffke,0.00863717348939555,0.27313140772514116
"Beta(20,80)",3000,13,Randomized Gaffke,0.004308162626803863,0.23596778521011866
"Beta(20,80)",10000,13,Randomized Gaffke,0.0021869715460113848,0.21869715460113848
"Beta(20,80)",30000,13,Randomized Gaffke,0.001228203621142121,0.21273110738582302
"Beta(20,80)",100000,13,Randomized Gaffke,0.0006597522837979708,0.2086319908299392
"Beta(20,80)",300000,13,Randomized Gaffke,0.00037760011573731433,0.20682010110588855
"Beta(20,80)",1000000,13,Randomized Gaffke,0.0002059467008703464,0.2059467008703464
"Beta(20,80)",1000,14,Randomized Gaffke,0.008930723660852291,0.28241427921850365
"Beta(20,80)",3000,14,Randomized Gaffke,0.00440445671358855,0.24124202955875199
"Beta(20,80)",10000,14,Randomized Gaffke,0.0022142770411019974,0.22142770411019974
"Beta(20,80)",30000,14,Randomized Gaffke,0.0012358005994345944,0.21404694262447918
"Beta(20,80)",100000,14,Randomized Gaffke,0.0006594216385440999,0.2085274316199635
"Beta(20,80)",300000,14,Randomized Gaffke,0.00037773073694061243,0.2068916452854234
"Beta(20,80)",1000000,14,Randomized Gaffke,0.00020589046089433682,0.20589046089433682
"Beta(20,80)",1000,15,Randomized Gaffke,0.008789149671799501,0.27793731659007803
"Beta(20,80)",3000,15,Randomized Gaffke,0.00435952733404904,0.2387811460919019
"Beta(20,80)",10000,15,Randomized Gaffke,0.002181175731873791,0.21811757318737912
"Beta(20,80)",30000,15,Randomized Gaffke,0.001219606964690756,0.21124212281092508
"Beta(20,80)",100000,15,Randomized Gaffke,0.0006590899222418956,0.20842253371476607
"Beta(20,80)",300000,15,Randomized Gaffke,0.00037849804631046036,0.20731191793587417
"Beta(20,80)",1000000,15,Randomized Gaffke,0.00020637453291499908,0.20637453291499908
"Beta(20,80)",1000,16,Randomized Gaffke,0.008546559055913255,0.27026592773824243
"Beta(20,80)",3000,16,Randomized Gaffke,0.004254029627687478,0.2330027987379735
"Beta(20,80)",10000,16,Randomized Gaffke,0.0021681614763228996,0.21681614763228996
"Beta(20,80)",30000,16,Randomized Gaffke,0.0012170718656960566,0.2108030307848215
"Beta(20,80)",100000,16,Randomized Gaffke,0.000659101756945002,0.20842627617649087
"Beta(20,80)",300000,16,Randomized Gaffke,0.00037736190609960474,0.20668962831389986
"Beta(20,80)",1000000,16,Randomized Gaffke,0.00020592442920802645,0.20592442920802645
"Beta(20,80)",1000,17,Randomized Gaffke,0.008762227611542522,0.27708596629291454
"Beta(20,80)",3000,17,Randomized Gaffke,0.004295781025424855,0.2352896169727867
"Beta(20,80)",10000,17,Randomized Gaffke,0.002164454668272503,0.2164454668272503
"Beta(20,80)",30000,17,Randomized Gaffke,0.0012225056339389695,0.21174418705214942
"Beta(20,80)",100000,17,Randomized Gaffke,0.0006594490176944356,0.20853608966750964
"Beta(20,80)",300000,17,Randomized Gaffke,0.0003775866616890222,0.2068127320201492
"Beta(20,80)",1000000,17,Randomized Gaffke,0.00020609929529699644,0.20609929529699644
"Beta(20,80)",1000,18,Randomized Gaffke,0.00883629852592932,0.2794282942712507
"Beta(20,80)",3000,18,Randomized Gaffke,0.004310920713372746,0.23611885183305156
"Beta(20,80)",10000,18,Randomized Gaffke,0.0021749586432914803,0.21749586432914803
"Beta(20,80)",30000,18,Randomized Gaffke,0.0012165624029750188,0.2107147892530815
"Beta(20,80)",100000,18,Randomized Gaffke,0.0006584258798769671,0.2082125450811642
"Beta(20,80)",300000,18,Randomized Gaffke,0.00037758545619037687,0.20681207174134808
"Beta(20,80)",1000000,18,Randomized Gaffke,0.00020627747591414614,0.20627747591414614
"Beta(20,80)",1000,19,Randomized Gaffke,0.008782042464710649,0.27771256696804536
"Beta(20,80)",3000,19,Randomized Gaffke,0.00429863326595778,0.23544584062071802
"Beta(20,80)",10000,19,Randomized Gaffke,0.0021700217896170604,0.21700217896170604
"Beta(20,80)",30000,19,Randomized Gaffke,0.0012232834691707772,0.21187891206629025
"Beta(20,80)",100000,19,Randomized Gaffke,0.0006583456849671154,0.2081871852239759
"Beta(20,80)",300000,19,Randomized Gaffke,0.00037778381692260554,0.206920718388913
"Beta(20,80)",1000000,19,Randomized Gaffke,0.00020606517814769632,0.20606517814769632
"Beta(20,80)",1000,20,Randomized Gaffke,0.008648520649309183,0.27349023642815357
"Beta(20,80)",3000,20,Randomized Gaffke,0.004210374264102146,0.2306116959987959
"Beta(20,80)",10000,20,Randomized Gaffke,0.002173394678130547,0.2173394678130547
"Beta(20,80)",30000,20,Randomized Gaffke,0.0012235891737494287,0.2119318616525233
"Beta(20,80)",100000,20,Randomized Gaffke,0.0006596367905585543,0.20859546866084847
"Beta(20,80)",300000,20,Randomized Gaffke,0.00037799769024093877,0.20703786162981255
"Beta(20,80)",1000,21,Randomized Gaffke,0.008723402759235527,0.27585821666181704
"Beta(20,80)",3000,21,Randomized Gaffke,0.004342794266176286,0.23786463821888468
"Beta(20,80)",10000,21,Randomized Gaffke,0.002173322240692277,0.2173322240692277
"Beta(20,80)",30000,21,Randomized Gaffke,0.0012136919992568052,0.21021762074526346
"Beta(20,80)",100000,21,Randomized Gaffke,0.0006574315201809955,0.20789810093588992
"Beta(20,80)",300000,21,Randomized Gaffke,0.00037752915817623744,0.20678123604906118
"Beta(20,80)",1000,22,Randomized Gaffke,0.008612836824734682,0.27236181481534044
"Beta(20,80)",3000,22,Randomized Gaffke,0.004247536112161859,0.23264713424488437
"Beta(20,80)",10000,22,Randomized Gaffke,0.00218602419434763,0.218602419434763
"Beta(20,80)",30000,22,Randomized Gaffke,0.0012252171222870423,0.21221383061044874
"Beta(20,80)",100000,22,Randomized Gaffke,0.0006595556352975984,0.20856980511397585
"Beta(20,80)",300000,22,Randomized Gaffke,0.000378438811779791,0.20727947384724332
"Beta(20,80)",1000,23,Randomized Gaffke,0.008401316895686323,0.26567296735224016
"Beta(20,80)",3000,23,Randomized Gaffke,0.004211392275419085,0.2306674547750042
"Beta(20,80)",10000,23,Randomized Gaffke,0.0021809764023468237,0.21809764023468237
"Beta(20,80)",30000,23,Randomized Gaffke,0.0012197655203260993,0.2112695854525492
"Beta(20,80)",100000,23,Randomized Gaffke,0.0006610357995934513,0.2090378741625913
"Beta(20,80)",300000,23,Randomized Gaffke,0.00037749417723556555,0.20676207619877243
"Beta(20,80)",1000,24,Randomized Gaffke,0.008807940678386444,0.2785315403934977
"Beta(20,80)",3000,24,Randomized Gaffke,0.004341491950708876,0.2377933074630358
"Beta(20,80)",10000,24,Randomized Gaffke,0.0021959190480518864,0.21959190480518864
"Beta(20,80)",30000,24,Randomized Gaffke,0.0012226609893014884,0.21177109539026054
"Beta(20,80)",100000,24,Randomized Gaffke,0.0006610787930061701,0.20905146987344883
"Beta(20,80)",300000,24,Randomized Gaffke,0.00037798424027854494,0.20703049478201188
"Beta(20,80)",1000,25,Randomized Gaffke,0.00885272485171576,0.2799477403019818
"Beta(20,80)",3000,25,Randomized Gaffke,0.004284559164091872,0.2346749703138597
"Beta(20,80)",10000,25,Randomized Gaffke,0.0021831843129277995,0.21831843129277995
"Beta(20,80)",30000,25,Randomized Gaffke,0.0012187671067332984,0.21109665514557935
"Beta(20,80)",100000,25,Randomized Gaffke,0.0006560226898045252,0.20745258965324206
"Beta(20,80)",300000,25,Randomized Gaffke,0.0003776891921387915,0.20686889026031896
"Beta(20,80)",1000,26,Randomized Gaffke,0.00855452417883748,0.27051780704108014
"Beta(20,80)",3000,26,Randomized Gaffke,0.0042615689340869956,0.2334157435562694
"Beta(20,80)",10000,26,Randomized Gaffke,0.002181650811494462,0.21816508114944622
"Beta(20,80)",30000,26,Randomized Gaffke,0.0012183541309213897,0.21102512563672707
"Beta(20,80)",100000,26,Randomized Gaffke,0.0006567845789771654,0.2076935201642585
"Beta(20,80)",300000,26,Randomized Gaffke,0.0003774678614237581,0.20674766243502643
"Beta(20,80)",1000,27,Randomized Gaffke,0.008637333274771203,0.2731364605823796
"Beta(20,80)",3000,27,Randomized Gaffke,0.004279849442451661,0.2344170082356683
"Beta(20,80)",10000,27,Randomized Gaffke,0.002166358685272568,0.2166358685272568
"Beta(20,80)",30000,27,Randomized Gaffke,0.001220241839577807,0.21135208636700728
"Beta(20,80)",100000,27,Randomized Gaffke,0.0006588875607607958,0.20835854139567003
"Beta(20,80)",300000,27,Randomized Gaffke,0.00037752502873736327,0.20677897426223996
"Beta(20,80)",1000,28,Randomized Gaffke,0.00899178400868686,0.28434517695729733
"Beta(20,80)",3000,28,Randomized Gaffke,0.0043041707167202625,0.23574913929008662
"Beta(20,80)",10000,28,Randomized Gaffke,0.0021614354841122396,0.21614354841122396
"Beta(20,80)",30000,28,Randomized Gaffke,0.0012217333633315342,0.21161042585922243
"Beta(20,80)",100000,28,Randomized Gaffke,0.0006589710977518981,0.2083849581117461
"Beta(20,80)",300000,28,Randomized Gaffke,0.0003770655787147803,0.206527323120825
"Beta(20,80)",1000,29,Randomized Gaffke,0.0087563765073424,0.2769009381319209
"Beta(20,80)",3000,29,Randomized Gaffke,0.004273956955613806,0.23409426343957876
"Beta(20,80)",10000,29,Randomized Gaffke,0.0021840921281825187,0.21840921281825187
"Beta(20,80)",30000,29,Randomized Gaffke,0.0012260520402301855,0.21235844264021625
"Beta(20,80)",100000,29,Randomized Gaffke,0.0006615924458286404,0.20921390115800684
"Beta(20,80)",300000,29,Randomized Gaffke,0.0003780222421002899,0.20705130923700787
"Beta(20,80)",1000,30,Randomized Gaffke,0.008535431952365335,0.26991405782852274
"Beta(20,80)",3000,30,Randomized Gaffke,0.004215696295750249,0.23090319567733814
"Beta(20,80)",10000,30,Randomized Gaffke,0.00214359735336786,0.21435973533678598
"Beta(20,80)",30000,30,Randomized Gaffke,0.0012101176227414245,0.20959852057226144
"Beta(20,80)",100000,30,Randomized Gaffke,0.0006574128430472115,0.20789219470759782
"Beta(20,80)",1000,31,Randomized Gaffke,0.008631584995987485,0.2729546840465579
"Beta(20,80)",3000,31,Randomized Gaffke,0.004244827647294835,0.23249878551449646
"Beta(20,80)",10000,31,Randomized Gaffke,0.0021556544075027606,0.21556544075027606
"Beta(20,80)",30000,31,Randomized Gaffke,0.001221236801024761,0.21152441874477695
"Beta(20,80)",100000,31,Randomized Gaffke,0.0006591963269236278,0.20845618182956402
"Beta(20,80)",1000,32,Randomized Gaffke,0.008748357187294498,0.27664734496554866
"Beta(20,80)",3000,32,Randomized Gaffke,0.004339055803269404,0.2376598741724351
"Beta(20,80)",10000,32,Randomized Gaffke,0.0021924500563399174,0.21924500563399174
"Beta(20,80)",30000,32,Randomized Gaffke,0.001229698806560292,0.21299008109692386
"Beta(20,80)",100000,32,Randomized Gaffke,0.0006588212076620581,0.2083375587034879
"Beta(20,80)",1000,33,Randomized Gaffke,0.008704884670865803,0.27527262329021107
"Beta(20,80)",3000,33,Randomized Gaffke,0.004259850533564424,0.2333216228833653
"Beta(20,80)",10000,33,Randomized Gaffke,0.0021821741302787134,0.21821741302787134
"Beta(20,80)",30000,33,Randomized Gaffke,0.0012231758539290594,0.21186027255965784
"Beta(20,80)",100000,33,Randomized Gaffke,0.0006622705917547489,0.20942834972925356
"Beta(20,80)",1000,34,Randomized Gaffke,0.008675784868820008,0.2743524067509636
"Beta(20,80)",3000,34,Randomized Gaffke,0.0042672639569409365,0.2337276728045305
"Beta(20,80)",10000,34,Randomized Gaffke,0.0021791708954498334,0.21791708954498334
"Beta(20,80)",30000,34,Randomized Gaffke,0.0012240880767612206,0.2120182741889706
"Beta(20,80)",100000,34,Randomized Gaffke,0.0006590662245590517,0.20841503984946058
"Beta(20,80)",1000,35,Randomized Gaffke,0.00867573119356252,0.27435070939028705
"Beta(20,80)",3000,35,Randomized Gaffke,0.004284849319294681,0.2346908627688353
"Beta(20,80)",10000,35,Randomized Gaffke,0.002183440167621453,0.21834401676214532
"Beta(20,80)",30000,35,Randomized Gaffke,0.0012224992925362332,0.2117430886889764
"Beta(20,80)",100000,35,Randomized Gaffke,0.0006593063781763775,0.20849098309136838
"Beta(20,80)",1000,36,Randomized Gaffke,0.00862310593025245,0.27268655244502793
"Beta(20,80)",3000,36,Randomized Gaffke,0.004313413094678281,0.23625536517934614
"Beta(20,80)",10000,36,Randomized Gaffke,0.002189173975671699,0.21891739756716988
"Beta(20,80)",30000,36,Randomized Gaffke,0.0012302702147482802,0.2130890518982695
"Beta(20,80)",100000,36,Randomized Gaffke,0.0006597944856620297,0.20864533623113227
"Beta(20,80)",1000,37,Randomized Gaffke,0.008857718705234385,0.2801056598161828
"Beta(20,80)",3000,37,Randomized Gaffke,0.004321630911583801,0.23670547354860622
"Beta(20,80)",10000,37,Randomized Gaffke,0.0021934680885404567,0.21934680885404567
"Beta(20,80)",30000,37,Randomized Gaffke,0.001222918884025287,0.21181576406672284
"Beta(20,80)",100000,37,Randomized Gaffke,0.0006608282843745539,0.20897225208850487
"Beta(20,80)",1000,38,Randomized Gaffke,0.008667883665702814,0.2741025487699041
"Beta(20,80)",3000,38,Randomized Gaffke,0.00430863494964609,0.2359936553976299
"Beta(20,80)",10000,38,Randomized Gaffke,0.0021699181483629537,0.21699181483629537
"Beta(20,80)",30000,38,Randomized Gaffke,0.0012253595067733825,0.2122384923269038
"Beta(20,80)",100000,38,Randomized Gaffke,0.0006563415847128662,0.20755343307770088
"Beta(20,80)",1000,39,Randomized Gaffke,0.008678607261752513,0.2744416586521504
"Beta(20,80)",3000,39,Randomized Gaffke,0.004232199988126961,0.2318071401370233
"Beta(20,80)",10000,39,Randomized Gaffke,0.002173963248766342,0.21739632487663418
"Beta(20,80)",30000,39,Randomized Gaffke,0.0012170697028822397,0.21080265617447969
"Beta(20,80)",100000,39,Randomized Gaffke,0.0006578407177862122,0.20802750058044706
"Beta(20,80)",1000,40,Randomized Gaffke,0.008615950004261158,0.27246026219602715
"Beta(20,80)",3000,40,Randomized Gaffke,0.004277991457729807,0.2343152422213024
"Beta(20,80)",10000,40,Randomized Gaffke,0.0021946425002575265,0.21946425002575265
"Beta(20,80)",1000,41,Randomized Gaffke,0.008630525244185672,0.272921171752076
"Beta(20,80)",3000,41,Randomized Gaffke,0.004219156887469544,0.2310927400920355
"Beta(20,80)",10000,41,Randomized Gaffke,0.0021810161723669064,0.21810161723669064
"Beta(20,80)",1000,42,Randomized Gaffke,0.008718288885433967,0.27569650177302113
"Beta(20,80)",3000,42,Randomized Gaffke,0.004272777288912399,0.23402965043330895
"Beta(20,80)",10000,42,Randomized Gaffke,0.002138911135791205,0.2138911135791205
"Beta(20,80)",1000,43,Randomized Gaffke,0.008626333165558803,0.2727886065861618
"Beta(20,80)",3000,43,Randomized Gaffke,0.004349440299282553,0.23822865644390753
"Beta(20,80)",10000,43,Randomized Gaffke,0.0021721544111779068,0.21721544111779068
"Beta(20,80)",1000,44,Randomized Gaffke,0.00892847182501369,0.2823430699168359
"Beta(20,80)",3000,44,Randomized Gaffke,0.00425860449044832,0.23325337429113388
"Beta(20,80)",10000,44,Randomized Gaffke,0.002184881904967406,0.21848819049674062
"Beta(20,80)",1000,45,Randomized Gaffke,0.00869199948520552,0.2748651579426047
"Beta(20,80)",3000,45,Randomized Gaffke,0.004304494732657038,0.23576688637384294
"Beta(20,80)",10000,45,Randomized Gaffke,0.002187350690097123,0.2187350690097123
"Beta(20,80)",1000,46,Randomized Gaffke,0.008782104420049147,0.277714526167874
"Beta(20,80)",3000,46,Randomized Gaffke,0.004374544983572509,0.23960369663237296
"Beta(20,80)",10000,46,Randomized Gaffke,0.0022098740024143193,0.22098740024143193
"Beta(20,80)",1000,47,Randomized Gaffke,0.008644012116134026,0.2733476640907543
"Beta(20,80)",3000,47,Randomized Gaffke,0.004260329617112063,0.23334786336996244
"Beta(20,80)",10000,47,Randomized Gaffke,0.002176061576025262,0.21760615760252622
"Beta(20,80)",1000,48,Randomized Gaffke,0.00859086393757058,0.27166697111325605
"Beta(20,80)",3000,48,Randomized Gaffke,0.004279247205208059,0.23438402234333924
"Beta(20,80)",10000,48,Randomized Gaffke,0.0021794454673984276,0.21794454673984276
"Beta(20,80)",1000,49,Randomized Gaffke,0.008974037922592243,0.283783996441173
"Beta(20,80)",3000,49,Randomized Gaffke,0.004368910725396358,0.23929509560258436
"Beta(20,80)",10000,49,Randomized Gaffke,0.002195886499448463,0.21958864994484628
"Beta(2,2)",1000,0,Randomized Gaffke,0.03839761300642397,1.2142391381400532
"Beta(2,2)",3000,0,Randomized Gaffke,0.021769470350049502,1.1923629975661998
"Beta(2,2)",10000,0,Randomized Gaffke,0.011734255200693156,1.1734255200693156
"Beta(2,2)",30000,0,Randomized Gaffke,0.0067449471974030395,1.168259124027137
"Beta(2,2)",100000,0,Randomized Gaffke,0.0036565939021871996,1.1563165209194501
"Beta(2,2)",300000,0,Randomized Gaffke,0.0021054761697804625,1.1532167924783363
"Beta(2,2)",1000000,0,Randomized Gaffke,0.0011522449539741464,1.1522449539741464
"Beta(2,2)",1000,1,Randomized Gaffke,0.03687446918686865,1.16607310140202
"Beta(2,2)",3000,1,Randomized Gaffke,0.021480049646672605,1.176510772781346
"Beta(2,2)",10000,1,Randomized Gaffke,0.011662117513815462,1.1662117513815462
"Beta(2,2)",30000,1,Randomized Gaffke,0.0067198162932975425,1.1639063237520508
"Beta(2,2)",100000,1,Randomized Gaffke,0.0036582505448894964,1.1568403973402857
"Beta(2,2)",300000,1,Randomized Gaffke,0.0021074594367045396,1.1543030725102073
"Beta(2,2)",1000000,1,Randomized Gaffke,0.00115230302050362,1.15230302050362
"Beta(2,2)",1000,2,Randomized Gaffke,0.037849680332988134,1.1969119856152284
"Beta(2,2)",3000,2,Randomized Gaffke,0.021416695023689536,1.1730406971683398
"Beta(2,2)",10000,2,Randomized Gaffke,0.011557923336458886,1.1557923336458886
"Beta(2,2)",30000,2,Randomized Gaffke,0.006674942117876392,1.1561338885743317
"Beta(2,2)",100000,2,Randomized Gaffke,0.003645429444460835,1.1527860093938525
"Beta(2,2)",300000,2,Randomized Gaffke,0.002104068780491075,1.1524459336173478
"Beta(2,2)",1000000,2,Randomized Gaffke,0.0011517572500771567,1.1517572500771567
"Beta(2,2)",1000,3,Randomized Gaffke,0.03804996248871917,1.2032454634832146
"Beta(2,2)",3000,3,Randomized Gaffke,0.0216113688349861,1.183703420948603
"Beta(2,2)",10000,3,Randomized Gaffke,0.011647667723785504,1.1647667723785504
"Beta(2,2)",30000,3,Randomized Gaffke,0.0066777984321648165,1.1566286167213253
"Beta(2,2)",100000,3,Randomized Gaffke,0.0036532066175035682,1.1552453674510825
"Beta(2,2)",300000,3,Randomized Gaffke,0.002107948784400182,1.1545710992815739
"Beta(2,2)",1000000,3,Randomized Gaffke,0.0011531835558768466,1.1531835558768466
"Beta(2,2)",1000,4,Randomized Gaffke,0.03766537642532075,1.1910837843162454
"Beta(2,2)",3000,4,Randomized Gaffke,0.021511432447003487,1.1782296795472365
"Beta(2,2)",10000,4,Randomized Gaffke,0.011590607130430142,1.1590607130430142
"Beta(2,2)",30000,4,Randomized Gaffke,0.0066786289880951255,1.1567724732283076
"Beta(2,2)",100000,4,Randomized Gaffke,0.0036484413339289423,1.1537384524718417
"Beta(2,2)",300000,4,Randomized Gaffke,0.0021022349300752197,1.1514414923774934
"Beta(2,2)",1000000,4,Randomized Gaffke,0.0011517664572834874,1.1517664572834874
"Beta(2,2)",1000,5,Randomized Gaffke,0.03820115428693216,1.2080265679421107
"Beta(2,2)",3000,5,Randomized Gaffke,0.021751345280862477,1.1913702466411922
"Beta(2,2)",10000,5,Randomized Gaffke,0.011695656311589198,1.1695656311589198
"Beta(2,2)",30000,5,Randomized Gaffke,0.006687095945759836,1.1582389933143888
"Beta(2,2)",100000,5,Randomized Gaffke,0.003644511937576589,1.1524958682415423
"Beta(2,2)",300000,5,Randomized Gaffke,0.0021029104195073867,1.1518114731768476
"Beta(2,2)",1000000,5,Randomized Gaffke,0.0011524469955994099,1.1524469955994099
"Beta(2,2)",1000,6,Randomized Gaffke,0.037756351535484955,1.1939606699012817
"Beta(2,2)",3000,6,Randomized Gaffke,0.021328589118977004,1.1682149380222944
"Beta(2,2)",10000,6,Randomized Gaffke,0.011593038921359933,1.1593038921359933
"Beta(2,2)",30000,6,Randomized Gaffke,0.006680125697720696,1.157031710939874
"Beta(2,2)",100000,6,Randomized Gaffke,0.0036498560042554917,1.1541858105088567
"Beta(2,2)",300000,6,Randomized Gaffke,0.002105018670703951,1.1529662099140932
"Beta(2,2)",1000000,6,Randomized Gaffke,0.001152626743894769,1.152626743894769
"Beta(2,2)",1000,7,Randomized Gaffke,0.03688735192215892,1.1664804892621228
"Beta(2,2)",3000,7,Randomized Gaffke,0.021337590404695683,1.1687079587457612
"Beta(2,2)",10000,7,Randomized Gaffke,0.0116479786024416,1.16479786024416
"Beta(2,2)",30000,7,Randomized Gaffke,0.006677859971579658,1.1566392756606427
"Beta(2,2)",100000,7,Randomized Gaffke,0.0036626410612334848,1.1582288005154056
"Beta(2,2)",300000,7,Randomized Gaffke,0.0021062604226850246,1.153646345484954
"Beta(2,2)",1000000,7,Randomized Gaffke,0.001153145804509148,1.153145804509148
"Beta(2,2)",1000,8,Randomized Gaffke,0.037388569042963726,1.1823303663022724
"Beta(2,2)",3000,8,Randomized Gaffke,0.021082557515062328,1.1547392320899699
"Beta(2,2)",10000,8,Randomized Gaffke,0.011417511092008392,1.1417511092008392
"Beta(2,2)",30000,8,Randomized Gaffke,0.006639381915399978,1.149974680832673
"Beta(2,2)",100000,8,Randomized Gaffke,0.0036462217858901913,1.1530365697539804
"Beta(2,2)",300000,8,Randomized Gaffke,0.002105275050286237,1.153106634794595
"Beta(2,2)",1000000,8,Randomized Gaffke,0.0011532109665621793,1.1532109665621793
"Beta(2,2)",1000,9,Randomized Gaffke,0.03760604692767189,1.1892076208662052
"Beta(2,2)",3000,9,Randomized Gaffke,0.02144347154497156,1.1745073076401078
"Beta(2,2)",10000,9,Randomized Gaffke,0.01163199960672251,1.163199960672251
"Beta(2,2)",30000,9,Randomized Gaffke,0.0066817459314751915,1.1573123436581665
"Beta(2,2)",100000,9,Randomized Gaffke,0.003656461463969085,1.1562746402776007
"Beta(2,2)",300000,9,Randomized Gaffke,0.0021052514397832955,1.1530937027895398
"Beta(2,2)",1000000,9,Randomized Gaffke,0.0011523568191855182,1.1523568191855182
"Beta(2,2)",1000,10,Randomized Gaffke,0.03860685026083971,1.2208558010931918
"Beta(2,2)",3000,10,Randomized Gaffke,0.021513982509722918,1.178369352234685
"Beta(2,2)",10000,10,Randomized Gaffke,0.01165560028982171,1.165560028982171
"Beta(2,2)",30000,10,Randomized Gaffke,0.006677175324160123,1.156520691249052
"Beta(2,2)",100000,10,Randomized Gaffke,0.0036579203999126397,1.1567359963317925
"Beta(2,2)",300000,10,Randomized Gaffke,0.0021081877537422744,1.1547019881807898
"Beta(2,2)",1000000,10,Randomized Gaffke,0.0011540717731819417,1.1540717731819417
"Beta(2,2)",1000,11,Randomized Gaffke,0.038059159064480985,1.203536284744031
"Beta(2,2)",3000,11,Randomized Gaffke,0.021462094560392053,1.1755273322035649
"Beta(2,2)",10000,11,Randomized Gaffke,0.0115997132375949,1.15997132375949
"Beta(2,2)",30000,11,Randomized Gaffke,0.0066849417291901525,1.157865872059469
"Beta(2,2)",100000,11,Randomized Gaffke,0.003657871562050552,1.1567205524437676
"Beta(2,2)",300000,11,Randomized Gaffke,0.0021062246444328303,1.153626748929159
"Beta(2,2)",1000000,11,Randomized Gaffke,0.0011531098276600926,1.1531098276600926
"Beta(2,2)",1000,12,Randomized Gaffke,0.037287961468390585,1.1791488754471087
"Beta(2,2)",3000,12,Randomized Gaffke,0.021461471220348083,1.175493190463257
"Beta(2,2)",10000,12,Randomized Gaffke,0.011766251198732147,1.1766251198732147
"Beta(2,2)",30000,12,Randomized Gaffke,0.006711956710927225,1.1625450041528844
"Beta(2,2)",100000,12,Randomized Gaffke,0.003656363470220192,1.1562436519333046
"Beta(2,2)",300000,12,Randomized Gaffke,0.0021047944606963354,1.1528434050353038
"Beta(2,2)",1000000,12,Randomized Gaffke,0.001152574791856542,1.152574791856542
"Beta(2,2)",1000,13,Randomized Gaffke,0.03659594435956526,1.1572653730101823
"Beta(2,2)",3000,13,Randomized Gaffke,0.02138113568377531,1.1710930319082382
"Beta(2,2)",10000,13,Randomized Gaffke,0.011604688118556583,1.1604688118556583
"Beta(2,2)",30000,13,Randomized Gaffke,0.006703613377437856,1.1610998964020767
"Beta(2,2)",100000,13,Randomized Gaffke,0.0036498271675306504,1.154176691535781
"Beta(2,2)",300000,13,Randomized Gaffke,0.0021081319143052,1.154671403661506
"Beta(2,2)",1000000,13,Randomized Gaffke,0.0011531761060286638,1.1531761060286638
"Beta(2,2)",1000,14,Randomized Gaffke,0.03690813475143806,1.167137700029568
"Beta(2,2)",3000,14,Randomized Gaffke,0.02133850190094755,1.1687578834515842
"Beta(2,2)",10000,14,Randomized Gaffke,0.011548618124493759,1.154861812449376
"Beta(2,2)",30000,14,Randomized Gaffke,0.006671431465820166,1.1555258258014236
"Beta(2,2)",100000,14,Randomized Gaffke,0.003649417159412638,1.154047035584573
"Beta(2,2)",300000,14,Randomized Gaffke,0.0021023797692982793,1.1515208240871748
"Beta(2,2)",1000000,14,Randomized Gaffke,0.001152544518610521,1.152544518610521
"Beta(2,2)",1000,15,Randomized Gaffke,0.036986980741238906,1.1696310291509788
"Beta(2,2)",3000,15,Randomized Gaffke,0.02129268693056019,1.1662484941763254
"Beta(2,2)",10000,15,Randomized Gaffke,0.011583456169635242,1.1583456169635242
"Beta(2,2)",30000,15,Randomized Gaffke,0.00666088790622088,1.1536996277095644
"Beta(2,2)",100000,15,Randomized Gaffke,0.003647166298831661,1.1533352509714354
"Beta(2,2)",300000,15,Randomized Gaffke,0.0021048075362795626,1.1528505668271898
"Beta(2,2)",1000000,15,Randomized Gaffke,0.0011523674206900814,1.1523674206900814
"Beta(2,2)",1000,16,Randomized Gaffke,0.0366522633014566,1.1590463343280553
"Beta(2,2)",3000,16,Randomized Gaffke,0.0213400980299695,1.1688453070385854
"Beta(2,2)",10000,16,Randomized Gaffke,0.011652703884851567,1.1652703884851567
"Beta(2,2)",30000,16,Randomized Gaffke,0.006701235126987948,1.1606879713408402
"Beta(2,2)",100000,16,Randomized Gaffke,0.0036544156082473633,1.1556276838931279
"Beta(2,2)",300000,16,Randomized Gaffke,0.002107665454887886,1.1544159133164822
"Beta(2,2)",1000000,16,Randomized Gaffke,0.00115383904256533,1.15383904256533
"Beta(2,2)",1000,17,Randomized Gaffke,0.036484199040554555,1.153731675750823
"Beta(2,2)",3000,17,Randomized Gaffke,0.021136974703953038,1.1577197842771159
"Beta(2,2)",10000,17,Randomized Gaffke,0.011670748579071855,1.1670748579071855
"Beta(2,2)",30000,17,Randomized Gaffke,0.006676144159410369,1.1563420882752973
"Beta(2,2)",100000,17,Randomized Gaffke,0.0036520500197069206,1.1548796191136685
"Beta(2,2)",300000,17,Randomized Gaffke,0.002106083188152419,1.1535492701334769
"Beta(2,2)",1000000,17,Randomized Gaffke,0.0011527219671164657,1.1527219671164657
"Beta(2,2)",1000,18,Randomized Gaffke,0.03742591650492688,1.183511396748573
"Beta(2,2)",3000,18,Randomized Gaffke,0.021562199754410205,1.1810103194922823
"Beta(2,2)",10000,18,Randomized Gaffke,0.011643237050198207,1.1643237050198207
"Beta(2,2)",30000,18,Randomized Gaffke,0.006690108911834913,1.1587608543467405
"Beta(2,2)",100000,18,Randomized Gaffke,0.003655963285362107,1.1561171023696386
"Beta(2,2)",300000,18,Randomized Gaffke,0.0021069647905996858,1.1540321436805967
"Beta(2,2)",1000000,18,Randomized Gaffke,0.0011528055715446794,1.1528055715446794
"Beta(2,2)",1000,19,Randomized Gaffke,0.037082190686220706,1.1726418319713967
"Beta(2,2)",3000,19,Randomized Gaffke,0.02104730170895802,1.1528081920613342
"Beta(2,2)",10000,19,Randomized Gaffke,0.011501074458406035,1.1501074458406035
"Beta(2,2)",30000,19,Randomized Gaffke,0.006659245079040144,1.1534150816950552
"Beta(2,2)",100000,19,Randomized Gaffke,0.0036572172291061134,1.1565136341985165
"Beta(2,2)",300000,19,Randomized Gaffke,0.0021092626067505393,1.155290709419419
"Beta(2,2)",1000000,19,Randomized Gaffke,0.0011525372119818855,1.1525372119818855
"Beta(2,2)",1000,20,Randomized Gaffke,0.03854023318006572,1.2187491840300195
"Beta(2,2)",3000,20,Randomized Gaffke,0.02182050328219698,1.19515818637748
"Beta(2,2)",10000,20,Randomized Gaffke,0.011705449862601636,1.1705449862601636
"Beta(2,2)",30000,20,Randomized Gaffke,0.0066876493041790885,1.158334837804083
"Beta(2,2)",100000,20,Randomized Gaffke,0.0036555201324902087,1.1559769651269542
"Beta(2,2)",300000,20,Randomized Gaffke,0.002108007835654291,1.154603442985498
"Beta(2,2)",1000,21,Randomized Gaffke,0.037602649897687745,1.1891001973459074
"Beta(2,2)",3000,21,Randomized Gaffke,0.021733516566759148,1.1903937277526218
"Beta(2,2)",10000,21,Randomized Gaffke,0.011683746817855722,1.1683746817855722
"Beta(2,2)",30000,21,Randomized Gaffke,0.006694850396361363,1.1595821035570515
"Beta(2,2)",100000,21,Randomized Gaffke,0.0036513073449585542,1.1546447647371156
"Beta(2,2)",300000,21,Randomized Gaffke,0.00210718362351181,1.1541520034028918
"Beta(2,2)",1000,22,Randomized Gaffke,0.03865369563652371,1.222337181943269
"Beta(2,2)",3000,22,Randomized Gaffke,0.021465996177962243,1.1757410325989601
"Beta(2,2)",10000,22,Randomized Gaffke,0.011572217227058146,1.1572217227058146
"Beta(2,2)",30000,22,Randomized Gaffke,0.0066857692021601856,1.1580091945820679
"Beta(2,2)",100000,22,Randomized Gaffke,0.0036550863654570276,1.1558397959470796
"Beta(2,2)",300000,22,Randomized Gaffke,0.002106782051496281,1.1539320533515236
"Beta(2,2)",1000,23,Randomized Gaffke,0.0386252234718204,1.22143681303949
"Beta(2,2)",3000,23,Randomized Gaffke,0.021400490098743674,1.172153116874787
"Beta(2,2)",10000,23,Randomized Gaffke,0.011588551437430428,1.1588551437430428
"Beta(2,2)",30000,23,Randomized Gaffke,0.0066976655184178835,1.1600696970001918
"Beta(2,2)",100000,23,Randomized Gaffke,0.003652895823869018,1.1551470858743362
"Beta(2,2)",300000,23,Randomized Gaffke,0.002107831394796311,1.1545068023475171
"Beta(2,2)",1000,24,Randomized Gaffke,0.03687037834626594,1.1659437376635273
"Beta(2,2)",3000,24,Randomized Gaffke,0.021146312154784297,1.1582312175221037
"Beta(2,2)",10000,24,Randomized Gaffke,0.011584320788184332,1.1584320788184332
"Beta(2,2)",30000,24,Randomized Gaffke,0.00667024175645603,1.1553197620949314
"Beta(2,2)",100000,24,Randomized Gaffke,0.003646277295043354,1.1530541232894786
"Beta(2,2)",300000,24,Randomized Gaffke,0.0021064083365455177,1.1537273612429138
"Beta(2,2)",1000,25,Randomized Gaffke,0.03730208228583476,1.179595414902579
"Beta(2,2)",3000,25,Randomized Gaffke,0.02126073124169703,1.1644982090132283
"Beta(2,2)",10000,25,Randomized Gaffke,0.011620380511263517,1.1620380511263517
"Beta(2,2)",30000,25,Randomized Gaffke,0.006696036745043543,1.1597875851763546
"Beta(2,2)",100000,25,Randomized Gaffke,0.0036633157293479712,1.1584421493060524
"Beta(2,2)",300000,25,Randomized Gaffke,0.0021088556923401502,1.155067833217875
"Beta(2,2)",1000,26,Randomized Gaffke,0.03818104791164867,1.2073907485282513
"Beta(2,2)",3000,26,Randomized Gaffke,0.021578031158365152,1.1818774411985924
"Beta(2,2)",10000,26,Randomized Gaffke,0.01164623884196625,1.164623884196625
"Beta(2,2)",30000,26,Randomized Gaffke,0.00672442704590176,1.1647049295292142
"Beta(2,2)",100000,26,Randomized Gaffke,0.0036577905045910852,1.1566949198244414
"Beta(2,2)",300000,26,Randomized Gaffke,0.0021074245061606933,1.1542839402633966
"Beta(2,2)",1000,27,Randomized Gaffke,0.03737434703378184,1.1818806268830864
"Beta(2,2)",3000,27,Randomized Gaffke,0.0213926234519613,1.171722242885324
"Beta(2,2)",10000,27,Randomized Gaffke,0.011633843369266872,1.1633843369266872
"Beta(2,2)",30000,27,Randomized Gaffke,0.006674230021709138,1.1560105499001756
"Beta(2,2)",100000,27,Randomized Gaffke,0.003647971129932037,1.1535897609123282
"Beta(2,2)",300000,27,Randomized Gaffke,0.002105999524110891,1.15350344545068
"Beta(2,2)",1000,28,Randomized Gaffke,0.037764659796262645,1.194223400175803
"Beta(2,2)",3000,28,Randomized Gaffke,0.02145816749521101,1.17531223798512
"Beta(2,2)",10000,28,Randomized Gaffke,0.011544504742690587,1.1544504742690587
"Beta(2,2)",30000,28,Randomized Gaffke,0.00666356458711953,1.1541632424407755
"Beta(2,2)",100000,28,Randomized Gaffke,0.003641240888486885,1.151461471695374
"Beta(2,2)",300000,28,Randomized Gaffke,0.0021059777800639945,1.1534915357457034
"Beta(2,2)",1000,29,Randomized Gaffke,0.0372688683419834,1.1785450977761065
"Beta(2,2)",3000,29,Randomized Gaffke,0.021477519214029406,1.1763721752774532
"Beta(2,2)",10000,29,Randomized Gaffke,0.011671691383462635,1.1671691383462635
"Beta(2,2)",30000,29,Randomized Gaffke,0.006723776414729932,1.164592236904555
"Beta(2,2)",100000,29,Randomized Gaffke,0.003659127307467591,1.1571176540116836
"Beta(2,2)",300000,29,Randomized Gaffke,0.002106336334870673,1.153687924301423
"Beta(2,2)",1000,30,Randomized Gaffke,0.03752175445161199,1.1865420587265603
"Beta(2,2)",3000,30,Randomized Gaffke,0.02129230832554907,1.1662277571258277
"Beta(2,2)",10000,30,Randomized Gaffke,0.011566640111497883,1.1566640111497883
"Beta(2,2)",30000,30,Randomized Gaffke,0.0066761830294341795,1.1563488207609105
"Beta(2,2)",100000,30,Randomized Gaffke,0.003658153767270911,1.1568097935701598
"Beta(2,2)",1000,31,Randomized Gaffke,0.03769466792151294,1.1920100627566599
"Beta(2,2)",3000,31,Randomized Gaffke,0.02148639314277201,1.176858220372055
"Beta(2,2)",10000,31,Randomized Gaffke,0.01169797736871847,1.169797736871847
"Beta(2,2)",30000,31,Randomized Gaffke,0.006691657366140746,1.1590290544998305
"Beta(2,2)",100000,31,Randomized Gaffke,0.00364903793643212,1.1539271147486216
"Beta(2,2)",1000,32,Randomized Gaffke,0.0371384348142092,1.1744204274659333
"Beta(2,2)",3000,32,Randomized Gaffke,0.021365852994051693,1.1702559645181405
"Beta(2,2)",10000,32,Randomized Gaffke,0.011558626652131643,1.1558626652131643
"Beta(2,2)",30000,32,Randomized Gaffke,0.006688340672112547,1.1584545862428304
"Beta(2,2)",100000,32,Randomized Gaffke,0.0036620296076652625,1.1580354419195036
"Beta(2,2)",1000,33,Randomized Gaffke,0.0369986408393555,1.1699997538288736
"Beta(2,2)",3000,33,Randomized Gaffke,0.021122002425067676,1.1568997187888388
"Beta(2,2)",10000,33,Randomized Gaffke,0.011480365217173938,1.1480365217173938
"Beta(2,2)",30000,33,Randomized Gaffke,0.006645036260440773,1.1509540421220914
"Beta(2,2)",100000,33,Randomized Gaffke,0.0036411041824455648,1.1514182414493261
"Beta(2,2)",1000,34,Randomized Gaffke,0.03799200206500797,1.2014125939524563
"Beta(2,2)",3000,34,Randomized Gaffke,0.02128241205307274,1.1656857159587775
"Beta(2,2)",10000,34,Randomized Gaffke,0.011567622884986417,1.1567622884986417
"Beta(2,2)",30000,34,Randomized Gaffke,0.006680210621588245,1.157046420185211
"Beta(2,2)",100000,34,Randomized Gaffke,0.00365831830304858,1.156861824351562
"Beta(2,2)",1000,35,Randomized Gaffke,0.037058727393070534,1.1718998574937691
"Beta(2,2)",3000,35,Randomized Gaffke,0.021253863111508453,1.1641220260300118
"Beta(2,2)",10000,35,Randomized Gaffke,0.011574500762047413,1.1574500762047413
"Beta(2,2)",30000,35,Randomized Gaffke,0.0066658140254471365,1.1545528565879661
"Beta(2,2)",100000,35,Randomized Gaffke,0.0036456904378626143,1.1528685427542422
"Beta(2,2)",1000,36,Randomized Gaffke,0.037718239495530825,1.1927554613759777
"Beta(2,2)",3000,36,Randomized Gaffke,0.021394295793341067,1.1718138407950787
"Beta(2,2)",10000,36,Randomized Gaffke,0.011592589670580744,1.1592589670580744
"Beta(2,2)",30000,36,Randomized Gaffke,0.006677475418023826,1.1565726690309495
"Beta(2,2)",100000,36,Randomized Gaffke,0.003654007316786223,1.1554985707964875
"Beta(2,2)",1000,37,Randomized Gaffke,0.037761156162959664,1.1941126055625686
"Beta(2,2)",3000,37,Randomized Gaffke,0.021201956252368204,1.161278970265976
"Beta(2,2)",10000,37,Randomized Gaffke,0.011574636906959368,1.1574636906959368
"Beta(2,2)",30000,37,Randomized Gaffke,0.006678524436389999,1.1567543643417777
"Beta(2,2)",100000,37,Randomized Gaffke,0.0036552078381557607,1.155878208987232
"Beta(2,2)",1000,38,Randomized Gaffke,0.03715589271407749,1.1749724947334028
"Beta(2,2)",3000,38,Randomized Gaffke,0.021355415423644608,1.1696842752423895
"Beta(2,2)",10000,38,Randomized Gaffke,0.011598919687186127,1.1598919687186127
"Beta(2,2)",30000,38,Randomized Gaffke,0.00666531004832277,1.1544655651894407
"Beta(2,2)",100000,38,Randomized Gaffke,0.003657015454231416,1.1564498273806525
"Beta(2,2)",1000,39,Randomized Gaffke,0.036821674774675295,1.1644035954994123
"Beta(2,2)",3000,39,Randomized Gaffke,0.021105143483987787,1.1559763165563284
"Beta(2,2)",10000,39,Randomized Gaffke,0.011530428037072049,1.153042803707205
"Beta(2,2)",30000,39,Randomized Gaffke,0.006671177801373163,1.1554818898303953
"Beta(2,2)",100000,39,Randomized Gaffke,0.003650353017158714,1.1543429797889242
"Beta(2,2)",1000,40,Randomized Gaffke,0.037989573965914736,1.2013358107172643
"Beta(2,2)",3000,40,Randomized Gaffke,0.021784141018574066,1.1931665431746583
"Beta(2,2)",10000,40,Randomized Gaffke,0.011677098641208639,1.1677098641208639
"Beta(2,2)",1000,41,Randomized Gaffke,0.03809403233147396,1.2046390742755206
"Beta(2,2)",3000,41,Randomized Gaffke,0.021592615375814583,1.1826762516866538
"Beta(2,2)",10000,41,Randomized Gaffke,0.011644335817686202,1.1644335817686202
"Beta(2,2)",1000,42,Randomized Gaffke,0.03717716868707799,1.1756453000745812
"Beta(2,2)",3000,42,Randomized Gaffke,0.021252050074016704,1.1640227218768284
"Beta(2,2)",10000,42,Randomized Gaffke,0.011522453075216321,1.1522453075216321
"Beta(2,2)",1000,43,Randomized Gaffke,0.037418828006613614,1.183287238749971
"Beta(2,2)",3000,43,Randomized Gaffke,0.021359564038396228,1.1699115042305757
"Beta(2,2)",10000,43,Randomized Gaffke,0.011608543489207757,1.1608543489207757
"Beta(2,2)",1000,44,Randomized Gaffke,0.037437014516471134,1.1838623466883598
"Beta(2,2)",3000,44,Randomized Gaffke,0.021513478839492728,1.178341765080023
"Beta(2,2)",10000,44,Randomized Gaffke,0.011658459627775897,1.1658459627775897
"Beta(2,2)",1000,45,Randomized Gaffke,0.03681719355664531,1.1642618869427466
"Beta(2,2)",3000,45,Randomized Gaffke,0.02140508273266417,1.1724046657944491
"Beta(2,2)",10000,45,Randomized Gaffke,0.01164365192358191,1.164365192358191
"Beta(2,2)",1000,46,Randomized Gaffke,0.03828026084322517,1.2105281368994931
"Beta(2,2)",3000,46,Randomized Gaffke,0.021648311655327823,1.1857268625525053
"Beta(2,2)",10000,46,Randomized Gaffke,0.011692042527553181,1.1692042527553181
"Beta(2,2)",1000,47,Randomized Gaffke,0.036776055523449314,1.162960988109157
"Beta(2,2)",3000,47,Randomized Gaffke,0.021376266373024533,1.1708263287744678
"Beta(2,2)",10000,47,Randomized Gaffke,0.011647359487581277,1.1647359487581277
"Beta(2,2)",1000,48,Randomized Gaffke,0.037098772527297874,1.1731661958274247
"Beta(2,2)",3000,48,Randomized Gaffke,0.021365037170112233,1.170211280000681
"Beta(2,2)",10000,48,Randomized Gaffke,0.011629020766751819,1.1629020766751819
"Beta(2,2)",1000,49,Randomized Gaffke,0.03727068339343348,1.178602494742633
"Beta(2,2)",3000,49,Randomized Gaffke,0.02145708460845186,1.175252925834599
"Beta(2,2)",10000,49,Randomized Gaffke,0.011619497933245904,1.1619497933245904
Bernoulli(0.5),1000,0,Randomized Gaffke,0.08229229674556238,2.6023109160243894
Bernoulli(0.5),3000,0,Randomized Gaffke,0.04732712517295967,2.59221340391006
Bernoulli(0.5),10000,0,Randomized Gaffke,0.02585325553275608,2.585325553275608
Bernoulli(0.5),30000,0,Randomized Gaffke,0.014903939027559765,2.5814379628642197
Bernoulli(0.5),100000,0,Randomized Gaffke,0.008155260356675187,2.5789197638770753
Bernoulli(0.5),300000,0,Randomized Gaffke,0.004706088042855994,2.577630578677567
Bernoulli(0.5),1000000,0,Randomized Gaffke,0.0025768227493419005,2.5768227493419005
Bernoulli(0.5),1000,1,Randomized Gaffke,0.0822845063268664,2.6020645613543327
Bernoulli(0.5),3000,1,Randomized Gaffke,0.047315015326910514,2.5915501203251563
Bernoulli(0.5),10000,1,Randomized Gaffke,0.025850115568034626,2.5850115568034626
Bernoulli(0.5),30000,1,Randomized Gaffke,0.014903665687645118,2.5813906190022293
Bernoulli(0.5),100000,1,Randomized Gaffke,0.008155327603557694,2.578941029208502
Bernoulli(0.5),300000,1,Randomized Gaffke,0.004706102657002886,2.5776385831754784
Bernoulli(0.5),1000000,1,Randomized Gaffke,0.0025768230370507017,2.5768230370507017
Bernoulli(0.5),1000,2,Randomized Gaffke,0.08227866302285058,2.6018797798568247
Bernoulli(0.5),3000,2,Randomized Gaffke,0.04732270961648177,2.5919715539213715
Bernoulli(0.5),10000,2,Randomized Gaffke,0.02585177186087495,2.585177186087495
Bernoulli(0.5),30000,2,Randomized Gaffke,0.014903050555329811,2.58128407495988
Bernoulli(0.5),100000,2,Randomized Gaffke,0.008155324202129943,2.5789399535826036
Bernoulli(0.5),300000,2,Randomized Gaffke,0.004706087087261113,2.577630055276695
Bernoulli(0.5),1000000,2,Randomized Gaffke,0.0025768243492768628,2.5768243492768628
Bernoulli(0.5),1000,3,Randomized Gaffke,0.08227152063632537,2.6016539177633353
Bernoulli(0.5),3000,3,Randomized Gaffke,0.04732149865852192,2.5919052270222913
Bernoulli(0.5),10000,3,Randomized Gaffke,0.02585322875429097,2.585322875429097
Bernoulli(0.5),30000,3,Randomized Gaffke,0.014903694931819367,2.5813956842417918
Bernoulli(0.5),100000,3,Randomized Gaffke,0.008155272085822174,2.5789234729590245
Bernoulli(0.5),300000,3,Randomized Gaffke,0.004706074697566287,2.577623269161358
Bernoulli(0.5),1000000,3,Randomized Gaffke,0.002576820589798523,2.576820589798523
Bernoulli(0.5),1000,4,Randomized Gaffke,0.0822845063268664,2.6020645613543327
Bernoulli(0.5),3000,4,Randomized Gaffke,0.047330047771748374,2.5923734812383707
Bernoulli(0.5),10000,4,Randomized Gaffke,0.025853316814135996,2.5853316814135994
Bernoulli(0.5),30000,4,Randomized Gaffke,0.01490384296924202,2.5814213250755373
Bernoulli(0.5),100000,4,Randomized Gaffke,0.00815533128029089,2.578942191893627
Bernoulli(0.5),300000,4,Randomized Gaffke,0.004706102387379174,2.5776384354964894
Bernoulli(0.5),1000000,4,Randomized Gaffke,0.002576824049889126,2.576824049889126
Bernoulli(0.5),1000,5,Randomized Gaffke,0.0822630788247738,2.601386964242526
Bernoulli(0.5),3000,5,Randomized Gaffke,0.04733022520939534,2.59238319989855
Bernoulli(0.5),10000,5,Randomized Gaffke,0.025853321448857047,2.5853321448857045
Bernoulli(0.5),30000,5,Randomized Gaffke,0.014903938498861569,2.581437871291006
Bernoulli(0.5),100000,5,Randomized Gaffke,0.008155323302901585,2.5789396692216284
Bernoulli(0.5),300000,5,Randomized Gaffke,0.004706102411215551,2.577638448552211
Bernoulli(0.5),1000000,5,Randomized Gaffke,0.0025768242568819932,2.5768242568819932
Bernoulli(0.5),1000,6,Randomized Gaffke,0.08229424423359932,2.602372501003516
Bernoulli(0.5),3000,6,Randomized Gaffke,0.04733085145455512,2.5924175007586046
Bernoulli(0.5),10000,6,Randomized Gaffke,0.02585332762848297,2.5853327628482967
Bernoulli(0.5),30000,6,Randomized Gaffke,0.014903929775323677,2.581436360329921
Bernoulli(0.5),100000,6,Randomized Gaffke,0.00815533004874025,2.5789418024431194
Bernoulli(0.5),300000,6,Randomized Gaffke,0.00470610060190535,2.5776374575522
Bernoulli(0.5),1000000,6,Randomized Gaffke,0.0025768243790374457,2.5768243790374457
Bernoulli(0.5),1000,7,Randomized Gaffke,0.08229489338590978,2.6023930290020103
Bernoulli(0.5),3000,7,Randomized Gaffke,0.04732488091123199,2.5920904806327405
Bernoulli(0.5),10000,7,Randomized Gaffke,0.02585273437763841,2.585273437763841
Bernoulli(0.5),30000,7,Randomized Gaffke,0.014903803977386887,2.58141457148812
Bernoulli(0.5),100000,7,Randomized Gaffke,0.008155283321350126,2.578927025944929
Bernoulli(0.5),300000,7,Randomized Gaffke,0.0047061014744159135,2.5776379354459173
Bernoulli(0.5),1000000,7,Randomized Gaffke,0.002576824356288143,2.576824356288143
Bernoulli(0.5),1000,8,Randomized Gaffke,0.08225837051049784,2.601238074272007
Bernoulli(0.5),3000,8,Randomized Gaffke,0.04733051745817496,2.5923992070234503
Bernoulli(0.5),10000,8,Randomized Gaffke,0.02585310258615281,2.585310258615281
Bernoulli(0.5),30000,8,Randomized Gaffke,0.014903050555329811,2.58128407495988
Bernoulli(0.5),100000,8,Randomized Gaffke,0.008155086269712064,2.5788647127456343
Bernoulli(0.5),300000,8,Randomized Gaffke,0.00470606914150451,2.5776202259809917
Bernoulli(0.5),1000000,8,Randomized Gaffke,0.002576824167856484,2.576824167856484
Bernoulli(0.5),1000,9,Randomized Gaffke,0.08223628649968046,2.60053971653146
Bernoulli(0.5),3000,9,Randomized Gaffke,0.04732270961648177,2.5919715539213715
Bernoulli(0.5),10000,9,Randomized Gaffke,0.025852192097339355,2.5852192097339355
Bernoulli(0.5),30000,9,Randomized Gaffke,0.014903772750781752,2.581409162881456
Bernoulli(0.5),100000,9,Randomized Gaffke,0.008155285536854628,2.5789277265489683
Bernoulli(0.5),300000,9,Randomized Gaffke,0.004706100260481738,2.577637270546786
Bernoulli(0.5),1000000,9,Randomized Gaffke,0.002576818810228587,2.576818810228587
Bernoulli(0.5),1000,10,Randomized Gaffke,0.08224229524407922,2.6007297297132386
Bernoulli(0.5),3000,10,Randomized Gaffke,0.047328544743602985,2.5922911569963913
Bernoulli(0.5),10000,10,Randomized Gaffke,0.025852143173103193,2.585214317310319
Bernoulli(0.5),30000,10,Randomized Gaffke,0.014903486983010805,2.5813596664516116
Bernoulli(0.5),100000,10,Randomized Gaffke,0.00815528770022289,2.578928410666081
Bernoulli(0.5),300000,10,Randomized Gaffke,0.004706066852094182,2.577618972019312
Bernoulli(0.5),1000000,10,Randomized Gaffke,0.002576823960868835,2.576823960868835
Bernoulli(0.5),1000,11,Randomized Gaffke,0.0822890508284741,2.602208271113439
Bernoulli(0.5),3000,11,Randomized Gaffke,0.04732383703204773,2.5920333050150877
Bernoulli(0.5),10000,11,Randomized Gaffke,0.025852042234387418,2.585204223438742
Bernoulli(0.5),30000,11,Randomized Gaffke,0.014903846504939255,2.5814219374762626
Bernoulli(0.5),100000,11,Randomized Gaffke,0.008155325049224948,2.5789402214575645
Bernoulli(0.5),300000,11,Randomized Gaffke,0.0047060979976262796,2.577636031129807
Bernoulli(0.5),1000000,11,Randomized Gaffke,0.002576824209734152,2.576824209734152
Bernoulli(0.5),1000,12,Randomized Gaffke,0.08229424423359932,2.602372501003516
Bernoulli(0.5),3000,12,Randomized Gaffke,0.047330851454555234,2.5924175007586103
Bernoulli(0.5),10000,12,Randomized Gaffke,0.025853321448857047,2.5853321448857045
Bernoulli(0.5),30000,12,Randomized Gaffke,0.014903738285789725,2.5814031933697286
Bernoulli(0.5),100000,12,Randomized Gaffke,0.008155315224506243,2.5789371146087166
Bernoulli(0.5),300000,12,Randomized Gaffke,0.004706096868972276,2.5776354129405497
Bernoulli(0.5),1000000,12,Randomized Gaffke,0.002576824003910738,2.576824003910738
Bernoulli(0.5),1000,13,Randomized Gaffke,0.08220899796014619,2.5996767771419815
Bernoulli(0.5),3000,13,Randomized Gaffke,0.04730582646459819,2.591046825608529
Bernoulli(0.5),10000,13,Randomized Gaffke,0.02585065995215713,2.5850659952157127
Bernoulli(0.5),30000,13,Randomized Gaffke,0.014903694931819367,2.5813956842417918
Bernoulli(0.5),100000,13,Randomized Gaffke,0.008155330237710368,2.5789418622007174
Bernoulli(0.5),300000,13,Randomized Gaffke,0.0047061019111484526,2.5776381746541808
Bernoulli(0.5),1000000,13,Randomized Gaffke,0.002576824044634496,2.576824044634496
Bernoulli(0.5),1000,14,Randomized Gaffke,0.08229473109831781,2.602387897017744
Bernoulli(0.5),3000,14,Randomized Gaffke,0.047306839415976576,2.591102307240489
Bernoulli(0.5),10000,14,Randomized Gaffke,0.02585332968835785,2.585332968835785
Bernoulli(0.5),30000,14,Randomized Gaffke,0.014903431236507836,2.5813500108740626
Bernoulli(0.5),100000,14,Randomized Gaffke,0.008155299585722753,2.5789321691911504
Bernoulli(0.5),300000,14,Randomized Gaffke,0.004706099200801783,2.5776366901361714
Bernoulli(0.5),1000000,14,Randomized Gaffke,0.002576823804109729,2.576823804109729
Bernoulli(0.5),1000,15,Randomized Gaffke,0.08220899796014619,2.5996767771419815
Bernoulli(0.5),3000,15,Randomized Gaffke,0.04733063226969825,2.592405495509567
Bernoulli(0.5),10000,15,Randomized Gaffke,0.025852834798664515,2.5852834798664515
Bernoulli(0.5),30000,15,Randomized Gaffke,0.014903916987402066,2.581434145396926
Bernoulli(0.5),100000,15,Randomized Gaffke,0.00815532963170712,2.5789416705656643
Bernoulli(0.5),300000,15,Randomized Gaffke,0.004706102595872064,2.577638549692748
Bernoulli(0.5),1000000,15,Randomized Gaffke,0.0025768235077973656,2.5768235077973656
Bernoulli(0.5),1000,16,Randomized Gaffke,0.08229424423359932,2.602372501003516
Bernoulli(0.5),3000,16,Randomized Gaffke,0.04732149865852192,2.5919052270222913
Bernoulli(0.5),10000,16,Randomized Gaffke,0.025853296730339814,2.585329673033981
Bernoulli(0.5),30000,16,Randomized Gaffke,0.01490364734804872,2.5813874424909544
Bernoulli(0.5),100000,16,Randomized Gaffke,0.008155206519675717,2.5789027391230044
Bernoulli(0.5),300000,16,Randomized Gaffke,0.004706099962327959,2.5776371072412356
Bernoulli(0.5),1000000,16,Randomized Gaffke,0.002576823545584639,2.576823545584639
Bernoulli(0.5),1000,17,Randomized Gaffke,0.08227525423484588,2.60177198451527
Bernoulli(0.5),3000,17,Randomized Gaffke,0.04732211458069413,2.59193896246903
Bernoulli(0.5),10000,17,Randomized Gaffke,0.025847759184273456,2.5847759184273453
Bernoulli(0.5),30000,17,Randomized Gaffke,0.014902938860563264,2.5812647288588204
Bernoulli(0.5),100000,17,Randomized Gaffke,0.008155282194054925,2.5789266694628856
Bernoulli(0.5),300000,17,Randomized Gaffke,0.004706097353882166,2.5776356785366348
Bernoulli(0.5),1000000,17,Randomized Gaffke,0.0025768221177505657,2.5768221177505657
Bernoulli(0.5),1000,18,Randomized Gaffke,0.08202162896909376,2.593751649395848
Bernoulli(0.5),3000,18,Randomized Gaffke,0.047249996816726925,2.587988909856863
Bernoulli(0.5),10000,18,Randomized Gaffke,0.025851990219894316,2.585199021989432
Bernoulli(0.5),30000,18,Randomized Gaffke,0.014903939192778104,2.5814379914808754
Bernoulli(0.5),100000,18,Randomized Gaffke,0.008155272085822285,2.5789234729590595
Bernoulli(0.5),300000,18,Randomized Gaffke,0.004706095063953752,2.5776344242911877
Bernoulli(0.5),1000000,18,Randomized Gaffke,0.0025768189380718787,2.5768189380718787
Bernoulli(0.5),1000,19,Randomized Gaffke,0.08229424423359932,2.602372501003516
Bernoulli(0.5),3000,19,Randomized Gaffke,0.047330851454555234,2.5924175007586103
Bernoulli(0.5),10000,19,Randomized Gaffke,0.02585147573424984,2.585147573424984
Bernoulli(0.5),30000,19,Randomized Gaffke,0.01490358192011465,2.58137611004035
Bernoulli(0.5),100000,19,Randomized Gaffke,0.00815532760355775,2.57894102920852
Bernoulli(0.5),300000,19,Randomized Gaffke,0.004706093270643696,2.5776334420548173
Bernoulli(0.5),1000000,19,Randomized Gaffke,0.0025768223505224785,2.5768223505224785
Bernoulli(0.5),1000,20,Randomized Gaffke,0.08228694091290889,2.602141549724872
Bernoulli(0.5),3000,20,Randomized Gaffke,0.04731736446345125,2.5916787878325582
Bernoulli(0.5),10000,20,Randomized Gaffke,0.025851883100607154,2.5851883100607154
Bernoulli(0.5),30000,20,Randomized Gaffke,0.01490343939857669,2.5813514245858578
Bernoulli(0.5),100000,20,Randomized Gaffke,0.008155136490966663,2.578880594100783
Bernoulli(0.5),300000,20,Randomized Gaffke,0.004706083415857321,2.57762804436602
Bernoulli(0.5),1000,21,Randomized Gaffke,0.08226746218252406,2.601525578185428
Bernoulli(0.5),3000,21,Randomized Gaffke,0.047330517458175014,2.5923992070234534
Bernoulli(0.5),10000,21,Randomized Gaffke,0.02585228685559393,2.585228685559393
Bernoulli(0.5),30000,21,Randomized Gaffke,0.014903524819139535,2.581366219861344
Bernoulli(0.5),100000,21,Randomized Gaffke,0.008155207420547927,2.578903024003811
Bernoulli(0.5),300000,21,Randomized Gaffke,0.004706102657002886,2.5776385831754784
Bernoulli(0.5),1000,22,Randomized Gaffke,0.08223628649968046,2.60053971653146
Bernoulli(0.5),3000,22,Randomized Gaffke,0.047330726206190776,2.59241064062316
Bernoulli(0.5),10000,22,Randomized Gaffke,0.02585332762848297,2.5853327628482967
Bernoulli(0.5),30000,22,Randomized Gaffke,0.01490364734804872,2.5813874424909544
Bernoulli(0.5),100000,22,Randomized Gaffke,0.008155254096238074,2.578917784153033
Bernoulli(0.5),300000,22,Randomized Gaffke,0.004706088042856105,2.5776305786776277
Bernoulli(0.5),1000,23,Randomized Gaffke,0.08222995247714948,2.600339417151973
Bernoulli(0.5),3000,23,Randomized Gaffke,0.04732149865852192,2.5919052270222913
Bernoulli(0.5),10000,23,Randomized Gaffke,0.025853162837951804,2.5853162837951804
Bernoulli(0.5),30000,23,Randomized Gaffke,0.01490393813537999,2.58143780833415
Bernoulli(0.5),100000,23,Randomized Gaffke,0.008155286625056046,2.5789280706684714
Bernoulli(0.5),300000,23,Randomized Gaffke,0.0047060930173269955,2.5776333033075463
Bernoulli(0.5),1000,24,Randomized Gaffke,0.08226746218252406,2.601525578185428
Bernoulli(0.5),3000,24,Randomized Gaffke,0.047330517458175014,2.5923992070234534
Bernoulli(0.5),10000,24,Randomized Gaffke,0.02585328797585884,2.585328797585884
Bernoulli(0.5),30000,24,Randomized Gaffke,0.014903768025482489,2.5814083444356157
Bernoulli(0.5),100000,24,Randomized Gaffke,0.008155328908415305,2.5789414418407097
Bernoulli(0.5),300000,24,Randomized Gaffke,0.004706072938521988,2.5776223056931156
Bernoulli(0.5),1000,25,Randomized Gaffke,0.08229424423359932,2.602372501003516
Bernoulli(0.5),3000,25,Randomized Gaffke,0.04732787671567762,2.5922545676000146
Bernoulli(0.5),10000,25,Randomized Gaffke,0.025853242658497866,2.5853242658497866
Bernoulli(0.5),30000,25,Randomized Gaffke,0.014903831965621006,2.581419419192471
Bernoulli(0.5),100000,25,Randomized Gaffke,0.008155330048740306,2.578941802443137
Bernoulli(0.5),300000,25,Randomized Gaffke,0.004706099501772643,2.5776368549847
Bernoulli(0.5),1000,26,Randomized Gaffke,0.0822817470412025,2.601977305080203
Bernoulli(0.5),3000,26,Randomized Gaffke,0.04732984945829244,2.5923626191630436
Bernoulli(0.5),10000,26,Randomized Gaffke,0.025853143783979626,2.5853143783979626
Bernoulli(0.5),30000,26,Randomized Gaffke,0.014903898846378494,2.581431003279473
Bernoulli(0.5),100000,26,Randomized Gaffke,0.008155314232417943,2.5789368008828495
Bernoulli(0.5),300000,26,Randomized Gaffke,0.004706098347101673,2.577636222545363
Bernoulli(0.5),1000,27,Randomized Gaffke,0.08227152063632537,2.6016539177633353
Bernoulli(0.5),3000,27,Randomized Gaffke,0.04731736446345125,2.5916787878325582
Bernoulli(0.5),10000,27,Randomized Gaffke,0.02585331681413594,2.585331681413594
Bernoulli(0.5),30000,27,Randomized Gaffke,0.014903932848388257,2.58143689260032
Bernoulli(0.5),100000,27,Randomized Gaffke,0.00815532928472451,2.578941560840129
Bernoulli(0.5),300000,27,Randomized Gaffke,0.004706097953007193,2.577636006690927
Bernoulli(0.5),1000,28,Randomized Gaffke,0.0822630788247738,2.601386964242526
Bernoulli(0.5),3000,28,Randomized Gaffke,0.047330381771467256,2.5923917751563943
Bernoulli(0.5),10000,28,Randomized Gaffke,0.02585332762848286,2.585332762848286
Bernoulli(0.5),30000,28,Randomized Gaffke,0.014903772750781641,2.5814091628814366
Bernoulli(0.5),100000,28,Randomized Gaffke,0.008155278733958493,2.578925575284321
Bernoulli(0.5),300000,28,Randomized Gaffke,0.004706102603496298,2.5776385538687134
Bernoulli(0.5),1000,29,Randomized Gaffke,0.08228694091290889,2.602141549724872
Bernoulli(0.5),3000,29,Randomized Gaffke,0.04732584125960204,2.5921430810792745
Bernoulli(0.5),10000,29,Randomized Gaffke,0.025850585273841875,2.5850585273841875
Bernoulli(0.5),30000,29,Randomized Gaffke,0.014903397927292672,2.58134424154876
Bernoulli(0.5),100000,29,Randomized Gaffke,0.008155260356675353,2.578919763877128
Bernoulli(0.5),300000,29,Randomized Gaffke,0.004706088816193388,2.577631002251902
Bernoulli(0.5),1000,30,Randomized Gaffke,0.08229229674556227,2.602310916024386
Bernoulli(0.5),3000,30,Randomized Gaffke,0.0473253715264384,2.592117352734301
Bernoulli(0.5),10000,30,Randomized Gaffke,0.025853325053637355,2.5853325053637355
Bernoulli(0.5),30000,30,Randomized Gaffke,0.01490393813537999,2.58143780833415
Bernoulli(0.5),100000,30,Randomized Gaffke,0.00815525122910643,2.5789168774863986
Bernoulli(0.5),1000,31,Randomized Gaffke,0.0822479787825095,2.6009094589793267
Bernoulli(0.5),3000,31,Randomized Gaffke,0.0473253715264384,2.592117352734301
Bernoulli(0.5),10000,31,Randomized Gaffke,0.025852981567151934,2.5852981567151936
Bernoulli(0.5),30000,31,Randomized Gaffke,0.01490367166866069,2.581391654944514
Bernoulli(0.5),100000,31,Randomized Gaffke,0.008155217976849705,2.578906362199539
Bernoulli(0.5),1000,32,Randomized Gaffke,0.08225837051049784,2.601238074272007
Bernoulli(0.5),3000,32,Randomized Gaffke,0.04730479260509979,2.5909901987916726
Bernoulli(0.5),10000,32,Randomized Gaffke,0.025853197856029075,2.5853197856029073
Bernoulli(0.5),30000,32,Randomized Gaffke,0.014903918672631855,2.5814344372872875
Bernoulli(0.5),100000,32,Randomized Gaffke,0.008155324632195649,2.578940089581321
Bernoulli(0.5),1000,33,Randomized Gaffke,0.08222329310039161,2.6001288291684523
Bernoulli(0.5),3000,33,Randomized Gaffke,0.04732939020286098,2.592337464707097
Bernoulli(0.5),10000,33,Randomized Gaffke,0.02585258606279628,2.585258606279628
Bernoulli(0.5),30000,33,Randomized Gaffke,0.014903758376610898,2.5814066732020327
Bernoulli(0.5),100000,33,Randomized Gaffke,0.008155302263864683,2.57893301609399
Bernoulli(0.5),1000,34,Randomized Gaffke,0.0822845063268664,2.6020645613543327
Bernoulli(0.5),3000,34,Randomized Gaffke,0.047330726206190665,2.592410640623154
Bernoulli(0.5),10000,34,Randomized Gaffke,0.025853321448857047,2.5853321448857045
Bernoulli(0.5),30000,34,Randomized Gaffke,0.014903471385907752,2.5813569649541175
Bernoulli(0.5),100000,34,Randomized Gaffke,0.008155324842339329,2.5789401560345873
Bernoulli(0.5),1000,35,Randomized Gaffke,0.08229424423359932,2.602372501003516
Bernoulli(0.5),3000,35,Randomized Gaffke,0.04733063226969825,2.592405495509567
Bernoulli(0.5),10000,35,Randomized Gaffke,0.02585273437763841,2.585273437763841
Bernoulli(0.5),30000,35,Randomized Gaffke,0.014903939027559765,2.5814379628642197
Bernoulli(0.5),100000,35,Randomized Gaffke,0.008155309214981477,2.5789352142301247
Bernoulli(0.5),1000,36,Randomized Gaffke,0.08226307882477374,2.6013869642425242
Bernoulli(0.5),3000,36,Randomized Gaffke,0.04732086184914297,2.591870347536123
Bernoulli(0.5),10000,36,Randomized Gaffke,0.025852866212341896,2.5852866212341894
Bernoulli(0.5),30000,36,Randomized Gaffke,0.014903175863960505,2.5813057790513794
Bernoulli(0.5),100000,36,Randomized Gaffke,0.00815526171204628,2.5789201924830483
Bernoulli(0.5),1000,37,Randomized Gaffke,0.08228905082847415,2.6022082711134407
Bernoulli(0.5),3000,37,Randomized Gaffke,0.04733063226969819,2.592405495509564
Bernoulli(0.5),10000,37,Randomized Gaffke,0.02585280235499171,2.5852802354991713
Bernoulli(0.5),30000,37,Randomized Gaffke,0.014903909585602892,2.581432863367702
Bernoulli(0.5),100000,37,Randomized Gaffke,0.008155327442283034,2.5789409782089767
Bernoulli(0.5),1000,38,Randomized Gaffke,0.08225333718320982,2.601078906487615
Bernoulli(0.5),3000,38,Randomized Gaffke,0.047314190491107466,2.5915049422075995
Bernoulli(0.5),10000,38,Randomized Gaffke,0.025852662280254235,2.5852662280254233
Bernoulli(0.5),30000,38,Randomized Gaffke,0.01490364734804872,2.5813874424909544
Bernoulli(0.5),100000,38,Randomized Gaffke,0.008155330726417054,2.5789420167433414
Bernoulli(0.5),1000,39,Randomized Gaffke,0.08228905082847415,2.6022082711134407
Bernoulli(0.5),3000,39,Randomized Gaffke,0.04731736446345125,2.5916787878325582
Bernoulli(0.5),10000,39,Randomized Gaffke,0.025852192097339355,2.5852192097339355
Bernoulli(0.5),30000,39,Randomized Gaffke,0.014903406353737936,2.5813457010518928
Bernoulli(0.5),100000,39,Randomized Gaffke,0.008155331500212692,2.5789422614390074
Bernoulli(0.5),1000,40,Randomized Gaffke,0.08228694091290878,2.6021415497248683
Bernoulli(0.5),3000,40,Randomized Gaffke,0.04733022520939534,2.59238319989855
Bernoulli(0.5),10000,40,Randomized Gaffke,0.025853007830898944,2.5853007830898944
Bernoulli(0.5),1000,41,Randomized Gaffke,0.08229424423359932,2.602372501003516
Bernoulli(0.5),3000,41,Randomized Gaffke,0.04731068216692108,2.591312783378007
Bernoulli(0.5),10000,41,Randomized Gaffke,0.02585177186087495,2.585177186087495
Bernoulli(0.5),1000,42,Randomized Gaffke,0.0822934327859211,2.602346840774864
Bernoulli(0.5),3000,42,Randomized Gaffke,0.047322114580694186,2.591938962469033
Bernoulli(0.5),10000,42,Randomized Gaffke,0.025852421267520742,2.585242126752074
Bernoulli(0.5),1000,43,Randomized Gaffke,0.08229473109831781,2.602387897017744
Bernoulli(0.5),3000,43,Randomized Gaffke,0.04731159059742712,2.5913625401660156
Bernoulli(0.5),10000,43,Randomized Gaffke,0.02585246401139718,2.585246401139718
Bernoulli(0.5),1000,44,Randomized Gaffke,0.08224229524407922,2.6007297297132386
Bernoulli(0.5),3000,44,Randomized Gaffke,0.04733089320393474,2.5924197874663024
Bernoulli(0.5),10000,44,Randomized Gaffke,0.02585209321878862,2.585209321878862
Bernoulli(0.5),1000,45,Randomized Gaffke,0.08222329310039161,2.6001288291684523
Bernoulli(0.5),3000,45,Randomized Gaffke,0.04732488091123199,2.5920904806327405
Bernoulli(0.5),10000,45,Randomized Gaffke,0.025851350072529644,2.5851350072529646
Bernoulli(0.5),1000,46,Randomized Gaffke,0.08229343278592116,2.6023468407748656
Bernoulli(0.5),3000,46,Randomized Gaffke,0.047329630268760525,2.5923506136579437
Bernoulli(0.5),10000,46,Randomized Gaffke,0.02585233268962539,2.585233268962539
Bernoulli(0.5),1000,47,Randomized Gaffke,0.08227152063632537,2.6016539177633353
Bernoulli(0.5),3000,47,Randomized Gaffke,0.04732884744064669,2.5923077363962843
Bernoulli(0.5),10000,47,Randomized Gaffke,0.025853296730339814,2.585329673033981
Bernoulli(0.5),1000,48,Randomized Gaffke,0.0822013620247804,2.5994353076637644
Bernoulli(0.5),3000,48,Randomized Gaffke,0.047315819266857684,2.5915941539295506
Bernoulli(0.5),10000,48,Randomized Gaffke,0.025853287975858785,2.5853287975858787
Bernoulli(0.5),1000,49,Randomized Gaffke,0.08229424423359932,2.602372501003516
Bernoulli(0.5),3000,49,Randomized Gaffke,0.04733079926777706,2.5924146423710495
Bernoulli(0.5),10000,49,Randomized Gaffke,0.025848681676257423,2.5848681676257423
"Uniform(0.45,0.55)",1000,0,Randomized Gaffke,0.006900888552460238,0.21822525704756715
"Uniform(0.45,0.55)",3000,0,Randomized Gaffke,0.0032512440955221877,0.17807797310729834
"Uniform(0.45,0.55)",10000,0,Randomized Gaffke,0.0016105319292679665,0.16105319292679665
"Uniform(0.45,0.55)",30000,0,Randomized Gaffke,0.0008991187005465417,0.15573192713819173
"Uniform(0.45,0.55)",100000,0,Randomized Gaffke,0.0004819022913832849,0.15239088504253148
"Uniform(0.45,0.55)",300000,0,Randomized Gaffke,0.0002749731952259027,0.15060902173449878
"Uniform(0.45,0.55)",1000000,0,Randomized Gaffke,0.0001496501862804367,0.1496501862804367
"Uniform(0.45,0.55)",1000,1,Randomized Gaffke,0.00688402461475518,0.21769197251289538
"Uniform(0.45,0.55)",3000,1,Randomized Gaffke,0.003263315975713832,0.17873917721654467
"Uniform(0.45,0.55)",10000,1,Randomized Gaffke,0.0016102625795326175,0.16102625795326175
"Uniform(0.45,0.55)",30000,1,Randomized Gaffke,0.0008979655529140484,0.1555321961093811
"Uniform(0.45,0.55)",100000,1,Randomized Gaffke,0.00048105552862764966,0.1521231151479707
"Uniform(0.45,0.55)",300000,1,Randomized Gaffke,0.0002752572615839499,0.15076461128662957
"Uniform(0.45,0.55)",1000000,1,Randomized Gaffke,0.0001497175625572722,0.1497175625572722
"Uniform(0.45,0.55)",1000,2,Randomized Gaffke,0.006871376375725269,0.2172920000756478
"Uniform(0.45,0.55)",3000,2,Randomized Gaffke,0.0032560027397504077,0.1783386147859921
"Uniform(0.45,0.55)",10000,2,Randomized Gaffke,0.0016130593934259863,0.16130593934259863
"Uniform(0.45,0.55)",30000,2,Randomized Gaffke,0.0008984820473593169,0.1556216555714843
"Uniform(0.45,0.55)",100000,2,Randomized Gaffke,0.0004819141862797416,0.15239464653906498
"Uniform(0.45,0.55)",300000,2,Randomized Gaffke,0.00027507118359348937,0.1506626921737991
"Uniform(0.45,0.55)",1000000,2,Randomized Gaffke,0.00014978377705510137,0.14978377705510137
"Uniform(0.45,0.55)",1000,3,Randomized Gaffke,0.006953421947129668,0.2198865088513266
"Uniform(0.45,0.55)",3000,3,Randomized Gaffke,0.0032720439967338644,0.17921723061604977
"Uniform(0.45,0.55)",10000,3,Randomized Gaffke,0.0016188304795267117,0.16188304795267117
"Uniform(0.45,0.55)",30000,3,Randomized Gaffke,0.0008956235169839677,0.15512654358697592
"Uniform(0.45,0.55)",100000,3,Randomized Gaffke,0.00048056939922935804,0.15196938753435382
"Uniform(0.45,0.55)",300000,3,Randomized Gaffke,0.0002751923349616492,0.15072904951101285
"Uniform(0.45,0.55)",1000000,3,Randomized Gaffke,0.0001497789463008603,0.1497789463008603
"Uniform(0.45,0.55)",1000,4,Randomized Gaffke,0.006953226452992678,0.21988032678390565
"Uniform(0.45,0.55)",3000,4,Randomized Gaffke,0.00324959588522572,0.17798769691140956
"Uniform(0.45,0.55)",10000,4,Randomized Gaffke,0.0016213289438008482,0.16213289438008482
"Uniform(0.45,0.55)",30000,4,Randomized Gaffke,0.0008993078579606628,0.15576469016338032
"Uniform(0.45,0.55)",100000,4,Randomized Gaffke,0.00048189318547520177,0.1523880055015608
"Uniform(0.45,0.55)",300000,4,Randomized Gaffke,0.00027499858637575203,0.15062292904003224
"Uniform(0.45,0.55)",1000000,4,Randomized Gaffke,0.00014972360157700093,0.14972360157700093
"Uniform(0.45,0.55)",1000,5,Randomized Gaffke,0.006954874773524744,0.21993245125585914
"Uniform(0.45,0.55)",3000,5,Randomized Gaffke,0.00328053687256763,0.17968240458327414
"Uniform(0.45,0.55)",10000,5,Randomized Gaffke,0.0016147435002289434,0.16147435002289434
"Uniform(0.45,0.55)",30000,5,Randomized Gaffke,0.0008949629475670795,0.15501212960777827
"Uniform(0.45,0.55)",100000,5,Randomized Gaffke,0.00048009682699318157,0.15181994707182617
"Uniform(0.45,0.55)",300000,5,Randomized Gaffke,0.00027470998653444934,0.15046485639685833
"Uniform(0.45,0.55)",1000000,5,Randomized Gaffke,0.00014969300953227016,0.14969300953227016
"Uniform(0.45,0.55)",1000,6,Randomized Gaffke,0.006986211745072413,0.22092341330648438
"Uniform(0.45,0.55)",3000,6,Randomized Gaffke,0.0032761198301591854,0.17944047320681794
"Uniform(0.45,0.55)",10000,6,Randomized Gaffke,0.0016102996262956637,0.16102996262956637
"Uniform(0.45,0.55)",30000,6,Randomized Gaffke,0.0008960763091071522,0.15520496948323817
"Uniform(0.45,0.55)",100000,6,Randomized Gaffke,0.0004806884452971394,0.15200703320642142
"Uniform(0.45,0.55)",300000,6,Randomized Gaffke,0.00027502358434794427,0.1506366209932938
"Uniform(0.45,0.55)",1000000,6,Randomized Gaffke,0.00014979044824647847,0.14979044824647847
"Uniform(0.45,0.55)",1000,7,Randomized Gaffke,0.006985672122443776,0.22090634894064978
"Uniform(0.45,0.55)",3000,7,Randomized Gaffke,0.003261452354573091,0.17863710248280193
"Uniform(0.45,0.55)",10000,7,Randomized Gaffke,0.0016198510848990932,0.16198510848990932
"Uniform(0.45,0.55)",30000,7,Randomized Gaffke,0.0008958232939232924,0.15516114596788502
"Uniform(0.45,0.55)",100000,7,Randomized Gaffke,0.00048043420098287104,0.15192663409489784
"Uniform(0.45,0.55)",300000,7,Randomized Gaffke,0.00027457170722922086,0.15038911770214858
"Uniform(0.45,0.55)",1000000,7,Randomized Gaffke,0.0001496757250919467,0.1496757250919467
"Uniform(0.45,0.55)",1000,8,Randomized Gaffke,0.00697729483507159,0.22064143585355106
"Uniform(0.45,0.55)",3000,8,Randomized Gaffke,0.0032400122373386075,0.17746277889831374
"Uniform(0.45,0.55)",10000,8,Randomized Gaffke,0.001613908135555897,0.1613908135555897
"Uniform(0.45,0.55)",30000,8,Randomized Gaffke,0.0008975905421462205,0.15546724233905476
"Uniform(0.45,0.55)",100000,8,Randomized Gaffke,0.00048187034025964914,0.15238078121008242
"Uniform(0.45,0.55)",300000,8,Randomized Gaffke,0.0002754821842190225,0.15088780648755232
"Uniform(0.45,0.55)",1000000,8,Randomized Gaffke,0.00014980964184230228,0.14980964184230228
"Uniform(0.45,0.55)",1000,9,Randomized Gaffke,0.006932227367935251,0.21921627740829489
"Uniform(0.45,0.55)",3000,9,Randomized Gaffke,0.003279126030570345,0.1796051295845753
"Uniform(0.45,0.55)",10000,9,Randomized Gaffke,0.0016249495478418141,0.1624949547841814
"Uniform(0.45,0.55)",30000,9,Randomized Gaffke,0.0008995965084710456,0.1558146858983417
"Uniform(0.45,0.55)",100000,9,Randomized Gaffke,0.0004816430313881459,0.15230889983345114
"Uniform(0.45,0.55)",300000,9,Randomized Gaffke,0.0002749879009419365,0.15061707638689473
"Uniform(0.45,0.55)",1000000,9,Randomized Gaffke,0.00014973624724434753,0.14973624724434753
"Uniform(0.45,0.55)",1000,10,Randomized Gaffke,0.006877747906147869,0.2174934855588125
"Uniform(0.45,0.55)",3000,10,Randomized Gaffke,0.0032488186277295217,0.1779451247650438
"Uniform(0.45,0.55)",10000,10,Randomized Gaffke,0.001604550877801758,0.1604550877801758
"Uniform(0.45,0.55)",30000,10,Randomized Gaffke,0.0008924199759984819,0.15457167401187685
"Uniform(0.45,0.55)",100000,10,Randomized Gaffke,0.00047957565474321395,0.15165513793550892
"Uniform(0.45,0.55)",300000,10,Randomized Gaffke,0.0002747375556179654,0.15047995660578986
"Uniform(0.45,0.55)",1000000,10,Randomized Gaffke,0.00014970751764492585,0.14970751764492585
"Uniform(0.45,0.55)",1000,11,Randomized Gaffke,0.006859011346644794,0.21690098352336265
"Uniform(0.45,0.55)",3000,11,Randomized Gaffke,0.003244198563382872,0.17769207341906523
"Uniform(0.45,0.55)",10000,11,Randomized Gaffke,0.0016105558924732755,0.16105558924732755
"Uniform(0.45,0.55)",30000,11,Randomized Gaffke,0.0008952391670527526,0.15505997222610093
"Uniform(0.45,0.55)",100000,11,Randomized Gaffke,0.0004809407794300058,0.15208682826554754
"Uniform(0.45,0.55)",300000,11,Randomized Gaffke,0.0002748209870070961,0.15052565385962072
"Uniform(0.45,0.55)",1000000,11,Randomized Gaffke,0.00014982633312160543,0.14982633312160543
"Uniform(0.45,0.55)",1000,12,Randomized Gaffke,0.006922208848455735,0.21889946400491453
"Uniform(0.45,0.55)",3000,12,Randomized Gaffke,0.0032322561791958693,0.1770379620981038
"Uniform(0.45,0.55)",10000,12,Randomized Gaffke,0.001612093761963529,0.1612093761963529
"Uniform(0.45,0.55)",30000,12,Randomized Gaffke,0.0008960612072941854,0.1552023537725037
"Uniform(0.45,0.55)",100000,12,Randomized Gaffke,0.000480324077973604,0.1518918101416903
"Uniform(0.45,0.55)",300000,12,Randomized Gaffke,0.0002748209281702718,0.15052562163336483
"Uniform(0.45,0.55)",1000000,12,Randomized Gaffke,0.00014973806030910142,0.14973806030910142
"Uniform(0.45,0.55)",1000,13,Randomized Gaffke,0.007019475031710964,0.22197529078889308
"Uniform(0.45,0.55)",3000,13,Randomized Gaffke,0.0032726769411505208,0.17925189840951472
"Uniform(0.45,0.55)",10000,13,Randomized Gaffke,0.0016250949032718398,0.16250949032718398
"Uniform(0.45,0.55)",30000,13,Randomized Gaffke,0.0009001670912126558,0.15591351372818077
"Uniform(0.45,0.55)",100000,13,Randomized Gaffke,0.0004815008191655923,0.15226392838001274
"Uniform(0.45,0.55)",300000,13,Randomized Gaffke,0.00027524367333015,0.15075716869350625
"Uniform(0.45,0.55)",1000000,13,Randomized Gaffke,0.00014987209350486586,0.14987209350486586
"Uniform(0.45,0.55)",1000,14,Randomized Gaffke,0.0068876843293912415,0.21780770285125747
"Uniform(0.45,0.55)",3000,14,Randomized Gaffke,0.00324584059470745,0.17778201117872539
"Uniform(0.45,0.55)",10000,14,Randomized Gaffke,0.0016185605396856206,0.16185605396856206
"Uniform(0.45,0.55)",30000,14,Randomized Gaffke,0.0008997814503264312,0.15584671876733908
"Uniform(0.45,0.55)",100000,14,Randomized Gaffke,0.00048106915838114217,0.15212742525446898
"Uniform(0.45,0.55)",300000,14,Randomized Gaffke,0.00027477555558969025,0.1505007700474881
"Uniform(0.45,0.55)",1000000,14,Randomized Gaffke,0.00014960674783848216,0.14960674783848216
"Uniform(0.45,0.55)",1000,15,Randomized Gaffke,0.00698997405731866,0.22104238806615323
"Uniform(0.45,0.55)",3000,15,Randomized Gaffke,0.0032656784585916587,0.17886857573293521
"Uniform(0.45,0.55)",10000,15,Randomized Gaffke,0.0016167058972607062,0.16167058972607062
"Uniform(0.45,0.55)",30000,15,Randomized Gaffke,0.0008951319544355241,0.1550414024560757
"Uniform(0.45,0.55)",100000,15,Randomized Gaffke,0.00048112791159038437,0.15214600465057396
"Uniform(0.45,0.55)",300000,15,Randomized Gaffke,0.0002748939954779206,0.15056564224598024
"Uniform(0.45,0.55)",1000000,15,Randomized Gaffke,0.00014968155378447534,0.14968155378447534
"Uniform(0.45,0.55)",1000,16,Randomized Gaffke,0.006887284085280498,0.21779504602115732
"Uniform(0.45,0.55)",3000,16,Randomized Gaffke,0.0032627210236258475,0.17870659034862227
"Uniform(0.45,0.55)",10000,16,Randomized Gaffke,0.0016046087824000965,0.16046087824000965
"Uniform(0.45,0.55)",30000,16,Randomized Gaffke,0.0008970530718718228,0.15537414975677327
"Uniform(0.45,0.55)",100000,16,Randomized Gaffke,0.0004810935245382342,0.1521351305098926
"Uniform(0.45,0.55)",300000,16,Randomized Gaffke,0.0002748231195339179,0.1505268218926655
"Uniform(0.45,0.55)",1000000,16,Randomized Gaffke,0.00014967306103830236,0.14967306103830236
"Uniform(0.45,0.55)",1000,17,Randomized Gaffke,0.006884399600238511,0.21770383059506365
"Uniform(0.45,0.55)",3000,17,Randomized Gaffke,0.0032323865133425667,0.17704510079331975
"Uniform(0.45,0.55)",10000,17,Randomized Gaffke,0.0016223706484480571,0.1622370648448057
"Uniform(0.45,0.55)",30000,17,Randomized Gaffke,0.0008972236144737522,0.15540368860191295
"Uniform(0.45,0.55)",100000,17,Randomized Gaffke,0.0004811719316095142,0.15215992500288342
"Uniform(0.45,0.55)",300000,17,Randomized Gaffke,0.00027502104042581577,0.1506352276297595
"Uniform(0.45,0.55)",1000000,17,Randomized Gaffke,0.00014969390390029425,0.14969390390029425
"Uniform(0.45,0.55)",1000,18,Randomized Gaffke,0.006931568005788202,0.21919542654641916
"Uniform(0.45,0.55)",3000,18,Randomized Gaffke,0.003285698099475376,0.17996509662345167
"Uniform(0.45,0.55)",10000,18,Randomized Gaffke,0.0016163308305801039,0.16163308305801039
"Uniform(0.45,0.55)",30000,18,Randomized Gaffke,0.0008965630431124749,0.15528927428593722
"Uniform(0.45,0.55)",100000,18,Randomized Gaffke,0.0004801853557217517,0.1518479423138902
"Uniform(0.45,0.55)",300000,18,Randomized Gaffke,0.000274900205396611,0.15056904355852724
"Uniform(0.45,0.55)",1000000,18,Randomized Gaffke,0.0001498719393783765,0.1498719393783765
"Uniform(0.45,0.55)",1000,19,Randomized Gaffke,0.006917136741202368,0.2187390698903415
"Uniform(0.45,0.55)",3000,19,Randomized Gaffke,0.003252857646511842,0.17816635093477018
"Uniform(0.45,0.55)",10000,19,Randomized Gaffke,0.0016143504297493894,0.16143504297493894
"Uniform(0.45,0.55)",30000,19,Randomized Gaffke,0.0008968841329044519,0.1553448886692868
"Uniform(0.45,0.55)",100000,19,Randomized Gaffke,0.0004805203221192045,0.1519538679894474
"Uniform(0.45,0.55)",300000,19,Randomized Gaffke,0.00027487359872224726,0.15055447048279805
"Uniform(0.45,0.55)",1000000,19,Randomized Gaffke,0.0001497021817492561,0.1497021817492561
"Uniform(0.45,0.55)",1000,20,Randomized Gaffke,0.006914170376010942,0.21864526518657404
"Uniform(0.45,0.55)",3000,20,Randomized Gaffke,0.0032478790720332773,0.17789366318015723
"Uniform(0.45,0.55)",10000,20,Randomized Gaffke,0.0016122787438869746,0.16122787438869746
"Uniform(0.45,0.55)",30000,20,Randomized Gaffke,0.0008950083725869917,0.15501999745202055
"Uniform(0.45,0.55)",100000,20,Randomized Gaffke,0.00048080903959130117,0.15204516847065858
"Uniform(0.45,0.55)",300000,20,Randomized Gaffke,0.00027508976320367307,0.15067286864540635
"Uniform(0.45,0.55)",1000,21,Randomized Gaffke,0.006954196893980913,0.2199110148224817
"Uniform(0.45,0.55)",3000,21,Randomized Gaffke,0.0032853069815180214,0.17994367421066282
"Uniform(0.45,0.55)",10000,21,Randomized Gaffke,0.0016262952820529364,0.16262952820529364
"Uniform(0.45,0.55)",30000,21,Randomized Gaffke,0.0008988225854860699,0.15568063850522934
"Uniform(0.45,0.55)",100000,21,Randomized Gaffke,0.00048096803430358603,0.15209544701333289
"Uniform(0.45,0.55)",300000,21,Randomized Gaffke,0.0002750521562087105,0.15065227044594537
"Uniform(0.45,0.55)",1000,22,Randomized Gaffke,0.006983354351117688,0.2208330545757911
"Uniform(0.45,0.55)",3000,22,Randomized Gaffke,0.0032730704665082655,0.17927345268105344
"Uniform(0.45,0.55)",10000,22,Randomized Gaffke,0.0016095232885105504,0.16095232885105504
"Uniform(0.45,0.55)",30000,22,Randomized Gaffke,0.0008959749469706901,0.1551874130462066
"Uniform(0.45,0.55)",100000,22,Randomized Gaffke,0.0004800666206754012,0.15181039499543486
"Uniform(0.45,0.55)",300000,22,Randomized Gaffke,0.0002748547246368971,0.15054413272049946
"Uniform(0.45,0.55)",1000,23,Randomized Gaffke,0.00692304736699878,0.2189259802894776
"Uniform(0.45,0.55)",3000,23,Randomized Gaffke,0.0032625996336078655,0.17869994154351182
"Uniform(0.45,0.55)",10000,23,Randomized Gaffke,0.0016141686107475905,0.16141686107475905
"Uniform(0.45,0.55)",30000,23,Randomized Gaffke,0.0008981991007594448,0.15557264778280355
"Uniform(0.45,0.55)",100000,23,Randomized Gaffke,0.00048214977152760685,0.15246914513570395
"Uniform(0.45,0.55)",300000,23,Randomized Gaffke,0.0002753294931777117,0.15080417415989747
"Uniform(0.45,0.55)",1000,24,Randomized Gaffke,0.00697815308373928,0.22066857605943813
"Uniform(0.45,0.55)",3000,24,Randomized Gaffke,0.003264818122873492,0.17882145320494847
"Uniform(0.45,0.55)",10000,24,Randomized Gaffke,0.001611673913276046,0.1611673913276046
"Uniform(0.45,0.55)",30000,24,Randomized Gaffke,0.0008953210019108093,0.15507414643929937
"Uniform(0.45,0.55)",100000,24,Randomized Gaffke,0.00047996701319374946,0.15177889634403358
"Uniform(0.45,0.55)",300000,24,Randomized Gaffke,0.0002748681573790934,0.15055149013640956
"Uniform(0.45,0.55)",1000,25,Randomized Gaffke,0.006874566727015419,0.21739288784177713
"Uniform(0.45,0.55)",3000,25,Randomized Gaffke,0.003224208447088206,0.17659716965689123
"Uniform(0.45,0.55)",10000,25,Randomized Gaffke,0.0016050120819681157,0.16050120819681157
"Uniform(0.45,0.55)",30000,25,Randomized Gaffke,0.0008955495239420519,0.15511372761617545
"Uniform(0.45,0.55)",100000,25,Randomized Gaffke,0.00048063755721411416,0.15199094098160945
"Uniform(0.45,0.55)",300000,25,Randomized Gaffke,0.00027476006418536425,0.15049228505589132
"Uniform(0.45,0.55)",1000,26,Randomized Gaffke,0.006899157733520456,0.21817052374689644
"Uniform(0.45,0.55)",3000,26,Randomized Gaffke,0.003239052736648096,0.17741022488110025
"Uniform(0.45,0.55)",10000,26,Randomized Gaffke,0.0016085170761445666,0.16085170761445666
"Uniform(0.45,0.55)",30000,26,Randomized Gaffke,0.0008944018273646104,0.1549149407377953
"Uniform(0.45,0.55)",100000,26,Randomized Gaffke,0.000481541438147548,0.15227677322993446
"Uniform(0.45,0.55)",300000,26,Randomized Gaffke,0.00027529696572020645,0.15078635813768354
"Uniform(0.45,0.55)",1000,27,Randomized Gaffke,0.006939223917801551,0.21943752774169945
"Uniform(0.45,0.55)",3000,27,Randomized Gaffke,0.0032636926347229256,0.17875980768012148
"Uniform(0.45,0.55)",10000,27,Randomized Gaffke,0.00161339865822413,0.161339865822413
"Uniform(0.45,0.55)",30000,27,Randomized Gaffke,0.0008955839528784759,0.15511969088288916
"Uniform(0.45,0.55)",100000,27,Randomized Gaffke,0.00048139489810211655,0.15223043319873567
"Uniform(0.45,0.55)",300000,27,Randomized Gaffke,0.00027529968705414243,0.15078784867366676
"Uniform(0.45,0.55)",1000,28,Randomized Gaffke,0.006898053861583209,0.21813561625122802
"Uniform(0.45,0.55)",3000,28,Randomized Gaffke,0.0032599264554729612,0.17855352554704015
"Uniform(0.45,0.55)",10000,28,Randomized Gaffke,0.0016152775011565867,0.16152775011565867
"Uniform(0.45,0.55)",30000,28,Randomized Gaffke,0.0008981679429264089,0.15556725108781638
"Uniform(0.45,0.55)",100000,28,Randomized Gaffke,0.00048154646084497266,0.15227836154632043
"Uniform(0.45,0.55)",300000,28,Randomized Gaffke,0.00027520186080154385,0.15073426702840234
"Uniform(0.45,0.55)",1000,29,Randomized Gaffke,0.0069397575309895765,0.21945440207233607
"Uniform(0.45,0.55)",3000,29,Randomized Gaffke,0.0032160237733062647,0.17614887661127218
"Uniform(0.45,0.55)",10000,29,Randomized Gaffke,0.0016072998293325536,0.16072998293325536
"Uniform(0.45,0.55)",30000,29,Randomized Gaffke,0.0008923617438572062,0.15456158790914457
"Uniform(0.45,0.55)",100000,29,Randomized Gaffke,0.000479757182830276,0.15171254215694988
"Uniform(0.45,0.55)",300000,29,Randomized Gaffke,0.0002747778386189559,0.15050202051411632
"Uniform(0.45,0.55)",1000,30,Randomized Gaffke,0.007032981678335992,0.22240240845775422
"Uniform(0.45,0.55)",3000,30,Randomized Gaffke,0.003286097329990967,0.17998696337935502
"Uniform(0.45,0.55)",10000,30,Randomized Gaffke,0.001623149582797967,0.1623149582797967
"Uniform(0.45,0.55)",30000,30,Randomized Gaffke,0.0008986423815405264,0.1556494262662888
"Uniform(0.45,0.55)",100000,30,Randomized Gaffke,0.0004804421795811531,0.15192915714920852
"Uniform(0.45,0.55)",1000,31,Randomized Gaffke,0.006964103084714235,0.22022427607901524
"Uniform(0.45,0.55)",3000,31,Randomized Gaffke,0.0032791590604017706,0.17960693870294953
"Uniform(0.45,0.55)",10000,31,Randomized Gaffke,0.001620164039355998,0.1620164039355998
"Uniform(0.45,0.55)",30000,31,Randomized Gaffke,0.0008994651936181652,0.15579194149864398
"Uniform(0.45,0.55)",100000,31,Randomized Gaffke,0.00048157006206617226,0.15228582490777565
"Uniform(0.45,0.55)",1000,32,Randomized Gaffke,0.00684408048259233,0.21642882814496145
"Uniform(0.45,0.55)",3000,32,Randomized Gaffke,0.003248887715850135,0.17794890887725534
"Uniform(0.45,0.55)",10000,32,Randomized Gaffke,0.001609479110812384,0.1609479110812384
"Uniform(0.45,0.55)",30000,32,Randomized Gaffke,0.0008967793682924108,0.15532674290619777
"Uniform(0.45,0.55)",100000,32,Randomized Gaffke,0.00048139651308520826,0.1522309439012309
"Uniform(0.45,0.55)",1000,33,Randomized Gaffke,0.006876338295274842,0.2174489097490795
"Uniform(0.45,0.55)",3000,33,Randomized Gaffke,0.0032611452523571005,0.17862028180168615
"Uniform(0.45,0.55)",10000,33,Randomized Gaffke,0.0016175496875237005,0.16175496875237005
"Uniform(0.45,0.55)",30000,33,Randomized Gaffke,0.0008973037947964113,0.15541757624117422
"Uniform(0.45,0.55)",100000,33,Randomized Gaffke,0.0004811135768054142,0.15214147159354652
"Uniform(0.45,0.55)",1000,34,Randomized Gaffke,0.006923984445604658,0.2189556133168895
"Uniform(0.45,0.55)",3000,34,Randomized Gaffke,0.0032683574059876874,0.17901530772485266
"Uniform(0.45,0.55)",10000,34,Randomized Gaffke,0.0016141102720102496,0.16141102720102496
"Uniform(0.45,0.55)",30000,34,Randomized Gaffke,0.0008948838575238427,0.1549984308104524
"Uniform(0.45,0.55)",100000,34,Randomized Gaffke,0.00048081273826622306,0.15204633809436635
"Uniform(0.45,0.55)",1000,35,Randomized Gaffke,0.006946116889407217,0.21965550264290715
"Uniform(0.45,0.55)",3000,35,Randomized Gaffke,0.0032448032892310463,0.1777251956178804
"Uniform(0.45,0.55)",10000,35,Randomized Gaffke,0.0016276114126478891,0.1627611412647889
"Uniform(0.45,0.55)",30000,35,Randomized Gaffke,0.0008995701201310324,0.15581011530377867
"Uniform(0.45,0.55)",100000,35,Randomized Gaffke,0.0004814018693692357,0.15223263770696305
"Uniform(0.45,0.55)",1000,36,Randomized Gaffke,0.00685160198867929,0.2166666790516576
"Uniform(0.45,0.55)",3000,36,Randomized Gaffke,0.0032165454770735624,0.17617745150344064
"Uniform(0.45,0.55)",10000,36,Randomized Gaffke,0.0016199309432344822,0.16199309432344822
"Uniform(0.45,0.55)",30000,36,Randomized Gaffke,0.0008975583120847119,0.15546165992864835
"Uniform(0.45,0.55)",100000,36,Randomized Gaffke,0.0004809703078379468,0.15209616596802478
"Uniform(0.45,0.55)",1000,37,Randomized Gaffke,0.006867269225389938,0.21716212057812412
"Uniform(0.45,0.55)",3000,37,Randomized Gaffke,0.003250143742146827,0.17801770427080713
"Uniform(0.45,0.55)",10000,37,Randomized Gaffke,0.001616293073817665,0.1616293073817665
"Uniform(0.45,0.55)",30000,37,Randomized Gaffke,0.0008978347604112757,0.15550954218337595
"Uniform(0.45,0.55)",100000,37,Randomized Gaffke,0.00048118870767749344,0.15216523006138305
"Uniform(0.45,0.55)",1000,38,Randomized Gaffke,0.006905822037433007,0.21838126754072879
"Uniform(0.45,0.55)",3000,38,Randomized Gaffke,0.003259759681568053,0.178544390964068
"Uniform(0.45,0.55)",10000,38,Randomized Gaffke,0.0016136820562290266,0.16136820562290266
"Uniform(0.45,0.55)",30000,38,Randomized Gaffke,0.000894918504036446,0.15500443176246578
"Uniform(0.45,0.55)",100000,38,Randomized Gaffke,0.00048163004530799025,0.15230479327433422
"Uniform(0.45,0.55)",1000,39,Randomized Gaffke,0.006936403189492013,0.21934832848051286
"Uniform(0.45,0.55)",3000,39,Randomized Gaffke,0.003274050107026971,0.17932710980208755
"Uniform(0.45,0.55)",10000,39,Randomized Gaffke,0.0016307926822273777,0.16307926822273777
"Uniform(0.45,0.55)",30000,39,Randomized Gaffke,0.0009021650414741678,0.15625956886457418
"Uniform(0.45,0.55)",100000,39,Randomized Gaffke,0.0004813105013449781,0.15220374460076672
"Uniform(0.45,0.55)",1000,40,Randomized Gaffke,0.006878699092889573,0.21752356472465192
"Uniform(0.45,0.55)",3000,40,Randomized Gaffke,0.003228912374080073,0.17685481434912154
"Uniform(0.45,0.55)",10000,40,Randomized Gaffke,0.0016091962049048503,0.16091962049048503
"Uniform(0.45,0.55)",1000,41,Randomized Gaffke,0.006917311134801207,0.21874458470015837
"Uniform(0.45,0.55)",3000,41,Randomized Gaffke,0.0032104534675480023,0.17584377839967208
"Uniform(0.45,0.55)",10000,41,Randomized Gaffke,0.0016070165544930237,0.16070165544930237
"Uniform(0.45,0.55)",1000,42,Randomized Gaffke,0.006954822566955399,0.21993080033917958
"Uniform(0.45,0.55)",3000,42,Randomized Gaffke,0.0032448697168143137,0.17772883400646
"Uniform(0.45,0.55)",10000,42,Randomized Gaffke,0.0016130191828159224,0.16130191828159224
"Uniform(0.45,0.55)",1000,43,Randomized Gaffke,0.0069171010795637256,0.21873794217030948
"Uniform(0.45,0.55)",3000,43,Randomized Gaffke,0.0032556610470871328,0.17831989950805116
"Uniform(0.45,0.55)",10000,43,Randomized Gaffke,0.0016128842756263362,0.16128842756263362
"Uniform(0.45,0.55)",1000,44,Randomized Gaffke,0.0069768447912273435,0.22062720421760348
"Uniform(0.45,0.55)",3000,44,Randomized Gaffke,0.003296082643569398,0.18053388152842195
"Uniform(0.45,0.55)",10000,44,Randomized Gaffke,0.0016226780585104073,0.16226780585104073
"Uniform(0.45,0.55)",1000,45,Randomized Gaffke,0.006933820782062394,0.2192666655872715
"Uniform(0.45,0.55)",3000,45,Randomized Gaffke,0.003251698241965806,0.17810284773245638
"Uniform(0.45,0.55)",10000,45,Randomized Gaffke,0.0016061752346247515,0.16061752346247515
"Uniform(0.45,0.55)",1000,46,Randomized Gaffke,0.006904862316326088,0.21835091849456478
"Uniform(0.45,0.55)",3000,46,Randomized Gaffke,0.0032417773013534434,0.17755945543595036
"Uniform(0.45,0.55)",10000,46,Randomized Gaffke,0.0016202657826255296,0.16202657826255296
"Uniform(0.45,0.55)",1000,47,Randomized Gaffke,0.006951541170786446,0.21982703348118718
"Uniform(0.45,0.55)",3000,47,Randomized Gaffke,0.0032642460342700574,0.1787901186216492
"Uniform(0.45,0.55)",10000,47,Randomized Gaffke,0.0016064151028447604,0.16064151028447604
"Uniform(0.45,0.55)",1000,48,Randomized Gaffke,0.006898886280161776,0.21816193963797714
"Uniform(0.45,0.55)",3000,48,Randomized Gaffke,0.0032357555265610793,0.177229629246951
"Uniform(0.45,0.55)",10000,48,Randomized Gaffke,0.0016128970849953461,0.1612897084995346
"Uniform(0.45,0.55)",1000,49,Randomized Gaffke,0.006889212703679093,0.21785603428992595
"Uniform(0.45,0.55)",3000,49,Randomized Gaffke,0.003252488086098071,0.17814610927727184
"Uniform(0.45,0.55)",10000,49,Randomized Gaffke,0.0016149778318939045,0.16149778318939045
