distribution,n,method,replications,coverage,mean_width,q10_width,q90_width,mean_sqrt_n_width,q10_sqrt_n_width,q90_sqrt_n_width,mean_sqrt_n_largest_component,mean_normalized_halfwidth,mean_runtime_seconds,mean_score_evaluations,empty_rate
Bernoulli(0.1),1000,Capped original feedback,50,1.0,0.05630756854797087,0.053884365873236036,0.058730244219080234,1.780601661176481,1.7039732643327397,1.857213392702307,1.7806016611764794,2.9676694352941353,0.001317126461071842,31.66,0.0
Bernoulli(0.1),1000,Common-clock Efficient betting,30,1.0,0.050786707596237365,0.04594163610031419,0.05495935376692242,1.606016708650853,1.452802095116089,1.737967366344298,1.6060167086508514,2.6766945144180885,0.01761297971631085,123.0,0.0
Bernoulli(0.1),1000,Common-clock STaR betting,30,1.0,0.05194071479981994,0.04663872086013507,0.05632548395047522,1.6425096206464784,1.474845850748342,1.7811681959476053,1.642509620646477,2.7375160344107976,0.0028364389824370065,123.0,0.0
Bernoulli(0.1),1000,Efficient betting,30,1.0,0.04994481495140487,0.04627719073236635,0.05302839244845877,1.5793937256207142,1.4634132642831328,1.6769050079440282,1.5793937256207127,2.6323228760345234,0.0157870028323183,31.0,0.0
Bernoulli(0.1),1000,Gaffke,50,1.0,0.04995782426673191,0.04759646296148147,0.0521680029177077,1.5798051162930418,1.5051323152612477,1.64969710202266,1.5798051162930407,2.63300852715507,0.000197302381275168,0.0,0.0
Bernoulli(0.1),1000,Regularized Efficient betting,50,1.0,0.051751617739457315,0.04648853509249152,0.05685404689108233,1.6365298465505962,1.4700965597693971,1.7978828237383526,1.6365298465505946,2.7275497442509935,0.004430094007402608,31.12,0.0
Bernoulli(0.1),1000,STaR betting,30,1.0,0.05140068105332505,0.04806179305687954,0.054744668279231634,1.6254322541237003,1.5198473449140615,1.731178415127427,1.6254322541236987,2.7090537568728337,0.0015095717118431599,31.233333333333334,0.0
Bernoulli(0.1),1000,Square-root feedback,50,1.0,0.05122477855927325,0.047810327488997106,0.05468632802389909,1.6198697288506212,1.5118953054378999,1.7293335342661613,1.6198697288506199,2.6997828814177023,0.000571824673097536,31.16,0.0
Bernoulli(0.1),1000,Squared-hinge feedback,50,1.0,0.05154987829836086,0.04799564510227115,0.05515914051349007,1.6301502852730545,1.5177555629228199,1.744285177998984,1.6301502852730527,2.716917142121757,0.000571824673097536,31.2,0.0
Bernoulli(0.1),1000,Target-capped feedback,50,1.0,0.05097021583862414,0.04822988983479469,0.0538368974099404,1.6118197488044177,1.5251630317695346,1.702472179722317,1.611819748804416,2.6863662480073627,0.000571824673097536,31.0,0.0
Bernoulli(0.1),3000,Capped original feedback,50,1.0,0.03195305028652939,0.03111724147652578,0.0326966696157587,1.7501406423029084,1.7043615084028545,1.7908703503844858,1.7501406423029056,2.9169010705048475,0.002231725865276488,31.42,0.0
Bernoulli(0.1),3000,Common-clock Efficient betting,30,1.0,0.028360620724752712,0.02671953373868098,0.0301044344969681,1.5533751715795596,1.4634891354695938,1.648887785492613,1.5533751715795574,2.5889586192992664,0.028508904483169267,123.0,0.0
Bernoulli(0.1),3000,Common-clock STaR betting,30,1.0,0.028882210755843653,0.02650931442338056,0.0302603512969676,1.581943834159393,1.451974949368264,1.6574277003379885,1.5819438341593903,2.636573056932322,0.00990489046089346,123.0,0.0
Bernoulli(0.1),3000,Efficient betting,30,1.0,0.028201235231977033,0.027027122247552222,0.0293162730929828,1.5446452686063286,1.4803364519434106,1.605718407500846,1.544645268606326,2.574408781010548,0.020285112162431042,31.0,0.0
Bernoulli(0.1),3000,Gaffke,50,1.0,0.028481413457433765,0.02777183460582935,0.029166977780246378,1.5599912620267702,1.5211260276915355,1.5975411664492922,1.559991262026768,2.5999854367112833,0.000196159260813094,0.0,0.0
Bernoulli(0.1),3000,Regularized Efficient betting,50,1.0,0.028546577506894752,0.02639480124316024,0.03031825877252239,1.5635604440095863,1.445702804174427,1.6605994233989416,1.5635604440095845,2.605934073349311,0.014341914327815133,31.02,0.0
Bernoulli(0.1),3000,STaR betting,30,1.0,0.028780572544364984,0.02721172821937275,0.03003325914589762,1.576376880046258,1.4904477374450384,1.64498935096065,1.5763768800462554,2.6272948000770966,0.004516390183319604,31.066666666666666,0.0
Bernoulli(0.1),3000,Square-root feedback,50,1.0,0.028884430561088616,0.0271376371409119,0.03002591515115308,1.5820654178999862,1.4863896019467473,1.6445871038022708,1.5820654178999838,2.6367756964999773,0.001173353089543474,31.04,0.0
Bernoulli(0.1),3000,Squared-hinge feedback,50,1.0,0.02898913730160084,0.02737020277956107,0.0302101543061625,1.5878004422701246,1.4991277465856239,1.6546782979197083,1.5878004422701222,2.6463340704502083,0.001173353089543474,31.04,0.0
Bernoulli(0.1),3000,Target-capped feedback,50,1.0,0.028882330924037934,0.02786798161104123,0.02972110214808302,1.5819504160424631,1.5263922160506447,1.6278918080420328,1.5819504160424607,2.6365840267374385,0.001173353089543474,31.0,0.0
Bernoulli(0.1),10000,Capped original feedback,50,1.0,0.017239957935383174,0.016939886167969587,0.01764511768350138,1.7239957935383226,1.6939886167969673,1.7645117683501437,1.7239957935383174,2.873326322563871,0.005611296480055847,31.26,0.0
Bernoulli(0.1),10000,Common-clock Efficient betting,30,0.9666666666666667,0.015482958553032233,0.01511762061421569,0.0157519591733674,1.5482958553032278,1.5117620614215708,1.575195917336748,1.5482958553032233,2.580493092172047,0.05964091659213101,123.0,0.0
Bernoulli(0.1),10000,Common-clock STaR betting,30,0.9666666666666667,0.015861513854691305,0.015475192471064771,0.01635904801962323,1.586151385469136,1.547519247106484,1.6359048019623315,1.5861513854691303,2.6435856424485604,0.019104823345939274,123.0,0.0
Bernoulli(0.1),10000,Efficient betting,30,0.9666666666666667,0.015479035119138774,0.01521094471902234,0.015707843959137702,1.547903511913882,1.5210944719022352,1.570784395913774,1.5479035119138773,2.5798391865231367,0.04813016814490155,31.0,0.0
Bernoulli(0.1),10000,Gaffke,50,0.98,0.015571432807626566,0.015317700979351109,0.015801392392597383,1.5571432807626613,1.5317700979351188,1.5801392392597413,1.5571432807626566,2.595238801271102,0.00020950896199787802,0.0,0.0
Bernoulli(0.1),10000,Regularized Efficient betting,50,0.98,0.015900217514775564,0.014780539359160839,0.016845365486452442,1.5900217514775614,1.4780539359160922,1.6845365486452468,1.5900217514775563,2.6500362524626024,0.03483461527153846,31.0,0.0
Bernoulli(0.1),10000,STaR betting,30,0.9666666666666667,0.01587042770573974,0.01542812740865217,0.01634155123323459,1.587042770573979,1.542812740865221,1.6341551233234648,1.587042770573974,2.6450712842899646,0.010631030968700803,31.0,0.0
Bernoulli(0.1),10000,Square-root feedback,50,0.98,0.015822788530977405,0.01535551693012524,0.01632724367267097,1.5822788530977454,1.5355516930125266,1.6327243672671023,1.5822788530977405,2.637131421829576,0.0032855696344631204,31.0,0.0
Bernoulli(0.1),10000,Squared-hinge feedback,50,0.98,0.015884486865563353,0.01521344147592262,0.01654838320163601,1.58844868655634,1.5213441475922638,1.6548383201636092,1.5884486865563354,2.6474144775939004,0.0032855696344631204,31.0,0.0
Bernoulli(0.1),10000,Target-capped feedback,50,0.98,0.015738264037454874,0.01547760968474334,0.01597416950178395,1.5738264037454934,1.547760968474341,1.597416950178404,1.5738264037454874,2.623044006242489,0.0032855696344631204,31.0,0.0
Bernoulli(0.1),30000,Capped original feedback,40,1.0,0.009739740504174033,0.00960896676265463,0.00987000307499877,1.6869725405766018,1.6643218641158581,1.7095346796759023,1.6869725405765936,2.811620900961003,0.015222895948681934,31.1,0.0
Bernoulli(0.1),30000,Common-clock Efficient betting,30,1.0,0.00893790321121896,0.00881381613397643,0.00906588153819154,1.5480902474964358,1.5265977352617477,1.5702567439548558,1.548090247496426,2.5801504124940595,0.11525827165072158,123.0,0.0
Bernoulli(0.1),30000,Common-clock STaR betting,30,1.0,0.009169684345426806,0.00898999856634682,0.009374644938789591,1.5882359175648284,1.5571134276884084,1.6237361336902068,1.5882359175648193,2.6470598626080473,0.040650127921253394,123.0,0.0
Bernoulli(0.1),30000,Efficient betting,30,1.0,0.008936587234035164,0.00882472402025366,0.00903860070457434,1.5478623135620377,1.5284870365852827,1.5655315649650627,1.5478623135620324,2.5797705226033965,0.1379512295592576,31.0,0.0
Bernoulli(0.1),30000,Gaffke,40,1.0,0.008958378352419473,0.0088803655594191,0.009028956886489371,1.5516366459815771,1.5381244338698712,1.5638612066748618,1.5516366459815694,2.586061076635962,0.00021834829676658252,0.0,0.0
Bernoulli(0.1),30000,Regularized Efficient betting,40,1.0,0.009114301438049099,0.0086802814519406,0.00944228280468818,1.5786433166199199,1.5034688498758944,1.6354513557154033,1.5786433166199123,2.631072194366533,0.12673323204508047,31.0,0.0
Bernoulli(0.1),30000,STaR betting,30,1.0,0.009181207290943693,0.008960107539381671,0.009356324967801661,1.5902317502736376,1.551936149949016,1.6205630216357818,1.5902317502736287,2.650386250456063,0.029550714930519417,31.0,0.0
Bernoulli(0.1),30000,Square-root feedback,40,1.0,0.00919642611944321,0.00897009974232678,0.00935918778418067,1.5928677286929211,1.5536668502670512,1.6210588759778934,1.5928677286929127,2.6547795478215357,0.009316680256597418,31.0,0.0
Bernoulli(0.1),30000,Squared-hinge feedback,40,1.0,0.009264266595878673,0.00883156058018084,0.00947200766902296,1.604618043892512,1.529671163499579,1.640599853242992,1.6046180438925028,2.67436340648752,0.009316680256597418,31.0,0.0
Bernoulli(0.1),30000,Target-capped feedback,40,1.0,0.009039861187388896,0.00896782377153434,0.009111807212311189,1.5657498869927573,1.5532726405621524,1.578211304049558,1.5657498869927484,2.609583144987929,0.009316680256597418,31.0,0.0
Bernoulli(0.1),100000,Capped original feedback,40,1.0,0.00524772375755581,0.005164487502683231,0.00535303176502194,1.659475960525376,1.6331543455954154,1.6927772764700784,1.6594759605253604,2.7657932675422936,0.049274077374138824,31.025,0.0
Bernoulli(0.1),100000,Common-clock Efficient betting,30,1.0,0.004895743003282227,0.0048512994781186305,0.0049415497911435196,1.5481698729205178,1.534115596244126,1.5626552511143015,1.5481698729205036,2.580283121534196,0.3888512779803326,123.0,0.0
Bernoulli(0.1),100000,Common-clock STaR betting,30,1.0,0.004989276105058483,0.0048644399807758,0.005114189294498301,1.5777476367438505,1.538270988043734,1.617248655586449,1.5777476367438346,2.629579394573084,0.08759085331112142,123.0,0.0
Bernoulli(0.1),100000,Efficient betting,30,1.0,0.004892113824315864,0.00486154880349625,0.00492661300458501,1.547022225763512,1.537356717511479,1.5579318244694507,1.5470222257634951,2.57837037627252,0.5223196314647793,31.0,0.0
Bernoulli(0.1),100000,Gaffke,40,1.0,0.004895921669693965,0.00487638279239439,0.00492045820662695,1.5482263722007628,1.5420476366818456,1.555985506460874,1.5482263722007499,2.580377287001271,0.000247134994424365,0.0,0.0
Bernoulli(0.1),100000,Regularized Efficient betting,40,1.0,0.004972079937536582,0.0047359309490020195,0.005201189268049499,1.5723097311043481,1.4976328640129186,1.644760462866054,1.5723097311043328,2.6205162185072473,0.3754801742965356,31.0,0.0
Bernoulli(0.1),100000,STaR betting,30,1.0,0.0049918267073339765,0.0048617351119905105,0.0051206389957523905,1.5785542080034267,1.5374156334303917,1.6192882302054947,1.5785542080034114,2.630923680005711,0.06183398435823616,31.0,0.0
Bernoulli(0.1),100000,Square-root feedback,40,1.0,0.0049954797075083554,0.004861772507060371,0.00510355141021487,1.57970938808783,1.537427458789794,1.6138846612043625,1.5797093880878141,2.6328489801463832,0.029639119566854756,31.0,0.0
Bernoulli(0.1),100000,Squared-hinge feedback,40,1.0,0.00502064695225588,0.00482903453735343,0.00516135093385021,1.5876679696711382,1.5270748037654487,1.6321624754404036,1.5876679696711231,2.6461132827852305,0.029639119566854756,31.0,0.0
Bernoulli(0.1),100000,Target-capped feedback,40,1.0,0.00492872362527495,0.004900076619992331,0.00495924919280437,1.558599261335121,1.5495402828515146,1.5682522933613356,1.5585992613351083,2.597665435558535,0.029639119566854756,31.0,0.0
Bernoulli(0.1),300000,Capped original feedback,30,1.0,0.002982400955520103,0.00294145811889162,0.00304824210090354,1.6335282788633483,1.6111029636736978,1.6695909594018103,1.6335282788633223,2.722547131438914,0.14533123866422099,31.0,0.0
Bernoulli(0.1),300000,Common-clock Efficient betting,30,1.0,0.002821082925055867,0.00280991078927948,0.0028334052111075197,1.545170754645781,1.5390515238655522,1.5519199486762998,1.5451707546457543,2.575284591076302,0.7852388695037613,123.0,0.0
Bernoulli(0.1),300000,Common-clock STaR betting,30,1.0,0.00290026711109433,0.00285929019605458,0.00294519979392325,1.5885417195367404,1.566097738832499,1.613152363491363,1.5885417195367062,2.647569532561234,0.18293237217391525,123.0,0.0
Bernoulli(0.1),300000,Efficient betting,30,1.0,0.0028218506821308703,0.00281280680074767,0.00283271094671835,1.5455912725144334,1.5406377346734392,1.5515396844094638,1.5455912725144179,2.5759854541907226,1.0417278200232734,31.0,0.0
Bernoulli(0.1),300000,Gaffke,30,1.0,0.0028253167573263466,0.00281699651747822,0.0028342755629848903,1.5474897200850108,1.5429325370363587,1.552396660032494,1.5474897200849895,2.5791495334750185,0.00031186194197890663,0.0,0.0
Bernoulli(0.1),300000,Regularized Efficient betting,30,1.0,0.0028333883467227335,0.00271064872301394,0.00294855002496728,1.5519107116723334,1.484683451067316,1.6149873606070104,1.5519107116723099,2.5865178527872223,1.0246596434774498,31.0,0.0
Bernoulli(0.1),300000,STaR betting,30,1.0,0.0029022013312479168,0.00285707662053635,0.0029488623511528603,1.5896011355460367,1.5648853135884095,1.6151584287041814,1.589601135546007,2.6493352259100615,0.19450799599289892,31.0,0.0
Bernoulli(0.1),300000,Square-root feedback,30,1.0,0.0029022013118052267,0.00285707662053626,0.0029488623511528603,1.5896011248968358,1.5648853135883822,1.6151584287041814,1.589601124896807,2.6493352081613937,0.08663009683368723,31.0,0.0
Bernoulli(0.1),300000,Squared-hinge feedback,30,1.0,0.00292457694618829,0.00285939444560604,0.00298298360366561,1.601856764586929,1.5661548386634165,1.633847408395759,1.6018567645868989,2.6697612743115484,0.08663009683368723,31.0,0.0
Bernoulli(0.1),300000,Target-capped feedback,30,1.0,0.00283581839707739,0.00282486880967758,0.0028441121141092197,1.5532417050674527,1.547244369053184,1.557784360971335,1.5532417050674288,2.5887361751124214,0.08663009683368723,31.0,0.0
Bernoulli(0.1),1000000,Capped original feedback,20,1.0,0.0016304399365108149,0.0015957463893362602,0.0016741162636071001,1.630439936510863,1.595746389336314,1.6741162636071116,1.630439936510815,2.7173998941847715,0.48301305775821674,31.1,0.0
Bernoulli(0.1),1000000,Common-clock Efficient betting,30,1.0,0.00154515606444498,0.0015412731721778999,0.00155002730278316,1.5451560644450353,1.5412731721779218,1.5500273027832134,1.54515606444498,2.575260107408392,1.9900693624590835,123.0,0.0
Bernoulli(0.1),1000000,Common-clock STaR betting,30,1.0,0.0015846277951611332,0.00154862895403282,0.0016079127011525299,1.5846277951611811,1.5486289540328644,1.6079127011526113,1.5846277951611334,2.641046325268635,0.4799372652856012,123.0,0.0
Bernoulli(0.1),1000000,Efficient betting,30,1.0,0.00154546929611292,0.0015421673907424001,0.0015491603709406698,1.5454692961129786,1.5421673907424105,1.5491603709406818,1.54546929611292,2.5757821601882975,2.1976560706583164,31.0,0.0
Bernoulli(0.1),1000000,Gaffke,20,1.0,0.001546953753004145,0.00154531580134238,0.00154850983930979,1.5469537530041926,1.5453158013423922,1.5485098393098473,1.546953753004145,2.5782562550069876,0.0005663522460963,0.0,0.0
Bernoulli(0.1),1000000,Regularized Efficient betting,20,1.0,0.00154438362782009,0.0014969387578245201,0.00159936493142951,1.5443836278201473,1.4969387578245537,1.5993649314295586,1.54438362782009,2.5739727130335788,2.1191323696402833,31.0,0.0
Bernoulli(0.1),1000000,STaR betting,30,1.0,0.0015853601441391967,0.00154774285587281,0.0016083082550657,1.5853601441392482,1.5477428558728996,1.6083082550657464,1.5853601441391967,2.642266906898747,0.4464288807008415,31.0,0.0
Bernoulli(0.1),1000000,Square-root feedback,20,1.0,0.001582588369824975,0.00154774285587281,0.00160830825506569,1.5825883698250298,1.547742855872897,1.6083082550657368,1.582588369824975,2.6376472830417166,0.2826769011371652,31.0,0.0
Bernoulli(0.1),1000000,Squared-hinge feedback,20,1.0,0.001593976099599705,0.00155129696179642,0.00162791834336857,1.5939760995997545,1.5512969617965018,1.6279183433686575,1.593976099599705,2.656626832666258,0.2826769011371652,31.0,0.0
Bernoulli(0.1),1000000,Target-capped feedback,20,1.0,0.0015508515049678,0.00154719242379105,0.0015552981143695,1.5508515049678546,1.54719242379113,1.555298114369592,1.5508515049678,2.584752508279758,0.2826769011371652,31.0,0.0
Bernoulli(0.1),3000000,Capped original feedback,15,1.0,0.0009236998530722534,0.00091436004583418,0.0009414651661647201,1.5998950764651414,1.583718055795958,1.630665501353706,1.5998950764650497,2.666491794108569,1.4334463793978405,31.0,0.0
Bernoulli(0.1),3000000,Common-clock Efficient betting,30,1.0,0.0008925444073838734,0.00089134613309476,0.00089363860434902,1.5459322616003928,1.5438567896503024,1.5478274663375409,1.5459322616003228,2.5765537693339886,4.883355484421675,123.0,0.0
Bernoulli(0.1),3000000,Common-clock STaR betting,30,1.0,0.0009132209925325201,0.0008967411401016501,0.00092674127365492,1.5817451576048938,1.5532012158933308,1.6051629714414617,1.581745157604803,2.6362419293414896,1.4866951054738213,123.0,0.0
Bernoulli(0.1),3000000,Efficient betting,30,1.0,0.0008925665579022267,0.0008916996164742999,0.00089347418769379,1.5459706274236011,1.5444690408233366,1.5475426883370105,1.5459706274235248,2.5766177123726686,10.237067583172271,31.0,0.0
Bernoulli(0.1),3000000,Gaffke,15,1.0,0.0008927715983329334,0.00089213898740464,0.00089329970351576,1.5463257678672144,1.545230053598006,1.547240472875592,1.5463257678671143,2.5772096131120246,0.0012974997982382332,0.0,0.0
Bernoulli(0.1),3000000,Regularized Efficient betting,15,1.0,0.0008925298210735999,0.00087684050612098,0.0009088395254835001,1.5459069973699051,1.5187323067359935,1.574156234064329,1.5459069973698343,2.576511662283175,8.563512482183675,31.0,0.0
Bernoulli(0.1),3000000,STaR betting,30,1.0,0.0009134018981969867,0.00089706191499222,0.00092687135891654,1.58205849540712,1.5537568143016494,1.6053882857239627,1.582058495407036,2.6367641590118667,1.3964662241749466,31.0,0.0
Bernoulli(0.1),3000000,Square-root feedback,15,1.0,0.0009138880310152933,0.00089921925534004,0.00092675044975478,1.5829005021476508,1.5574934373933145,1.6051788649125949,1.58290050214757,2.638167503579418,0.82957729078189,31.0,0.0
Bernoulli(0.1),3000000,Squared-hinge feedback,15,1.0,0.0009185159174763733,0.0008967113546569,0.00093598717808472,1.5909162366298952,1.5531496259897202,1.621177347675823,1.5909162366298206,2.6515270610498254,0.82957729078189,31.0,0.0
Bernoulli(0.1),3000000,Target-capped feedback,15,1.0,0.0008943502665168999,0.0008935034449124,0.0008953570624585601,1.5490601013701086,1.5475933633262158,1.5508039230939472,1.5490601013700374,2.5817668356168473,0.82957729078189,31.0,0.0
Bernoulli(0.1),10000000,Capped original feedback,10,1.0,0.0005034151209811499,0.00049779677647438,0.00050893106768433,1.5919383908697982,1.5741716255488114,1.6093813459039614,1.5919383908696527,2.6532306514496637,4.750917464803206,31.0,0.0
Bernoulli(0.1),10000000,Common-clock Efficient betting,30,1.0,0.0004888269476459667,0.0004883455249198401,0.0004891599131960201,1.5458065362293059,1.5442841438975068,1.546859465749907,1.5458065362291384,2.576344227048843,15.751762745079274,123.0,0.0
Bernoulli(0.1),10000000,Common-clock STaR betting,30,1.0,0.00049968684617151,0.00048712995469618,0.00050752826987653,1.580148550728317,1.5404401733348645,1.6049453097347037,1.5801485507281596,2.6335809178805287,3.7911826798226684,123.0,0.0
Bernoulli(0.1),10000000,Efficient betting,30,1.0,0.0004888179412652433,0.00048854733795908,0.0004890406607069399,1.5457780555527372,1.5449223327630341,1.5464823562675607,1.545778055552578,2.576296759254562,26.88554791645147,31.0,0.0
Bernoulli(0.1),10000000,Gaffke,10,1.0,0.00048885293019457,0.00048872074049336,0.00048896492123157,1.5458887002623012,1.5454706797232993,1.5462428470166825,1.5458887002621409,2.5764811671038355,0.00342310030828226,0.0,0.0
Bernoulli(0.1),10000000,Regularized Efficient betting,10,1.0,0.00048752762318686005,0.00047726505196665997,0.0004999224417290399,1.54169771151899,1.5092446118133764,1.580893569296868,1.541697711518795,2.5694961858649834,19.305064497329294,31.0,0.0
Bernoulli(0.1),10000000,STaR betting,30,1.0,0.00049973589023985,0.00048705742562233,0.00050763271628953,1.5803036416899656,1.5402108162647594,1.6052755982930702,1.580303641689835,2.6338394028166094,6.87314595359688,31.0,0.0
Bernoulli(0.1),10000000,Square-root feedback,10,1.0,0.00050079206328911,0.00049528918844408,0.00050698845136278,1.5836435541289615,1.5662419359399522,1.6032382537079184,1.5836435541287819,2.6394059235482694,2.7316120706513174,31.0,0.0
Bernoulli(0.1),10000000,Squared-hinge feedback,10,1.0,0.0005046369233689399,0.00049784388114827,0.0005126848112166299,1.5958020692658186,1.5743205836068328,1.6212517252179988,1.5958020692657013,2.6596701154430313,2.7316120706513174,31.0,0.0
Bernoulli(0.1),10000000,Target-capped feedback,10,1.0,0.00048952646037786,0.0004891212363161999,0.00048974204665351,1.5480185897143595,1.5467371587167387,1.5487003333777989,1.548018589714208,2.5800309828572656,2.7316120706513174,31.0,0.0
Bernoulli(0.5),1000,Capped original feedback,50,1.0,0.08739284679050063,0.08658971813895008,0.08873556609769252,2.7636044706411815,2.738207312710787,2.8060649833312796,2.76360447064118,2.7636044706411815,0.001263580842642058,31.0,0.0
Bernoulli(0.5),1000,Common-clock Efficient betting,30,1.0,0.08119206295578486,0.07997830210877034,0.08214008586900506,2.5675184686806323,2.5291359805676223,2.597497585478671,2.567518468680631,2.5675184686806323,0.019016354329263123,123.0,0.0
Bernoulli(0.5),1000,Common-clock STaR betting,30,1.0,0.08338721230849191,0.08200368701783983,0.08477976039499303,2.636935186268618,2.5931842750795484,2.6809714233151456,2.636935186268617,2.636935186268618,0.0034651434514670998,123.0,0.0
Bernoulli(0.5),1000,Efficient betting,30,1.0,0.0811775406738926,0.07997496425652391,0.08206582790011532,2.5670592338046068,2.529030428411705,2.595149342317577,2.5670592338046054,2.5670592338046068,0.015876191481947854,31.0,0.0
Bernoulli(0.5),1000,Gaffke,50,1.0,0.0822651679166526,0.0822232931003916,0.0822942442335993,2.601453027128311,2.6001288291684523,2.602372501003516,2.6014530271283096,2.601453027128311,0.00018432669457974199,0.0,0.0
Bernoulli(0.5),1000,Regularized Efficient betting,50,1.0,0.08411476350971325,0.07456003814973228,0.09567164847646153,2.659942375371127,2.357795429822006,3.0254031668859658,2.659942375371126,2.659942375371127,0.005446120211854526,31.06,0.0
Bernoulli(0.5),1000,STaR betting,30,1.0,0.08351705505006284,0.08208992475941261,0.08489679017988391,2.6410411742786652,2.5959113519159374,2.684672230058493,2.6410411742786644,2.6410411742786652,0.00137010817416007,31.0,0.0
Bernoulli(0.5),1000,Square-root feedback,50,1.0,0.08346121801132524,0.08158857716108193,0.08490139660705441,2.639275452076567,2.5800573488141345,2.6848178980758384,2.639275452076566,2.639275452076567,0.000587792154401482,31.0,0.0
Bernoulli(0.5),1000,Squared-hinge feedback,50,1.0,0.08397213821885133,0.08140376763591006,0.08603535105138271,2.6554321676604506,2.5742131584857617,2.7206766861453167,2.655432167660449,2.6554321676604506,0.000587792154401482,31.0,0.0
Bernoulli(0.5),1000,Target-capped feedback,50,1.0,0.08297200968427618,0.08281645095545342,0.0830939243173101,2.6238053264386103,2.6188861275086075,2.627660605643519,2.6238053264386094,2.6238053264386103,0.000587792154401482,31.0,0.0
Bernoulli(0.5),3000,Capped original feedback,50,0.98,0.049777554605442115,0.04927162355890344,0.050521910123584465,2.7264289514845848,2.6987179668114396,2.767198982293585,2.726428951484582,2.7264289514845848,0.002268632862251202,31.02,0.0
Bernoulli(0.5),3000,Common-clock Efficient betting,30,0.9666666666666667,0.04703605341497521,0.04676540062984865,0.04726161250464679,2.5762707471399855,2.5614464835734427,2.5886251272863308,2.5762707471399824,2.5762707471399855,0.022927053412422484,123.0,0.0
Bernoulli(0.5),3000,Common-clock STaR betting,30,0.9666666666666667,0.04783209610640538,0.04658477796718461,0.04879621897408214,2.619871801023328,2.5515533728996704,2.672678985306639,2.6198718010233253,2.619871801023328,0.008737691305577706,123.0,0.0
Bernoulli(0.5),3000,Efficient betting,30,0.9666666666666667,0.04702590026612508,0.04676276219316674,0.047247022164669285,2.575714636274493,2.56130197044472,2.5878259814535935,2.5757146362744905,2.575714636274493,0.020504119340330314,31.0,0.0
Bernoulli(0.5),3000,Gaffke,50,0.98,0.04732266656648425,0.047311499754376395,0.04733073351234933,2.5919691959758997,2.5913575644872116,2.592411040797946,2.5919691959758966,2.5919691959758997,0.000187913960544338,0.0,0.0
Bernoulli(0.5),3000,Regularized Efficient betting,50,0.98,0.04843361428684294,0.04382714218913071,0.05226564885167301,2.65281830864084,2.400511440797325,2.8627074858705295,2.6528183086408372,2.65281830864084,0.013876964272931168,31.0,0.0
Bernoulli(0.5),3000,STaR betting,30,0.9666666666666667,0.04786646257640124,0.04663708242695498,0.04883316809115352,2.6217541301071834,2.554418206147103,2.674702771796631,2.6217541301071807,2.6217541301071834,0.007024792705972934,31.0,0.0
Bernoulli(0.5),3000,Square-root feedback,50,0.98,0.047924500879546486,0.04663853124372514,0.048854625173401355,2.6249330188903808,2.5544975611097733,2.675878024593168,2.624933018890378,2.6249330188903808,0.001180846848874298,31.0,0.0
Bernoulli(0.5),3000,Squared-hinge feedback,50,0.98,0.04810592242398344,0.04647265549388152,0.04942206907541538,2.634869886120936,2.545412172116531,2.7069582071183538,2.6348698861209328,2.634869886120936,0.001180846848874298,31.0,0.0
Bernoulli(0.5),3000,Target-capped feedback,50,0.98,0.04757764297402899,0.047528611494817415,0.047619959707163206,2.605934828980289,2.603249264261087,2.6082526119100415,2.6059348289802857,2.605934828980289,0.001180846848874298,31.0,0.0
Bernoulli(0.5),10000,Capped original feedback,50,1.0,0.026875145583862284,0.026621375552061722,0.02727663387039825,2.6875145583862325,2.6621375552061752,2.727663387039826,2.6875145583862285,2.6875145583862325,0.0055701942194718405,31.0,0.0
Bernoulli(0.5),10000,Common-clock Efficient betting,30,1.0,0.02574179804232324,0.02563085061498984,0.02582857388907927,2.5741798042323287,2.5630850614989913,2.5828573889079336,2.574179804232324,2.5741798042323287,0.04864669555487728,123.0,0.0
Bernoulli(0.5),10000,Common-clock STaR betting,30,1.0,0.026199873179403154,0.025134683043484547,0.026810312823902338,2.6199873179403195,2.513468304348456,2.681031282390235,2.6199873179403155,2.6199873179403195,0.01712475377134974,123.0,0.0
Bernoulli(0.5),10000,Efficient betting,30,1.0,0.025742309912946175,0.02563477483195864,0.02582760384605018,2.574230991294623,2.56347748319587,2.582760384605023,2.5742309912946175,2.574230991294623,0.04638297826362148,31.0,0.0
Bernoulli(0.5),10000,Gaffke,50,1.0,0.02585244322070811,0.02585128106049235,0.02585332180933494,2.5852443220708166,2.5851281060492393,2.585332180933503,2.5852443220708112,2.5852443220708166,0.00020265559782268598,0.0,0.0
Bernoulli(0.5),10000,Regularized Efficient betting,50,1.0,0.026258470923572644,0.023858099003112473,0.02827877434933309,2.6258470923572697,2.3858099003112567,2.827877434933317,2.6258470923572643,2.6258470923572697,0.03168901134282345,31.02,0.0
Bernoulli(0.5),10000,STaR betting,30,1.0,0.026208308861501592,0.025142724522533792,0.02681721010015933,2.620830886150164,2.51427245225338,2.68172101001594,2.6208308861501592,2.620830886150164,0.010131288971751869,31.0,0.0
Bernoulli(0.5),10000,Square-root feedback,50,1.0,0.026241936523123444,0.02538098162448549,0.02682068594115219,2.6241936523123495,2.5380981624485557,2.682068594115226,2.6241936523123446,2.6241936523123495,0.003298873799212692,31.0,0.0
Bernoulli(0.5),10000,Squared-hinge feedback,50,1.0,0.02636423815701254,0.02527205060870851,0.02711730044731065,2.6364238157012583,2.527205060870858,2.711730044731073,2.636423815701254,2.6364238157012583,0.003298873799212692,31.0,0.0
Bernoulli(0.5),10000,Target-capped feedback,50,1.0,0.025942779224980762,0.02591951462281454,0.02595767419021262,2.594277922498081,2.5919514622814597,2.5957674190212687,2.594277922498076,2.594277922498081,0.003298873799212692,31.0,0.0
Bernoulli(0.5),30000,Capped original feedback,40,1.0,0.01543875422307513,0.01526235747166422,0.01568490616547034,2.674070671993477,2.6435178584200933,2.716705439054498,2.6740706719934693,2.674070671993477,0.015162476968544012,31.0,0.0
Bernoulli(0.5),30000,Common-clock Efficient betting,30,1.0,0.014873723874992688,0.01484079717029577,0.01490011507712457,2.5762045449237667,2.5705014723776842,2.580775635220296,2.576204544923757,2.5762045449237667,0.11279315928307668,123.0,0.0
Bernoulli(0.5),30000,Common-clock STaR betting,30,1.0,0.015099039194992173,0.01476592532244335,0.015402180159151919,2.6152303031200406,2.557533287923981,2.6677358582980464,2.615230303120032,2.6152303031200406,0.04096320684378342,123.0,0.0
Bernoulli(0.5),30000,Efficient betting,30,1.0,0.014873538875619463,0.01484024657505759,0.01489876722182267,2.576172502092388,2.5704061064849806,2.580542179833876,2.576172502092378,2.576172502092388,0.13580850724441307,31.0,0.0
Bernoulli(0.5),30000,Gaffke,40,1.0,0.014903672486586025,0.01490337572095938,0.01490393817172806,2.5813917966133477,2.581340395299021,2.581437814629836,2.581391796613338,2.5813917966133477,0.00021255477186055,0.0,0.0
Bernoulli(0.5),30000,Regularized Efficient betting,40,1.0,0.015103566183880788,0.01421514626692542,0.01607674401709248,2.616014400596079,2.4621355571337955,2.7845737457883266,2.6160144005960704,2.616014400596079,0.10583860288606953,31.0,0.0
Bernoulli(0.5),30000,STaR betting,30,1.0,0.015100337146971027,0.014764537790435229,0.01540409623196741,2.615455114997355,2.557292960330462,2.668067731844789,2.615455114997348,2.615455114997355,0.023889539064839437,31.0,0.0
Bernoulli(0.5),30000,Square-root feedback,40,1.0,0.015085772701872313,0.0147061090702351,0.015451687735322071,2.612932479107855,2.5471728091296706,2.6763108220266787,2.6129324791078465,2.612932479107855,0.009318220155910195,31.0,0.0
Bernoulli(0.5),30000,Squared-hinge feedback,40,1.0,0.015118240694440812,0.01455829841420338,0.01565883404055436,2.6185561003826954,2.5215712525149736,2.7121896145529263,2.6185561003826874,2.6185561003826954,0.009318220155910195,31.0,0.0
Bernoulli(0.5),30000,Target-capped feedback,40,1.0,0.014935944781047285,0.01492480641314968,0.01494391470297578,2.586981521981719,2.5850523000705086,2.58836195295297,2.5869815219817105,2.586981521981719,0.009318220155910195,31.0,0.0
Bernoulli(0.5),100000,Capped original feedback,40,1.0,0.00840541394283152,0.00830096596074918,0.008570611674545479,2.658025273588407,2.624995921549547,2.710265383239362,2.6580252735883936,2.658025273588407,0.049116402874642466,31.025,0.0
Bernoulli(0.5),100000,Common-clock Efficient betting,30,1.0,0.008146528786905147,0.00814139411468209,0.00815251964565171,2.576158599074891,2.5745348731485644,2.5780530749528454,2.5761585990748754,2.576158599074891,0.28898197736901543,123.0,0.0
Bernoulli(0.5),100000,Common-clock STaR betting,30,1.0,0.00831858406759562,0.008086034750092449,0.00850872229950317,2.6305672561190385,2.557028704956274,2.6906942444295643,2.630567256119024,2.6305672561190385,0.07080030847961699,123.0,0.0
Bernoulli(0.5),100000,Efficient betting,30,1.0,0.008146578648365604,0.00814143754194065,0.00815245209165446,2.5761743666531416,2.5745486060535363,2.578031712503199,2.576174366653126,2.5761743666531416,0.35429385686293247,31.0,0.0
Bernoulli(0.5),100000,Gaffke,40,1.0,0.008155287689456826,0.00815521692121943,0.00815533006763721,2.5789284072615706,2.5789060283799503,2.5789418084188775,2.578928407261552,2.5789284072615706,0.00023662000457984,0.0,0.0
Bernoulli(0.5),100000,Regularized Efficient betting,40,1.0,0.008229955321230263,0.00794124480435184,0.00858396345200969,2.6025403856510487,2.5112421038730193,2.7144875859992337,2.602540385651034,2.6025403856510487,0.33070242323447013,31.0,0.0
Bernoulli(0.5),100000,STaR betting,30,1.0,0.00831894515689032,0.008086941898918919,0.00850902870185528,2.630681442580036,2.5573155706031097,2.690791137360866,2.6306814425800193,2.630681442580036,0.064889471217369,31.0,0.0
Bernoulli(0.5),100000,Square-root feedback,40,1.0,0.008306946818180689,0.00808665962132664,0.00849542841215679,2.6268872347339753,2.5572263065906995,2.6864903481323417,2.6268872347339594,2.6268872347339753,0.02979291166739127,31.0,0.0
Bernoulli(0.5),100000,Squared-hinge feedback,40,1.0,0.008351389776117638,0.00802152319125633,0.00861389898496452,2.6409413320375563,2.5366283588232745,2.7239540327100573,2.6409413320375412,2.6409413320375563,0.02979291166739127,31.0,0.0
Bernoulli(0.5),100000,Target-capped feedback,40,1.0,0.008166929622622613,0.00816157911994746,0.00817127075337156,2.582609909778701,2.5809179322706717,2.5839826958574292,2.5826099097786863,2.582609909778701,0.02979291166739127,31.0,0.0
Bernoulli(0.5),300000,Capped original feedback,30,1.0,0.004803980055918683,0.0047709536496928304,0.0048386861040963704,2.6312482424316217,2.613158934748401,2.6502575279003837,2.631248242431592,2.6312482424316217,0.14525547739661607,31.0,0.0
Bernoulli(0.5),300000,Common-clock Efficient betting,30,1.0,0.004703083621888104,0.00470018907751597,0.00470513621381701,2.575984989541238,2.5743995822949164,2.5771092404420437,2.5759849895412117,2.575984989541238,0.724791623512283,123.0,0.0
Bernoulli(0.5),300000,Common-clock STaR betting,30,1.0,0.004791441788783037,0.00459917605442638,0.00488680595671276,2.6243807506894004,2.51907247094696,2.6766138566422293,2.6243807506893733,2.6243807506894004,0.17975441248466567,123.0,0.0
Bernoulli(0.5),300000,Efficient betting,30,1.0,0.00470308780069851,0.00470009073253976,0.00470523917221885,2.5759872783699573,2.574345716533043,2.5771656330812176,2.575987278369935,2.5759872783699573,0.9717871659900993,31.0,0.0
Bernoulli(0.5),300000,Gaffke,30,1.0,0.0047060935710681795,0.00470607452166177,0.00470610259663442,2.5776336066041146,2.577623172814534,2.5776385501103447,2.577633606604084,2.5776336066041146,0.00029953920554053,0.0,0.0
Bernoulli(0.5),300000,Regularized Efficient betting,30,1.0,0.004741736524095476,0.00452493031381523,0.004930883046499901,2.5971560559932576,2.4784064040155678,2.7007558729878034,2.5971560559932314,2.5971560559932576,0.9150486306597789,31.0,0.0
Bernoulli(0.5),300000,STaR betting,30,1.0,0.004791509578082383,0.0045994421043290806,0.004886885353727811,2.624417880417811,2.5192181924800834,2.676657344178362,2.6244178804177825,2.624417880417811,0.17140141553245478,31.0,0.0
Bernoulli(0.5),300000,Square-root feedback,30,1.0,0.004791521650163946,0.0045994421043290806,0.00488690346185411,2.6244244925691995,2.5192181924800834,2.6766672624076095,2.6244244925691707,2.6244244925691995,0.08657271006425916,31.0,0.0
Bernoulli(0.5),300000,Squared-hinge feedback,30,1.0,0.004809074416726849,0.004585118585985311,0.00493322242786044,2.6340385387623235,2.5113728783803966,2.7020372049295895,2.6340385387622955,2.6340385387623235,0.08657271006425916,31.0,0.0
Bernoulli(0.5),300000,Target-capped feedback,30,1.0,0.004711526170397279,0.00470972018665881,0.00471317429965084,2.5806091638025475,2.579619985770491,2.5815118813724096,2.5806091638025195,2.5806091638025475,0.08657271006425916,31.0,0.0
Bernoulli(0.5),1000000,Capped original feedback,20,1.0,0.002620887727211375,0.00260392490053071,0.00264544622325412,2.6208877272114153,2.6039249005307354,2.6454462232541442,2.620887727211375,2.6208877272114153,0.4789580952987308,31.0,0.0
Bernoulli(0.5),1000000,Common-clock Efficient betting,30,1.0,0.0025758671106438967,0.0025753356130621603,0.0025767862502022,2.575867110643941,2.575335613062241,2.576786250202229,2.575867110643897,2.575867110643941,1.9392245717036227,123.0,0.0
Bernoulli(0.5),1000000,Common-clock STaR betting,30,1.0,0.0026490655267303698,0.00255806365591957,0.0026874178284802502,2.6490655267304097,2.558063655919602,2.687417828480298,2.6490655267303698,2.6490655267304097,0.5182346557887892,123.0,0.0
Bernoulli(0.5),1000000,Efficient betting,30,1.0,0.002575865076145013,0.00257534324245722,0.00257685186301985,2.5758650761450697,2.5753432424572567,2.57685186301988,2.5758650761450133,2.5758650761450697,2.7699388715748987,31.0,0.0
Bernoulli(0.5),1000000,Gaffke,20,1.0,0.00257682306143164,0.00257682042462574,0.00257682434997792,2.5768230614316936,2.576820424625809,2.576824349977936,2.5768230614316403,2.5768230614316936,0.000569240207550985,0.0,0.0
Bernoulli(0.5),1000000,Regularized Efficient betting,20,1.0,0.00259165379966316,0.00252285676029841,0.00271967418251292,2.5916537996632045,2.5228567602984864,2.7196741825129434,2.59165379966316,2.5916537996632045,2.6615625516744332,31.0,0.0
Bernoulli(0.5),1000000,STaR betting,30,1.0,0.00264907137593158,0.00255801711659419,0.00268744910899919,2.6490713759316273,2.5580171165942467,2.6874491089992287,2.64907137593158,2.6490713759316273,0.4921015807893127,31.0,0.0
Bernoulli(0.5),1000000,Square-root feedback,20,1.0,0.0026561370450362597,0.00260850093323583,0.00268646757991187,2.6561370450363135,2.6085009332358466,2.6864675799119224,2.65613704503626,2.6561370450363135,0.2805995092239754,31.0,0.0
Bernoulli(0.5),1000000,Squared-hinge feedback,20,1.0,0.002680119281696845,0.00262342785049962,0.00272080444038557,2.680119281696902,2.623427850499649,2.720804440385627,2.680119281696845,2.680119281696902,0.2805995092239754,31.0,0.0
Bernoulli(0.5),1000000,Target-capped feedback,20,1.0,0.0025793800022578,0.00257851805709203,0.00258003067763435,2.5793800022578526,2.578518057092122,2.5800306776343818,2.5793800022578,2.5793800022578526,0.2805995092239754,31.0,0.0
Bernoulli(0.5),3000000,Capped original feedback,15,1.0,0.0015119602095760066,0.00150143154953056,0.0015289748079022202,2.618791902008213,2.6005557278739366,2.648262050779619,2.618791902008131,2.618791902008213,1.426095185665569,31.0,0.0
Bernoulli(0.5),3000000,Common-clock Efficient betting,30,1.0,0.00148716499439334,0.00148694671137921,0.0014874294977695699,2.575845329527217,2.575467252256287,2.57630346281368,2.5758453295271493,2.575845329527217,5.649333337834105,123.0,0.0
Bernoulli(0.5),3000000,Common-clock STaR betting,30,1.0,0.0015174244349169068,0.0014771813357010901,0.00154808036863791,2.628256217922659,2.5585531254268306,2.681353852680924,2.6282562179225755,2.628256217922659,1.3095238065502295,123.0,0.0
Bernoulli(0.5),3000000,Efficient betting,30,1.0,0.0014871595617676067,0.00148694406847929,0.00148745911040316,2.575835919943439,2.575462674619326,2.576354753399517,2.5758359199433607,2.575835919943439,6.848155317036435,31.0,0.0
Bernoulli(0.5),3000000,Gaffke,15,1.0,0.0014874879919688998,0.0014874878267272,0.0014874881256859201,2.576404777738808,2.5764044915318105,2.576405009343472,2.5764047777387407,2.576404777738808,0.00123990513772388,0.0,0.0
Bernoulli(0.5),3000000,Regularized Efficient betting,15,1.0,0.0014936017465631067,0.00145603357506614,0.0015447223204007,2.5869941113209927,2.521924129540823,2.675537542519729,2.586994111320914,2.5869941113209927,7.801087302093705,31.0,0.0
Bernoulli(0.5),3000000,STaR betting,30,1.0,0.00151742869292032,0.0014771857405343702,0.00154807199945036,2.628263593000918,2.55856075482193,2.681339356822901,2.628263593000826,2.628263593000918,1.3494993643369526,31.0,0.0
Bernoulli(0.5),3000000,Square-root feedback,15,1.0,0.0015227638000048,0.00148209917988354,0.00154796330470588,2.63750426953505,2.567071081414522,2.681151092002864,2.637504269534966,2.63750426953505,0.8270198348337241,31.0,0.0
Bernoulli(0.5),3000000,Squared-hinge feedback,15,1.0,0.0015302194217159,0.00146752045122112,0.00157059360247232,2.650417785140692,2.541819982661492,2.7203479175247227,2.6504177851406046,2.650417785140692,0.8270198348337241,31.0,0.0
Bernoulli(0.5),3000000,Target-capped feedback,15,1.0,0.0014886466023734668,0.00148827200688956,0.0014890627770711199,2.578411549825718,2.5777627314152687,2.579132385546915,2.5784115498256286,2.578411549825718,0.8270198348337241,31.0,0.0
Bernoulli(0.5),10000000,Capped original feedback,10,1.0,0.0008250212564072801,0.00081994654200943,0.00083135995537712,2.6089462883009205,2.5928986323290006,2.628991014447683,2.60894628830079,2.6089462883009205,4.733276034501614,31.0,0.0
Bernoulli(0.5),10000000,Common-clock Efficient betting,30,0.9666666666666667,0.0008145560681200666,0.00081449200896386,0.00081463877117747,2.575852457170861,2.5756498843322277,2.5761139872017362,2.57585245717068,2.575852457170861,18.388231289588536,123.0,0.0
Bernoulli(0.5),10000000,Common-clock STaR betting,30,0.9666666666666667,0.0008330145899026566,0.0008126430380590699,0.00084799664050945,2.6342234282436654,2.5698029249458365,2.6816008321810165,2.6342234282434953,2.6342234282436654,4.479961230931804,123.0,0.0
Bernoulli(0.5),10000000,Efficient betting,30,0.9666666666666667,0.0008145518862344999,0.0008144641059771299,0.00081465219606591,2.5758392328875415,2.57556164734072,2.576156440426469,2.5758392328873745,2.5758392328875415,25.250937152762585,31.0,0.0
Bernoulli(0.5),10000000,Gaffke,10,1.0,0.0008146485689294001,0.00081464854127783,0.0008146485906534801,2.576144970413755,2.5761448829719362,2.5761450391113923,2.576144970413582,2.576144970413755,0.00337708590086545,0.0,0.0
Bernoulli(0.5),10000000,Regularized Efficient betting,10,1.0,0.00081454876854287,0.00079229590542916,0.00084116751916627,2.575829373880964,2.5054596419816986,2.660005254319049,2.575829373880782,2.575829373880964,25.7702309708111,31.0,0.0
Bernoulli(0.5),10000000,STaR betting,30,0.9666666666666667,0.00083301700252919,0.00081264496816028,0.0008479860249539301,2.634231057638661,2.5698090284615707,2.6815672628470395,2.6342310576384844,2.634231057638661,6.3023256798740475,31.0,0.0
Bernoulli(0.5),10000000,Square-root feedback,10,1.0,0.00083613670911731,0.00082579901320296,0.00084561495740952,2.6440964360885273,2.6114057712409893,2.674069288920637,2.6440964360883763,2.6440964360885273,2.7351521934237097,31.0,0.0
Bernoulli(0.5),10000000,Squared-hinge feedback,10,1.0,0.0008421554883333999,0.00082957839215333,0.00085380727180979,2.663129487145066,2.6233572168649473,2.699975661733435,2.663129487144903,2.663129487145066,2.7351521934237097,31.0,0.0
Bernoulli(0.5),10000000,Target-capped feedback,10,1.0,0.0008151980066508901,0.00081490318517649,0.0008154112867970201,2.57788244504603,2.5769501376837263,2.578556896087381,2.5778824450459035,2.57788244504603,2.7351521934237097,31.0,0.0
"Beta(0.5,0.5)",1000,Capped original feedback,50,1.0,0.06393744553418017,0.06117043029221165,0.06729058736571274,2.021879556609706,1.9343788517594809,2.1279152116620206,2.0218795566097048,2.859369490442346,0.0013415659929159479,31.14,0.0
"Beta(0.5,0.5)",1000,Common-clock Efficient betting,30,1.0,0.05761345475356961,0.056649124345271744,0.05858858090875428,1.8218974089233506,1.7914026038515358,1.8527336054872139,1.821897408923349,2.576552024951803,0.008155354407305469,123.0,0.0
"Beta(0.5,0.5)",1000,Common-clock STaR betting,30,1.0,0.05850214668965366,0.056771906501112065,0.059996062948937355,1.8500003154858544,1.7952853165363478,1.8972420956148064,1.8500003154858526,2.6162955365546003,0.003022650598237857,123.0,0.0
"Beta(0.5,0.5)",1000,Efficient betting,30,1.0,0.05784421793676698,0.0567638248439283,0.05883832251902732,1.829194781513494,1.7950297520966556,1.8606311286370225,1.8291947815134928,2.586872068238473,0.005824914729843487,31.0,0.0
"Beta(0.5,0.5)",1000,Gaffke,50,1.0,0.05867176736093663,0.05794072688595285,0.059522030219386825,1.855364192080863,1.8322466624536609,1.8822518645063444,1.8553641920808617,2.623881203582157,0.015977853285148693,0.0,0.0
"Beta(0.5,0.5)",1000,Regularized Efficient betting,50,1.0,0.059648694180244224,0.05511632414506276,0.06481812248911381,1.8862573306440205,1.7429312055453106,2.0497290072138226,1.8862573306440193,2.6675706991224457,0.004013932785019231,31.06,0.0
"Beta(0.5,0.5)",1000,STaR betting,30,1.0,0.05852959094022441,0.05665041070271873,0.05995111789124153,1.850868178890654,1.7914432820457118,1.8958208080959393,1.8508681788906525,2.6175228807519546,0.0012430839706211734,31.0,0.0
"Beta(0.5,0.5)",1000,Square-root feedback,50,0.98,0.05868451958574573,0.05655659683504006,0.060232532716121244,1.855767452837176,1.7884766270659715,1.9047199262355126,1.8557674528371744,2.624451500412907,0.000594297816278362,31.0,0.0
"Beta(0.5,0.5)",1000,Squared-hinge feedback,50,0.98,0.05880714783211536,0.05559649849426493,0.06073978230591076,1.859645298477179,1.7581156517199896,1.9207605666947247,1.8596452984771772,2.6299356023097884,0.000594297816278362,31.0,0.0
"Beta(0.5,0.5)",1000,Target-capped feedback,50,1.0,0.059569335804335294,0.05849577406253926,0.0605946063016432,1.8837477984511801,1.8497987953222503,1.9161696983438448,1.8837477984511788,2.664021684660119,0.000594297816278362,31.0,0.0
"Beta(0.5,0.5)",3000,Capped original feedback,50,0.98,0.03596454211331465,0.03476886930951218,0.03678843702491863,1.9698590985806985,1.9043694019768929,2.0149856813906197,1.9698590985806954,2.785801453176863,0.002258276692591564,31.04,0.0
"Beta(0.5,0.5)",3000,Common-clock Efficient betting,30,0.9666666666666667,0.03334207849649961,0.03292999558418215,0.03369291602750104,1.8262208506640794,1.8036501400002105,1.845437013638969,1.826220850664077,2.5826662948976717,0.020295785879716224,123.0,0.0
"Beta(0.5,0.5)",3000,Common-clock STaR betting,30,0.9666666666666667,0.03372209852003123,0.03273961229139327,0.03456125045928631,1.847035404583271,1.7932224175969538,1.8929976492136922,1.8470354045832684,2.6121025193449388,0.00780524178408082,123.0,0.0
"Beta(0.5,0.5)",3000,Efficient betting,30,0.9666666666666667,0.033418727616208406,0.03300518549515469,0.03378826293643651,1.8304190958518214,1.8077684610338556,1.8506593789202026,1.8304190958518194,2.5886035101803437,0.016472381073981482,31.0,0.0
"Beta(0.5,0.5)",3000,Gaffke,50,0.98,0.033644958078791566,0.03337002181561025,0.03393883992850924,1.8428102486069842,1.827751369284924,1.8589068204401544,1.8428102486069817,2.6061272464601317,0.1449905351339839,0.0,0.0
"Beta(0.5,0.5)",3000,Regularized Efficient betting,50,0.98,0.033901946867873824,0.031189912637866562,0.036840348249591696,1.856886104287613,1.7083418718374985,2.0178289762647355,1.856886104287611,2.6260335124656837,0.011983300289139109,31.02,0.0
"Beta(0.5,0.5)",3000,STaR betting,30,0.9666666666666667,0.03370722527967545,0.032688203911019585,0.03458592004355324,1.8462207636586652,1.7904066646394023,1.8943488579924184,1.8462207636586627,2.6109504431008967,0.004888883326202576,31.0,0.0
"Beta(0.5,0.5)",3000,Square-root feedback,50,0.98,0.033967249102849914,0.03314713294093658,0.03483259954546782,1.860462855002804,1.8155432428373557,1.9078600507596934,1.8604628550028017,2.6310918018363343,0.001190875214233478,31.0,0.0
"Beta(0.5,0.5)",3000,Squared-hinge feedback,50,0.98,0.03413830706558457,0.03310349108394279,0.03516229833786487,1.8698320854858688,1.8131528798846641,1.9259183973375005,1.8698320854858665,2.6443418946544837,0.001190875214233478,31.0,0.0
"Beta(0.5,0.5)",3000,Target-capped feedback,50,0.98,0.03394240083023351,0.03357289908174936,0.03433217483518347,1.8591018590600996,1.8388634147918628,1.8804506605441242,1.8591018590600974,2.6291670629158266,0.001190875214233478,31.0,0.0
"Beta(0.5,0.5)",10000,Capped original feedback,50,1.0,0.01924545854100978,0.01881617518796914,0.01974280475616092,1.9245458541009837,1.8816175187969213,1.9742804756160939,1.924545854100978,2.721718848278522,0.005522219419944982,31.0,0.0
"Beta(0.5,0.5)",10000,Common-clock Efficient betting,30,1.0,0.018228167122813388,0.018133895218108948,0.018327193953451622,1.8228167122813437,1.8133895218108957,1.8327193953451661,1.8228167122813386,2.5778521162286117,0.04968113310945525,123.0,0.0
"Beta(0.5,0.5)",10000,Common-clock STaR betting,30,1.0,0.018504983898785396,0.017682150706630248,0.01897183842033083,1.8504983898785454,1.768215070663034,1.8971838420330844,1.8504983898785397,2.616999920115814,0.013878923297549244,123.0,0.0
"Beta(0.5,0.5)",10000,Efficient betting,30,1.0,0.018250646233560996,0.01815766742187341,0.018350710601688962,1.825064623356105,1.81576674218735,1.8350710601689018,1.8250646233560996,2.5810311425575483,0.03439572077865397,31.0,0.0
"Beta(0.5,0.5)",10000,Gaffke,50,1.0,0.018317560237870605,0.01824000963154856,0.0183878893685542,1.8317560237870645,1.824000963154865,1.8387889368554222,1.8317560237870603,2.5904942117982803,0.000214706782717208,0.0,0.0
"Beta(0.5,0.5)",10000,Regularized Efficient betting,50,1.0,0.018570427855576884,0.01731577495770008,0.02002860991321543,1.8570427855576934,1.7315774957700167,2.002860991321546,1.8570427855576883,2.6262550932428015,0.02626497405581172,31.0,0.0
"Beta(0.5,0.5)",10000,STaR betting,30,1.0,0.01850540291894311,0.017668060021946822,0.01897667354455721,1.8505402918943166,1.7668060021946863,1.8976673544557292,1.850540291894311,2.6170591785148085,0.007401879830285867,31.0,0.0
"Beta(0.5,0.5)",10000,Square-root feedback,50,1.0,0.018561989257646395,0.01786805288429143,0.01899397783531428,1.8561989257646445,1.7868052884291514,1.8993977835314313,1.8561989257646396,2.62506169527873,0.0033458209666422977,31.0,0.0
"Beta(0.5,0.5)",10000,Squared-hinge feedback,50,1.0,0.018657511466611675,0.01773909866223727,0.019246811615609517,1.8657511466611725,1.7739098662237303,1.9246811615609587,1.8657511466611674,2.638570575621383,0.0033458209666422977,31.0,0.0
"Beta(0.5,0.5)",10000,Target-capped feedback,50,1.0,0.01842227010701519,0.01831315011454242,0.018545778898075647,1.8422270107015237,1.8313150114542487,1.854577889807567,1.8422270107015188,2.6053024235041398,0.0033458209666422977,31.0,0.0
"Beta(0.5,0.5)",30000,Capped original feedback,40,1.0,0.010968324640947161,0.01074243912021063,0.011236505111259041,1.8997695552030236,1.8606450353420452,1.9462197752208081,1.8997695552030145,2.686679870351618,0.015144268950098147,31.0,0.0
"Beta(0.5,0.5)",30000,Common-clock Efficient betting,30,1.0,0.010526854934848019,0.01049246954156342,0.010560636995713711,1.8233047591064029,1.8173490342856875,1.8291559836867806,1.8233047591063933,2.578542318667684,0.10088378332244849,123.0,0.0
"Beta(0.5,0.5)",30000,Common-clock STaR betting,30,1.0,0.01073156117900303,0.010350236767633771,0.01094161728944843,1.858760920656709,1.7927135951909223,1.895143706229878,1.8587609206567008,2.628684903201818,0.035075283904249424,123.0,0.0
"Beta(0.5,0.5)",30000,Efficient betting,30,1.0,0.010534395122230037,0.01049990289374705,0.01056784597434556,1.8246107578708266,1.8186365286509463,1.83040461541288,1.8246107578708177,2.580389279832774,0.11340711906862751,31.0,0.0
"Beta(0.5,0.5)",30000,Gaffke,40,1.0,0.01055122538990587,0.01052479433165397,0.01057003497208351,1.8275258457427774,1.8229478521637668,1.8307837609428539,1.8275258457427703,2.5845118366367963,0.000233043634216255,0.0,0.0
"Beta(0.5,0.5)",30000,Regularized Efficient betting,40,1.0,0.010745046108284282,0.01018453458487137,0.011339611554798859,1.8610965789218703,1.7640131352439683,1.9640783351006816,1.8610965789218614,2.6319880227974783,0.09809508384205398,31.0,0.0
"Beta(0.5,0.5)",30000,STaR betting,30,1.0,0.010729745445738043,0.01034453749281747,0.01094107105837407,1.858446426429914,1.7917264518361036,1.8950490962325401,1.858446426429906,2.6282401412009966,0.02336670413302873,31.0,0.0
"Beta(0.5,0.5)",30000,Square-root feedback,40,1.0,0.010741692816563304,0.01034449695355278,0.010954342109106181,1.8605157717585346,1.791719430229489,1.8973477096463185,1.8605157717585274,2.6311666374299656,0.009356431074775125,31.0,0.0
"Beta(0.5,0.5)",30000,Squared-hinge feedback,40,1.0,0.01079778104741763,0.01033226985157464,0.011086686349475879,1.87023053831317,1.789601634043955,1.9202704044872627,1.8702305383131623,2.6449053920468195,0.009356431074775125,31.0,0.0
"Beta(0.5,0.5)",30000,Target-capped feedback,40,1.0,0.010592867557328668,0.010553161581126359,0.01062916469412859,1.8347384807141363,1.8278612038994777,1.841025329224811,1.8347384807141278,2.5947120428337387,0.009356431074775125,31.0,0.0
"Beta(0.5,0.5)",100000,Capped original feedback,40,1.0,0.0059334308344048655,0.00584911362719195,0.00604315633246319,1.8763155775792875,1.8496521355055733,1.9110138267053562,1.8763155775792733,2.653510937104535,0.04917081620369567,31.025,0.0
"Beta(0.5,0.5)",100000,Common-clock Efficient betting,30,1.0,0.005760146816028724,0.00574830766484607,0.0057706129909681604,1.8215183595617792,1.817774491231753,1.8248280546816151,1.8215183595617652,2.57601596820386,0.32129722281048695,123.0,0.0
"Beta(0.5,0.5)",100000,Common-clock STaR betting,30,1.0,0.005866421245102079,0.0057332601990167705,0.00600984762516667,1.8551252848523638,1.81301606472835,1.9004806886080725,1.8551252848523478,2.6235433377394637,0.07581582559893524,123.0,0.0
"Beta(0.5,0.5)",100000,Efficient betting,30,1.0,0.005762441475921307,0.00575058430820983,0.0057725454541279805,1.822243994733382,1.8184944290767016,1.82543915318955,1.8222439947333655,2.5770421713048752,0.34265130530111493,31.0,0.0
"Beta(0.5,0.5)",100000,Gaffke,40,1.0,0.005769073226960587,0.0057617798745296395,0.00577607487256064,1.8243411385493118,1.8220347780032893,1.8265552532958511,1.824341138549297,2.5800079805316103,0.0002747604477917225,0.0,0.0
"Beta(0.5,0.5)",100000,Regularized Efficient betting,40,0.975,0.00578402778095275,0.00548298261540182,0.006019340238403489,1.8290701837500325,1.7338713435777002,1.9034825164856006,1.8290701837500165,2.5866958603915444,0.29809571889927605,31.0,0.0
"Beta(0.5,0.5)",100000,STaR betting,30,1.0,0.0058655735793620165,0.00574010454135508,0.00601001136127062,1.8548572294090557,1.8151804358158474,1.9005324665104348,1.8548572294090386,2.6231642500960697,0.06018990284452831,31.0,0.0
"Beta(0.5,0.5)",100000,Square-root feedback,40,1.0,0.005855558698728387,0.00565605694101371,0.00601021070794431,1.8516902460793574,1.7886022509208186,1.9005955054637118,1.8516902460793407,2.6186854593194004,0.029910978931366062,31.0,0.0
"Beta(0.5,0.5)",100000,Squared-hinge feedback,40,1.0,0.005879357380491607,0.00562746118344151,0.00608574780632787,1.8592160500474826,1.7795594783861948,1.924482433336941,1.8592160500474695,2.629328553358885,0.029910978931366062,31.0,0.0
"Beta(0.5,0.5)",100000,Target-capped feedback,40,1.0,0.005780945118737845,0.005769067367200839,0.00579088028984326,1.8280953603644285,1.8243392855305913,1.8312371373280905,1.8280953603644128,2.5853172519387053,0.029910978931366062,31.0,0.0
"Beta(0.5,0.5)",300000,Capped original feedback,30,1.0,0.00341470282825089,0.00337030478089839,0.0034637986668697197,1.8703097662097325,1.8459919541656014,1.8972006645009176,1.8703097662097015,2.6450174372126565,0.1450076008312559,31.0,0.0
"Beta(0.5,0.5)",300000,Common-clock Efficient betting,30,1.0,0.0033262308831784235,0.00332305912879496,0.0033287058391880003,1.82185168618718,1.820114444764479,1.8232072754224777,1.8218516861871534,2.5764873632382015,0.7007782944633315,123.0,0.0
"Beta(0.5,0.5)",300000,Common-clock STaR betting,30,1.0,0.00337012496880007,0.0033101853929298,0.0034487467402236002,1.84589346702322,1.813063209231789,1.8889563847428972,1.8458934670231926,2.610487575760131,0.18572536873010295,123.0,0.0
"Beta(0.5,0.5)",300000,Efficient betting,30,1.0,0.00332699463728915,0.00332392871514313,0.00332945468134075,1.8222700115420096,1.8205907368230811,1.8236174331615453,1.8222700115419859,2.577078964628486,1.107427803815032,31.0,0.0
"Beta(0.5,0.5)",300000,Gaffke,30,1.0,0.0033291123300614933,0.00332746917853487,0.00333049181337307,1.8234299196432895,1.8225299284867422,1.8241854937707473,1.823429919643264,2.578719322396423,0.0003949916940958033,0.0,0.0
"Beta(0.5,0.5)",300000,Regularized Efficient betting,30,1.0,0.0033611100557118466,0.00321308752926345,0.00352461467326821,1.8409557957708527,1.759880519016137,1.9305109630627213,1.8409557957708242,2.603504654108493,1.1242338748959204,31.0,0.0
"Beta(0.5,0.5)",300000,STaR betting,30,1.0,0.00337015065754128,0.00330852501915921,0.00344943214175117,1.8459075373262517,1.812153785063744,1.889331794620479,1.8459075373262273,2.610507474173505,0.20886405395964777,31.0,0.0
"Beta(0.5,0.5)",300000,Square-root feedback,30,1.0,0.003370172024013393,0.00330852501915921,0.00344943214175117,1.8459192402250018,1.812153785063744,1.889331794620479,1.8459192402249782,2.6105240245716366,0.08783487705998895,31.0,0.0
"Beta(0.5,0.5)",300000,Squared-hinge feedback,30,1.0,0.003380680802146977,0.0032880264161284103,0.00349159129521439,1.8516751350605893,1.8009262377864343,1.9124233139776508,1.8516751350605587,2.618664089111718,0.08783487705998895,31.0,0.0
"Beta(0.5,0.5)",300000,Target-capped feedback,30,1.0,0.0033333550100954567,0.00333090557282003,0.00333682847427301,1.8257537312021677,1.824412119153198,1.827656225884894,1.8257537312021423,2.5820056882193883,0.08783487705998895,31.0,0.0
"Beta(0.5,0.5)",1000000,Capped original feedback,20,1.0,0.0018592576602844298,0.0018381870343775698,0.00189351701818906,1.8592576602844801,1.8381870343776578,1.8935170181890726,1.85925766028443,2.62938739912038,0.4789955373009434,31.0,0.0
"Beta(0.5,0.5)",1000000,Common-clock Efficient betting,30,1.0,0.0018212611716137367,0.0018198917958550799,0.00182235798785271,1.8212611716137916,1.8198917958550995,1.822357987852802,1.8212611716137368,2.5756522495197367,1.971454593570282,123.0,0.0
"Beta(0.5,0.5)",1000000,Common-clock STaR betting,30,1.0,0.0018590134250209699,0.00180524808386183,0.0019000959192040899,1.8590134250210129,1.8052480838618545,1.9000959192041147,1.85901342502097,2.6290419982983755,0.5173452725168317,123.0,0.0
"Beta(0.5,0.5)",1000000,Efficient betting,30,1.0,0.0018214900990849933,0.00182013734718296,0.0018225962806656,1.821490099085038,1.8201373471830373,1.822596280665695,1.8214900990849934,2.5759760018543734,2.50025573054639,31.0,0.0
"Beta(0.5,0.5)",1000000,Gaffke,20,1.0,0.0018225293852903099,0.00182177847005301,0.00182327676873625,1.8225293852903501,1.821778470053076,1.8232767687363152,1.82252938529031,2.577445774501113,0.0007454257487551749,0.0,0.0
"Beta(0.5,0.5)",1000000,Regularized Efficient betting,20,1.0,0.001822227714860325,0.00173959214358021,0.0018742346428782801,1.8222277148603752,1.7395921435802764,1.8742346428782974,1.822227714860325,2.577019148087675,2.5607608712278305,31.0,0.0
"Beta(0.5,0.5)",1000000,STaR betting,30,1.0,0.0018590928565512567,0.00180565644970285,0.0019000716451548902,1.8590928565513052,1.8056564497028524,1.9000716451549555,1.8590928565512566,2.6291543314457946,0.6045558302818487,31.0,0.0
"Beta(0.5,0.5)",1000000,Square-root feedback,20,1.0,0.0018679040461578,0.00181769118439322,0.0018955572533398898,1.8679040461578533,1.8176911843933108,1.8955572533399523,1.8679040461578,2.6416152352880156,0.2832196738992934,31.0,0.0
"Beta(0.5,0.5)",1000000,Squared-hinge feedback,20,1.0,0.001878920430304525,0.00181474353682921,0.00191688686069246,1.8789204303045814,1.8147435368292442,1.916886860692513,1.8789204303045248,2.6571947551566306,0.2832196738992934,31.0,0.0
"Beta(0.5,0.5)",1000000,Target-capped feedback,20,1.0,0.0018244988303966502,0.00182333208120807,0.00182565524836713,1.8244988303967034,1.8233320812081235,1.8256552483672084,1.82449883039665,2.5802309904808673,0.2832196738992934,31.0,0.0
"Beta(0.5,0.5)",3000000,Capped original feedback,15,0.9333333333333333,0.0010699923882930265,0.0010603233833691799,0.00108138937320852,1.8532811802355622,1.836533972448786,1.8730213371622557,1.8532811802354885,2.6209353799799477,1.428132227404664,31.0,0.0
"Beta(0.5,0.5)",3000000,Common-clock Efficient betting,30,0.9666666666666667,0.0010515897006599534,0.0010513600278428401,0.00105196138350393,1.821406790259272,1.8210089852708669,1.822050563829332,1.821406790259186,2.57585818538311,5.51430077625749,123.0,0.0
"Beta(0.5,0.5)",3000000,Common-clock STaR betting,30,0.9666666666666667,0.0010675015656525233,0.001041705787308,0.00109455740487998,1.8489669488695706,1.8042873501560144,1.895829037052904,1.8489669488694938,2.614834135470948,1.2895790795485178,123.0,0.0
"Beta(0.5,0.5)",3000000,Efficient betting,30,0.9666666666666667,0.0010516689171505467,0.00105141827081664,0.00105201747887076,1.821543997245793,1.8211098650606719,1.822147723854817,1.8215439972456908,2.5760522253643,6.716363299777731,31.0,0.0
"Beta(0.5,0.5)",3000000,Gaffke,15,0.9333333333333333,0.0010519051541679134,0.00105162591974326,0.00105215260223574,1.8219531717624942,1.8214695235518303,1.8223817643882334,1.8219531717623985,2.5766308855151956,0.0018202222068793533,0.0,0.0
"Beta(0.5,0.5)",3000000,Regularized Efficient betting,15,0.9333333333333333,0.0010556624593479667,0.00101976337199608,0.00108320789194188,1.828461015233892,1.7662819719950769,1.8761711040030367,1.8284610152337926,2.585834366014249,7.440061877947301,31.0,0.0
"Beta(0.5,0.5)",3000000,STaR betting,30,0.9666666666666667,0.0010675077870771499,0.00104150112499255,0.00109447114023973,1.8489777246931305,1.8039328646273554,1.8956796223130794,1.8489777246930428,2.6148493747867714,1.370151377810786,31.0,0.0
"Beta(0.5,0.5)",3000000,Square-root feedback,15,0.9333333333333333,0.0010666827558665733,0.00104648469123336,0.00109249940830792,1.8475487287185834,1.812564654559251,1.8922644824283552,1.8475487287184937,2.6128284692989907,0.8366506950483502,31.0,0.0
"Beta(0.5,0.5)",3000000,Squared-hinge feedback,15,0.9333333333333333,0.0010691735750305866,0.0010381679493131999,0.00110608033012198,1.8518629540631024,1.7981596350001225,1.9157873290238894,1.851862954063031,2.6189297052923433,0.8366506950483502,31.0,0.0
"Beta(0.5,0.5)",3000000,Target-capped feedback,15,0.9333333333333333,0.0010525940335035066,0.00105204565549028,0.0010530587042567598,1.8231463457720267,1.822196527191413,1.8239511791255099,1.8231463457719306,2.5783182883817477,0.8366506950483502,31.0,0.0
"Beta(0.5,0.5)",10000000,Capped original feedback,10,1.0,0.0005864729444062499,0.00058210748964349,0.00059167392322897,1.854590290389239,1.8407855103165531,1.8710372295314128,1.8545902903890563,2.622786741313918,4.736991499597207,31.0,0.0
"Beta(0.5,0.5)",10000000,Common-clock Efficient betting,30,1.0,0.0005759623312932766,0.00057584077690563,0.00057604873728666,1.8213528133473909,1.8209684246227076,1.8216260530898463,1.821352813347228,2.5757818505022723,18.526766144065185,123.0,0.0
"Beta(0.5,0.5)",10000000,Common-clock STaR betting,30,0.9666666666666667,0.0005810964236377767,0.00054411336225426,0.0005997074201445301,1.83758823887365,1.720637530056002,1.8964413773605218,1.8375882388734819,2.598742209472406,4.457115955542152,123.0,0.0
"Beta(0.5,0.5)",10000000,Efficient betting,30,1.0,0.00057598752252617,0.00057586483102244,0.0005760755951825,1.821432475020398,1.8210444904190872,1.8217109852139326,1.8214324750202386,2.575894509120641,25.307753846002743,31.0,0.0
"Beta(0.5,0.5)",10000000,Gaffke,10,1.0,0.00057606066515554,0.0005760145274765201,0.00057611091552727,1.8216637723232487,1.8215178721715335,1.8218226779512565,1.8216637723231013,2.5762216129032725,0.00538128798943938,0.0,0.0
"Beta(0.5,0.5)",10000000,Regularized Efficient betting,10,1.0,0.0005787654550816,0.00055655844077352,0.00059106788145475,1.830217069081863,1.7599923238363862,1.869120757167562,1.8302170690817294,2.5883178011823067,25.951263816375285,31.0,0.0
"Beta(0.5,0.5)",10000000,STaR betting,30,0.9666666666666667,0.0005811108098508134,0.00054412598835608,0.00059970759074726,1.837633732073741,1.720677457295686,1.896441916853677,1.837633732073582,2.598806546572971,6.283276301032553,31.0,0.0
"Beta(0.5,0.5)",10000000,Square-root feedback,10,0.9,0.00058108988766059,0.00056217759354058,0.0005941927847296199,1.8375675702989973,1.7777616451006846,1.8790025689838539,1.837567570298837,2.5987129796938175,2.7629181478754616,31.0,0.0
"Beta(0.5,0.5)",10000000,Squared-hinge feedback,10,0.9,0.00058051975490165,0.00054956067569943,0.00059793321528763,1.835764652212081,1.7378634476715535,1.8908308489767485,1.8357646522119109,2.596163268483453,2.7629181478754616,31.0,0.0
"Beta(0.5,0.5)",10000000,Target-capped feedback,10,1.0,0.00057639098521891,0.00057613042278522,0.00057674159460599,1.8227083360803622,1.8218843653170835,1.8238170603127069,1.8227083360802017,2.577698849135346,2.7629181478754616,31.0,0.0
"Beta(1,5)",1000,Capped original feedback,50,1.0,0.02742347209446709,0.02547726250076749,0.02989277558404622,0.8672063316858437,0.8056617804842268,0.9452925642985618,0.8672063316858423,3.07827710799756,0.00138333406415763,31.68,0.0
"Beta(1,5)",1000,Common-clock Efficient betting,30,1.0,0.023323778985741984,0.02224328056427918,0.02457158620504611,0.7375626523731674,0.7033942921727779,0.77702178131119,0.7375626523731658,2.6180876978845355,0.010476240065569627,123.0,0.0
"Beta(1,5)",1000,Common-clock STaR betting,30,1.0,0.0238307423736124,0.02210931801421424,0.02503273597405482,0.7535942423330263,0.6991580243790824,0.7916046174364711,0.7535942423330247,2.674994197036014,0.0036436444924522965,123.0,0.0
"Beta(1,5)",1000,Efficient betting,30,1.0,0.024095592082908773,0.02252946602158153,0.02607695568748667,0.7619695255231264,0.7124442709556988,0.8246257441574006,0.7619695255231247,2.704723503171228,0.005457407903547026,31.066666666666666,0.0
"Beta(1,5)",1000,Gaffke,50,1.0,0.024088241693340593,0.02351344193963485,0.02477952191500203,0.7617370857958763,0.7435603215937379,0.7835972858146396,0.7617370857958748,2.703898423988521,0.018249186320463143,0.0,0.0
"Beta(1,5)",1000,Regularized Efficient betting,50,1.0,0.024949746221988523,0.021772592913475948,0.02819729992651176,0.7889802510466489,0.6885098417422565,0.8916769163467576,0.7889802510466474,2.8006020674891636,0.00773310773074621,31.32,0.0
"Beta(1,5)",1000,STaR betting,30,1.0,0.02445839425190421,0.02301718060836275,0.0260445963494294,0.7734423374638754,0.727867160378866,0.8236024520390361,0.7734423374638738,2.7454479456380065,0.0012993087371189968,31.166666666666668,0.0
"Beta(1,5)",1000,Square-root feedback,50,1.0,0.024470922940895052,0.02305154413401276,0.02579151143685393,0.7738385293969448,0.7289538304737407,0.8155992043874064,0.7738385293969432,2.746854287489282,0.000595283724542188,31.18,0.0
"Beta(1,5)",1000,Squared-hinge feedback,50,1.0,0.024663291949891253,0.02324547309728617,0.02615017174800886,0.7799217715935188,0.7350864027559334,0.82694103928295,0.7799217715935174,2.7684476551941923,0.000595283724542188,31.2,0.0
"Beta(1,5)",1000,Target-capped feedback,50,1.0,0.024971237354318374,0.02375379715085378,0.02638596010707756,0.7896598603232329,0.7511610207431648,0.8343973218870568,0.7896598603232314,2.803014441110127,0.000595283724542188,31.22,0.0
"Beta(1,5)",3000,Capped original feedback,50,1.0,0.014914567700693458,0.01403917811780922,0.015634782756565612,0.8169045165107793,0.768957454395704,0.8563523197463807,0.8169045165107767,2.899723376911313,0.0023005916853434897,31.38,0.0
"Beta(1,5)",3000,Common-clock Efficient betting,30,1.0,0.013307471116676763,0.012808264724429669,0.013794545846381349,0.7288802113952356,0.7015375512067863,0.7555583930602303,0.7288802113952325,2.587268089762037,0.027935486193746282,123.0,0.0
"Beta(1,5)",3000,Common-clock STaR betting,30,0.9666666666666667,0.013436697813760926,0.01251980618206389,0.01407516318082946,0.7359582490977234,0.685738026150904,0.7709284374706474,0.7359582490977209,2.6123926312154597,0.008494027672956346,123.0,0.0
"Beta(1,5)",3000,Efficient betting,30,1.0,0.013552479716187447,0.013066943611131289,0.01400576868858522,0.7422998850687101,0.7157059773464631,0.7671275445937706,0.7422998850687076,2.6349032058313013,0.019493685616180246,31.0,0.0
"Beta(1,5)",3000,Gaffke,50,1.0,0.013593415677543725,0.013292266322033659,0.01387030018823919,0.7445420400135099,0.7280474104944088,0.7597076292466796,0.744542040013507,2.6428620663550033,0.1667097849654965,0.0,0.0
"Beta(1,5)",3000,Regularized Efficient betting,50,0.98,0.013890956627994635,0.01234861687006575,0.015260863539154729,0.7608390290478587,0.6763616013723894,0.8358719207403222,0.760839029047856,2.7007106387659077,0.019681131811812472,31.12,0.0
"Beta(1,5)",3000,STaR betting,30,0.9666666666666667,0.013619780718052834,0.012927268352906241,0.01431915285454949,0.7459861127551474,0.7080556483809408,0.7842923022801291,0.7459861127551446,2.647988016086279,0.00596156320534641,31.0,0.0
"Beta(1,5)",3000,Square-root feedback,50,0.98,0.01368982258436758,0.01303177138578173,0.014301906645091171,0.7498224637701818,0.7137795152243045,0.7833476884849482,0.7498224637701795,2.661605711294831,0.001163233609986436,31.02,0.0
"Beta(1,5)",3000,Squared-hinge feedback,50,0.98,0.01376519889817094,0.01299760041434511,0.01444658151361129,0.753950994507351,0.711907894037534,0.7912718573842064,0.7539509945073481,2.676260541631674,0.001163233609986436,31.02,0.0
"Beta(1,5)",3000,Target-capped feedback,50,1.0,0.013849923754940223,0.013425424151499079,0.01429302986925134,0.758591566030744,0.7353407651850735,0.7828614874484108,0.7585915660307413,2.692732936454617,0.001163233609986436,31.02,0.0
"Beta(1,5)",10000,Capped original feedback,50,1.0,0.007808167970411648,0.00755235292804234,0.00809420571289422,0.7808167970411697,0.7552352928042364,0.8094205712894298,0.7808167970411648,2.771624680367916,0.005588445003377224,31.06,0.0
"Beta(1,5)",10000,Common-clock Efficient betting,30,1.0,0.007214326725484489,0.0070687615130726805,0.007391505267106501,0.7214326725484541,0.7068761513072752,0.7391505267106524,0.721432672548449,2.560831949358861,0.06985375930865602,123.0,0.0
"Beta(1,5)",10000,Common-clock STaR betting,30,1.0,0.007402553507184137,0.00723958180686195,0.00756383460214216,0.7402553507184187,0.723958180686202,0.7563834602142222,0.7402553507184136,2.6276458288299325,0.02136130000775054,123.0,0.0
"Beta(1,5)",10000,Efficient betting,30,0.9666666666666667,0.00727687125567565,0.00706903482494793,0.007512986324844769,0.72768712556757,0.7069034824948015,0.7512986324844795,0.727687125567565,2.5830330551953065,0.04811793928965921,31.0,0.0
"Beta(1,5)",10000,Gaffke,50,1.0,0.0073554718035374654,0.00726378488815717,0.007439305294157351,0.735547180353752,0.7263784888157238,0.743930529415742,0.7355471803537467,2.610933481924056,0.00021657598321320402,0.0,0.0
"Beta(1,5)",10000,Regularized Efficient betting,50,0.98,0.007470369149994046,0.00687143526777741,0.0082284699670727,0.7470369149994092,0.6871435267777501,0.8228469967072755,0.7470369149994046,2.651717994034267,0.043260473925620276,31.0,0.0
"Beta(1,5)",10000,STaR betting,30,0.9666666666666667,0.007446376492941123,0.00727705472525534,0.007675361463849379,0.7446376492941176,0.7277054725255366,0.7675361463849456,0.7446376492941124,2.643201445634251,0.009401073136056409,31.0,0.0
"Beta(1,5)",10000,Square-root feedback,50,0.98,0.007476144812462118,0.00727507370782305,0.00767275192360938,0.7476144812462163,0.727507370782308,0.7672751923609444,0.7476144812462118,2.653768150831949,0.0033143497744458224,31.0,0.0
"Beta(1,5)",10000,Squared-hinge feedback,50,0.98,0.007522309985214158,0.00726792793882891,0.0077514794351251195,0.7522309985214212,0.726792793882892,0.7751479435125197,0.7522309985214158,2.6701551615440504,0.0033143497744458224,31.0,0.0
"Beta(1,5)",10000,Target-capped feedback,50,1.0,0.007429522012582438,0.00725070284454576,0.00759235729556173,0.7429522012582491,0.7250702844545796,0.7592357295561808,0.7429522012582439,2.637218698603971,0.0033143497744458224,31.0,0.0
"Beta(1,5)",30000,Capped original feedback,40,1.0,0.004462945025762633,0.004339998116624551,0.0045824244615669096,0.7730047536007755,0.7517097242747024,0.7936991989280495,0.7730047536007671,2.743894677010469,0.015245023551688016,31.075,0.0
"Beta(1,5)",30000,Common-clock Efficient betting,30,1.0,0.004182425785156884,0.004145050796605871,0.00423122914749387,0.7244173958777963,0.7179438579675326,0.732870386192584,0.7244173958777875,2.571426666166981,0.1394073417875915,123.0,0.0
"Beta(1,5)",30000,Common-clock STaR betting,30,1.0,0.00423968099724485,0.00408118138827577,0.00439019579143088,0.7343342895112447,0.7068813519398128,0.7604042165933398,0.7343342895112366,2.6066281465285774,0.05355987561245755,123.0,0.0
"Beta(1,5)",30000,Efficient betting,30,1.0,0.004203433619480243,0.0041454787768877305,0.00427296809924796,0.7280560595183011,0.71801798632682,0.7400997847018502,0.7280560595182924,2.584342640807638,0.16807067625535027,31.0,0.0
"Beta(1,5)",30000,Gaffke,40,1.0,0.004223458453147999,0.004200111879987339,0.00425233494523855,0.731524462450869,0.7274807173611813,0.7365260175953909,0.7315244624508594,2.5966542498890406,0.000233817796106405,0.0,0.0
"Beta(1,5)",30000,Regularized Efficient betting,40,1.0,0.004250031286463682,0.0040113588885091304,0.00455353493121599,0.7361270121912513,0.6947877402290974,0.7886953854905783,0.7361270121912415,2.6129916807709117,0.15718145027058195,31.0,0.0
"Beta(1,5)",30000,STaR betting,30,1.0,0.004252178119978677,0.0040056042087954595,0.004372023774131721,0.7364988546635846,0.6937910004645509,0.7572567308695214,0.7364988546635778,2.614311590610753,0.0337803923990577,31.0,0.0
"Beta(1,5)",30000,Square-root feedback,40,1.0,0.00424861324344387,0.00408091417954412,0.00436303882578158,0.7358813999354844,0.7068350700298763,0.7557004921649456,0.7358813999354782,2.612119843750418,0.009298021319045752,31.0,0.0
"Beta(1,5)",30000,Squared-hinge feedback,40,1.0,0.004264529206245062,0.0040801016003691095,0.00441567260341795,0.7386381255577908,0.7066943271882524,0.7648169298709986,0.7386381255577824,2.621905248983426,0.009298021319045752,31.0,0.0
"Beta(1,5)",30000,Target-capped feedback,40,1.0,0.00425045989712137,0.0041915841117620796,0.00433411932687267,0.7362012497348268,0.7260036645770446,0.7506914880209731,0.7362012497348196,2.6132551979093286,0.009298021319045752,31.0,0.0
"Beta(1,5)",100000,Capped original feedback,40,0.975,0.0023918091151991323,0.00233985938931164,0.00244326510002316,0.7563564532381479,0.7399285074755517,0.772628264367257,0.7563564532381315,2.6847990730914826,0.04929583083285247,31.025,0.0
"Beta(1,5)",100000,Common-clock Efficient betting,30,1.0,0.0022955888713271267,0.0022825655309265504,0.0023107359005220497,0.7259289404729089,0.7218105986319546,0.7307188516770218,0.7259289404728918,2.5767921172192207,0.3983044536008189,123.0,0.0
"Beta(1,5)",100000,Common-clock STaR betting,30,1.0,0.0023473242537975633,0.0022900001448382702,0.002400516616561,0.7422891048955601,0.7241616299804676,0.7591100069413955,0.7422891048955446,2.63486494001264,0.09189841953727101,123.0,0.0
"Beta(1,5)",100000,Efficient betting,30,1.0,0.0023019554803992434,0.00227184375030288,0.0023324640873768,0.7279422390368847,0.7184200738975981,0.7375899076656712,0.7279422390368697,2.5839386181782316,0.404665473739927,31.0,0.0
"Beta(1,5)",100000,Gaffke,40,0.975,0.002304432155844265,0.00229915735882112,0.0023111814835613197,0.7287254325800119,0.727057395301183,0.7308597574060907,0.7287254325799977,2.5867186794702786,0.00027801820251620996,0.0,0.0
"Beta(1,5)",100000,Regularized Efficient betting,40,0.975,0.002329692919285275,0.00220981360958369,0.0024681234560849402,0.736713587370845,0.6988044210722583,0.780489166771509,0.7367135873708281,2.615073816107669,0.4839083802420646,31.0,0.0
"Beta(1,5)",100000,STaR betting,30,1.0,0.0023523271847339265,0.00227677863155249,0.00240852678566197,0.7438711705691008,0.7199806203707277,0.7616430448216244,0.7438711705690874,2.640480716060702,0.06464225859381255,31.0,0.0
"Beta(1,5)",100000,Square-root feedback,40,0.975,0.0023510854146814426,0.00228640328153106,0.00240787037268886,0.743478488399499,0.7230242019321627,0.7614354688135411,0.7434784883994836,2.639086832633844,0.02939831602379849,31.0,0.0
"Beta(1,5)",100000,Squared-hinge feedback,40,0.975,0.0023629190858362173,0.0022856604769969304,0.00243546256704098,0.7472206237925507,0.7227893065137453,0.7701608867930158,0.7472206237925361,2.6523700955605163,0.02939831602379849,31.0,0.0
"Beta(1,5)",100000,Target-capped feedback,40,0.975,0.0023135479275355375,0.0022962542606625,0.00234046497637122,0.731608092697464,0.726139355055952,0.740120010918533,0.7316080926974483,2.5969511078157224,0.02939831602379849,31.0,0.0
"Beta(1,5)",300000,Capped original feedback,30,1.0,0.0013641413571414934,0.00134756706985497,0.00138969193115143,0.7471709929321303,0.7380928819107169,0.7611656186745649,0.747170992932107,2.6521939234825456,0.14551318029989485,31.0,0.0
"Beta(1,5)",300000,Common-clock Efficient betting,30,1.0,0.0013254638735182734,0.0013211227820713902,0.00133039711236356,0.7259864626841621,0.7236087489744975,0.7286885088812828,0.7259864626841328,2.5769963008138657,0.9262756408347438,123.0,0.0
"Beta(1,5)",300000,Common-clock STaR betting,30,1.0,0.0013528279546438,0.00132476339807397,0.00137774158758029,0.740974387182012,0.7256027964823303,0.7546201459307266,0.740974387181985,2.6301981550812767,0.22109123825406032,123.0,0.0
"Beta(1,5)",300000,Efficient betting,30,1.0,0.00132733818266928,0.0013163297716209399,0.00133714100490092,0.7270130640859047,0.7209835090324195,0.7323822909494017,0.7270130640858774,2.5806403742927584,1.2850330577697604,31.0,0.0
"Beta(1,5)",300000,Gaffke,30,1.0,0.0013280705535560168,0.0013262727798783,0.00133039204012729,0.7274142001410344,0.7264295189444782,0.7286857307030684,0.7274142001410032,2.582064266036371,0.0003870400018058133,0.0,0.0
"Beta(1,5)",300000,Regularized Efficient betting,30,1.0,0.0013422166366284967,0.0012820199905563,0.00139788242335658,0.7351623289401731,0.7021912680002831,0.7656517360124269,0.7351623289401424,2.609567394923632,1.0880004866359134,31.0,0.0
"Beta(1,5)",300000,STaR betting,30,1.0,0.0013538403780750234,0.00132343812148922,0.0013804385172200499,0.741528914333043,0.7248769126019436,0.7560973151304252,0.7415289143330129,2.6321665312017135,0.1655473771349837,31.0,0.0
"Beta(1,5)",300000,Square-root feedback,30,1.0,0.0013539170741909599,0.00132348397160637,0.0013802549108602,0.7415709225258151,0.7249020257453497,0.7559967497854253,0.7415709225257844,2.632315645493705,0.08632500109185148,31.0,0.0
"Beta(1,5)",300000,Squared-hinge feedback,30,1.0,0.0013601275976310066,0.00132081205000016,0.00139543444397615,0.7449725663078393,0.7234385540097525,0.7643109224854551,0.7449725663078125,2.6443902830985886,0.08632500109185148,31.0,0.0
"Beta(1,5)",300000,Target-capped feedback,30,1.0,0.0013313142215945868,0.0013217700114463399,0.00134069421488884,0.7291908302948127,0.7239632511030545,0.7343284642113316,0.7291908302947865,2.5883706774772586,0.08632500109185148,31.0,0.0
"Beta(1,5)",1000000,Capped original feedback,20,1.0,0.00074473570598379,0.00073498551060805,0.0007575521384661601,0.7447357059838386,0.734985510608066,0.7575521384662304,0.74473570598379,2.6435495123540447,0.48088096074352504,31.0,0.0
"Beta(1,5)",1000000,Common-clock Efficient betting,30,0.9666666666666667,0.0007254416235774266,0.00072424309368397,0.00072665991197223,0.7254416235774728,0.7242430936840599,0.7266599119722716,0.7254416235774266,2.5750623138393895,1.7781442254005622,123.0,0.0
"Beta(1,5)",1000000,Common-clock STaR betting,30,0.9666666666666667,0.0007412406905234533,0.00071928305388051,0.00075387958659057,0.7412406905235083,0.7192830538805456,0.7538795865906611,0.7412406905234533,2.631143438170156,0.4944539418444037,123.0,0.0
"Beta(1,5)",1000000,Efficient betting,30,0.9666666666666667,0.0007260407628083699,0.00072305059432703,0.00072892381084915,0.7260407628084099,0.7230505943270349,0.7289238108492357,0.72604076280837,2.5771890471342376,2.390800301823765,31.0,0.0
"Beta(1,5)",1000000,Gaffke,20,0.95,0.0007266456785847149,0.00072601280870013,0.0007274847203501701,0.7266456785847614,0.7260128087001355,0.7274847203502494,0.726645678584715,2.5793362851312054,0.00074490000260988,0.0,0.0
"Beta(1,5)",1000000,Regularized Efficient betting,20,0.95,0.0007268093943259451,0.00069782891908239,0.00076131597959875,0.7268093943259959,0.697828919082405,0.7613159795988422,0.7268093943259449,2.5799174183633413,1.5846932077780367,31.0,0.0
"Beta(1,5)",1000000,STaR betting,30,0.9666666666666667,0.0007417596240575634,0.00072025214581694,0.00075650262650001,0.7417596240576131,0.7202521458170019,0.756502626500094,0.7417596240575633,2.6329854694840904,0.38196967539067067,31.0,0.0
"Beta(1,5)",1000000,Square-root feedback,20,0.95,0.00074172124035334,0.0007216595758882299,0.0007520759968092201,0.7417212403533824,0.7216595758882893,0.7520759968092428,0.74172124035334,2.632849220850131,0.2826634242490399,31.0,0.0
"Beta(1,5)",1000000,Squared-hinge feedback,20,0.95,0.0007457879950178599,0.00071845440566303,0.00076170482388988,0.7457879950179088,0.7184544056631187,0.7617048238899526,0.74578799501786,2.6472847678823097,0.2826634242490399,31.0,0.0
"Beta(1,5)",1000000,Target-capped feedback,20,0.95,0.000727483968378745,0.00072392031532812,0.00073052485361623,0.7274839683787976,0.7239203153282081,0.730524853616274,0.727483968378745,2.5823119187129313,0.2826634242490399,31.0,0.0
"Beta(1,5)",3000000,Capped original feedback,15,1.0,0.0004276709271491733,0.00042148514615884,0.00043401283226108,0.7407477747425318,0.7300336877828105,0.7517322766131214,0.7407477747424561,2.6293937607181928,1.431433161534369,31.0,0.0
"Beta(1,5)",3000000,Common-clock Efficient betting,30,1.0,0.0004190090049326,0.00041848016873750004,0.00041947273982153,0.725744885372224,0.7248289142134152,0.7265480977611409,0.7257448853721414,2.5761387864231375,4.00120042458487,123.0,0.0
"Beta(1,5)",3000000,Common-clock STaR betting,30,1.0,0.00042988033816098,0.00042385161410349,0.0004369220497196,0.7445745868697937,0.7341325304973947,0.7567711890615664,0.7445745868697073,2.6429775962340813,0.9704812102951109,123.0,0.0
"Beta(1,5)",3000000,Efficient betting,30,1.0,0.00041924829284247666,0.0004176922885169,0.0004206685180917,0.7261593441897559,0.7234642656411081,0.7286192464795351,0.7261593441896849,2.5776099692819368,8.016178795928136,31.0,0.0
"Beta(1,5)",3000000,Gaffke,15,1.0,0.00041938665735215995,0.0004190113605468,0.00041968274582644,0.7263989985505217,0.7257489654156581,0.7269118388315317,0.7263989985504207,2.5784606578731295,0.0017470727364221666,0.0,0.0
"Beta(1,5)",3000000,Regularized Efficient betting,15,1.0,0.00042790148434851334,0.00041776510212926,0.00043774708892663997,0.7411471115258356,0.7235903825171052,0.7582001988864522,0.7411471115257638,2.630811265680404,7.800442563618223,31.0,0.0
"Beta(1,5)",3000000,STaR betting,30,1.0,0.0004300315425641333,0.00042423358254807,0.00043824030261467,0.744836480578384,0.734794119250352,0.7590544700530121,0.7448364805782971,2.6439072266789094,1.9004605046628664,31.0,0.0
"Beta(1,5)",3000000,Square-root feedback,15,1.0,0.00042862776969448,0.00041407272146906,0.00043622244039012,0.7424050746458707,0.717194991612749,0.7555594301574919,0.7424050746457708,2.635276591789799,0.8285562097502407,31.0,0.0
"Beta(1,5)",3000000,Squared-hinge feedback,15,1.0,0.00043139061860212664,0.00041264382523356,0.00044155764404602,0.7471904693275155,0.7147200707342052,0.7648002739582545,0.747190469327451,2.6522630578279385,0.8285562097502407,31.0,0.0
"Beta(1,5)",3000000,Target-capped feedback,15,1.0,0.0004195768420529467,0.00041767474935182,0.0004213858023923,0.7267284081150894,0.7234338869160551,0.7298616193316985,0.7267284081150055,2.5796299458323086,0.8285562097502407,31.0,0.0
"Beta(1,5)",10000000,Capped original feedback,10,1.0,0.00023295102231158998,0.00023150853045926,0.00023380271867511998,0.7366558137695092,0.7320942540098063,0.7393491141532246,0.7366558137693268,2.614868740166753,4.749117939313874,31.0,0.0
"Beta(1,5)",10000000,Common-clock Efficient betting,30,1.0,0.00022946143105286333,0.00022931451406859,0.00022960137237875,0.7256207572888939,0.7251561649916991,0.7260632906174238,0.7256207572887365,2.575698175436555,15.184960061140979,123.0,0.0
"Beta(1,5)",10000000,Common-clock STaR betting,30,1.0,0.0002356818545766,0.00023083336332073,0.00023904293484721003,0.7452914636347866,0.7299591880507419,0.7559201326886408,0.7452914636346349,2.6455222563158904,3.2796391737026473,123.0,0.0
"Beta(1,5)",10000000,Efficient betting,30,1.0,0.00022952879592202667,0.00022906110770831,0.00023005045077164002,0.7258337837097765,0.7243548237196887,0.7274834011871228,0.725833783709572,2.5764543442176673,28.130939878352606,31.0,0.0
"Beta(1,5)",10000000,Gaffke,10,1.0,0.00022957767741840998,0.0002294847140588,0.00022965620594123,0.7259883605737402,0.7256943846185532,0.7262366895671679,0.7259883605735806,2.5770030376535633,0.00528999370289961,0.0,0.0
"Beta(1,5)",10000000,Regularized Efficient betting,10,1.0,0.00022927521555282998,0.00022558500080468002,0.00023161540864472,0.7250318921732128,0.7133624085139127,0.7324322325080377,0.7250318921730041,2.573607911633043,25.780023605655877,31.0,0.0
"Beta(1,5)",10000000,STaR betting,30,1.0,0.00023570427378850334,0.00023072048748130002,0.00023905659605405,0.7453623594077684,0.7296022433054247,0.7559633332177653,0.7453623594075954,2.6457739113454375,6.919411384050424,31.0,0.0
"Beta(1,5)",10000000,Square-root feedback,10,1.0,0.00023556991134799998,0.00022853509762592002,0.00023897546189,0.7449374680637904,0.7226914337871111,0.75570676446331,0.744937468063626,2.644265696691365,2.731100215349579,31.0,0.0
"Beta(1,5)",10000000,Squared-hinge feedback,10,0.9,0.00023700132665158998,0.00022592700789472001,0.00024215445877362,0.74946400070074,0.71444392989419,0.7657596352900331,0.7494640007005918,2.6603332936239648,2.731100215349579,31.0,0.0
"Beta(1,5)",10000000,Target-capped feedback,10,1.0,0.00022961712688454,0.00022923731776285,0.0002302847594327,0.7261131107391532,0.7249120488384538,0.7282243502315403,0.7261131107390291,2.5774458568124863,2.731100215349579,31.0,0.0
"Beta(2,2)",1000,Capped original feedback,50,1.0,0.0415895298239632,0.03914755812999831,0.04416899766007896,1.3151764105922552,1.2379544852463684,1.3967463457249718,1.3151764105922537,2.9408238564884575,0.009046409517759412,31.28,0.0
"Beta(2,2)",1000,Common-clock Efficient betting,30,1.0,0.036624850175248816,0.035084265983905315,0.03790483591551458,1.1581794551620344,1.1094619054430923,1.198656158279798,1.1581794551620326,2.5897679918859784,0.01157694499318793,123.0,0.0
"Beta(2,2)",1000,Common-clock STaR betting,30,1.0,0.037268686386657625,0.03508913308498935,0.03894748471330887,1.1785393438434895,1.1096158166933725,1.231627608286461,1.1785393438434884,2.6352940869920407,0.00106822464925543,123.0,0.0
"Beta(2,2)",1000,Efficient betting,30,1.0,0.03713542064719539,0.03562866934177447,0.038488469300859175,1.1743251111358173,1.126677451210197,1.2171122664418368,1.1743251111358155,2.6258707761846827,0.00287724096948897,31.0,0.0
"Beta(2,2)",1000,Gaffke,50,1.0,0.0375034027044026,0.036821226652872206,0.038291996059544975,1.1859617255243087,1.1643894246437438,1.210899237023549,1.1859617255243071,2.651891036985301,0.01644217884866516,0.0,0.0
"Beta(2,2)",1000,Regularized Efficient betting,50,1.0,0.03892551110080761,0.03363008534169106,0.04415404767397272,1.2309327416472031,1.0634766758558578,1.396273585654137,1.2309327416472016,2.7524492860533325,0.010175955528393345,31.16,0.0
"Beta(2,2)",1000,STaR betting,30,1.0,0.03761214345285114,0.0356466393690893,0.03927812208068457,1.1894004099199968,1.127245713369498,1.2420832798911527,1.189400409919995,2.6595801690472283,0.0010498068140198235,31.0,0.0
"Beta(2,2)",1000,Square-root feedback,50,1.0,0.03764000152579195,0.03615652788366944,0.03899268190350539,1.190281359537157,1.14336980395783,1.23305686893507,1.190281359537156,2.661550032275951,0.000581486939045082,31.0,0.0
"Beta(2,2)",1000,Squared-hinge feedback,50,1.0,0.037800040874430285,0.03560005895201412,0.039359869450029825,1.1953422481066267,1.1257727112463187,1.2446683586897345,1.1953422481066251,2.6728665231438367,0.000581486939045082,31.0,0.0
"Beta(2,2)",1000,Target-capped feedback,50,1.0,0.03853558584119017,0.037352971476262105,0.03991338154872783,1.2186022222709672,1.1812046724029062,1.2621719481331903,1.2186022222709656,2.7248774065301906,0.000581486939045082,31.0,0.0
"Beta(2,2)",3000,Capped original feedback,50,1.0,0.023118251103862786,0.022249649160499728,0.02410101067052206,1.2662387619654383,1.2186634741781635,1.3200667202917669,1.2662387619654356,2.8313959474998955,0.0022774910810403077,31.18,0.0
"Beta(2,2)",3000,Common-clock Efficient betting,30,1.0,0.021134819774933804,0.02084300772840718,0.02142605167287537,1.1576017539537529,1.1416185499103155,1.1735531819505183,1.1576017539537502,2.588476212713578,0.00767622793403759,123.0,0.0
"Beta(2,2)",3000,Common-clock STaR betting,30,1.0,0.02150176890873181,0.020725927856125252,0.022032845999135058,1.177700385757568,1.1352058212024498,1.2067886759763733,1.1777003857575652,2.6334181196816475,0.0028392603465665868,123.0,0.0
"Beta(2,2)",3000,Efficient betting,30,1.0,0.021304740553610663,0.02101142219105691,0.021592058433035133,1.1669086983007688,1.150842989930653,1.1826457466743001,1.1669086983007662,2.609287172936312,0.00713634107572332,31.0,0.0
"Beta(2,2)",3000,Gaffke,50,1.0,0.02141232365805905,0.02114537840970108,0.02165683214647084,1.17280126761205,1.158180074197602,1.186193549072514,1.1728012676120476,2.622463358478467,0.1444955007836688,0.0,0.0
"Beta(2,2)",3000,Regularized Efficient betting,50,1.0,0.02211181461074454,0.02031736710958755,0.02379248237606629,1.2111139649677127,1.1128280275034679,1.3031679296415632,1.21111396496771,2.7081331541671045,0.00710233506746585,31.04,0.0
"Beta(2,2)",3000,STaR betting,30,1.0,0.0215803795425244,0.02070667049283063,0.02214071091134162,1.182006067496366,1.1341510519749973,1.2126966805342576,1.1820060674963633,2.6430459167390787,0.0019930802285670736,31.0,0.0
"Beta(2,2)",3000,Square-root feedback,50,1.0,0.021658822505549145,0.02090418820688133,0.0221844663115128,1.1863025655289854,1.1449695427242383,1.2150932625029034,1.186302565528983,2.6526531784052105,0.001161182319919992,31.0,0.0
"Beta(2,2)",3000,Squared-hinge feedback,50,1.0,0.02173693314679888,0.02075993801246223,0.022379062060863708,1.1905808615483529,1.1370686341834568,1.2257517106543143,1.1905808615483502,2.6622197391323827,0.001161182319919992,31.0,0.0
"Beta(2,2)",3000,Target-capped feedback,50,1.0,0.021727409653204046,0.02144010391629589,0.02205106513863981,1.190059238321538,1.1743228550210147,1.207786579344883,1.1900592383215356,2.661053354138582,0.001161182319919992,31.0,0.0
"Beta(2,2)",10000,Capped original feedback,50,1.0,0.012326236698205323,0.01195329375971361,0.01288992000091025,1.2326236698205373,1.1953293759713701,1.2889920000910293,1.2326236698205322,2.7562303163939776,0.005576047275680998,31.06,0.0
"Beta(2,2)",10000,Common-clock Efficient betting,30,1.0,0.011525600165704723,0.01139793108010992,0.01165046193586083,1.1525600165704775,1.1397931080109958,1.1650461935860845,1.1525600165704724,2.5772025451998717,0.01922951145097609,123.0,0.0
"Beta(2,2)",10000,Common-clock STaR betting,30,1.0,0.01169049191580457,0.01121925294675314,0.01203993450590559,1.1690491915804628,1.1219252946753189,1.2039934505905647,1.169049191580457,2.6140734614150896,0.005118652774641861,123.0,0.0
"Beta(2,2)",10000,Efficient betting,30,1.0,0.01157547846143643,0.01143637609758953,0.01169517932380703,1.1575478461436473,1.1436376097589536,1.16951793238071,1.157547846143643,2.588355671185663,0.018648235484336764,31.0,0.0
"Beta(2,2)",10000,Gaffke,50,1.0,0.011614811242412126,0.01154309707212865,0.0116924039059567,1.161481124241217,1.1543097072128734,1.1692403905956776,1.1614811242412126,2.5971507483862406,0.000206349941436154,0.0,0.0
"Beta(2,2)",10000,Regularized Efficient betting,50,1.0,0.011727670661328835,0.01085049748162472,0.01275892044375547,1.1727670661328886,1.0850497481624728,1.2758920443755528,1.1727670661328835,2.6223868816461304,0.019543249355629035,31.02,0.0
"Beta(2,2)",10000,STaR betting,30,1.0,0.011711401243873272,0.01119762613237598,0.012071434430002151,1.1711401243873312,1.119762613237607,1.2071434430002215,1.1711401243873274,2.6187489293076314,0.0045660865803559,31.0,0.0
"Beta(2,2)",10000,Square-root feedback,50,1.0,0.011749664578198269,0.011280725035792681,0.01205105918013631,1.1749664578198316,1.1280725035792705,1.2051059180136352,1.174966457819827,2.627304870967283,0.003305514140520196,31.0,0.0
"Beta(2,2)",10000,Squared-hinge feedback,50,1.0,0.011785831298199007,0.0112382256907808,0.012209867964481619,1.1785831298199059,1.1238225690780868,1.220986796448169,1.1785831298199008,2.6353919954117693,0.003305514140520196,31.0,0.0
"Beta(2,2)",10000,Target-capped feedback,50,1.0,0.011722878875976596,0.011615917370207141,0.01183632088740999,1.1722878875976646,1.161591737020717,1.1836320887410023,1.1722878875976597,2.621315405868011,0.003305514140520196,31.0,0.0
"Beta(2,2)",30000,Capped original feedback,40,1.0,0.006971504259632435,0.0068450752628036,0.00716850540757846,1.2074999582866321,1.185601813680875,1.241621558025819,1.2074999582866226,2.7000519895570703,0.015111735757091033,31.0,0.0
"Beta(2,2)",30000,Common-clock Efficient betting,30,1.0,0.0066541651190534,0.0065987133347434794,0.006698233402282709,1.152535206815318,1.1429306760357998,1.1601680573708713,1.1525352068153094,2.57714706890083,0.05057049750660853,123.0,0.0
"Beta(2,2)",30000,Common-clock STaR betting,30,1.0,0.006827080334543393,0.00672047613332651,0.00693370895441737,1.1824850006783578,1.164020611397565,1.200953619394629,1.1824850006783485,2.644116843890693,0.013298968582724486,123.0,0.0
"Beta(2,2)",30000,Efficient betting,30,1.0,0.006670720208072243,0.00661628466044808,0.00671469450522211,1.1554026323457625,1.1459741189234778,1.163019204034832,1.1554026323457558,2.5835588273073222,0.06179651458126799,31.0,0.0
"Beta(2,2)",30000,Gaffke,40,1.0,0.0066839255738287695,0.00666329691902963,0.00671274266916423,1.1576898687880481,1.1541168809676534,1.162681136112801,1.1576898687880393,2.5886732434728876,0.0002271743738674025,0.0,0.0
"Beta(2,2)",30000,Regularized Efficient betting,40,1.0,0.006673133284802105,0.00625614877701479,0.00710544973430752,1.1558205894956328,1.083596754149963,1.2306999950447524,1.155820589495624,2.584493407906115,0.05374123931396748,31.0,0.0
"Beta(2,2)",30000,STaR betting,30,1.0,0.0068356265278903,0.00673137828507879,0.00694046141651107,1.1839652447871718,1.1659089194722394,1.2021231801368668,1.1839652447871634,2.647426770341295,0.0130495172925293,31.0,0.0
"Beta(2,2)",30000,Square-root feedback,40,1.0,0.006821595882087425,0.00671876212786159,0.00693677253598956,1.181535065647814,1.1637237369426026,1.2014842472882452,1.1815350656478052,2.641992724588189,0.009345068806942388,31.0,0.0
"Beta(2,2)",30000,Squared-hinge feedback,40,1.0,0.0068647447274411575,0.006714679470108799,0.00702227804637028,1.189008664891873,1.163016599876822,1.2162942361188973,1.189008664891865,2.6587042005344963,0.009345068806942388,31.0,0.0
"Beta(2,2)",30000,Target-capped feedback,40,1.0,0.006715858289537276,0.00668482513772294,0.00675820875841279,1.1632207773911263,1.1578456778249842,1.1705560937728081,1.1632207773911176,2.601040731086709,0.009345068806942388,31.0,0.0
"Beta(2,2)",100000,Capped original feedback,40,1.0,0.0037605442434990354,0.0037054990699538198,0.0038220144715006297,1.1891885051291962,1.1717816928689733,1.2086270980066922,1.1891885051291797,2.65910633553024,0.04922026495332825,31.025,0.0
"Beta(2,2)",100000,Common-clock Efficient betting,30,1.0,0.0036409816269975664,0.00362640005561404,0.0036519344442942398,1.1513794860138056,1.146768388270192,1.1548430709591158,1.1513794860137925,2.574562798625638,0.14099584282375868,123.0,0.0
"Beta(2,2)",100000,Common-clock STaR betting,30,1.0,0.0037263085641718865,0.00365321915127801,0.0038002553345917903,1.1783622327375027,1.155249330978586,1.2017462547515363,1.1783622327374867,2.6348980545194842,0.042686318528527965,123.0,0.0
"Beta(2,2)",100000,Efficient betting,30,1.0,0.00364595633474754,0.00363112408261338,0.00365707360093858,1.15295262673217,1.148262256774783,1.1564682149839889,1.152952626732153,2.5780804482100734,0.1713577488902956,31.0,0.0
"Beta(2,2)",100000,Gaffke,40,1.0,0.0036530319169743274,0.0036456643385223203,0.0036583992034904,1.1551901222930177,1.1528602894181859,1.1568874073175741,1.1551901222929986,2.583083640383483,0.00027288885030424747,0.0,0.0
"Beta(2,2)",100000,Regularized Efficient betting,40,1.0,0.003643800143950395,0.00348679440174309,0.00381740944607592,1.1522707793332798,1.1026212042232582,1.2071708611041858,1.152270779333266,2.5765557910758736,0.17738636499270793,31.0,0.0
"Beta(2,2)",100000,STaR betting,30,1.0,0.0037289027887393933,0.00365916338187409,0.00380307247817597,1.1791825985770303,1.1571290617406793,1.2026371137737306,1.1791825985770155,2.636732448303087,0.03600621800869699,31.0,0.0
"Beta(2,2)",100000,Square-root feedback,40,1.0,0.0037322466510724002,0.0036730614287834,0.00380307247817597,1.1802400206924673,1.1615240100668185,1.2026371137737306,1.18024002069245,2.6390969160341156,0.02979620450678334,31.0,0.0
"Beta(2,2)",100000,Squared-hinge feedback,40,1.0,0.0037548930820441627,0.00367422614069204,0.00385439347334742,1.1874014509669222,1.1618923243117323,1.2188662374265589,1.1874014509669049,2.6551103609439215,0.02979620450678334,31.0,0.0
"Beta(2,2)",100000,Target-capped feedback,40,1.0,0.0036634861336788177,0.0036532328118554897,0.0036741399868625902,1.158496035886932,1.155253650832499,1.1618650800787034,1.1584960358869154,2.590475887907216,0.02979620450678334,31.0,0.0
"Beta(2,2)",300000,Capped original feedback,30,1.0,0.00216530045444512,0.00213903912978012,0.00218969242614788,1.185983902675809,1.1715999827668158,1.1993439357994407,1.1859839026757797,2.651940626603604,0.14547032816335556,31.033333333333335,0.0
"Beta(2,2)",300000,Common-clock Efficient betting,30,1.0,0.0021031550531009032,0.0021006965973501303,0.00210572371744501,1.1519454645143723,1.1505989128430452,1.1533523799183076,1.1519454645143403,2.5758283650267084,0.43201137577804427,123.0,0.0
"Beta(2,2)",300000,Common-clock STaR betting,30,1.0,0.002146491248490923,0.00208780399357758,0.00219628281355986,1.1756816762859337,1.1435373429318423,1.2029536396476657,1.1756816762859055,2.6289041480762503,0.12198215279107288,123.0,0.0
"Beta(2,2)",300000,Efficient betting,30,1.0,0.002104827229522123,0.00210237067295952,0.0021074214358364103,1.1528613532603982,1.1515158418172968,1.1542822585775399,1.1528613532603706,2.5778763545226493,0.5677451195660979,31.0,0.0
"Beta(2,2)",300000,Gaffke,30,1.0,0.002106240443437017,0.00210395294439263,0.0021081374982489,1.1536354024001685,1.1523824875732949,1.1546744621134313,1.153635402400138,2.579607181017101,0.00038312830147329,0.0,0.0
"Beta(2,2)",300000,Regularized Efficient betting,30,1.0,0.00210974431945505,0.0020574087464897,0.0021614066914643197,1.1555545543339434,1.1268891804608747,1.1838512008576556,1.1555545543339163,2.5838985352001718,0.6032589976210148,31.0,0.0
"Beta(2,2)",300000,STaR betting,30,1.0,0.00214731690700216,0.00208626466200879,0.0021971005661706703,1.17613390807733,1.1426942163081273,1.203401541199083,1.1761339080773061,2.6299153691033994,0.1272614575612048,31.0,0.0
"Beta(2,2)",300000,Square-root feedback,30,1.0,0.00214736850043801,0.00208626466200879,0.00219716537326426,1.1761621669659683,1.1426942163081273,1.2034370375061296,1.1761621669659403,2.6299785578993626,0.08662333733276073,31.0,0.0
"Beta(2,2)",300000,Squared-hinge feedback,30,1.0,0.0021567718841022303,0.00208295031353167,0.00222017096083075,1.1813126123157407,1.1408788728837769,1.2160377167649676,1.1813126123157092,2.6414953038158515,0.08662333733276073,31.0,0.0
"Beta(2,2)",300000,Target-capped feedback,30,1.0,0.0021101741273355664,0.00210689928183225,0.002113122122574,1.1557899698054945,1.1539962630509717,1.15740465329702,1.1557899698054688,2.5844249401975157,0.08662333733276073,31.0,0.0
"Beta(2,2)",1000000,Capped original feedback,20,1.0,0.0011811181434331149,0.00116774789208422,0.00119514943059038,1.1811181434331601,1.167747892084231,1.1951494305904586,1.181118143433115,2.641060458174893,0.478777207506937,31.0,0.0
"Beta(2,2)",1000000,Common-clock Efficient betting,30,1.0,0.0011520372277286533,0.00115120701889774,0.00115304714001014,1.1520372277286899,1.1512070188977763,1.1530471400101938,1.1520372277286532,2.5760335538117562,1.412440116253371,123.0,0.0
"Beta(2,2)",1000000,Common-clock STaR betting,30,1.0,0.0011764160885188067,0.00114748281068962,0.00120040252088825,1.1764160885188502,1.1474828106896484,1.2004025208882774,1.1764160885188066,2.6305463437525587,0.3615540992313375,123.0,0.0
"Beta(2,2)",1000000,Efficient betting,30,1.0,0.0011525403415205268,0.00115169184446182,0.00115354207297572,1.1525403415205822,1.151691844461905,1.153542072975805,1.1525403415205266,2.577158550450845,1.8451140328155209,31.0,0.0
"Beta(2,2)",1000000,Gaffke,20,1.0,0.0011527395399350449,0.00115219710430503,0.0011532737741624202,1.1527395399350993,1.1521971043050805,1.1532737741624943,1.152739539935045,2.577603971646716,0.0007824775559128701,0.0,0.0
"Beta(2,2)",1000000,Regularized Efficient betting,20,1.0,0.0011604296747196549,0.0011272034765525802,0.0012002106714574402,1.1604296747197096,1.1272034765526184,1.2002106714574967,1.160429674719655,2.59479963578124,1.9663343610009179,31.0,0.0
"Beta(2,2)",1000000,STaR betting,30,1.0,0.0011765729809574033,0.00114786165051084,0.00120061305504913,1.1765729809574466,1.1478616505108508,1.2006130550491492,1.1765729809574033,2.6308971659104166,0.4206665786759307,31.0,0.0
"Beta(2,2)",1000000,Square-root feedback,20,1.0,0.0011763331102038,0.00114649144279409,0.00120062372926663,1.1763331102038366,1.1464914427941286,1.200623729266648,1.1763331102038,2.63036079859953,0.2816509929354652,31.0,0.0
"Beta(2,2)",1000000,Squared-hinge feedback,20,1.0,0.001181419993100025,0.0011450220401359,0.0012135436700352002,1.181419993100072,1.1450220401359845,1.2135436700352054,1.1814199931000249,2.6417354145490934,0.2816509929354652,31.0,0.0
"Beta(2,2)",1000000,Target-capped feedback,20,1.0,0.001154186674052945,0.00115357623783402,0.0011551354933918801,1.15418667405299,1.1535762378341086,1.1551354933919178,1.154186674052945,2.5808398619068784,0.2816509929354652,31.0,0.0
"Beta(2,2)",3000000,Capped original feedback,15,0.9333333333333333,0.0006778664863822667,0.00067053078584244,0.00068641111052514,1.1740991951623565,1.1613933891182464,1.1888989183094383,1.1740991951622821,2.6253656127108216,1.4322533583307329,31.0,0.0
"Beta(2,2)",3000000,Common-clock Efficient betting,30,0.9666666666666667,0.0006650816333432233,0.00066479140708556,0.0006654155579404,1.1519551801314438,1.151452493507419,1.1525335544996258,1.1519551801313577,2.575850089806923,4.064330678588401,123.0,0.0
"Beta(2,2)",3000000,Common-clock STaR betting,30,0.9666666666666667,0.0006780215940215433,0.0006644869659963301,0.0006901873898780101,1.1743678494742424,1.1509251860730716,1.1954396260122275,1.1743678494741516,2.625966342014647,0.9550524421501905,123.0,0.0
"Beta(2,2)",3000000,Efficient betting,30,0.9666666666666667,0.0006652511706392,0.00066495720755963,0.00066556687558184,1.1522488273418554,1.151739668352547,1.1527956443427378,1.1522488273417673,2.5765067049308072,5.501761433047553,31.0,0.0
"Beta(2,2)",3000000,Gaffke,15,0.9333333333333333,0.0006653398352998867,0.0006650847023994001,0.0006655474741292801,1.1524023990389958,1.1519604958927006,1.152762040041084,1.1524023990389125,2.5768501016850327,0.00176818706483264,0.0,0.0
"Beta(2,2)",3000000,Regularized Efficient betting,15,0.9333333333333333,0.00067147611463258,0.00065988593057434,0.00068750927327668,1.1630307466126777,1.1429559589546907,1.1908009919900937,1.1630307466125722,2.6006158093482807,5.552558857140442,31.0,0.0
"Beta(2,2)",3000000,STaR betting,30,0.9666666666666667,0.0006781131314662233,0.00066443712619796,0.00069026538042855,1.1745263969792192,1.1508388610100433,1.1955747096082636,1.1745263969791324,2.6263208650134384,1.419601198611781,31.0,0.0
"Beta(2,2)",3000000,Square-root feedback,15,0.9333333333333333,0.0006757005912720066,0.00065576658871634,0.00068819530008652,1.1703477547875112,1.1358210495628513,1.1919892252800095,1.1703477547874468,2.6169771370191297,0.8335730676005672,31.0,0.0
"Beta(2,2)",3000000,Squared-hinge feedback,15,0.9333333333333333,0.0006780781109037067,0.00064839725534278,0.00069487583673026,1.1744657395856117,1.1230569897419456,1.2035602541688382,1.1744657395855438,2.626185230957994,0.8335730676005672,31.0,0.0
"Beta(2,2)",3000000,Target-capped feedback,15,0.9333333333333333,0.0006659307891005933,0.00066540716069102,0.0006664077470481401,1.153425961046737,1.1525190100370575,1.1542520764449582,1.1534259610466622,2.5791388559135284,0.8335730676005672,31.0,0.0
"Beta(2,2)",10000000,Capped original feedback,10,1.0,0.00037036624103822,0.0003664693724343,0.0003733566447866,1.171200890115919,1.158877909584974,1.1806573770843634,1.1712008901157005,2.6188848056074563,4.753910707088653,31.0,0.0
"Beta(2,2)",10000000,Common-clock Efficient betting,30,1.0,0.00036426039745182664,0.00036416012476959004,0.00036435571174091,1.1518925173461416,1.1515754272832368,1.1521939275932935,1.1518925173459664,2.5757099715593283,16.486919192054,123.0,0.0
"Beta(2,2)",10000000,Common-clock STaR betting,30,1.0,0.0003704879982198567,0.00036117749708537,0.00037806832346235,1.1715859201313277,1.1421435303887668,1.195557013302511,1.171585920131155,2.6197457588952884,3.1965381391656895,123.0,0.0
"Beta(2,2)",10000000,Efficient betting,30,1.0,0.0003643103860514267,0.00036421094685275,0.00036440102572527,1.1520505951778979,1.1517361408214173,1.1523372229937083,1.1520505951777447,2.5760634443368713,18.17344051883556,31.0,0.0
"Beta(2,2)",10000000,Gaffke,10,1.0,0.00036434567367567,0.00036428196528233,0.00036442543827502,1.1521621844436927,1.1519607208147256,1.1524144222543176,1.1521621844435697,2.576312965520748,0.005354156403336629,0.0,0.0
"Beta(2,2)",10000000,Regularized Efficient betting,10,1.0,0.00036672761575865,0.00035700543301612,0.0003735387365804,1.159694546680514,1.1289503053856567,1.181233201895818,1.159694546680392,2.5931558395134324,19.511030384292827,31.0,0.0
"Beta(2,2)",10000000,STaR betting,30,1.0,0.00037053226649489334,0.00036108059312882004,0.00037808904051781,1.1717259087085121,1.1418370931718638,1.1956225263840714,1.1717259087083576,2.620058782869946,3.975062349283447,31.0,0.0
"Beta(2,2)",10000000,Square-root feedback,10,1.0,0.00036842518827162,0.0003558794752878,0.00037874386626028,1.165062742314833,1.1253897144152698,1.197693267200924,1.165062742314673,2.605159489868287,2.7524138774475433,31.0,0.0
"Beta(2,2)",10000000,Squared-hinge feedback,10,1.0,0.00036964840730986,0.00035147038611996,0.00038345553151795,1.1689309005529271,1.1114469502380682,1.2125928609873844,1.1689309005527921,2.6138089546363914,2.7524138774475433,31.0,0.0
"Beta(2,2)",10000000,Target-capped feedback,10,1.0,0.00036460469512965,0.00036434378197339,0.00036479192259469,1.1529812822011176,1.1521562023559266,1.1535733474310872,1.152981282200995,2.578144523786568,2.7524138774475433,31.0,0.0
"Beta(20,80)",1000,Capped original feedback,50,1.0,0.010922044261219946,0.010279661040595271,0.01179659146441932,0.3453853657062625,0.3250714246277767,0.3730409765406634,0.3453853657062609,4.338849958379114,0.001454297944437658,32.9,0.0
"Beta(20,80)",1000,Common-clock Efficient betting,30,1.0,0.009184995265303236,0.00846869853923766,0.010020675871986481,0.2904550533622093,0.26780376201331885,0.31688159449771397,0.2904550533622076,3.648796449770293,0.02161161382682617,123.86666666666666,0.0
"Beta(20,80)",1000,Common-clock STaR betting,30,1.0,0.009017128802350203,0.00802590712085355,0.00986854836490684,0.28514664970533043,0.2538014679086175,0.31207090032636337,0.285146649705329,3.5821104541473736,0.004665060434490387,123.83333333333333,0.0
"Beta(20,80)",1000,Efficient betting,30,1.0,0.009994065338467122,0.00899888727965772,0.01082306583062449,0.3160400955409787,0.28456980210835275,0.34225539290715634,0.3160400955409772,3.970204564342604,0.020696702785789913,32.4,0.0
"Beta(20,80)",1000,Gaffke,50,1.0,0.008692874802548009,0.00854544634555842,0.00885322423706757,0.27489283790738356,0.27023074074727077,0.27996353225340287,0.2748928379073818,3.4532985376326883,0.01886297468445259,0.0,0.0
"Beta(20,80)",1000,Regularized Efficient betting,50,0.98,0.010174128983614477,0.00878971120975931,0.011636665613641031,0.3217342079655584,0.27795507397953606,0.3679836770886675,0.32173420796555674,4.04173596639213,0.005251789791509456,32.66,0.0
"Beta(20,80)",1000,STaR betting,30,1.0,0.00973690420482271,0.00860907923122035,0.01054775555249295,0.30790794646110575,0.27224298927507906,0.333549317485656,0.30790794646110414,3.8680457058610784,0.0015418052362898432,32.333333333333336,0.0
"Beta(20,80)",1000,Square-root feedback,50,1.0,0.009391068834852858,0.008961106039918261,0.00970248758111542,0.29697167181558826,0.28337505440433614,0.3068195972582256,0.2969716718155868,3.730660455928753,0.0007853878533932821,32.2,0.0
"Beta(20,80)",1000,Squared-hinge feedback,50,1.0,0.009410241747507587,0.008978233551157561,0.009748343286618121,0.2975779725492721,0.2839166738659978,0.3082696819892507,0.29757797254927093,3.7382770146318993,0.0007853878533932821,32.2,0.0
"Beta(20,80)",1000,Target-capped feedback,50,1.0,0.00996116073815228,0.00961977138046677,0.01022893411930715,0.3149995607160549,0.3042038813237733,0.323467298528193,0.31499956071605323,3.9571330073800874,0.0007853878533932821,32.42,0.0
"Beta(20,80)",3000,Capped original feedback,50,1.0,0.004958346425820106,0.00470115078989134,0.00529511403632676,0.27157981853468155,0.25749263338567224,0.2900253402258405,0.27157981853467883,3.4116792468501647,0.002373730324907182,32.12,0.0
"Beta(20,80)",3000,Common-clock Efficient betting,30,1.0,0.004127299562363613,0.00373578417349252,0.0044571070420172405,0.22606150718877743,0.2046173261792666,0.24412580681280208,0.2260615071887751,2.839862537462925,0.034272112573186506,123.0,0.0
"Beta(20,80)",3000,Common-clock STaR betting,30,1.0,0.004160835026384654,0.00368346052871341,0.00447713263440732,0.22789832020085043,0.20175144212562882,0.24522265368074697,0.22789832020084777,2.862937215351162,0.010700114754339003,123.0,0.0
"Beta(20,80)",3000,Efficient betting,30,1.0,0.004420077389573483,0.00393283717001523,0.0047512306919980695,0.24209760921879747,0.21541036330121746,0.2602356225918261,0.2420976092187947,3.041313576024637,0.021162181844313895,31.733333333333334,0.0
"Beta(20,80)",3000,Gaffke,50,1.0,0.004286664338360678,0.00421881082829758,0.00434345886948691,0.2347902754573125,0.23107378565056463,0.23790104004139193,0.23479027545731015,2.94951633174338,0.17534467131830747,0.0,0.0
"Beta(20,80)",3000,Regularized Efficient betting,50,1.0,0.004452866183411454,0.00380863495850453,0.00490794984872267,0.2438935254206418,0.20860752800756954,0.268819484324952,0.24389352542063897,3.063874494092671,0.015531997112557244,31.7,0.0
"Beta(20,80)",3000,STaR betting,30,1.0,0.00439807001270279,0.00398811592325438,0.00475065846075875,0.2408922155444378,0.21843810531120147,0.260204280196039,0.24089221554443505,3.026171005397306,0.004643579634527316,31.666666666666668,0.0
"Beta(20,80)",3000,Square-root feedback,50,1.0,0.004412906854588602,0.00422763625720093,0.0045603247847258,0.24170486284273757,0.23155717429956876,0.24977927541442213,0.24170486284273474,3.0363797607370047,0.00157070966670285,31.66,0.0
"Beta(20,80)",3000,Squared-hinge feedback,50,1.0,0.0044316432665147095,0.00423646337590021,0.0045976861887449295,0.2427310983886009,0.2320406555025078,0.25182564379055616,0.24273109838859855,3.0492716852293795,0.00157070966670285,31.72,0.0
"Beta(20,80)",3000,Target-capped feedback,50,1.0,0.0045917721682090604,0.00442954063194204,0.00474874387795245,0.25150171954525324,0.2426159323500379,0.26009941417691357,0.2515017195452508,3.1594512499097807,0.00157070966670285,31.9,0.0
"Beta(20,80)",10000,Capped original feedback,50,1.0,0.002404146153343818,0.00230951939259475,0.00249717249820925,0.24041461533438702,0.23095193925948299,0.24971724982092763,0.2404146153343818,3.0201712270127667,0.00578957056161011,31.64,0.0
"Beta(20,80)",10000,Common-clock Efficient betting,30,1.0,0.0020820332819904467,0.00195877331084484,0.00221827227105134,0.2082033281990496,0.1958773310844885,0.22182722710514136,0.20820332819904466,2.615521940379826,0.06586556298037366,123.0,0.0
"Beta(20,80)",10000,Common-clock STaR betting,30,1.0,0.002085179374393687,0.0019465871190112202,0.0021918430703649397,0.2085179374393735,0.19465871190112558,0.2191843070364954,0.2085179374393687,2.619474170047964,0.024202221492305342,123.0,0.0
"Beta(20,80)",10000,Efficient betting,30,1.0,0.00216911888571657,0.0020042951316242698,0.00232294698736888,0.21691188857166213,0.20042951316242918,0.23229469873689731,0.21691188857165702,2.7249218761096206,0.058261907783647336,31.2,0.0
"Beta(20,80)",10000,Gaffke,50,1.0,0.002178776164633544,0.00216318524984963,0.0021945937050033997,0.21787761646335926,0.21631852498496468,0.21945937050034442,0.2178776164633544,2.7370536826038028,0.000198145724134472,0.0,0.0
"Beta(20,80)",10000,Regularized Efficient betting,50,1.0,0.0022346729112973558,0.00202886073689122,0.00242379836166093,0.22346729112973926,0.20288607368913078,0.24237983616610245,0.2234672911297356,2.8072731015533647,0.04229102555662389,31.26,0.0
"Beta(20,80)",10000,STaR betting,30,1.0,0.00215480294104054,0.00197531563015108,0.00227850575928669,0.21548029410405953,0.19753156301511773,0.22785057592867192,0.215480294104054,2.7069376931854348,0.013098505527401915,31.166666666666668,0.0
"Beta(20,80)",10000,Square-root feedback,50,1.0,0.0021945124453774337,0.00208296291488823,0.00230201660979801,0.21945124453774803,0.20829629148882917,0.23020166097980846,0.2194512445377434,2.7568221406306987,0.0050036293209995576,31.22,0.0
"Beta(20,80)",10000,Squared-hinge feedback,50,1.0,0.002199874082887902,0.0020712741932505303,0.00232705591634264,0.21998740828879534,0.20712741932505432,0.23270559163426624,0.21998740828879018,2.763557614393923,0.0050036293209995576,31.2,0.0
"Beta(20,80)",10000,Target-capped feedback,50,1.0,0.00226151567686574,0.00220160834789904,0.0023242094029623803,0.2261515676865785,0.22016083478990806,0.23242094029624127,0.226151567686574,2.8409939084645206,0.0050036293209995576,31.28,0.0
"Beta(20,80)",30000,Capped original feedback,40,1.0,0.0013022765254485501,0.00124475569552216,0.00135324408488675,0.2255609107581245,0.21559801076551735,0.23438875100659176,0.22556091075811527,2.8335738726323756,0.015329859596386036,31.125,0.0
"Beta(20,80)",30000,Common-clock Efficient betting,30,1.0,0.0011949150119507535,0.00115901834753316,0.00122564597264038,0.2069653511425552,0.20074786648319812,0.21228810967053163,0.2069653511425477,2.5999700460803634,0.14148239572532473,123.0,0.0
"Beta(20,80)",30000,Common-clock STaR betting,30,1.0,0.0012156205661778532,0.0011793831640731,0.00124485813505735,0.2105516583345768,0.20427515617660708,0.21561575381348028,0.21055165833456868,2.6450224726040488,0.055862101446837134,123.0,0.0
"Beta(20,80)",30000,Efficient betting,30,1.0,0.0012163865561555,0.0011446535554973998,0.0012663663742852,0.21068433169051456,0.19825981151860098,0.21934109012588848,0.2106843316905059,2.646689161010883,0.16608243292818464,31.0,0.0
"Beta(20,80)",30000,Gaffke,40,1.0,0.0012215022719373175,0.0012159138661230599,0.00122626719832129,0.211570399655632,0.21060245937526914,0.21239570911477207,0.2115703996556249,2.6578202520624252,0.0002180089475586575,0.0,0.0
"Beta(20,80)",30000,Regularized Efficient betting,40,1.0,0.0012386480242257251,0.00114624998120921,0.00132161996363547,0.21454013106538494,0.19853632056292753,0.22891129253140866,0.21454013106537612,2.6951270411826167,0.1281799369724467,31.075,0.0
"Beta(20,80)",30000,STaR betting,30,1.0,0.0012314128796156335,0.00116788513399521,0.00127820896561311,0.21328696725890653,0.20228363894841303,0.22139228711320802,0.21328696725889743,2.679384365697618,0.03332023251180841,31.0,0.0
"Beta(20,80)",30000,Square-root feedback,40,1.0,0.00122834150886148,0.00117510429273424,0.00127265036202468,0.21275499023939837,0.20353403392080352,0.2204295087297699,0.21275499023938998,2.6727014870984376,0.012067009589615384,31.025,0.0
"Beta(20,80)",30000,Squared-hinge feedback,40,1.0,0.0012355061202002676,0.0011684722061807,0.0012841938623465,0.2139959373249248,0.20238532283371818,0.2224289016352375,0.21399593732491637,2.6882906919258547,0.012067009589615384,31.025,0.0
"Beta(20,80)",30000,Target-capped feedback,40,1.0,0.0012393239990999025,0.00120431551638609,0.00127686239710923,0.21465721334805546,0.2085935662724342,0.2211590546067436,0.21465721334804763,2.696597869155461,0.012067009589615384,31.05,0.0
"Beta(20,80)",100000,Capped original feedback,40,1.0,0.0006918181943673725,0.0006739027332117,0.00071394701308015,0.2187721220946121,0.21310675583618083,0.2257698690007455,0.2187721220945968,2.748290770524407,0.04977941240213109,31.125,0.0
"Beta(20,80)",100000,Common-clock Efficient betting,30,1.0,0.0006493117528626134,0.00063763009273901,0.00065663575852411,0.2053304050562384,0.20163633977198153,0.20764645900485557,0.2053304050562214,2.5794312900619607,0.4138930932463457,123.0,0.0
"Beta(20,80)",100000,Common-clock STaR betting,30,1.0,0.0006609824997871601,0.0006399207244089301,0.00067734306827657,0.20902101928393638,0.2023607011077238,0.21419468530811137,0.2090210192839187,2.6257940575043404,0.09385924686988191,123.0,0.0
"Beta(20,80)",100000,Efficient betting,30,1.0,0.0006561323209048467,0.00064405933915028,0.0006726999120844,0.20748725805119683,0.20366944600180023,0.21272639039820068,0.20748725805118268,2.606526420477498,0.4818838260136545,31.0,0.0
"Beta(20,80)",100000,Gaffke,40,1.0,0.0006588730833208175,0.00065662678977512,0.00066084903589638,0.20835396322718255,0.20764362283740698,0.20897881429590212,0.2083539632271681,2.6174142695009763,0.00026988049794448497,0.0,0.0
"Beta(20,80)",100000,Regularized Efficient betting,40,1.0,0.00066372955560167,0.0006319153507539799,0.0006919068389062001,0.20988971460728134,0.19982917968069022,0.21880015395909663,0.20988971460726474,2.6367069074446734,0.385525500588119,31.025,0.0
"Beta(20,80)",100000,STaR betting,30,1.0,0.00066573774897717,0.00064676222683949,0.00068498109465447,0.2105247611121443,0.20452417413755522,0.2166100413263596,0.21052476111212892,2.6446845804290486,0.0631547885946929,31.0,0.0
"Beta(20,80)",100000,Square-root feedback,40,1.0,0.0006679312349163425,0.00064131865362362,0.0006859309984075,0.21121840227047883,0.2028027651403336,0.21691042726812737,0.2112184022704628,2.6533983396377474,0.039929848331666976,31.025,0.0
"Beta(20,80)",100000,Squared-hinge feedback,40,1.0,0.000670132572651415,0.00063586293432347,0.00069272808019834,0.21191452638468594,0.2010775152140291,0.21905985325828048,0.21191452638467334,2.662143290593553,0.039929848331666976,31.025,0.0
"Beta(20,80)",100000,Target-capped feedback,40,1.0,0.0006654474852423674,0.0006514751543038101,0.0006793442667200001,0.21043297165973168,0.2060145326609879,0.21482751982122655,0.21043297165971664,2.6435314897039515,0.039929848331666976,31.0,0.0
"Beta(20,80)",300000,Capped original feedback,30,1.0,0.00039050496519169665,0.00038433047912343,0.00039535981690686,0.21388837825328938,0.21050647295270236,0.21654749005103271,0.21388837825326198,2.686939497811021,0.14597070960056344,31.0,0.0
"Beta(20,80)",300000,Common-clock Efficient betting,30,1.0,0.00037434966633449334,0.00037070132890435,0.00037695005028387,0.20503975664596338,0.20304147993810256,0.20646404559323064,0.20503975664593427,2.5757800645960347,0.8939287910548349,123.0,0.0
"Beta(20,80)",300000,Common-clock STaR betting,30,1.0,0.0003829922779761267,0.00037495706695751997,0.00038889506321184,0.20977350999784056,0.20537244366861976,0.21300659862352764,0.2097735099978136,2.635247105105322,0.21236500718320403,123.0,0.0
"Beta(20,80)",300000,Efficient betting,30,1.0,0.0003764209533940367,0.00037134840453422,0.00038212255301314,0.20617424729154898,0.20339589785695159,0.20929714201680574,0.2061742472915147,2.5900319269479293,1.261943292664364,31.0,0.0
"Beta(20,80)",300000,Gaffke,30,1.0,0.00037776354409511335,0.00037727219124885996,0.00037844473523286,0.20690961450401563,0.20664048946641542,0.20728271825614894,0.2069096145039911,2.599269863224286,0.0003770766003677834,0.0,0.0
"Beta(20,80)",300000,Regularized Efficient betting,30,1.0,0.00037738598970699,0.00035718383445756003,0.00039347061838003,0.20670281944895919,0.19563764330863526,0.21551273340228372,0.20670281944893087,2.5966720324963104,1.1994832965390136,31.0,0.0
"Beta(20,80)",300000,STaR betting,30,1.0,0.00038439251693122336,0.00037193781594634003,0.00039268327878401,0.21054045245944714,0.20371873178302322,0.21508148974513563,0.21054045245941752,2.6448817005399503,0.20347812048469976,31.0,0.0
"Beta(20,80)",300000,Square-root feedback,30,1.0,0.0003843620274086367,0.00037131808879807,0.00039349120433805,0.21052375266015655,0.20337929324442136,0.21552400879583866,0.21052375266012924,2.6446719119077513,0.11512325532126444,31.0,0.0
"Beta(20,80)",300000,Squared-hinge feedback,30,1.0,0.00038666171385024997,0.00036977614539353,0.00039750803889984,0.21178334279941416,0.20253473605935854,0.21772411969513555,0.21178334279938968,2.6604953171991634,0.11512325532126444,31.0,0.0
"Beta(20,80)",300000,Target-capped feedback,30,1.0,0.0003795048197379267,0.00037464735387308,0.00038498899872321,0.20786335045242357,0.2052028068259312,0.21086715899207667,0.20786335045239426,2.6112510227954,0.11512325532126444,31.0,0.0
"Beta(20,80)",1000000,Capped original feedback,20,1.0,0.000212071669927355,0.00020846559210855,0.00021488570930341998,0.21207166992740914,0.20846559210862536,0.21488570930349166,0.212071669927355,2.664117381917332,0.482053067049128,31.0,0.0
"Beta(20,80)",1000000,Common-clock Efficient betting,30,1.0,0.00020526275129939333,0.00020444420992082,0.00020588864816018,0.2052627512994555,0.20444420992086204,0.2058886481602656,0.20526275129939334,2.5785814002607483,2.1521677232347427,123.0,0.0
"Beta(20,80)",1000000,Common-clock STaR betting,30,0.9666666666666667,0.00020812102791851667,0.00019735787227947,0.00021357098901437,0.2081210279185748,0.19735787227952153,0.21357098901446372,0.20812102791851667,2.614488055901882,0.49856190220452845,123.0,0.0
"Beta(20,80)",1000000,Efficient betting,30,1.0,0.00020577216754998,0.00020415279500694,0.00020763364885963,0.20577216755003344,0.2041527950070287,0.20763364885971744,0.20577216754998,2.584980862707924,2.8995864048910636,31.0,0.0
"Beta(20,80)",1000000,Gaffke,20,1.0,0.00020607500930586498,0.00020588787208617,0.00020628718161427,0.206075009305913,0.2058878720861828,0.20628718161430637,0.20607500930586503,2.588785265182195,0.00075985190051137,0.0,0.0
"Beta(20,80)",1000000,Regularized Efficient betting,20,1.0,0.00020609838448689,0.00019890882331152,0.00021386937453693,0.20609838448694823,0.19890882331161644,0.21386937453696797,0.20609838448689,2.589078912259726,3.0089475872693585,31.0,0.0
"Beta(20,80)",1000000,STaR betting,30,0.9666666666666667,0.00020836945617311,0.00019671728859041,0.00021483954734567,0.20836945617315467,0.1967172885904589,0.21483954734570204,0.20836945617311,2.617608897226007,0.6404224382713437,31.0,0.0
"Beta(20,80)",1000000,Square-root feedback,20,0.95,0.000207553556324275,0.00019671728859041,0.00021421487497288,0.2075535563243302,0.1967172885904589,0.21421487497290392,0.20755355632427502,2.607359282226053,0.383155753116201,31.0,0.0
"Beta(20,80)",1000000,Squared-hinge feedback,20,0.95,0.00020866737460073997,0.00019468296858434,0.00021665693200016,0.20866737460078633,0.1946829685844281,0.21665693200024755,0.20866737460074,2.6213514511546974,0.383155753116201,31.0,0.0
"Beta(20,80)",1000000,Target-capped feedback,20,1.0,0.00020623266946837498,0.00020457717921973002,0.00020800513538269,0.2062326694684188,0.2045771792197559,0.20800513538272164,0.206232669468375,2.5907658464616814,0.383155753116201,31.0,0.0
"Beta(20,80)",3000000,Capped original feedback,15,1.0,0.00012130088964659333,0.00011963661401212,0.00012417891267478,0.2100993038712953,0.20721669391459405,0.21508418598144985,0.21009930387120523,2.6393398399882515,1.4359863926734155,31.0,0.0
"Beta(20,80)",3000000,Common-clock Efficient betting,30,1.0,0.00011835249414966667,0.00011786136353024,0.00011861326072084,0.20499253306979973,0.20414186988380098,0.20544419401993766,0.20499253306972098,2.5751868257624984,5.799170555872843,123.0,0.0
"Beta(20,80)",3000000,Common-clock STaR betting,30,1.0,0.00012116968371807,0.00011655920365529,0.00012361568458435,0.20987204853682992,0.2018864628208443,0.21410864631253085,0.20987204853674857,2.6364849801812347,1.469054896881183,123.0,0.0
"Beta(20,80)",3000000,Efficient betting,30,1.0,0.00011846993943037,0.00011772840149408,0.00011939766257955999,0.2051959542630905,0.20391157288178235,0.2068028178929258,0.20519595426300832,2.577742272876657,6.670465248140196,31.0,0.0
"Beta(20,80)",3000000,Gaffke,15,1.0,0.00011871667312322667,0.00011865731725221999,0.00011877504920714,0.2056233095550667,0.2055205021707965,0.20572441989834145,0.20562330955497515,2.5831108572895745,0.0017549236033421733,0.0,0.0
"Beta(20,80)",3000000,Regularized Efficient betting,15,1.0,0.00011979175487606668,0.00011499546002721999,0.00012360442708286,0.2074854057732759,0.1991779794070406,0.21408914774798987,0.20748540577318425,2.6065031515240267,6.290460442441205,31.0,0.0
"Beta(20,80)",3000000,STaR betting,30,1.0,0.00012115781598352667,0.00011686343860252,0.00012384863117487,0.2098514930176415,0.202413413206898,0.21451212164288624,0.20985149301754877,2.6362267546672706,1.570124735760813,31.0,0.0
"Beta(20,80)",3000000,Square-root feedback,15,1.0,0.00012121954585144666,0.00011797555815854,0.0001240107588789,0.20995841228522522,0.204339660781974,0.2147929350635351,0.20995841228513074,2.637569911343191,1.096745401667431,31.0,0.0
"Beta(20,80)",3000000,Squared-hinge feedback,15,1.0,0.00012211146911511332,0.00011786077966428,0.00012590469657174,0.21150326869433222,0.20414085859829148,0.21807333137387988,0.21150326869425404,2.656976929798213,1.096745401667431,31.0,0.0
"Beta(20,80)",3000000,Target-capped feedback,15,1.0,0.00011888087677759333,0.00011846724574658,0.0001196326747788,0.20590771862720786,0.20519128866595654,0.20720987096232635,0.2059077186271267,2.5866837020402462,1.096745401667431,31.0,0.0
"Beta(20,80)",10000000,Capped original feedback,10,1.0,6.626804581147394e-05,6.590353756662504e-05,6.655385556208481e-05,0.20955796085263872,0.2084052845730059,0.2104617706420538,0.20955796085263878,2.632539302480926,4.769861667690566,31.0,0.0
"Beta(20,80)",10000000,Common-clock Efficient betting,30,1.0,6.48569738320004e-05,6.474754983994135e-05,6.491613796086315e-05,0.20509575945506,0.20474973040948527,0.205282852858046,0.20509575945506003,2.576483591178353,17.32124227139478,123.0,0.0
"Beta(20,80)",10000000,Common-clock STaR betting,30,1.0,6.629164355778094e-05,6.447213814506081e-05,6.737715230154817e-05,0.2096325834786157,0.20387880215941537,0.21306526352894825,0.20963258347861574,2.633476737617913,4.406693802090983,123.0,0.0
"Beta(20,80)",10000000,Efficient betting,30,1.0,6.487107185318605e-05,6.459772917003504e-05,6.525188324912057e-05,0.20514034131250794,0.204275955852009,0.20634457268260925,0.205140341312508,2.5770436438313093,22.982289713108912,31.0,0.0
"Beta(20,80)",10000000,Gaffke,10,1.0,6.494256825966826e-05,6.49307023269513e-05,6.495848484093792e-05,0.205366432801509,0.2053289094275611,0.20541676545088428,0.205366432801509,2.579883883010559,0.005233488901285411,0.0,0.0
"Beta(20,80)",10000000,Regularized Efficient betting,10,1.0,6.548251126494154e-05,6.4238332989211e-05,6.732202883692195e-05,0.20707388250484882,0.20313944533823936,0.2128909478282097,0.20707388250484887,2.6013334544454154,24.210105503629894,31.0,0.0
"Beta(20,80)",10000000,STaR betting,30,1.0,6.62800433854721e-05,6.432231162393221e-05,6.739445298889201e-05,0.2095959005128694,0.20340500909874962,0.21311997310604128,0.20959590051286942,2.6330159135639577,8.046236012255152,31.0,0.0
"Beta(20,80)",10000000,Square-root feedback,10,1.0,6.609312672520851e-05,6.324308090884523e-05,6.77648588802121e-05,0.2090048181338045,0.19999218191826254,0.21429129938135752,0.20900481813380453,2.625590533074695,3.6698803022309825,31.0,0.0
"Beta(20,80)",10000000,Squared-hinge feedback,10,1.0,6.633626653801128e-05,6.24832079890475e-05,6.862899617023633e-05,0.20977369373212823,0.19758925275941927,0.21702394142891956,0.20977369373212826,2.635249413238781,3.6698803022309825,31.0,0.0
"Beta(20,80)",10000000,Target-capped feedback,10,1.0,6.504010962277983e-05,6.482608208757123e-05,6.527510581557649e-05,0.2056748856750191,0.20499807118176802,0.20641800888572462,0.20567488567501915,2.5837587742777517,3.6698803022309825,31.0,0.0
"Beta(50,50)",1000,Capped original feedback,50,1.0,0.011968702311883166,0.0111864042575041,0.01313251125795394,0.37848359942073917,0.35374516281117696,0.4152864697293776,0.3784835994207377,3.8037130988125716,0.009043678460875476,32.72,0.0
"Beta(50,50)",1000,Common-clock Efficient betting,30,1.0,0.00921408227936765,0.00764738210881911,0.010155360085999581,0.29137486550997804,0.2418314560149018,0.3211406833092214,0.2913748655099766,2.928281157496107,0.014284865589191462,123.0,0.0
"Beta(50,50)",1000,Common-clock STaR betting,30,1.0,0.009195435002974017,0.00770094582066134,0.01009952050115719,0.29078518685435234,0.24352528930844577,0.3193748805922211,0.2907851868543509,2.922354960350639,0.00203675082884724,123.0,0.0
"Beta(50,50)",1000,Efficient betting,30,1.0,0.010196344647673713,0.00833226788131413,0.011297485485155901,0.32243672894716163,0.2634894457961828,0.357257859657852,0.3224367289471601,3.240449021600093,0.0042092188727110135,32.0,0.0
"Beta(50,50)",1000,Gaffke,50,1.0,0.009689552369302024,0.00943397158066577,0.00992410955850259,0.3064105499447551,0.29832837576202803,0.3138278995391626,0.3064105499447538,3.0793879159440394,0.018602544337045356,0.0,0.0
"Beta(50,50)",1000,Regularized Efficient betting,50,1.0,0.010482914002318608,0.00832552399884116,0.01174347375374037,0.33149884762998605,0.2632761855073118,0.37136124704227147,0.3314988476299843,3.3315221872262657,0.009469526372849892,32.1,0.0
"Beta(50,50)",1000,STaR betting,30,1.0,0.010042825444987217,0.00824234021829315,0.01118685535055055,0.3175820254965379,0.2606456833981596,0.3537594276258112,0.31758202549653636,3.191659855743849,0.0011477284599094965,31.933333333333334,0.0
"Beta(50,50)",1000,Square-root feedback,50,0.98,0.010265987832661545,0.009881359236761629,0.010666740306251,0.32463903982786163,0.3124760156650995,0.3373119457727538,0.32463903982786,3.2625819720301252,0.000787043699917018,32.02,0.0
"Beta(50,50)",1000,Squared-hinge feedback,50,0.98,0.01030296772340702,0.00983689979442259,0.01075418931639067,0.3258084466516602,0.3110700846521766,0.3400773262844378,0.32580844665165887,3.274334365159791,0.000787043699917018,32.02,0.0
"Beta(50,50)",1000,Target-capped feedback,50,1.0,0.010851065469721416,0.0104880187911148,0.01121190661830729,0.34314081923924716,0.3316602752256869,0.3545516182696739,0.3431408192392454,3.448522553883961,0.000787043699917018,32.32,0.0
"Beta(50,50)",3000,Capped original feedback,50,1.0,0.00580054107121607,0.0055465983129465,0.00620517365841083,0.3177087190440248,0.3037997013420939,0.3398713585948506,0.3177087190440222,3.1929331101380916,0.002319976827129682,31.78,0.0
"Beta(50,50)",3000,Common-clock Efficient betting,30,1.0,0.0047691299307411165,0.00448511546158976,0.0050586306151702495,0.261216004273999,0.2456598911327947,0.2770726098014996,0.26121600427399605,2.625188353199873,0.014796490206693564,123.0,0.0
"Beta(50,50)",3000,Common-clock STaR betting,30,1.0,0.004787312978738587,0.004397822335725559,0.00512953628552389,0.26221193082924016,0.2408786497176968,0.28095627331227185,0.2622119308292374,2.6351972912078176,0.006292680278420407,123.0,0.0
"Beta(50,50)",3000,Efficient betting,30,1.0,0.005037922160379753,0.00471850049413567,0.00535397444072636,0.27593836101951735,0.2584429158237415,0.2932492573491961,0.275938361019515,2.773146207342145,0.01612746103977159,31.3,0.0
"Beta(50,50)",3000,Gaffke,50,1.0,0.005103571899439148,0.00504714060695619,0.00517181879997388,0.2795341453172332,0.27644327613302366,0.28327218200750265,0.27953414531723086,2.8092833922945264,0.16803791641956192,0.0,0.0
"Beta(50,50)",3000,Regularized Efficient betting,50,1.0,0.005206699922505462,0.00471097095060423,0.00579829059674908,0.28518269977166694,0.2580305057397505,0.317585455480957,0.2851826997716642,2.8660506620007133,0.01933863859623666,31.46,0.0
"Beta(50,50)",3000,STaR betting,30,1.0,0.005007621932787563,0.004542551423281209,0.00540523790285009,0.2742787492045393,0.24880578831583558,0.29605707280729243,0.2742787492045367,2.7564673150222307,0.003099065103257653,31.2,0.0
"Beta(50,50)",3000,Square-root feedback,50,1.0,0.005174316116630332,0.005069965042546171,0.00530981671673307,0.283408965674099,0.2776934219565189,0.29083063919727564,0.2834089656740965,2.8482248549352196,0.0015170708946728021,31.26,0.0
"Beta(50,50)",3000,Squared-hinge feedback,50,1.0,0.005197607404589005,0.00503453582570125,0.005387528030883311,0.28468468205493064,0.2757528838304498,0.2950870631706209,0.2846846820549278,2.861045645890404,0.0015170708946728021,31.36,0.0
"Beta(50,50)",3000,Target-capped feedback,50,1.0,0.005368148159671095,0.00527857337072843,0.00547186849611195,0.29402558390817274,0.28911937065940524,0.2997065807022404,0.29402558390817024,2.9549205477045803,0.0015170708946728021,31.42,0.0
"Beta(50,50)",10000,Capped original feedback,50,1.0,0.002956936172537966,0.00284582975031323,0.00311606351147593,0.2956936172538024,0.2845829750313233,0.31160635114760193,0.2956936172537966,2.9716840753600398,0.005711285301949785,31.44,0.0
"Beta(50,50)",10000,Common-clock Efficient betting,30,1.0,0.00258200422101441,0.0025154759160899,0.00265107991408689,0.25820042210144684,0.2515475916089926,0.2651079914086945,0.258200422101441,2.5948821274404543,0.02969705058882629,123.0,0.0
"Beta(50,50)",10000,Common-clock STaR betting,30,1.0,0.002624835924495817,0.0025223163534893703,0.00269680862515189,0.2624835924495864,0.252231635348944,0.2696808625151936,0.26248359244958164,2.63792745670333,0.009630839076513999,123.0,0.0
"Beta(50,50)",10000,Efficient betting,30,1.0,0.002661588654374767,0.00258556340322761,0.00273375765029593,0.2661588654374817,0.25855634032276253,0.2733757650296009,0.26615886543747663,2.674863493105384,0.029284524467463244,31.0,0.0
"Beta(50,50)",10000,Gaffke,50,1.0,0.002675873388145894,0.00265958398879301,0.00269688165390665,0.267587338814593,0.2659583988793029,0.2696881653906657,0.2675873388145894,2.6892194728733942,0.000192104100715314,0.0,0.0
"Beta(50,50)",10000,Regularized Efficient betting,50,1.0,0.0027183686725040118,0.00253713705134844,0.0029728874825115602,0.2718368672504068,0.2537137051348448,0.2972887482511649,0.2718368672504012,2.7319267051017393,0.026427660007029723,31.14,0.0
"Beta(50,50)",10000,STaR betting,30,1.0,0.00268721046810645,0.00259701332476463,0.00276334160457917,0.2687210468106491,0.2597013324764652,0.2763341604579206,0.268721046810645,2.7006130972244287,0.005499058108155884,31.033333333333335,0.0
"Beta(50,50)",10000,Square-root feedback,50,1.0,0.002706597435820316,0.0026228237858666502,0.00277086852221336,0.2706597435820365,0.2622823785866707,0.27708685222133933,0.2706597435820316,2.720096758643944,0.004230210807484836,31.06,0.0
"Beta(50,50)",10000,Squared-hinge feedback,50,1.0,0.0027235378332968003,0.00262020131588535,0.00280822680493788,0.27235378332968563,0.2620201315885423,0.280822680493793,0.27235378332968,2.737121647405053,0.004230210807484836,31.06,0.0
"Beta(50,50)",10000,Target-capped feedback,50,1.0,0.002750299510769576,0.00272117030396891,0.00278932284909425,0.2750299510769627,0.2721170303968989,0.27893228490942773,0.2750299510769576,2.7640168004064383,0.004230210807484836,31.06,0.0
"Beta(50,50)",30000,Capped original feedback,40,1.0,0.0016329487756400426,0.00158112107188702,0.0017141194631056002,0.2828350245566023,0.27385820294262075,0.2968942000341673,0.2828350245565945,2.842456818090526,0.015456431329948778,31.225,0.0
"Beta(50,50)",30000,Common-clock Efficient betting,30,1.0,0.00149526070638935,0.0014798107601805,0.00151282366759109,0.2589867514027765,0.2563107422219884,0.26202874551605154,0.25898675140276833,2.60278463911606,0.0712503697412709,123.0,0.0
"Beta(50,50)",30000,Common-clock STaR betting,30,1.0,0.0015102436903239667,0.00146707244744015,0.00154415084268645,0.26158188034515234,0.25410440173508547,0.26745477140832924,0.2615818803451428,2.628865362207709,0.02615481796674425,123.0,0.0
"Beta(50,50)",30000,Efficient betting,30,1.0,0.0015222541065123799,0.00150530263450287,0.00154070408494772,0.2636621454509886,0.26072606437263784,0.26685777545585193,0.26366214545098077,2.649771767780361,0.09158619851805265,31.0,0.0
"Beta(50,50)",30000,Gaffke,40,1.0,0.0015167791863147176,0.0015111606903933101,0.00152270314759534,0.26271386145601483,0.2617407094162189,0.26373992164801874,0.26271386145600706,2.640241631577335,0.00022343579767034,0.0,0.0
"Beta(50,50)",30000,Regularized Efficient betting,40,1.0,0.001548496891816235,0.0014455610462687,0.0016329152904662001,0.26820752919882906,0.25037851775798814,0.2828292247543621,0.2682075291988206,2.695452309096382,0.08172940559452396,31.0,0.0
"Beta(50,50)",30000,STaR betting,30,1.0,0.0015293390748998333,0.00148048255043821,0.00156737385593146,0.2648892979726978,0.2564270997078183,0.2714771152928495,0.26488929797268956,2.662104497991643,0.02002351093105967,31.0,0.0
"Beta(50,50)",30000,Square-root feedback,40,1.0,0.001530431146534805,0.0014836336288281,0.0015632477669515299,0.26507845032842486,0.2569728824948134,0.27076245571786817,0.26507845032841715,2.6640054556401473,0.012119396392275375,31.0,0.0
"Beta(50,50)",30000,Squared-hinge feedback,40,1.0,0.0015367885645291225,0.00148250141942421,0.00158165366415467,0.26617958742553705,0.2567767780735795,0.2739504506293436,0.2661795874255282,2.6750717465079266,0.012119396392275375,31.025,0.0
"Beta(50,50)",30000,Target-capped feedback,40,1.0,0.0015420555362140175,0.0015295623002120201,0.0015536794922607,0.26709185368156346,0.26492796173092586,0.26910518192734173,0.2670918536815547,2.6842399089143325,0.012119396392275375,31.0,0.0
"Beta(50,50)",100000,Capped original feedback,40,1.0,0.0008559210856115374,0.0008429944023465501,0.00087073566981643,0.27066601278965974,0.2665782366187639,0.27535079565723003,0.2706660127896432,2.7201597634007966,0.0493558417729218,31.0,0.0
"Beta(50,50)",100000,Common-clock Efficient betting,30,1.0,0.0008106780361437466,0.00080325175502332,0.0008174819153300999,0.256358904328668,0.2540105080401379,0.2585104798440064,0.25635890432865444,2.5763751028699438,0.21677334311728674,123.0,0.0
"Beta(50,50)",100000,Common-clock STaR betting,30,1.0,0.00082843205062051,0.0008018165490885801,0.00084570847554428,0.2619732166644873,0.2535566560736242,0.267436501922881,0.2619732166644719,2.632798243543052,0.057759668460736636,123.0,0.0
"Beta(50,50)",100000,Efficient betting,30,1.0,0.0008183428374496667,0.0008108407144770901,0.0008252856100122501,0.2587827273226072,0.2564103477345993,0.2609782247800381,0.25878272732258845,2.6007342224866847,0.2997484613054742,31.0,0.0
"Beta(50,50)",100000,Gaffke,40,1.0,0.0008210539333531801,0.00081893030005031,0.00082319305523833,0.2596400511236284,0.2589684993084164,0.26031650085860497,0.2596400511236139,2.609350220053935,0.000267212350445285,0.0,0.0
"Beta(50,50)",100000,Regularized Efficient betting,40,1.0,0.000823096985189265,0.0007849376174148,0.00087080856359105,0.2602861208416121,0.24821906921767364,0.275373846692744,0.26028612084159564,2.6158431403622435,0.23998442908050488,31.0,0.0
"Beta(50,50)",100000,STaR betting,30,1.0,0.0008337855191308967,0.0008054312490991099,0.0008521312525546401,0.26366613205196954,0.25469972458278006,0.2694675623484921,0.26366613205195294,2.6498118326243305,0.042737981056173595,31.0,0.0
"Beta(50,50)",100000,Square-root feedback,40,1.0,0.00083464528013205,0.00080668429887834,0.00085143808475534,0.26393801235267145,0.25509597371515863,0.2692483634438522,0.26393801235265607,2.6525441958302225,0.03833152297447664,31.0,0.0
"Beta(50,50)",100000,Squared-hinge feedback,40,1.0,0.000839290567663665,0.00080323628188526,0.00086422332168398,0.2654069812513014,0.25400561500426655,0.27329141035578913,0.2654069812512846,2.6673071505527486,0.03833152297447664,31.0,0.0
"Beta(50,50)",100000,Target-capped feedback,40,1.0,0.00082736551920602,0.00082413637097184,0.00083050330521238,0.2616359498178956,0.26061480348565236,0.26262820487692934,0.26163594981788096,2.629408753683678,0.03833152297447664,31.0,0.0
"Beta(50,50)",300000,Capped original feedback,30,1.0,0.0004878303558665733,0.00048206239082519,0.0004932272718112,0.2671956901439172,0.26403644557984857,0.27015170274773087,0.2671956901438949,2.685283452445925,0.14559763506404122,31.0,0.0
"Beta(50,50)",300000,Common-clock Efficient betting,30,1.0,0.0004683287950860667,0.00046546337794947,0.0004703319381497,0.2565142453978837,0.25494479179552354,0.2576114120397509,0.25651424539785334,2.577936261294413,0.5182582983436684,123.0,0.0
"Beta(50,50)",300000,Common-clock STaR betting,30,0.9666666666666667,0.00047605542195430333,0.00045673188719966,0.00048645268285327003,0.2607462932270378,0.25016235735118775,0.26644110755766504,0.26074629322701204,2.6204678156000463,0.13295092342110967,123.0,0.0
"Beta(50,50)",300000,Efficient betting,30,1.0,0.0004708864428350033,0.00046795872357982,0.00047291337067871,0.2579151267641208,0.2563115488860255,0.25902532086653607,0.2579151267640982,2.5920149447850815,0.6988914462116858,31.0,0.0
"Beta(50,50)",300000,Gaffke,30,0.9666666666666667,0.00047149230042017003,0.00047074632273458,0.0004722276518645,0.2582469686301577,0.2578383798243656,0.25864973720389456,0.25824696863012964,2.595349914264594,0.00037186483192873664,0.0,0.0
"Beta(50,50)",300000,Regularized Efficient betting,30,1.0,0.00047137288886337663,0.00045600507293751,0.00048465924980088004,0.25818156422687866,0.2497642647846778,0.2654588038195057,0.2581815642268471,2.5946926081465653,0.6370854960909734,31.0,0.0
"Beta(50,50)",300000,STaR betting,30,0.9666666666666667,0.0004780389165514033,0.00045861076365605,0.0004883650025808199,0.2618326979605612,0.2511914603691151,0.2674885282095902,0.2618326979605333,2.6313860480461537,0.13850923584153252,31.0,0.0
"Beta(50,50)",300000,Square-root feedback,30,0.9666666666666667,0.00047804726917445,0.00045861076365605,0.00048857416228153,0.26183727288061326,0.2511914603691151,0.2676030896957957,0.26183727288059033,2.6314320254236607,0.11253556002306539,31.0,0.0
"Beta(50,50)",300000,Squared-hinge feedback,30,0.9666666666666667,0.00048032309216750665,0.0004558639143526,0.0004932622704700901,0.26308379247080443,0.2496869490435494,0.27017087230269216,0.2630837924707764,2.6439593922643723,0.11253556002306539,31.0,0.0
"Beta(50,50)",300000,Target-capped feedback,30,1.0,0.00047359028809183665,0.00047255370879029004,0.00047467447188502,0.25939608380329476,0.2588283259372122,0.2599899157233091,0.25939608380326923,2.606898378828964,0.11253556002306539,31.0,0.0
"Beta(50,50)",1000000,Capped original feedback,20,0.95,0.00026438282541213,0.00026128244732258,0.00026730553095318,0.26438282541218494,0.2612824473226693,0.2673055309532102,0.26438282541213,2.657014511752978,0.48069048004399517,31.0,0.0
"Beta(50,50)",1000000,Common-clock Efficient betting,30,0.9666666666666667,0.0002566565750872,0.00025619003373844005,0.00025718469434139,0.256656575087257,0.25619003373852917,0.2571846943414058,0.2566565750872,2.5793666569698077,1.5113211581328263,123.0,0.0
"Beta(50,50)",1000000,Common-clock STaR betting,30,0.9666666666666667,0.0002605523354161333,0.00024575269486396,0.0002674189638645,0.26055233541618095,0.24575269486405427,0.2674189638645574,0.2605523354161333,2.61851856372519,0.423662068353345,123.0,0.0
"Beta(50,50)",1000000,Efficient betting,30,0.9666666666666667,0.00025742598099612,0.00025693740737597003,0.00025797459560015,0.2574259809961695,0.25693740737604553,0.25797459560018554,0.25742598099612,2.5870990906565727,2.0231227842625232,31.0,0.0
"Beta(50,50)",1000000,Gaffke,20,0.95,0.00025737699390310004,0.00025714227137522,0.00025760654173198,0.25737699390313284,0.25714227137522133,0.25760654173198616,0.2573769939031,2.5866067764644747,0.00074735920352391,0.0,0.0
"Beta(50,50)",1000000,Regularized Efficient betting,20,0.95,0.00026238772605555996,0.00025374798967315,0.00027411265768251004,0.26238772605560456,0.25374798967323636,0.2741126576825348,0.26238772605556,2.6369640113675668,2.0707295702537523,31.0,0.0
"Beta(50,50)",1000000,STaR betting,30,0.9666666666666667,0.00026106070675723333,0.0002447547785197,0.00026801690746334,0.2610607067572878,0.24475477851977898,0.2680169074633642,0.26106070675723336,2.623627632472657,0.4401452358501653,31.0,0.0
"Beta(50,50)",1000000,Square-root feedback,20,0.95,0.00026099677096749497,0.00024459507279565,0.00026805744279458,0.2609967709675448,0.24459507279573356,0.2680574427946558,0.260996770967495,2.6229850857380113,0.37328888676420313,31.0,0.0
"Beta(50,50)",1000000,Squared-hinge feedback,20,0.95,0.000261972814359075,0.00024312118474054,0.00027183706556759,0.2619728143591238,0.24312118474056899,0.2718370655676261,0.26197281435907505,2.632794200424197,0.37328888676420313,31.0,0.0
"Beta(50,50)",1000000,Target-capped feedback,20,0.95,0.00025803643860703503,0.00025762558725224,0.00025844598347953,0.25803643860708714,0.25762558725230256,0.25844598347958825,0.258036438607035,2.593234113718222,0.37328888676420313,31.0,0.0
"Beta(50,50)",3000000,Capped original feedback,15,1.0,0.00015186786974414666,0.00015026584145526,0.00015384688403257999,0.26304286643418223,0.26026807204264873,0.2664706197306474,0.2630428664341143,2.643548090686647,1.4320963020669297,31.0,0.0
"Beta(50,50)",3000000,Common-clock Efficient betting,30,1.0,0.00014801871125128332,0.00014781590476804998,0.00014825551579406002,0.2563759283581542,0.25602465722503576,0.25678608585766155,0.25637592835808976,2.57654619224885,4.605780185526237,123.0,0.0
"Beta(50,50)",3000000,Common-clock STaR betting,30,1.0,0.00014927194736349335,0.00014453590888309,0.00015329052358709,0.2585465969783892,0.25034353770369994,0.26550697517178223,0.25854659697831756,2.5983611418968824,1.1168937406347443,123.0,0.0
"Beta(50,50)",3000000,Efficient betting,30,1.0,0.00014827335159082997,0.0001480713672943,0.00014851039876097,0.25681697836393286,0.25646713130007426,0.2572275561063532,0.25681697836384115,2.5809786899496596,5.735990388536205,31.0,0.0
"Beta(50,50)",3000000,Gaffke,15,1.0,0.00014832211642146667,0.00014824094280938,0.00014838153979826,0.2569014415282466,0.2567608447079026,0.2570043658360035,0.2569014415281264,2.58182753424554,0.0017350505959863002,0.0,0.0
"Beta(50,50)",3000000,Regularized Efficient betting,15,1.0,0.00014772496650318666,0.00014397247323364,0.00015210868725304,0.25586714753001805,0.2493676385321186,0.2634599745949442,0.2558671475299298,2.571433008207671,7.222609787682692,31.0,0.0
"Beta(50,50)",3000000,STaR betting,30,1.0,0.00014944365374686334,0.00014465360994182002,0.0001534781947822,0.25884400115837486,0.25054740191759706,0.2658320312167663,0.2588440011582983,2.6013500169149397,1.310216452460736,31.0,0.0
"Beta(50,50)",3000000,Square-root feedback,15,1.0,0.00014976823740232,0.00014293639167212,0.0001539885162461,0.25940619654094244,0.24757309262677565,0.2667159339204593,0.25940619654085567,2.6070000105845255,1.0930233667294185,31.0,0.0
"Beta(50,50)",3000000,Squared-hinge feedback,15,1.0,0.00015012247980206666,0.00014004158858532,0.00015580667348896,0.2600197623755124,0.24255914660253983,0.2698650746412824,0.260019762375412,2.6131662709073225,1.0930233667294185,31.0,0.0
"Beta(50,50)",3000000,Target-capped feedback,15,1.0,0.00014860078653091332,0.00014849933947146,0.00014868789538583998,0.2573841123163347,0.25720840085505176,0.2575349892788869,0.25738411231623876,2.586678315631773,1.0930233667294185,31.0,0.0
"Beta(50,50)",10000000,Capped original feedback,10,1.0,8.296188068052102e-05,8.20947505826508e-05,8.411381095657644e-05,0.2623485019215662,0.25960639578461175,0.2659912252996079,0.2623485019215663,2.636569813699136,4.746835276094498,31.0,0.0
"Beta(50,50)",10000000,Common-clock Efficient betting,30,1.0,8.105904962014503e-05,8.097752594627971e-05,8.112166648377995e-05,0.2563312217682647,0.25607342127562566,0.2565292336772873,0.2563312217682648,2.5760968965810163,13.69862219573309,123.0,0.0
"Beta(50,50)",10000000,Common-clock STaR betting,30,1.0,8.260573402003776e-05,8.107381012344982e-05,8.410184924593223e-05,0.2612222672933765,0.2563778985781183,0.26595339904926035,0.2612222672933765,2.6252512957656293,3.010647918377072,123.0,0.0
"Beta(50,50)",10000000,Efficient betting,30,1.0,8.113539711473994e-05,8.105225352924017e-05,8.119886136769283e-05,0.25657265374483207,0.2563097306418199,0.2567733453341643,0.25657265374483207,2.5785232579165185,17.344297174814468,31.0,0.0
"Beta(50,50)",10000000,Gaffke,10,1.0,8.115405331150516e-05,8.114209382605874e-05,8.117214742190404e-05,0.2566316498190864,0.2565938306054321,0.2566888684201814,0.2566316498190865,2.5791161611248703,0.0060628028993959995,0.0,0.0
"Beta(50,50)",10000000,Regularized Efficient betting,10,1.0,8.144199058768842e-05,7.996782225769272e-05,8.339595020035451e-05,0.2575421874350905,0.2528804578578174,0.2637211502670957,0.25754218743509055,2.588266950914063,19.74632806610316,31.0,0.0
"Beta(50,50)",10000000,STaR betting,30,1.0,8.26820471845624e-05,8.110638775216117e-05,8.426802253058696e-05,0.26146359070872954,0.2564809180856136,0.2664788851150408,0.26146359070872954,2.6276765660743915,4.779634259579082,31.0,0.0
"Beta(50,50)",10000000,Square-root feedback,10,1.0,8.227872511152313e-05,8.096361981068112e-05,8.38568059365108e-05,0.26018817432730457,0.25602944621368295,0.26517850406610316,0.2601881743273046,2.614858790075951,3.69036948843083,31.0,0.0
"Beta(50,50)",10000000,Squared-hinge feedback,10,1.0,8.270350649681734e-05,8.081257820610199e-05,8.464355797173084e-05,0.2615314510124759,0.25555181072176636,0.2676664324511716,0.26153145101247594,2.628358553686674,3.69036948843083,31.0,0.0
"Beta(50,50)",10000000,Target-capped feedback,10,1.0,8.123435749934348e-05,8.11986570940948e-05,8.129155732979897e-05,0.25688559395830557,0.25677269936432867,0.25706647570432034,0.25688559395830557,2.581668268138735,3.69036948843083,31.0,0.0
"Uniform(0,1)",1000,Capped original feedback,50,1.0,0.053301808390459546,0.05040747513920059,0.05617607419135704,1.6855511791972586,1.5940243253818727,1.7764434445128992,1.6855511791972573,2.9194602811272854,0.001367774421814776,31.22,0.0
"Uniform(0,1)",1000,Common-clock Efficient betting,30,0.9666666666666667,0.04736041676736283,0.04605006457407998,0.04859347411355087,1.4976678791969555,1.4562309045192459,1.5366605761925254,1.497667879196954,2.594036859633055,0.012232033132264968,123.0,0.0
"Uniform(0,1)",1000,Common-clock STaR betting,30,0.9666666666666667,0.04811211573591896,0.04635688578290404,0.049497930760274304,1.521438687751322,1.4659334430625472,1.5652620066777687,1.5214386877513206,2.6352091077862103,0.00159961570364729,123.0,0.0
"Uniform(0,1)",1000,Efficient betting,30,0.9666666666666667,0.04778862047618535,0.04646745391962356,0.049061769109616696,1.5112088694210626,1.4694299145492917,1.5514693642367998,1.5112088694210613,2.617490542686002,0.00374759496189648,31.0,0.0
"Uniform(0,1)",1000,Gaffke,50,0.96,0.04791455967845728,0.04725067032259705,0.04876309700567509,1.5151914166799019,1.4941973918912994,1.5420245230167011,1.5151914166799005,2.624388516881856,0.016473068757913954,0.0,0.0
"Uniform(0,1)",1000,Regularized Efficient betting,50,0.96,0.05068898487117303,0.04712520345840238,0.05471758469083883,1.6029264447472358,1.4902297812739556,1.7303219568621118,1.6029264447472342,2.7763500430979593,0.009650776972994159,31.22,0.0
"Uniform(0,1)",1000,STaR betting,30,0.9666666666666667,0.048348609319976525,0.04693952867273666,0.04966056443725446,1.5289172715277062,1.4843582290062844,1.5704049351128226,1.5289172715277046,2.648162394855568,0.00115271645287668,31.0,0.0
"Uniform(0,1)",1000,Square-root feedback,50,0.98,0.04839879395544726,0.04719446498645468,0.04955684113349532,1.5305042490440337,1.4924200231026465,1.5671249162496588,1.5305042490440326,2.6509111205443174,0.000584436844510442,31.0,0.0
"Uniform(0,1)",1000,Squared-hinge feedback,50,0.98,0.048655803785707906,0.047114343152939435,0.05015440527389013,1.5386316134908031,1.4898863482604747,1.586021553566541,1.5386316134908018,2.664988128697751,0.000584436844510442,31.0,0.0
"Uniform(0,1)",1000,Target-capped feedback,50,0.98,0.04916941057675392,0.04808720945493338,0.050367244867397666,1.5548732863051589,1.5206510819917376,1.5927521324840215,1.5548732863051575,2.6931195312121248,0.000584436844510442,31.0,0.0
"Uniform(0,1)",3000,Capped original feedback,50,1.0,0.029398168244746392,0.0283700652443713,0.030468002373136602,1.6102039896979685,1.5538924692235512,1.6688012181887895,1.6102039896979656,2.788955120706995,0.002262973876204292,31.08,0.0
"Uniform(0,1)",3000,Common-clock Efficient betting,30,0.9666666666666667,0.02724258764209899,0.02695068250497674,0.02764246397600939,1.4921379776389123,1.4761496748135647,1.514040106468431,1.4921379776389094,2.5844587891736697,0.008611733730261476,123.0,0.0
"Uniform(0,1)",3000,Common-clock STaR betting,30,0.9666666666666667,0.027876046513818652,0.027550337203664718,0.02833184723693796,1.526833948968175,1.5089941153321,1.5517991827461357,1.5268339489681724,2.6445539743339057,0.0030347035266458464,123.0,0.0
"Uniform(0,1)",3000,Efficient betting,30,0.9666666666666667,0.02736751385664803,0.02704250890215991,0.027778505331124772,1.4989804682121357,1.481179213724728,1.5214913983634564,1.498980468212133,2.596310330496804,0.008397363731637552,31.0,0.0
"Uniform(0,1)",3000,Gaffke,50,0.98,0.027521617944691067,0.027256418743520888,0.02780217351228646,1.5074210967346295,1.4928955382633051,1.5227877580351945,1.5074210967346264,2.610929927945578,0.14691075792768968,0.0,0.0
"Uniform(0,1)",3000,Regularized Efficient betting,50,0.94,0.02852406766034909,0.0261244234843198,0.03082159006471867,1.562327528937683,1.4308936044179703,1.6881680136623556,1.5623275289376803,2.706030658183602,0.00833493681624527,31.02,0.0
"Uniform(0,1)",3000,STaR betting,30,0.9666666666666667,0.02794237538112552,0.02760147725536105,0.02838348798000346,1.5304669306519485,1.511795171322704,1.554627662732466,1.530466930651946,2.6508464831931686,0.002296178508549873,31.0,0.0
"Uniform(0,1)",3000,Square-root feedback,50,0.96,0.027925592519319965,0.027185664520732802,0.02841300130580213,1.5295476954529093,1.4890201698773256,1.5562441741611606,1.5295476954529064,2.649254321124327,0.001171645918511736,31.0,0.0
"Uniform(0,1)",3000,Squared-hinge feedback,50,0.98,0.02812733964629845,0.02706259691499357,0.028802468470071958,1.5405978406887073,1.4822794795011744,1.5775761692889765,1.5405978406887044,2.6683937341037445,0.001171645918511736,31.0,0.0
"Uniform(0,1)",3000,Target-capped feedback,50,0.98,0.02781501590819961,0.02742778690520526,0.02822624883705282,1.5234911650286,1.5022817590425759,1.5460153201807814,1.5234911650285972,2.6387641027118365,0.001171645918511736,31.0,0.0
"Uniform(0,1)",10000,Capped original feedback,50,0.98,0.01578820098657291,0.015337344890161302,0.016496290730030363,1.578820098657296,1.5337344890161348,1.6496290730030456,1.578820098657291,2.7345966268853443,0.005552327834302501,31.04,0.0
"Uniform(0,1)",10000,Common-clock Efficient betting,30,1.0,0.01490694893283972,0.01477597042286034,0.01502581847783881,1.4906948932839763,1.4775970422860396,1.5025818477838881,1.490694893283972,2.581959293751313,0.022900193417444776,123.0,0.0
"Uniform(0,1)",10000,Common-clock STaR betting,30,1.0,0.0152114969664387,0.014721874402500279,0.01547714735441682,1.521149696643875,1.4721874402500312,1.5477147354416898,1.52114969664387,2.6347085605051763,0.006496165258188997,123.0,0.0
"Uniform(0,1)",10000,Efficient betting,30,1.0,0.014943942413807771,0.01481523657465608,0.01507773441337984,1.494394241380782,1.4815236574656088,1.507773441337987,1.4943942413807771,2.588366752609864,0.02278459245959913,31.0,0.0
"Uniform(0,1)",10000,Gaffke,50,0.98,0.014985938927007898,0.01489049767480498,0.01506959630326533,1.4985938927007945,1.4890497674804999,1.5069596303265342,1.49859389270079,2.5956407620701984,0.000211277095368084,0.0,0.0
"Uniform(0,1)",10000,Regularized Efficient betting,50,0.98,0.015411176944257053,0.01442642258787415,0.01660970241797257,1.5411176944257106,1.4426422587874177,1.660970241797264,1.541117694425705,2.6692941471887384,0.020950704347342204,31.0,0.0
"Uniform(0,1)",10000,STaR betting,30,1.0,0.01521707106372242,0.01469898301675488,0.01549499958789621,1.5217071063722472,1.4698983016754925,1.5494999587896225,1.521707106372242,2.6356740224753503,0.00615937082717811,31.0,0.0
"Uniform(0,1)",10000,Square-root feedback,50,1.0,0.01521884856784569,0.01470308853878898,0.01554187442307212,1.5218848567845746,1.4703088538789062,1.5541874423072195,1.5218848567845689,2.6359818952205676,0.0033057214191648536,31.0,0.0
"Uniform(0,1)",10000,Squared-hinge feedback,50,1.0,0.015303379560964359,0.01464946637573297,0.01575127373780705,1.5303379560964405,1.4649466375733011,1.5751273737807125,1.5303379560964359,2.650623092710145,0.0033057214191648536,31.0,0.0
"Uniform(0,1)",10000,Target-capped feedback,50,0.98,0.015095211761478978,0.01494221037967452,0.01525684490599117,1.5095211761479035,1.4942210379674548,1.5256844905991211,1.509521176147898,2.6145673721892977,0.0033057214191648536,31.0,0.0
"Uniform(0,1)",30000,Capped original feedback,40,0.975,0.008992289340327543,0.00882220540369992,0.00921333671082372,1.5575102013807411,1.5280507994016994,1.5957967290386326,1.5575102013807327,2.6976868020982776,0.015148808281810444,31.0,0.0
"Uniform(0,1)",30000,Common-clock Efficient betting,30,0.9333333333333333,0.008584230107195851,0.0085400225112872,0.0086250077732193,1.4868322689525713,1.4791752887331537,1.4938951678892372,1.4868322689525642,2.5752690321587672,0.06088399817235764,123.0,0.0
"Uniform(0,1)",30000,Common-clock STaR betting,30,0.9333333333333333,0.008716462579624443,0.00835347535507195,0.00895239639227406,1.5097356050182493,1.4468643734759121,1.5506005400915055,1.5097356050182418,2.6149387738873466,0.018784440696860295,123.0,0.0
"Uniform(0,1)",30000,Efficient betting,30,0.9333333333333333,0.008596419542106003,0.008552288573706329,0.00863629240805921,1.488943541010566,1.4812998330650167,1.4958497239780026,1.4889435410105583,2.5789258626318152,0.07371299240427708,31.0,0.0
"Uniform(0,1)",30000,Gaffke,40,0.95,0.008621955549899547,0.00859491502163064,0.008650517610320931,1.4933665073026563,1.4886829504201309,1.4983136012845237,1.4933665073026474,2.5865866649698797,0.000231680076103605,0.0,0.0
"Uniform(0,1)",30000,Regularized Efficient betting,40,0.95,0.008660575517170189,0.00805385039626332,0.00913472032296496,1.5000556818525959,1.394967808288686,1.5821799712307307,1.5000556818525874,2.5981726551510715,0.0671000679256394,31.0,0.0
"Uniform(0,1)",30000,STaR betting,30,0.9333333333333333,0.008724202113070938,0.00836104061581954,0.00895714550984604,1.5110761315338705,1.4481747150746547,1.5514231113840868,1.5110761315338626,2.617260633921296,0.016420472040772387,31.0,0.0
"Uniform(0,1)",30000,Square-root feedback,40,0.95,0.008720675443313782,0.00836163563163559,0.00895711241253301,1.5104652944137782,1.4482777748371198,1.5514173787613117,1.5104652944137713,2.6162026329941463,0.00931343501833903,31.0,0.0
"Uniform(0,1)",30000,Squared-hinge feedback,40,0.95,0.008745773199564827,0.00829733322940694,0.00905789275859401,1.514812353312059,1.4371402720662398,1.5688730467395158,1.5148123533120503,2.6237319598694633,0.00931343501833903,31.0,0.0
"Uniform(0,1)",30000,Target-capped feedback,40,0.95,0.008659220194091807,0.00861700981322039,0.00870467472303278,1.4998209330093526,1.4925098805817383,1.5076938883653384,1.4998209330093446,2.5977660582275566,0.00931343501833903,31.0,0.0
"Uniform(0,1)",100000,Capped original feedback,40,0.975,0.004870450361919092,0.00480444560812738,0.00494781566914001,1.540171637445591,1.5192991016075554,1.5646366957152762,1.5401716374455745,2.667655528432316,0.049279771681176456,31.0,0.0
"Uniform(0,1)",100000,Common-clock Efficient betting,30,0.9666666666666667,0.004700893922776294,0.00468994478608291,0.00471541427807257,1.4865531834816923,1.4830907624453267,1.49114492299882,1.4865531834816774,2.5747856419435506,0.16601356618727245,123.0,0.0
"Uniform(0,1)",100000,Common-clock STaR betting,30,0.9666666666666667,0.004789089523297893,0.00468227285073894,0.00490868113224097,1.5144430812071505,1.480664683470482,1.552261268537567,1.5144430812071363,2.623092361821944,0.04157631765119727,123.0,0.0
"Uniform(0,1)",100000,Efficient betting,30,0.9666666666666667,0.004704603423825233,0.00469361531088855,0.00471869485422761,1.487726230711439,1.4842514843047334,1.4921823322675625,1.4877262307114205,2.5768174193451503,0.2158030437150349,31.0,0.0
"Uniform(0,1)",100000,Gaffke,40,0.975,0.004713632423690245,0.00470690159495989,0.00472293359649956,1.490581451168116,1.4884529762352732,1.4935227402669458,1.4905814511680995,2.5817628062429243,0.00027629662217800246,0.0,0.0
"Uniform(0,1)",100000,Regularized Efficient betting,40,0.975,0.004655603425290835,0.00444064286885438,0.00491154727747999,1.4722310706400745,1.4042545740964414,1.5531676232435987,1.4722310706400594,2.5499790148301344,0.20322465040953824,31.0,0.0
"Uniform(0,1)",100000,STaR betting,30,0.9666666666666667,0.004792050976795533,0.00469297680916667,0.00490921909508196,1.5153795750308716,1.4840495723316085,1.5524313873249753,1.5153795750308576,2.6247144167056033,0.03738160985521968,31.0,0.0
"Uniform(0,1)",100000,Square-root feedback,40,0.975,0.00480124347951208,0.00469313995440353,0.00491033062577656,1.518286499629031,1.4841011633854162,1.5527828841933975,1.5182864996290149,2.6297493578033877,0.02967670163125144,31.0,0.0
"Uniform(0,1)",100000,Squared-hinge feedback,40,0.975,0.004825170437322918,0.004664436876288301,0.00497165654016425,1.5258528680451302,1.4750244531152272,1.572175841099144,1.5258528680451153,2.642854692328856,0.02967670163125144,31.0,0.0
"Uniform(0,1)",100000,Target-capped feedback,40,0.975,0.0047256728399903605,0.00471641616012274,0.00473410122610534,1.4943889651166107,1.4914617459213408,1.4970542548288903,1.4943889651165976,2.588357613852245,0.02967670163125144,31.0,0.0
"Uniform(0,1)",300000,Capped original feedback,30,0.9666666666666667,0.0027928578685829167,0.00275797446778292,0.00282937489993916,1.529711254528688,1.5106048290280256,1.5497124563356233,1.5297112545286624,2.6495376137536146,0.14596169153034375,31.0,0.0
"Uniform(0,1)",300000,Common-clock Efficient betting,30,0.9666666666666667,0.0027165798014555068,0.00271324181160475,0.00271996844045354,1.4879320365201105,1.4861037441821279,1.4897880705385789,1.4879320365200865,2.5771738854622623,0.39100230267892283,123.0,0.0
"Uniform(0,1)",300000,Common-clock STaR betting,30,0.9666666666666667,0.002789182057047147,0.00272892625011332,0.0028331677626540802,1.5276979296334114,1.494694464955061,1.5517898928021017,1.5276979296333835,2.6460504327428525,0.11366501405524708,123.0,0.0
"Uniform(0,1)",300000,Efficient betting,30,0.9666666666666667,0.00271783253602096,0.00271454673073736,0.00272106727049688,1.4886181875001816,1.4868184778267883,1.4903899245401862,1.4886181875001516,2.5783623338214086,0.5571706297186514,31.0,0.0
"Uniform(0,1)",300000,Gaffke,30,0.9666666666666667,0.0027191692294808935,0.00271628210193058,0.00272142661397999,1.489350324660655,1.4877689797749674,1.4905867450717805,1.489350324660627,2.579630432581457,0.00039302089329183335,0.0,0.0
"Uniform(0,1)",300000,Regularized Efficient betting,30,0.9666666666666667,0.0027414546268018465,0.00261930169378292,0.00283380171896274,1.5015565394763053,1.4346506225964046,1.5521371249728515,1.5015565394762784,2.6007722168102636,0.5993989532037328,31.0,0.0
"Uniform(0,1)",300000,STaR betting,30,0.9666666666666667,0.0027901811793809633,0.00273256053958611,0.00283342104535965,1.5282451714733531,1.4966850472798099,1.5519286214533925,1.528245171473322,2.6469982834136587,0.12939834065424896,31.0,0.0
"Uniform(0,1)",300000,Square-root feedback,30,0.9666666666666667,0.0027902020902833735,0.00273256053958611,0.0028335150931721098,1.5282566248463005,1.4966850472798099,1.551980133561749,1.52825662484627,2.6470181212375223,0.08665966390835815,31.0,0.0
"Uniform(0,1)",300000,Squared-hinge feedback,30,0.9666666666666667,0.002807094600646547,0.0027188251909240698,0.00287475794666904,1.5375090338250947,1.4891618869824508,1.5745697747578926,1.5375090338250696,2.6630437636811997,0.08665966390835815,31.0,0.0
"Uniform(0,1)",300000,Target-capped feedback,30,0.9666666666666667,0.00272484941821094,0.00272089629800744,0.0027299848613358702,1.4924614921589863,1.4902962790509957,1.4952742902013063,1.49246149215896,2.5850191327594234,0.08665966390835815,31.0,0.0
"Uniform(0,1)",1000000,Capped original feedback,20,1.0,0.001517922229767275,0.0015014940700574999,0.00153432824322969,1.5179222297673296,1.5014940700575519,1.5343282432297323,1.517922229767275,2.629118423895254,0.4804956693551503,31.0,0.0
"Uniform(0,1)",1000000,Common-clock Efficient betting,30,1.0,0.0014874575110081232,0.0014863038274414802,0.0014889282439771601,1.487457511008176,1.4863038274415705,1.4889282439772056,1.4874575110081234,2.5763519831661035,1.2650510075191657,123.0,0.0
"Uniform(0,1)",1000000,Common-clock STaR betting,30,1.0,0.0015144131816532667,0.00145672251274627,0.00155126497616683,1.5144131816533215,1.4567225127463113,1.551264976166894,1.5144131816532667,2.623040574275589,0.3086996397469193,123.0,0.0
"Uniform(0,1)",1000000,Efficient betting,30,1.0,0.0014878287167533033,0.00148667551960241,0.0014893136026947601,1.4878287167533477,1.4866755196024206,1.4893136026947915,1.4878287167533033,2.576994930376803,1.7351861071928094,31.0,0.0
"Uniform(0,1)",1000000,Gaffke,20,1.0,0.001488401787550455,0.00148760878018465,0.00148958813697628,1.4884017875505084,1.4876087801846738,1.489588136976372,1.4884017875504552,2.5779875181138188,0.0007894652982940399,0.0,0.0
"Uniform(0,1)",1000000,Regularized Efficient betting,20,1.0,0.001501257731385295,0.0014696639453602501,0.0015336792164656,1.5012577313853415,1.4696639453602556,1.5336792164656885,1.5012577313852948,2.6002546660150014,1.7893620654940605,31.0,0.0
"Uniform(0,1)",1000000,STaR betting,30,1.0,0.0015147654837372733,0.0014572357372743898,0.0015513474309688498,1.5147654837373237,1.4572357372744593,1.5513474309688857,1.5147654837372735,2.6236507793846924,0.3942343787600597,31.0,0.0
"Uniform(0,1)",1000000,Square-root feedback,20,1.0,0.00151935407537318,0.00148199270309786,0.0015513474309688498,1.519354075373236,1.481992703097923,1.5513474309688857,1.51935407537318,2.6315984532332783,0.28373776971129694,31.0,0.0
"Uniform(0,1)",1000000,Squared-hinge feedback,20,1.0,0.00152823211066267,0.00147609301922618,0.00157190636631665,1.5282321106627195,1.4760930192262764,1.5719063663166999,1.52823211066267,2.646975661426054,0.28373776971129694,31.0,0.0
"Uniform(0,1)",1000000,Target-capped feedback,20,1.0,0.0014900373641589851,0.0014885677682411299,0.00149189693368743,1.4900373641590385,1.4885677682411835,1.491896933687481,1.490037364158985,2.5808204198994646,0.28373776971129694,31.0,0.0
"Uniform(0,1)",3000000,Capped original feedback,15,1.0,0.0008820510745251667,0.0008647981519079,0.00090890634882402,1.5277572759483866,1.4978743373961845,1.5742719754852257,1.5277572759483107,2.6461532235756313,1.4409418480664802,31.066666666666666,0.0
"Uniform(0,1)",3000000,Common-clock Efficient betting,30,1.0,0.0008587038614791267,0.00085833252385009,0.000859050636093,1.4873187167375304,1.4866755410973376,1.4879193479875066,1.4873187167374347,2.576111584437546,3.8926458831100414,123.0,0.0
"Uniform(0,1)",3000000,Common-clock STaR betting,30,1.0,0.0008730515446229967,0.0008526273389474,0.0008958522183243199,1.5121696329136078,1.4767938709791824,1.5516615582110893,1.5121696329135168,2.619154633869148,1.0487790148239582,123.0,0.0
"Uniform(0,1)",3000000,Efficient betting,30,1.0,0.0008588324595016233,0.00085847260863656,0.0008591980580354401,1.487541455046236,1.4869181750647378,1.4881746902819288,1.4875414550461517,2.5764973785050165,5.370247922946389,31.0,0.0
"Uniform(0,1)",3000000,Gaffke,15,1.0,0.0008589747682693267,0.00085881794956104,0.000859115950823,1.4877879410622608,1.487516323091907,1.4880324764184107,1.4877879410621764,2.576924304808126,0.00181121918916076,0.0,0.0
"Uniform(0,1)",3000000,Regularized Efficient betting,15,1.0,0.0008686898796665266,0.0008408619233980399,0.00089229291039106,1.5046150076034117,1.4564155734755901,1.5454966560308911,1.5046150076033185,2.6060696389997418,5.634204175509512,31.0,0.0
"Uniform(0,1)",3000000,STaR betting,30,1.0,0.0008731335702979166,0.00085267209233653,0.0008960661255098501,1.512311705550083,1.476871386123001,1.5520320563246104,1.5123117055500037,2.6194007108938875,1.2297258019912989,31.0,0.0
"Uniform(0,1)",3000000,Square-root feedback,15,1.0,0.0008680375226115933,0.00082086392110732,0.0008961247429751,1.503485092039576,1.4217780174581616,1.5521335847525737,1.5034850920394978,2.6041125678349157,0.8289366825997907,31.0,0.0
"Uniform(0,1)",3000000,Squared-hinge feedback,15,1.0,0.0008707835302303401,0.00081505362509678,0.00090789096409014,1.5082413167532058,1.411714289560884,1.5725132775368729,1.5082413167531383,2.612350590691137,0.8289366825997907,31.0,0.0
"Uniform(0,1)",3000000,Target-capped feedback,15,1.0,0.0008594207247889534,0.00085844298309762,0.00086005495060254,1.4885603604122282,1.486866862126104,1.4896588717448558,1.4885603604121365,2.5782621743670187,0.8289366825997907,31.0,0.0
"Uniform(0,1)",10000000,Capped original feedback,10,1.0,0.00047639185313829997,0.00047359967991187,0.0004802529593679,1.5064833146656984,1.4976536876484061,1.5186932046391068,1.5064833146654615,2.609305641755762,4.7616067229944745,31.0,0.0
"Uniform(0,1)",10000000,Common-clock Efficient betting,30,1.0,0.00047027723566567335,0.00047019690264291,0.00047036111165444,1.4871471964314487,1.4868931611081844,1.4874124355970229,1.487147196431299,2.5758145025528827,14.7803061665191,123.0,0.0
"Uniform(0,1)",10000000,Common-clock STaR betting,30,1.0,0.00048008392883117,0.00047010423844559996,0.0004900806893785599,1.518158683148824,1.4866001311871164,1.5497712157019614,1.5181586831486753,2.6295279731656245,3.9044387068599464,123.0,0.0
"Uniform(0,1)",10000000,Efficient betting,30,1.0,0.00047031438047183665,0.00047023005424884,0.00047040422186657004,1.4872646586222025,1.4869979956909183,1.4875487620577248,1.4872646586220206,2.576017953035237,18.517342497206602,31.0,0.0
"Uniform(0,1)",10000000,Gaffke,10,1.0,0.00047038404195576006,0.00047032479666934,0.00047044282321621997,1.4874849475766065,1.4872975975309746,1.487670830243428,1.4874849475764056,2.576399504696611,0.0052955135935917,0.0,0.0
"Uniform(0,1)",10000000,Regularized Efficient betting,10,1.0,0.00046820129429785,0.00045954174242657003,0.00047762430007897995,1.480582493420218,1.4531985859906298,1.5103806540934481,1.480582493420012,2.564444103400831,19.54181696586311,31.0,0.0
"Uniform(0,1)",10000000,STaR betting,30,1.0,0.00048012766915726666,0.00047025345183695,0.00049018864567846,1.5182970022049105,1.4870719853613157,1.5501126034973554,1.518297002204739,2.6297675487984207,4.694193374163782,31.0,0.0
"Uniform(0,1)",10000000,Square-root feedback,10,1.0,0.00047832281928252994,0.00047074375906779996,0.00048808997540803996,1.512589565766072,1.4886224729638562,1.5434760253852606,1.5125895657659014,2.619881978905383,2.7343592877979974,31.0,0.0
"Uniform(0,1)",10000000,Squared-hinge feedback,10,1.0,0.00047748095891616003,0.00045581151791514,0.00049245103317277,1.5099273695365238,1.4414025803505535,1.5572669009291915,1.5099273695363487,2.6152709197760875,2.7343592877979974,31.0,0.0
"Uniform(0,1)",10000000,Target-capped feedback,10,1.0,0.00047082189586423003,0.00047062574660313,0.00047100083996071,1.4888695632097415,1.4882492847831477,1.4894354341285452,1.4888695632095776,2.5787977293221545,2.7343592877979974,31.0,0.0
"Uniform(0.45,0.55)",1000,Capped original feedback,50,1.0,0.009337630859374972,0.008725726318359401,0.010187624877929619,0.29528181465500497,0.2759316940529133,0.32216098561652673,0.29528181465500336,5.114431055336049,0.00139507918036538,33.4,0.0
"Uniform(0.45,0.55)",1000,Common-clock Efficient betting,30,1.0,0.00698786600748691,0.00512228393554691,0.00797229736328113,0.22097572567726018,0.1619808405841938,0.252106178521235,0.2209757256772586,3.827411841124172,0.024578144184003232,123.43333333333334,0.0
"Uniform(0.45,0.55)",1000,Common-clock STaR betting,30,1.0,0.00696207926432285,0.00510877685546878,0.00793622497558592,0.22016027725889795,0.1615537092083433,0.2509654694636578,0.22016027725889653,3.813287860208621,0.005314766444886673,123.33333333333333,0.0
"Uniform(0.45,0.55)",1000,Efficient betting,30,1.0,0.007999981960988407,0.00574074276230016,0.009285539287609381,0.2529816423698382,0.18153822589995283,0.2936345345182314,0.2529816423698366,4.38177057966788,0.017690933325017436,32.733333333333334,0.0
"Uniform(0.45,0.55)",1000,Gaffke,50,1.0,0.0069250238763484,0.00687424769188629,0.00698358612825021,0.21898848300309354,0.21738279906516256,0.22084038401227696,0.2189884830030918,3.792991788337915,0.01836581609677519,0.0,0.0
"Uniform(0.45,0.55)",1000,Regularized Efficient betting,50,0.98,0.00812854159545892,0.00578843170166003,0.009641899414062351,0.25704705497069325,0.1830462825757003,0.30490363118680025,0.2570470549706918,4.452185591451909,0.006262078871950461,32.18,0.02
"Uniform(0.45,0.55)",1000,STaR betting,30,1.0,0.007821772460937447,0.00564761291503904,0.00900540405273447,0.24734616316142877,0.17859320154506392,0.28477588056752057,0.24734616316142735,4.28416121652816,0.00199059058601653,32.666666666666664,0.0
"Uniform(0.45,0.55)",1000,Square-root feedback,50,1.0,0.007877624618289536,0.00757146850585943,0.00810950480955481,0.249112363456096,0.23943085710747783,0.25644505894283315,0.24911236345609455,4.314752702995236,0.00077701540042951,32.96,0.0
"Uniform(0.45,0.55)",1000,Squared-hinge feedback,50,1.0,0.007893839888597827,0.00753381103515629,0.008126269531249931,0.24962513532659109,0.2382400233240489,0.25697520599178797,0.2496251353265896,4.3236341723191325,0.00077701540042951,32.96,0.0
"Uniform(0.45,0.55)",1000,Target-capped feedback,50,1.0,0.008412812652587814,0.008215977783203139,0.00858523681640611,0.2660364951046047,0.2598120300026312,0.2714890259177619,0.2660364951046033,4.607887261887243,0.00077701540042951,32.98,0.0
"Uniform(0.45,0.55)",3000,Capped original feedback,50,1.0,0.003940354717375112,0.00372758640753455,0.00422179917575842,0.21582211632782705,0.20416831604563454,0.23123746418196292,0.21582211632782425,3.7381487087683705,0.00234960615518498,32.6,0.0
"Uniform(0.45,0.55)",3000,Common-clock Efficient betting,30,1.0,0.00314198975567738,0.00263223380314298,0.00340349001034068,0.1720938664634674,0.1441733830609053,0.18641682529071033,0.17209386646346467,2.9807532038569926,0.03168186245796577,123.0,0.0
"Uniform(0.45,0.55)",3000,Common-clock STaR betting,30,1.0,0.0031463588191630635,0.00263256549588857,0.0033968033116731303,0.17233316992609532,0.14419155062079753,0.1860505797211627,0.17233316992609277,2.9848980614139795,0.011777176925291566,123.0,0.0
"Uniform(0.45,0.55)",3000,Efficient betting,30,1.0,0.00349102415731735,0.0028566773473599,0.0038116848320701004,0.19121126797582003,0.15646666226630765,0.20877457646251238,0.19121126797581764,3.3118763111379477,0.02792560372812048,32.266666666666666,0.0
"Uniform(0.45,0.55)",3000,Gaffke,50,1.0,0.003255601089812514,0.00323192179868422,0.00327929684161829,0.17831661551287398,0.17701964732320527,0.17961448529097926,0.17831661551287162,3.0885343790202238,0.16249548653839152,0.0,0.0
"Uniform(0.45,0.55)",3000,Regularized Efficient betting,50,1.0,0.00354843006809102,0.00296467993061205,0.00400739876969774,0.19435551920230723,0.16238220737790832,0.21949427030819296,0.19435551920230443,3.3663363398982473,0.016139778522774532,32.36,0.0
"Uniform(0.45,0.55)",3000,STaR betting,30,1.0,0.0034419093022549233,0.00283285162799152,0.00373479730140554,0.18852113657319133,0.15516167387162386,0.20456327296892807,0.18852113657318886,3.2652818684539873,0.004767636690909607,32.233333333333334,0.0
"Uniform(0.45,0.55)",3000,Square-root feedback,50,1.0,0.0034523294949119943,0.00335848090529791,0.00356224872708967,0.18909187403037378,0.18395157507820675,0.1951123983271081,0.1890918740303716,3.2751673311902203,0.001540751826638928,32.02,0.0
"Uniform(0.45,0.55)",3000,Squared-hinge feedback,50,1.0,0.003469321737686612,0.00335744496754309,0.0035947489992978598,0.19002257749740042,0.1838948344305562,0.1968925115484602,0.19002257749739784,3.2912875881069272,0.001540751826638928,32.04,0.0
"Uniform(0.45,0.55)",3000,Target-capped feedback,50,1.0,0.0036106373920230337,0.00353696113650488,0.0036927896645445302,0.19776275465826668,0.19372733994828584,0.20226241993929941,0.19776275465826396,3.4253513891289664,0.001540751826638928,32.32,0.0
"Uniform(0.45,0.55)",10000,Capped original feedback,50,1.0,0.00181259189988343,0.00175252374504193,0.00189123043079279,0.18125918998834753,0.17525237450419612,0.18912304307928227,0.181259189988343,3.1395012639859794,0.0058063465624581525,31.74,0.0
"Uniform(0.45,0.55)",10000,Common-clock Efficient betting,30,1.0,0.0015241811278431834,0.00139430901568988,0.0015936466335167401,0.15241811278432343,0.13943090156899152,0.15936466335167654,0.15241811278431833,2.639959153362116,0.08289317615951099,123.0,0.0
"Uniform(0.45,0.55)",10000,Common-clock STaR betting,30,1.0,0.0015341961904240399,0.00144362261178302,0.00161757917290942,0.15341961904240858,0.14436226117830797,0.16175791729094222,0.153419619042404,2.6573057505931335,0.030101985468839562,123.0,0.0
"Uniform(0.45,0.55)",10000,Efficient betting,30,1.0,0.0016101225452732767,0.00144488124683024,0.00169211964330389,0.16101225452733306,0.14448812468303207,0.16921196433039462,0.16101225452732765,2.788814054825585,0.06746701175967848,31.166666666666668,0.0
"Uniform(0.45,0.55)",10000,Gaffke,50,0.98,0.0016148944188659582,0.00160695640932817,0.00162332957930229,0.16148944188660072,0.1606956409328191,0.16233295793023012,0.1614894418865958,2.7970791823353407,0.000187706864671734,0.0,0.0
"Uniform(0.45,0.55)",10000,Regularized Efficient betting,50,0.98,0.001632056085063826,0.0014802149685884801,0.00178541990311477,0.16320560850638718,0.14802149685885002,0.17854199031147816,0.16320560850638258,2.82680406013258,0.04146615230478342,31.38,0.0
"Uniform(0.45,0.55)",10000,STaR betting,30,1.0,0.00159576614229772,0.00147588751320868,0.00169667292873417,0.15957661422977718,0.14758875132087124,0.16966729287341883,0.15957661422977198,2.7639480354579278,0.011105366423726039,31.233333333333334,0.0
"Uniform(0.45,0.55)",10000,Square-root feedback,50,0.98,0.001635485437708762,0.00159366599646248,0.00166685610432986,0.16354854377088132,0.15936659964625002,0.16668561043299113,0.1635485437708762,2.8327438731506946,0.004195453444650968,31.18,0.0
"Uniform(0.45,0.55)",10000,Squared-hinge feedback,50,0.98,0.001645039492031126,0.0015994588355921502,0.00168366922785045,0.1645039492031177,0.15994588355921657,0.16836692278505147,0.16450394920311262,2.8492919806553014,0.004195453444650968,31.2,0.0
"Uniform(0.45,0.55)",10000,Target-capped feedback,50,0.98,0.001692456575257176,0.00166702645327653,0.00172225940245447,0.16924565752572246,0.16670264532765924,0.17222594024544843,0.1692456575257176,2.931420777949533,0.004195453444650968,31.28,0.0
"Uniform(0.45,0.55)",30000,Capped original feedback,40,1.0,0.000970302538735875,0.00095072252760848,0.00099850624111353,0.1680613295803692,0.1646699721718312,0.1729463541283385,0.1680613295803604,2.9109076162077776,0.015377998098847403,31.2,0.0
"Uniform(0.45,0.55)",30000,Common-clock Efficient betting,30,1.0,0.0008657466088540033,0.00083630785168285,0.0008868569297951401,0.1499517113015679,0.14485276898835775,0.15360812614498479,0.14995171130155932,2.5972398265621583,0.14133387183149654,123.0,0.0
"Uniform(0.45,0.55)",30000,Common-clock STaR betting,30,1.0,0.0008822080477463933,0.00084250096118951,0.00090393909998307,0.15280291615429759,0.1459254470205918,0.1565668448118827,0.15280291615429034,2.6466241432393067,0.05286177089437838,123.0,0.0
"Uniform(0.45,0.55)",30000,Efficient betting,30,1.0,0.0008925888804255466,0.00085943134963418,0.000916198567471,0.15460092911681453,0.14885787631839814,0.1586902468681689,0.1546009291168068,2.6777666412768277,0.15599942576761044,31.033333333333335,0.0
"Uniform(0.45,0.55)",30000,Gaffke,40,1.0,0.00089698960795627,0.00089491503938514,0.00089957275896499,0.1553631574841638,0.15500383166726436,0.15581057236323395,0.1553631574841548,2.6909688238689666,0.00021615862351604748,0.0,0.0
"Uniform(0.45,0.55)",30000,Regularized Efficient betting,40,1.0,0.0009051197104684199,0.00082617655080506,0.00097541617673502,0.15677133254634146,0.14309797620164943,0.16894703766296512,0.15677133254633352,2.715359131405398,0.12678639022633428,31.1,0.0
"Uniform(0.45,0.55)",30000,STaR betting,30,1.0,0.0009020773855377699,0.00085940854732609,0.00092784005611829,0.15624438641104013,0.1488539268427798,0.16070661184944743,0.15624438641103158,2.7062321566134586,0.03672056401458876,31.033333333333335,0.0
"Uniform(0.45,0.55)",30000,Square-root feedback,40,1.0,0.0009084271816177474,0.00088813253046353,0.00092338983522884,0.15734420335386207,0.1538290666617684,0.15993581098091167,0.15734420335385385,2.7252815448533916,0.011632306206350477,31.025,0.0
"Uniform(0.45,0.55)",30000,Squared-hinge feedback,40,1.0,0.0009143447809405025,0.00088982136770204,0.0009345086145503,0.15836916162244818,0.15412158185204136,0.1618616400511958,0.15836916162243855,2.7430343428216815,0.011632306206350477,31.025,0.0
"Uniform(0.45,0.55)",30000,Target-capped feedback,40,1.0,0.0009191749859627476,0.00091382252045895,0.00092581813866448,0.15920577767339728,0.15827870345356204,0.1603564054735785,0.1592057776733888,2.757524957888389,0.011632306206350477,31.025,0.0
"Uniform(0.45,0.55)",100000,Capped original feedback,40,1.0,0.0005094457431186,0.0005011177716493399,0.00052297592967987,0.161100889253199,0.15846735344002416,0.1653795099232722,0.16110088925318278,2.790349253310676,0.04967156127531776,31.125,0.0
"Uniform(0.45,0.55)",100000,Common-clock Efficient betting,30,1.0,0.00047045448461979,0.00046114994035037,0.00047763481397130003,0.1487707706839361,0.1458284154358234,0.15104139019401577,0.14877077068391906,2.5767853350575582,0.4036623431524883,123.0,0.0
"Uniform(0.45,0.55)",100000,Common-clock STaR betting,30,1.0,0.00047800738439511667,0.00046032958030519,0.00048944385137043,0.15115920730683535,0.14556899481138083,0.15477573570956238,0.15115920730681967,2.618154270872756,0.09295600249121581,123.0,0.0
"Uniform(0.45,0.55)",100000,Efficient betting,30,1.0,0.00047819273963971,0.0004683158699417,0.00048596060880834,0.15121782178175097,0.14809448134190772,0.15367423769565752,0.15121782178173693,2.6191695033589366,0.5446909726907809,31.0,0.0
"Uniform(0.45,0.55)",100000,Gaffke,40,1.0,0.0004810062872239675,0.00048009380636133,0.00048187262478115,0.15210754364890314,0.151818991864187,0.15238150363922848,0.15210754364888873,2.63457993814401,0.00026210864598392753,0.0,0.0
"Uniform(0.45,0.55)",100000,Regularized Efficient betting,40,1.0,0.00047451137817480505,0.00045124740339011,0.00049632297547372,0.15005367306980488,0.14269695829496187,0.15695110575689408,0.15005367306978953,2.599005856192319,0.5068117936025374,31.0,0.0
"Uniform(0.45,0.55)",100000,STaR betting,30,1.0,0.0004832969497874966,0.00046740127636911996,0.0004952707871583701,0.15283191475407004,0.14780526145965261,0.15661837459649727,0.15283191475405197,2.647126413720849,0.09325481803777315,31.0,0.0
"Uniform(0.45,0.55)",100000,Square-root feedback,40,1.0,0.00048576920037430503,0.00046506675915628003,0.00049611092849448,0.1536137090341669,0.14706702229669336,0.1568840506143612,0.1536137090341522,2.6606674878628,0.037773552265328615,31.025,0.0
"Uniform(0.45,0.55)",100000,Squared-hinge feedback,40,1.0,0.00048799243872862003,0.00046167063717466,0.0005022468008203901,0.1543167587322754,0.14599307422933402,0.15882438381254393,0.1543167587322602,2.6728446658364993,0.037773552265328615,31.025,0.0
"Uniform(0.45,0.55)",100000,Target-capped feedback,40,1.0,0.0004872632616874,0.00048519218420715003,0.00048929416019277,0.15408617270550143,0.15343124050067306,0.15472839920286593,0.15408617270548441,2.668850798697613,0.037773552265328615,31.0,0.0
"Uniform(0.45,0.55)",300000,Capped original feedback,30,1.0,0.0002864176634469533,0.0002830616484327,0.00029029615729869,0.15687741513784326,0.15503925001121263,0.15900175370960698,0.15687741513781922,2.7171965357881946,0.14611034996729963,31.033333333333335,0.0
"Uniform(0.45,0.55)",300000,Common-clock Efficient betting,30,1.0,0.00027183059179397665,0.00027035878145629,0.00027386464934146,0.1488877469455675,0.14808160322322686,0.15000184614759024,0.14888774694553975,2.5788114233418087,1.0859415331389755,123.0,0.0
"Uniform(0.45,0.55)",300000,Common-clock STaR betting,30,1.0,0.00027748416745412,0.00027023285569264,0.00028288092926591005,0.15198433786518925,0.1480126308419169,0.15494026604700514,0.15198433786516238,2.6324459513722216,0.263552228687331,123.0,0.0
"Uniform(0.45,0.55)",300000,Efficient betting,30,1.0,0.00027442608549007333,0.00027290085078324997,0.0002765423181327,0.15030935739078513,0.14947395193638166,0.15146846574608913,0.15030935739075432,2.6034344385387365,1.5964537073858083,31.0,0.0
"Uniform(0.45,0.55)",300000,Gaffke,30,1.0,0.0002749903098423033,0.00027475781332856003,0.00027529723785358,0.1506183957959914,0.15049105221085077,0.15078650719127878,0.15061839579596445,2.6087871407317578,0.0003627016053845066,0.0,0.0
"Uniform(0.45,0.55)",300000,Regularized Efficient betting,30,1.0,0.00027666172814614,0.00026773178584175,0.00028551077440567,0.15153386930403215,0.1466427384667122,0.15638069155278606,0.1515338693040028,2.624643607020856,1.3721825861682495,31.0,0.0
"Uniform(0.45,0.55)",300000,STaR betting,30,1.0,0.00027930711881811996,0.0002712705079398,0.00028476474843578,0.15298280944848383,0.1485809763845141,0.15597207630057502,0.15298280944846002,2.6497399864940214,0.24898648516585425,31.0,0.0
"Uniform(0.45,0.55)",300000,Square-root feedback,30,1.0,0.00027956413718618,0.00027152174206093,0.00028574115067389,0.15312358420636277,0.14871858297988372,0.1565068738315784,0.15312358420633965,2.6521782768247255,0.11043853356839257,31.0,0.0
"Uniform(0.45,0.55)",300000,Squared-hinge feedback,30,1.0,0.00028113005943834334,0.00027077247320735,0.00028912284329758,0.1539812751471718,0.14830819152716412,0.15835910316412444,0.1539812751471488,2.667033919691454,0.11043853356839257,31.0,0.0
"Uniform(0.45,0.55)",300000,Target-capped feedback,30,1.0,0.00027703339497198333,0.00027641839713024,0.00027763302723234,0.15173743960841793,0.15140059141767515,0.1520658717236067,0.15173743960839353,2.6281695481219405,0.11043853356839257,31.0,0.0
"Uniform(0.45,0.55)",1000000,Capped original feedback,20,1.0,0.00015478010033075,0.00015250030234506,0.00015765702198586,0.15478010033079243,0.15250030234513212,0.15765702198589637,0.15478010033075001,2.6808699777354095,0.4816841081017628,31.0,0.0
"Uniform(0.45,0.55)",1000000,Common-clock Efficient betting,30,1.0,0.00014871544653778334,0.00014774277111244,0.00014934820967632,0.14871544653783744,0.1477427711125301,0.14934820967640866,0.14871544653778332,2.575827092738275,2.6027509595733136,123.0,0.0
"Uniform(0.45,0.55)",1000000,Common-clock STaR betting,30,1.0,0.00015067187380726334,0.00014444443657878002,0.00015461576864970002,0.1506718738073139,0.14444443657883327,0.15461576864977952,0.15067187380726335,2.60971340705874,0.6241810739816477,123.0,0.0
"Uniform(0.45,0.55)",1000000,Efficient betting,30,1.0,0.00014949063282583333,0.00014848622910984,0.00015013912788194002,0.14949063282587896,0.1484862291099342,0.15013912788197628,0.14949063282583333,2.589253713100514,3.0294534302316607,31.0,0.0
"Uniform(0.45,0.55)",1000000,Gaffke,20,1.0,0.00014973662689981,0.00014967077356241,0.00014983089374718,0.1497366268998545,0.14967077356246022,0.149830893747227,0.14973662689981,2.5935144554453275,0.000742340795113655,0.0,0.0
"Uniform(0.45,0.55)",1000000,Regularized Efficient betting,20,1.0,0.00015024107669513,0.00014679662382428,0.00015527616797212,0.15024107669517336,0.14679662382430236,0.15527616797217364,0.15024107669513,2.602251782198927,2.523970831395127,31.0,0.0
"Uniform(0.45,0.55)",1000000,STaR betting,30,1.0,0.00015122899486006667,0.00014564932275059,0.0001554021649095,0.15122899486011604,0.14564932275067383,0.1554021649095294,0.15122899486006666,2.6193630267529358,0.5691941525476675,31.0,0.0
"Uniform(0.45,0.55)",1000000,Square-root feedback,20,1.0,0.00015037092391167502,0.00014300215791574,0.00015511558496895,0.15037092391172452,0.14300215791580023,0.15511558496897337,0.150370923911675,2.6045008019618203,0.36450791989724773,31.0,0.0
"Uniform(0.45,0.55)",1000000,Squared-hinge feedback,20,1.0,0.00015064879102338,0.00014157806726656,0.00015706479951389002,0.1506487910234166,0.14157806726662334,0.15706479951396726,0.15064879102338,2.6093136015138514,0.36450791989724773,31.0,0.0
"Uniform(0.45,0.55)",1000000,Target-capped feedback,20,1.0,0.000150618805124,0.00015016860610498999,0.00015060830142818,0.1506188051240531,0.15016860610508323,0.15060830142827325,0.150618805124,2.6087942305017555,0.36450791989724773,31.0,0.0
"Uniform(0.45,0.55)",3000000,Capped original feedback,15,1.0,8.861623392176406e-05,8.765929673921757e-05,9.03001614389165e-05,0.15348781952790394,0.15183035570808165,0.1564044675438753,0.15348781952790397,2.658487017652922,1.4382629452001614,31.0,0.0
"Uniform(0.45,0.55)",3000000,Common-clock Efficient betting,30,1.0,8.593957059668625e-05,8.578415691883889e-05,8.607092760842816e-05,0.14885170265411293,0.14858251826789015,0.1490792196723803,0.148851702654113,2.5781871179005877,5.3192090778301155,123.0,0.0
"Uniform(0.45,0.55)",3000000,Common-clock STaR betting,30,1.0,8.789693239996491e-05,8.645835779218514e-05,8.926132498658368e-05,0.15224195274618618,0.1497502684350331,0.15460515002768024,0.1522419527461862,2.636907971998947,1.344244087782378,123.0,0.0
"Uniform(0.45,0.55)",3000000,Efficient betting,30,1.0,8.619930325665844e-05,8.603902440592614e-05,8.633288348138257e-05,0.14930157281756976,0.1490239617047227,0.14953294055367838,0.14930157281756978,2.5859790976998047,7.531113837193698,31.0,0.0
"Uniform(0.45,0.55)",3000000,Gaffke,15,1.0,8.61969566465448e-05,8.617313675632899e-05,8.622669225514246e-05,0.14929750836962738,0.14925625110954283,0.14934901195451253,0.14929750836962744,2.585908699396344,0.00179211518649628,0.0,0.0
"Uniform(0.45,0.55)",3000000,Regularized Efficient betting,15,1.0,8.713323492819392e-05,8.483367553171472e-05,8.857950999572318e-05,0.15091918992346692,0.14693623621374258,0.1534242118221477,0.15091918992346695,2.613997047845817,6.37359324839587,31.0,0.0
"Uniform(0.45,0.55)",3000000,STaR betting,30,1.0,8.808538590361163e-05,8.678915266225884e-05,8.949474985831541e-05,0.15256836378936667,0.1503232219568839,0.15500945376526984,0.1525683637893667,2.6425615771083484,1.1954546017106622,31.0,0.0
"Uniform(0.45,0.55)",3000000,Square-root feedback,15,1.0,8.807253113863877e-05,8.720685741328004e-05,8.938105796836293e-05,0.15254609868331434,0.1510467078082156,0.1548125336354636,0.1525460986833144,2.642175934159181,1.0713289547763352,31.0,0.0
"Uniform(0.45,0.55)",3000000,Squared-hinge feedback,15,1.0,8.866232311304974e-05,8.729236569067211e-05,9.040668198917468e-05,0.15356764834889047,0.15119481248912633,0.15658896654897264,0.15356764834889053,2.6598696933915096,1.0713289547763352,31.0,0.0
"Uniform(0.45,0.55)",3000000,Target-capped feedback,15,1.0,8.643600655846202e-05,8.636466153926215e-05,8.649308823007739e-05,0.14971155496261287,0.1495879817644917,0.1498104233180317,0.14971155496261293,2.5930801967538604,1.0713289547763352,31.0,0.0
"Uniform(0.45,0.55)",10000000,Capped original feedback,10,1.0,4.815894849773406e-05,4.772252664603238e-05,4.842125069774994e-05,0.15229196697158393,0.1509118798995384,0.1531214393589071,0.15229196697158395,2.637774243793847,4.771319608693011,31.0,0.0
"Uniform(0.45,0.55)",10000000,Common-clock Efficient betting,30,1.0,4.702503320305196e-05,4.695367560056951e-05,4.708972525180322e-05,0.14870621196668746,0.14848055941447402,0.14891078618724404,0.1487062119666875,2.575667145274097,16.570702377442892,123.0,0.0
"Uniform(0.45,0.55)",10000000,Common-clock STaR betting,30,1.0,4.769408966731614e-05,4.6534241009876795e-05,4.880526115412787e-05,0.15082195427702136,0.1471541907784246,0.15433578704638215,0.1508219542770214,2.6123128770463118,4.7344404613599185,123.0,0.0
"Uniform(0.45,0.55)",10000000,Efficient betting,30,1.0,4.71025503227418e-05,4.703008654814433e-05,4.716793090553395e-05,0.14895134262256324,0.1487221920469822,0.14915809417893566,0.1489513426225633,2.579912932778844,22.991831834365925,31.0,0.0
"Uniform(0.45,0.55)",10000000,Gaffke,10,1.0,4.712668239039708e-05,4.712078076244408e-05,4.7131727837096406e-05,0.1490276549210032,0.1490089923347688,0.14904361002438607,0.14902765492100326,2.5812347005601963,0.00524324799771416,0.0,0.0
"Uniform(0.45,0.55)",10000000,Regularized Efficient betting,10,1.0,4.702349312363241e-05,4.651588342046154e-05,4.790843025013203e-05,0.14870134180794414,0.1470961389835222,0.15149975871372748,0.1487013418079442,2.5755827916502536,24.19324352205731,31.0,0.0
"Uniform(0.45,0.55)",10000000,STaR betting,30,1.0,4.774224681818503e-05,4.655621963799428e-05,4.8859967423336983e-05,0.15097424055939135,0.14722369330312168,0.15450878345937324,0.1509742405593914,2.614950552829918,7.329908809469392,31.0,0.0
"Uniform(0.45,0.55)",10000000,Square-root feedback,10,1.0,4.764600454935097e-05,4.656635938224962e-05,4.8744245970283596e-05,0.15066989578269352,0.14725575798986013,0.15414284009358034,0.15066989578269357,2.6096791466673555,3.614838834465869,31.0,0.0
"Uniform(0.45,0.55)",10000000,Squared-hinge feedback,10,1.0,4.775916936929914e-05,4.6228028382244714e-05,4.910067508072102e-05,0.15102775436473256,0.14618586142680218,0.15526996790695033,0.15102775436473262,2.6158774391275177,3.614838834465869,31.0,0.0
"Uniform(0.45,0.55)",10000000,Target-capped feedback,10,1.0,4.7202890897440895e-05,4.718695217363344e-05,4.722723331089806e-05,0.14926864738034268,0.14921824471011474,0.14934562485061287,0.14926864738034268,2.585408812398365,3.614838834465869,31.0,0.0
