distribution,n,method,replications,coverage,mean_width,q10_width,q90_width,mean_sqrt_n_width,q10_sqrt_n_width,q90_sqrt_n_width,mean_sqrt_n_largest_component,mean_normalized_halfwidth,mean_runtime_seconds,mean_score_evaluations,empty_rate
Bernoulli(0.1),1000,Capped original feedback,50,1.0,0.05630756854797087,0.053884365873236036,0.058730244219080234,1.780601661176481,1.7039732643327397,1.857213392702307,1.7806016611764794,2.9676694352941353,0.001317126461071842,31.66,0.0
Bernoulli(0.1),1000,Common-clock Efficient betting,30,1.0,0.05068052360376645,0.04582072338057048,0.05477845902535297,1.6026588759782705,1.4489784991913313,1.732246972343228,1.602658875978269,2.671098126630451,0.0018040556771059333,123.0,0.0
Bernoulli(0.1),1000,Common-clock STaR betting,30,1.0,0.0518768724129887,0.046611557867068915,0.056263466047946256,1.640490747109996,1.4739868814867791,1.779207017670626,1.6404907471099945,2.7341512451833268,0.0005417526156330566,123.0,0.0
Bernoulli(0.1),1000,Efficient betting,30,1.0,0.04983216231618057,0.046265822123675394,0.05287696044367228,1.5758313365034236,1.4630537573102267,1.6721163074863195,1.5758313365034236,2.6263855608390396,0.0021360101061872632,31.0,0.0
Bernoulli(0.1),1000,Gaffke,50,1.0,0.04995782426673191,0.04759646296148147,0.0521680029177077,1.5798051162930418,1.5051323152612477,1.64969710202266,1.5798051162930407,2.63300852715507,0.000197302381275168,0.0,0.0
Bernoulli(0.1),1000,Regularized Efficient betting,50,1.0,0.051751617739457315,0.04648853509249152,0.05685404689108233,1.6365298465505962,1.4700965597693971,1.7978828237383526,1.6365298465505946,2.7275497442509935,0.0022577175742480478,31.12,0.0
Bernoulli(0.1),1000,STaR betting,30,1.0,0.051330812529680074,0.0479985014860098,0.05464920194752907,1.623222817408986,1.5178458897076772,1.7281595046470175,1.6232228174089842,2.70537136234831,0.00080623649992044,31.2,0.0
Bernoulli(0.1),1000,Square-root feedback,50,1.0,0.05122477855927325,0.047810327488997106,0.05468632802389909,1.6198697288506212,1.5118953054378999,1.7293335342661613,1.6198697288506199,2.6997828814177023,0.000571824673097536,31.16,0.0
Bernoulli(0.1),1000,Squared-hinge feedback,50,1.0,0.051549878298360864,0.04799564510227115,0.05515914051349007,1.6301502852730545,1.5177555629228199,1.744285177998984,1.6301502852730527,2.716917142121757,0.000571824673097536,31.2,0.0
Bernoulli(0.1),1000,Target-capped feedback,50,1.0,0.05097021583862414,0.04822988983479469,0.0538368974099404,1.6118197488044177,1.5251630317695346,1.702472179722317,1.611819748804416,2.6863662480073627,0.000571824673097536,31.0,0.0
Bernoulli(0.1),3000,Capped original feedback,50,1.0,0.03195305028652939,0.03111724147652578,0.0326966696157587,1.7501406423029084,1.7043615084028545,1.7908703503844858,1.7501406423029056,2.9169010705048475,0.002231725865276488,31.42,0.0
Bernoulli(0.1),3000,Common-clock Efficient betting,30,1.0,0.02834898973228199,0.02672678954003184,0.03006708378992947,1.5527381158853215,1.46388655207686,1.6468420030142341,1.5527381158853186,2.587896859808869,0.003675933554768507,123.0,0.0
Bernoulli(0.1),3000,Common-clock STaR betting,30,1.0,0.028884872451886843,0.02650947730745126,0.030244737859917232,1.5820896212558004,1.451983870896242,1.656572517170722,1.5820896212557978,2.6368160354263344,0.0009506978172187567,123.0,0.0
Bernoulli(0.1),3000,Efficient betting,30,1.0,0.028189553739386676,0.02712461229485929,0.029273643706957005,1.544005446906619,1.4856762017476404,1.6033834998669503,1.544005446906619,2.5733424115110313,0.0047847832009816635,31.0,0.0
Bernoulli(0.1),3000,Gaffke,50,1.0,0.028481413457433765,0.02777183460582935,0.029166977780246378,1.5599912620267702,1.5211260276915355,1.5975411664492922,1.559991262026768,2.5999854367112833,0.000196159260813094,0.0,0.0
Bernoulli(0.1),3000,Regularized Efficient betting,50,1.0,0.028546577506894752,0.02639480124316024,0.03031825877252239,1.5635604440095863,1.445702804174427,1.6605994233989416,1.5635604440095845,2.605934073349311,0.005062963244272352,31.02,0.0
Bernoulli(0.1),3000,STaR betting,30,1.0,0.028783760195564882,0.0272118340940187,0.030024898691197132,1.5765514748930223,1.4904535364382243,1.6445314299976028,1.5765514748930198,2.6275857914883707,0.00140585607538616,31.066666666666666,0.0
Bernoulli(0.1),3000,Square-root feedback,50,1.0,0.028884430561088623,0.0271376371409119,0.03002591515115309,1.5820654178999862,1.4863896019467473,1.6445871038022708,1.582065417899984,2.6367756964999773,0.001173353089543474,31.04,0.0
Bernoulli(0.1),3000,Squared-hinge feedback,50,1.0,0.02898913730160084,0.02737020277956107,0.0302101543061625,1.5878004422701246,1.4991277465856239,1.6546782979197083,1.5878004422701224,2.6463340704502083,0.001173353089543474,31.04,0.0
Bernoulli(0.1),3000,Target-capped feedback,50,1.0,0.028882330924037934,0.02786798161104123,0.02972110214808302,1.5819504160424631,1.5263922160506447,1.6278918080420328,1.5819504160424607,2.6365840267374385,0.001173353089543474,31.0,0.0
Bernoulli(0.1),10000,Capped original feedback,50,1.0,0.017239957935383174,0.016939886167969587,0.01764511768350138,1.7239957935383226,1.6939886167969673,1.7645117683501437,1.7239957935383174,2.873326322563871,0.005611296480055847,31.26,0.0
Bernoulli(0.1),10000,Common-clock Efficient betting,30,0.9666666666666667,0.015479860593037898,0.01510248778653737,0.015747172483139612,1.5479860593037942,1.5102487786537422,1.5747172483139695,1.5479860593037895,2.5799767655063235,0.010405195217269117,123.0,0.0
Bernoulli(0.1),10000,Common-clock STaR betting,30,0.9666666666666667,0.015861304582184498,0.01547401823184986,0.016374746649568298,1.5861304582184548,1.5474018231849904,1.6374746649568344,1.5861304582184497,2.6435507636974247,0.002416725658501133,123.0,0.0
Bernoulli(0.1),10000,Efficient betting,30,0.9666666666666667,0.015475979123584527,0.015207032023228827,0.015695300796040305,1.5475979123584525,1.5207032023228828,1.5695300796040303,1.5475979123584525,2.579329853930754,0.014383321022614783,31.0,0.0
Bernoulli(0.1),10000,Gaffke,50,0.98,0.015571432807626566,0.015317700979351109,0.015801392392597383,1.5571432807626613,1.5317700979351188,1.5801392392597413,1.5571432807626566,2.595238801271102,0.00020950896199787802,0.0,0.0
Bernoulli(0.1),10000,Regularized Efficient betting,50,0.98,0.015900217514775564,0.014780539359160839,0.016845365486452442,1.5900217514775614,1.4780539359160922,1.6845365486452468,1.5900217514775563,2.6500362524626024,0.014672052995301738,31.0,0.0
Bernoulli(0.1),10000,STaR betting,30,0.9666666666666667,0.015870193752032722,0.01542812740865217,0.01635762054272908,1.5870193752032766,1.542812740865221,1.6357620542729097,1.587019375203272,2.645032292005461,0.0035053904323527666,31.0,0.0
Bernoulli(0.1),10000,Square-root feedback,50,0.98,0.01582278853097741,0.01535551693012524,0.01632724367267097,1.5822788530977454,1.5355516930125266,1.6327243672671023,1.5822788530977407,2.637131421829576,0.0032855696344631204,31.0,0.0
Bernoulli(0.1),10000,Squared-hinge feedback,50,0.98,0.01588448686556336,0.01521344147592262,0.01654838320163601,1.58844868655634,1.5213441475922638,1.6548383201636092,1.5884486865563359,2.6474144775939004,0.0032855696344631204,31.0,0.0
Bernoulli(0.1),10000,Target-capped feedback,50,0.98,0.015738264037454874,0.01547760968474334,0.01597416950178395,1.5738264037454934,1.547760968474341,1.597416950178404,1.5738264037454874,2.623044006242489,0.0032855696344631204,31.0,0.0
Bernoulli(0.1),30000,Capped original feedback,40,1.0,0.009739740504174033,0.00960896676265463,0.00987000307499877,1.6869725405766018,1.6643218641158581,1.7095346796759023,1.6869725405765936,2.811620900961003,0.015222895948681934,31.1,0.0
Bernoulli(0.1),30000,Common-clock Efficient betting,30,1.0,0.008935531755249663,0.008809673196457231,0.00906143078628009,1.547679499273761,1.5258801574341672,1.5694858511106,1.5476794992737526,2.579465832122935,0.03078030638086294,123.0,0.0
Bernoulli(0.1),30000,Common-clock STaR betting,30,1.0,0.00916947784972061,0.00898997817068816,0.009374644938789591,1.5882001514593602,1.5571098950567088,1.6237361336902068,1.5882001514593513,2.647000252432267,0.007093707968791287,123.0,0.0
Bernoulli(0.1),30000,Efficient betting,30,1.0,0.008934207774359307,0.008822271034442181,0.009031493145651968,1.5474501790567181,1.5280621669797096,1.5643004996479268,1.5474501790567181,2.5790836317611965,0.04126451510237524,31.0,0.0
Bernoulli(0.1),30000,Gaffke,40,1.0,0.008958378352419473,0.0088803655594191,0.009028956886489371,1.5516366459815771,1.5381244338698712,1.5638612066748618,1.5516366459815694,2.586061076635962,0.00021834829676658252,0.0,0.0
Bernoulli(0.1),30000,Regularized Efficient betting,40,1.0,0.009114301438049099,0.0086802814519406,0.00944228280468818,1.5786433166199199,1.5034688498758944,1.6354513557154033,1.5786433166199123,2.631072194366533,0.04190705437940774,31.0,0.0
Bernoulli(0.1),30000,STaR betting,30,1.0,0.009181014027392603,0.008959969882621582,0.00935625620039009,1.590198276044664,1.5519123070987686,1.6205511107707062,1.590198276044655,2.6503304600744406,0.009790090324046662,31.0,0.0
Bernoulli(0.1),30000,Square-root feedback,40,1.0,0.009196426119443213,0.00897009974232678,0.00935918778418067,1.5928677286929211,1.5536668502670512,1.6210588759778934,1.5928677286929132,2.6547795478215357,0.009316680256597418,31.0,0.0
Bernoulli(0.1),30000,Squared-hinge feedback,40,1.0,0.009264266595878683,0.00883156058018084,0.00947200766902296,1.604618043892512,1.529671163499579,1.640599853242992,1.6046180438925046,2.67436340648752,0.009316680256597418,31.0,0.0
Bernoulli(0.1),30000,Target-capped feedback,40,1.0,0.009039861187388896,0.00896782377153434,0.009111807212311189,1.5657498869927573,1.5532726405621524,1.578211304049558,1.5657498869927484,2.609583144987929,0.009316680256597418,31.0,0.0
Bernoulli(0.1),100000,Capped original feedback,40,1.0,0.00524772375755581,0.005164487502683231,0.00535303176502194,1.659475960525376,1.6331543455954154,1.6927772764700784,1.6594759605253604,2.7657932675422936,0.049274077374138824,31.025,0.0
Bernoulli(0.1),100000,Common-clock Efficient betting,30,1.0,0.0048957074595490065,0.00485838959473108,0.0049395142462099004,1.5481586330051664,1.5363576879812888,1.562011555287314,1.5481586330051516,2.5802643883419445,0.09797271223894005,123.0,0.0
Bernoulli(0.1),100000,Common-clock STaR betting,30,1.0,0.0049892279402703596,0.00486390917947665,0.00511414875419391,1.5777324057005049,1.5381031339347069,1.6172358356165524,1.5777324057004856,2.6295540095008416,0.02261122108126675,123.0,0.0
Bernoulli(0.1),100000,Efficient betting,30,1.0,0.004892075333280971,0.004865753856738495,0.004926405065094688,1.5470100538295193,1.5386864721042275,1.5578660682289285,1.5470100538295193,2.5783500897158658,0.13512401840804764,31.0,0.0
Bernoulli(0.1),100000,Gaffke,40,1.0,0.004895921669693965,0.00487638279239439,0.00492045820662695,1.5482263722007628,1.5420476366818456,1.555985506460874,1.5482263722007499,2.580377287001271,0.000247134994424365,0.0,0.0
Bernoulli(0.1),100000,Regularized Efficient betting,40,1.0,0.004972079937536582,0.0047359309490020195,0.005201189268049499,1.5723097311043481,1.4976328640129186,1.644760462866054,1.5723097311043328,2.6205162185072473,0.13684402395301726,31.0,0.0
Bernoulli(0.1),100000,STaR betting,30,1.0,0.00499180172494818,0.0048617351119905105,0.0051206389957523905,1.5785463078793776,1.5374156334303917,1.6192882302054947,1.5785463078793611,2.6309105131322963,0.03200516116339709,31.0,0.0
Bernoulli(0.1),100000,Square-root feedback,40,1.0,0.004995479707508362,0.00486177250706038,0.00510355141021488,1.57970938808783,1.537427458789794,1.6138846612043625,1.5797093880878166,2.6328489801463832,0.029639119566854756,31.0,0.0
Bernoulli(0.1),100000,Squared-hinge feedback,40,1.0,0.005020646952255887,0.00482903453735343,0.00516135093385022,1.5876679696711382,1.5270748037654487,1.6321624754404036,1.5876679696711253,2.6461132827852305,0.029639119566854756,31.0,0.0
Bernoulli(0.1),100000,Target-capped feedback,40,1.0,0.00492872362527495,0.004900076619992331,0.00495924919280437,1.558599261335121,1.5495402828515146,1.5682522933613356,1.5585992613351083,2.597665435558535,0.029639119566854756,31.0,0.0
Bernoulli(0.1),300000,Capped original feedback,30,1.0,0.002982400955520103,0.00294145811889162,0.00304824210090354,1.6335282788633483,1.6111029636736978,1.6695909594018103,1.6335282788633223,2.722547131438914,0.14533123866422099,31.0,0.0
Bernoulli(0.1),300000,Common-clock Efficient betting,30,1.0,0.0028211876628591636,0.00280979082556628,0.0028330404411255903,1.5452281219032746,1.5389858170337318,1.5517201559289184,1.5452281219032433,2.5753802031721245,0.2835675838170573,123.0,0.0
Bernoulli(0.1),300000,Common-clock STaR betting,30,1.0,0.0029002615279158967,0.00285929019605458,0.00294519644514712,1.5885386615039672,1.566097738832499,1.613150529291135,1.5885386615039359,2.647564435839945,0.06709060326684262,123.0,0.0
Bernoulli(0.1),300000,Efficient betting,30,1.0,0.0028219581762441446,0.00281218873766967,0.00283240634115388,1.5456501494650572,1.5402992075836563,1.5513728450706532,1.5456501494650572,2.576083582441762,0.39932473888620734,31.0,0.0
Bernoulli(0.1),300000,Gaffke,30,1.0,0.0028253167573263466,0.00281699651747822,0.0028342755629848903,1.5474897200850108,1.5429325370363587,1.552396660032494,1.5474897200849895,2.5791495334750185,0.00031186194197890663,0.0,0.0
Bernoulli(0.1),300000,Regularized Efficient betting,30,1.0,0.0028333883467227335,0.00271064872301394,0.00294855002496728,1.5519107116723334,1.484683451067316,1.6149873606070104,1.5519107116723099,2.5865178527872223,0.40538867659439953,31.0,0.0
Bernoulli(0.1),300000,STaR betting,30,1.0,0.00290219407908266,0.00285707662053635,0.0029488623511528603,1.5895971633715316,1.5648853135884095,1.6151584287041814,1.589597163371505,2.6493286056192193,0.09590770886279638,31.0,0.0
Bernoulli(0.1),300000,Square-root feedback,30,1.0,0.0029022013118052362,0.002857076620536342,0.0029488623511528603,1.5896011248968358,1.5648853135883822,1.6151584287041814,1.5896011248968123,2.6493352081613937,0.08663009683368723,31.0,0.0
Bernoulli(0.1),300000,Squared-hinge feedback,30,1.0,0.0029245769461883034,0.0028593944456060576,0.00298298360366561,1.601856764586929,1.5661548386634165,1.633847408395759,1.6018567645869062,2.6697612743115484,0.08663009683368723,31.0,0.0
Bernoulli(0.1),300000,Target-capped feedback,30,1.0,0.00283581839707739,0.00282486880967758,0.0028441121141092197,1.5532417050674527,1.547244369053184,1.557784360971335,1.5532417050674288,2.5887361751124214,0.08663009683368723,31.0,0.0
Bernoulli(0.1),1000000,Capped original feedback,20,1.0,0.0016304399365108149,0.0015957463893362602,0.0016741162636071001,1.630439936510863,1.595746389336314,1.6741162636071116,1.630439936510815,2.7173998941847715,0.48301305775821674,31.1,0.0
Bernoulli(0.1),1000000,Common-clock Efficient betting,30,1.0,0.0015452183830895602,0.00154125868141714,0.00154974551574555,1.5452183830896078,1.5412586814171556,1.5497455157456264,1.5452183830895598,2.575363971816013,0.9204054633233075,123.0,0.0
Bernoulli(0.1),1000000,Common-clock STaR betting,30,1.0,0.0015846210759081067,0.00154862895403282,0.0016079127011525299,1.5846210759081525,1.5486289540328644,1.6079127011526113,1.5846210759081067,2.641035126513587,0.22415719690422214,123.0,0.0
Bernoulli(0.1),1000000,Efficient betting,30,1.0,0.0015455368110856482,0.0015419717079312902,0.001548862380983583,1.5455368110856482,1.5419717079312902,1.548862380983583,1.5455368110856482,2.5758946851427473,1.3185008145985193,31.0,0.0
Bernoulli(0.1),1000000,Gaffke,20,1.0,0.001546953753004145,0.00154531580134238,0.00154850983930979,1.5469537530041926,1.5453158013423922,1.5485098393098473,1.546953753004145,2.5782562550069876,0.0005663522460963,0.0,0.0
Bernoulli(0.1),1000000,Regularized Efficient betting,20,1.0,0.00154438362782009,0.0014969387578245201,0.00159936493142951,1.5443836278201473,1.4969387578245537,1.5993649314295586,1.54438362782009,2.5739727130335788,1.3482935034990078,31.0,0.0
Bernoulli(0.1),1000000,STaR betting,30,1.0,0.0015853522016119799,0.00154774285587281,0.0016083082550657,1.5853522016120347,1.5477428558728996,1.6083082550657464,1.5853522016119799,2.642253669353391,0.3163299200047428,31.0,0.0
Bernoulli(0.1),1000000,Square-root feedback,20,1.0,0.0015825883698249849,0.0015477428558728105,0.0016083082550656994,1.5825883698250298,1.547742855872897,1.6083082550657368,1.582588369824985,2.6376472830417166,0.2826769011371652,31.0,0.0
Bernoulli(0.1),1000000,Squared-hinge feedback,20,1.0,0.0015939760995997195,0.0015512969617965014,0.00162791834336857,1.5939760995997545,1.5512969617965016,1.6279183433686575,1.5939760995997194,2.656626832666258,0.2826769011371652,31.0,0.0
Bernoulli(0.1),1000000,Target-capped feedback,20,1.0,0.0015508515049678,0.00154719242379105,0.0015552981143695,1.5508515049678546,1.54719242379113,1.555298114369592,1.5508515049678,2.584752508279758,0.2826769011371652,31.0,0.0
Bernoulli(0.1),3000000,Capped original feedback,15,1.0,0.0009236998530722534,0.00091436004583418,0.0009414651661647201,1.5998950764651414,1.583718055795958,1.630665501353706,1.5998950764650497,2.666491794108569,1.4334463793978405,31.0,0.0
Bernoulli(0.1),3000000,Common-clock Efficient betting,30,1.0,0.0008925458260562233,0.00089133451051399,0.00089351925891799,1.545934718812976,1.5438366587497685,1.5476207539874045,1.5459347188129122,2.576557864688293,2.6948817445275686,123.0,0.0
Bernoulli(0.1),3000000,Common-clock STaR betting,30,1.0,0.00091322099230429,0.0008967411401016501,0.00092674127365492,1.5817451572095889,1.5532012158933308,1.6051629714414617,1.581745157209497,2.636241928682648,0.6820909582854559,123.0,0.0
Bernoulli(0.1),3000000,Efficient betting,30,1.0,0.0008925688576313508,0.000891718846024786,0.0008934786272078207,1.5459746106712113,1.544502347381618,1.5475503778008377,1.5459746106712113,2.5766243511186855,3.9367426928986484,31.0,0.0
Bernoulli(0.1),3000000,Gaffke,15,1.0,0.0008927715983329334,0.00089213898740464,0.00089329970351576,1.5463257678672144,1.545230053598006,1.547240472875592,1.5463257678671143,2.5772096131120246,0.0012974997982382332,0.0,0.0
Bernoulli(0.1),3000000,Regularized Efficient betting,15,1.0,0.0008925298210735999,0.00087684050612098,0.0009088395254835001,1.5459069973699051,1.5187323067359935,1.574156234064329,1.5459069973698343,2.576511662283175,4.019061364997954,31.0,0.0
Bernoulli(0.1),3000000,STaR betting,30,1.0,0.0009134018981969867,0.00089706191499222,0.00092687135891654,1.58205849540712,1.5537568143016494,1.6053882857239627,1.582058495407036,2.6367641590118667,0.9463195486227051,31.0,0.0
Bernoulli(0.1),3000000,Square-root feedback,15,1.0,0.0009138880310153137,0.00089921925534004,0.0009267504497547846,1.5829005021476508,1.5574934373933145,1.6051788649125949,1.582900502147605,2.638167503579418,0.82957729078189,31.0,0.0
Bernoulli(0.1),3000000,Squared-hinge feedback,15,1.0,0.0009185159174763806,0.0008967113546569,0.00093598717808476,1.5909162366298952,1.5531496259897202,1.621177347675823,1.590916236629833,2.6515270610498254,0.82957729078189,31.0,0.0
Bernoulli(0.1),3000000,Target-capped feedback,15,1.0,0.0008943502665168999,0.0008935034449124,0.0008953570624585601,1.5490601013701086,1.5475933633262158,1.5508039230939472,1.5490601013700374,2.5817668356168473,0.82957729078189,31.0,0.0
Bernoulli(0.1),10000000,Capped original feedback,10,1.0,0.0005034151209811499,0.00049779677647438,0.00050893106768433,1.5919383908697982,1.5741716255488114,1.6093813459039614,1.5919383908696527,2.6532306514496637,4.750917464803206,31.0,0.0
Bernoulli(0.1),10000000,Common-clock Efficient betting,30,1.0,0.0004888198041572499,0.0004883495762690401,0.00048915354398679,1.5457839465345138,1.5442969553885466,1.5468393245418126,1.545783946534354,2.5763065775575233,8.765716517188897,123.0,0.0
Bernoulli(0.1),10000000,Common-clock STaR betting,30,1.0,0.00049968703914388,0.00048712995469618,0.00050752826987653,1.5801491609605334,1.5404401733348645,1.6049453097347037,1.5801491609603744,2.633581934934222,2.1871229454952603,123.0,0.0
Bernoulli(0.1),10000000,Efficient betting,30,1.0,0.0004888110387927302,0.0004885473379591763,0.0004890360448976269,1.54575622801795,1.5449223327630341,1.5464677597968661,1.54575622801795,2.5762603800299164,13.073487482856338,31.0,0.0
Bernoulli(0.1),10000000,Gaffke,10,1.0,0.00048885293019457,0.00048872074049336,0.00048896492123157,1.5458887002623012,1.5454706797232993,1.5462428470166825,1.5458887002621409,2.5764811671038355,0.00342310030828226,0.0,0.0
Bernoulli(0.1),10000000,Regularized Efficient betting,10,1.0,0.00048752762318686005,0.00047726505196665997,0.0004999224417290399,1.54169771151899,1.5092446118133764,1.580893569296868,1.541697711518795,2.5694961858649834,13.3302443489898,31.0,0.0
Bernoulli(0.1),10000000,STaR betting,30,1.0,0.00049973589023985,0.00048705742562233,0.00050763271628953,1.5803036416899656,1.5402108162647594,1.6052755982930702,1.580303641689835,2.6338394028166094,3.137579353285643,31.0,0.0
Bernoulli(0.1),10000000,Square-root feedback,10,1.0,0.000500792063289131,0.00049528918844408,0.000506988451362787,1.5836435541289615,1.5662419359399522,1.6032382537079184,1.5836435541288485,2.6394059235482694,2.7316120706513174,31.0,0.0
Bernoulli(0.1),10000000,Squared-hinge feedback,10,1.0,0.0005046369233689602,0.00049784388114827,0.00051268481121663,1.5958020692658186,1.5743205836068328,1.6212517252179988,1.5958020692657657,2.6596701154430313,2.7316120706513174,31.0,0.0
Bernoulli(0.1),10000000,Target-capped feedback,10,1.0,0.00048952646037786,0.0004891212363161999,0.00048974204665351,1.5480185897143595,1.5467371587167387,1.5487003333777989,1.548018589714208,2.5800309828572656,2.7316120706513174,31.0,0.0
Bernoulli(0.5),1000,Capped original feedback,50,1.0,0.08739284679050063,0.08658971813895008,0.08873556609769252,2.7636044706411815,2.738207312710787,2.8060649833312796,2.76360447064118,2.7636044706411815,0.001263580842642058,31.0,0.0
Bernoulli(0.5),1000,Common-clock Efficient betting,30,1.0,0.0812940631376595,0.08059431557875342,0.08199758709975896,2.570743997645385,2.5486160369125233,2.5929913787327887,2.570743997645384,2.570743997645385,0.0017624017704898633,123.0,0.0
Bernoulli(0.5),1000,Common-clock STaR betting,30,1.0,0.08344458121962116,0.082002818044693,0.08470056065159645,2.63874935052914,2.593156795735853,2.678466907522804,2.638749350529139,2.63874935052914,0.0005575989373027733,123.0,0.0
Bernoulli(0.5),1000,Efficient betting,30,1.0,0.08127813566861548,0.08060248026811287,0.08192173843702033,2.5702403268499747,2.548874227060159,2.5905928334154664,2.5702403268499747,2.5702403268499747,0.002051871324268423,31.0,0.0
Bernoulli(0.5),1000,Gaffke,50,1.0,0.0822651679166526,0.0822232931003916,0.0822942442335993,2.601453027128311,2.6001288291684523,2.602372501003516,2.6014530271283096,2.601453027128311,0.00018432669457974199,0.0,0.0
Bernoulli(0.5),1000,Regularized Efficient betting,50,1.0,0.08411476350971325,0.07456003814973228,0.09567164847646153,2.659942375371127,2.357795429822006,3.0254031668859658,2.659942375371126,2.659942375371127,0.002232003717217544,31.06,0.0
Bernoulli(0.5),1000,STaR betting,30,1.0,0.08357122261122003,0.08208992475941261,0.08481791516385644,2.642754102964198,2.5959113519159374,2.6821779830472012,2.6427541029641968,2.642754102964198,0.0008013942201310966,31.0,0.0
Bernoulli(0.5),1000,Square-root feedback,50,1.0,0.08346121801132526,0.08158857716108193,0.08490139660705442,2.639275452076567,2.5800573488141345,2.6848178980758384,2.639275452076566,2.639275452076567,0.000587792154401482,31.0,0.0
Bernoulli(0.5),1000,Squared-hinge feedback,50,1.0,0.08397213821885133,0.08140376763591006,0.08603535105138271,2.6554321676604506,2.5742131584857617,2.7206766861453167,2.655432167660449,2.6554321676604506,0.000587792154401482,31.0,0.0
Bernoulli(0.5),1000,Target-capped feedback,50,1.0,0.08297200968427618,0.08281645095545342,0.0830939243173101,2.6238053264386103,2.6188861275086075,2.627660605643519,2.6238053264386094,2.6238053264386103,0.000587792154401482,31.0,0.0
Bernoulli(0.5),3000,Capped original feedback,50,0.98,0.049777554605442115,0.04927162355890344,0.050521910123584465,2.7264289514845848,2.6987179668114396,2.767198982293585,2.726428951484582,2.7264289514845848,0.002268632862251202,31.02,0.0
Bernoulli(0.5),3000,Common-clock Efficient betting,30,0.9666666666666667,0.04702625164231878,0.04678502711752581,0.04722394292537496,2.575733881941239,2.5625214705759825,2.5865618794564393,2.5757338819412365,2.575733881941239,0.0036788265298430666,123.0,0.0
Bernoulli(0.5),3000,Common-clock STaR betting,30,0.9666666666666667,0.047825652999911164,0.04658037622931683,0.04881009131115993,2.619518897546599,2.5513122797874304,2.673438804500925,2.6195188975465964,2.619518897546599,0.0009386295995984901,123.0,0.0
Bernoulli(0.5),3000,Efficient betting,30,0.9666666666666667,0.047016096080750094,0.046781521233652444,0.04721519554498064,2.575177638925706,2.562329445407835,2.586082765700332,2.575177638925706,2.575177638925706,0.004730800799249313,31.0,0.0
Bernoulli(0.5),3000,Gaffke,50,0.98,0.04732266656648425,0.047311499754376395,0.04733073351234933,2.5919691959758997,2.5913575644872116,2.592411040797946,2.5919691959758966,2.5919691959758997,0.000187913960544338,0.0,0.0
Bernoulli(0.5),3000,Regularized Efficient betting,50,0.98,0.04843361428684294,0.04382714218913071,0.05226564885167301,2.65281830864084,2.400511440797325,2.8627074858705295,2.6528183086408372,2.65281830864084,0.005034716140944464,31.0,0.0
Bernoulli(0.5),3000,STaR betting,30,0.9666666666666667,0.04786036772717941,0.04663309858584694,0.04884620478500397,2.621420301466844,2.554200002183066,2.675416820926348,2.621420301466842,2.621420301466844,0.00141739911244556,31.0,0.0
Bernoulli(0.5),3000,Square-root feedback,50,0.98,0.047924500879546486,0.04663853124372514,0.04885462517340138,2.6249330188903808,2.5544975611097733,2.675878024593168,2.6249330188903786,2.6249330188903808,0.001180846848874298,31.0,0.0
Bernoulli(0.5),3000,Squared-hinge feedback,50,0.98,0.04810592242398344,0.04647265549388152,0.04942206907541538,2.634869886120936,2.545412172116531,2.7069582071183538,2.6348698861209328,2.634869886120936,0.001180846848874298,31.0,0.0
Bernoulli(0.5),3000,Target-capped feedback,50,0.98,0.04757764297402899,0.047528611494817415,0.047619959707163206,2.605934828980289,2.603249264261087,2.6082526119100415,2.6059348289802857,2.605934828980289,0.001180846848874298,31.0,0.0
Bernoulli(0.5),10000,Capped original feedback,50,1.0,0.026875145583862284,0.026621375552061722,0.02727663387039825,2.6875145583862325,2.6621375552061752,2.727663387039826,2.6875145583862285,2.6875145583862325,0.0055701942194718405,31.0,0.0
Bernoulli(0.5),10000,Common-clock Efficient betting,30,1.0,0.025749183556461698,0.02567450813110671,0.02580771930594693,2.5749183556461737,2.5674508131106712,2.580771930594696,2.5749183556461697,2.5749183556461737,0.010574863424214162,123.0,0.0
Bernoulli(0.5),10000,Common-clock STaR betting,30,1.0,0.02619981214196155,0.02513355387342858,0.02681170494029198,2.6199812141961596,2.513355387342861,2.6811704940292,2.6199812141961547,2.6199812141961596,0.00245846990340695,123.0,0.0
Bernoulli(0.5),10000,Efficient betting,30,1.0,0.02574962458968427,0.02567825509573286,0.025807311106672427,2.574962458968427,2.5678255095732863,2.5807311106672426,2.574962458968427,2.574962458968427,0.01422659687232222,31.0,0.0
Bernoulli(0.5),10000,Gaffke,50,1.0,0.02585244322070811,0.02585128106049235,0.02585332180933494,2.5852443220708166,2.5851281060492393,2.585332180933503,2.5852443220708112,2.5852443220708166,0.00020265559782268598,0.0,0.0
Bernoulli(0.5),10000,Regularized Efficient betting,50,1.0,0.026258470923572644,0.023858099003112473,0.02827877434933309,2.6258470923572697,2.3858099003112567,2.827877434933317,2.6258470923572643,2.6258470923572697,0.014691533001605372,31.02,0.0
Bernoulli(0.5),10000,STaR betting,30,1.0,0.026208176613334987,0.02514153431729362,0.02681693869131135,2.620817661333505,2.514153431729369,2.6816938691311436,2.620817661333499,2.620817661333505,0.0034603753825649133,31.0,0.0
Bernoulli(0.5),10000,Square-root feedback,50,1.0,0.02624193652312345,0.02538098162448549,0.026820685941152254,2.6241936523123495,2.5380981624485557,2.682068594115226,2.624193652312345,2.6241936523123495,0.003298873799212692,31.0,0.0
Bernoulli(0.5),10000,Squared-hinge feedback,50,1.0,0.026364238157012544,0.02527205060870851,0.027117300447310727,2.6364238157012583,2.527205060870858,2.711730044731073,2.636423815701254,2.6364238157012583,0.003298873799212692,31.0,0.0
Bernoulli(0.5),10000,Target-capped feedback,50,1.0,0.025942779224980762,0.02591951462281454,0.02595767419021262,2.594277922498081,2.5919514622814597,2.5957674190212687,2.594277922498076,2.594277922498081,0.003298873799212692,31.0,0.0
Bernoulli(0.5),30000,Capped original feedback,40,1.0,0.01543875422307513,0.01526235747166422,0.01568490616547034,2.674070671993477,2.6435178584200933,2.716705439054498,2.6740706719934693,2.674070671993477,0.015162476968544012,31.0,0.0
Bernoulli(0.5),30000,Common-clock Efficient betting,30,1.0,0.014873277547106333,0.01485084993141491,0.01489350793591042,2.576127238666165,2.572242661679152,2.5796312447927203,2.5761272386661576,2.576127238666165,0.030582715462272324,123.0,0.0
Bernoulli(0.5),30000,Common-clock STaR betting,30,1.0,0.015099520792652968,0.01476592532244335,0.01540249730174997,2.615313718281771,2.557533287923981,2.667790789007359,2.6153137182817625,2.615313718281771,0.00671069421029335,123.0,0.0
Bernoulli(0.5),30000,Efficient betting,30,1.0,0.014873080800069107,0.01485147538797324,0.014892296627426077,2.576093161079686,2.5723509939328353,2.5794214400088604,2.576093161079686,2.576093161079686,0.04122148624155666,31.0,0.0
Bernoulli(0.5),30000,Gaffke,40,1.0,0.014903672486586025,0.01490337572095938,0.01490393817172806,2.5813917966133477,2.581340395299021,2.581437814629836,2.581391796613338,2.5813917966133477,0.00021255477186055,0.0,0.0
Bernoulli(0.5),30000,Regularized Efficient betting,40,1.0,0.015103566183880788,0.01421514626692542,0.01607674401709248,2.616014400596079,2.4621355571337955,2.7845737457883266,2.6160144005960704,2.616014400596079,0.042483050924783994,31.0,0.0
Bernoulli(0.5),30000,STaR betting,30,1.0,0.01510079525196063,0.014764537790435229,0.01540409623196741,2.6155344611090743,2.557292960330462,2.668067731844789,2.615534461109068,2.6155344611090743,0.009775480767711951,31.0,0.0
Bernoulli(0.5),30000,Square-root feedback,40,1.0,0.015085772701872318,0.0147061090702351,0.015451687735322118,2.612932479107855,2.5471728091296706,2.676310822026679,2.6129324791078474,2.612932479107855,0.009318220155910195,31.0,0.0
Bernoulli(0.5),30000,Squared-hinge feedback,40,1.0,0.015118240694440819,0.01455829841420338,0.01565883404055439,2.6185561003826954,2.5215712525149736,2.7121896145529263,2.6185561003826883,2.6185561003826954,0.009318220155910195,31.0,0.0
Bernoulli(0.5),30000,Target-capped feedback,40,1.0,0.014935944781047285,0.01492480641314968,0.01494391470297578,2.586981521981719,2.5850523000705086,2.58836195295297,2.5869815219817105,2.586981521981719,0.009318220155910195,31.0,0.0
Bernoulli(0.5),100000,Capped original feedback,40,1.0,0.00840541394283152,0.00830096596074918,0.008570611674545479,2.658025273588407,2.624995921549547,2.710265383239362,2.6580252735883936,2.658025273588407,0.049116402874642466,31.025,0.0
Bernoulli(0.5),100000,Common-clock Efficient betting,30,1.0,0.008146052695408672,0.008141949188466141,0.008151742867978871,2.5760080457245396,2.574710402891267,2.577807436284665,2.5760080457245262,2.5760080457245396,0.09865857637487348,123.0,0.0
Bernoulli(0.5),100000,Common-clock STaR betting,30,1.0,0.008318526164593583,0.00808551362222971,0.00850863544534445,2.6305489455820594,2.556863909856424,2.6906667787329686,2.630548945582044,2.6305489455820594,0.023317145952023513,123.0,0.0
Bernoulli(0.5),100000,Efficient betting,30,1.0,0.008146045457973377,0.008141847857693518,0.008151525733850595,2.5760057570465307,2.5746783592873994,2.5777387724443392,2.5760057570465307,2.5760057570465307,0.13777180055233954,31.0,0.0
Bernoulli(0.5),100000,Gaffke,40,1.0,0.008155287689456826,0.00815521692121943,0.00815533006763721,2.5789284072615706,2.5789060283799503,2.5789418084188775,2.578928407261552,2.5789284072615706,0.00023662000457984,0.0,0.0
Bernoulli(0.5),100000,Regularized Efficient betting,40,1.0,0.008229955321230263,0.00794124480435184,0.00858396345200969,2.6025403856510487,2.5112421038730193,2.7144875859992337,2.602540385651034,2.6025403856510487,0.13762806487648044,31.0,0.0
Bernoulli(0.5),100000,STaR betting,30,1.0,0.008318861519306376,0.00808637734373427,0.00850902870185528,2.6306549940537116,2.55713704257829,2.690791137360866,2.630654994053694,2.6306549940537116,0.031955694826319776,31.0,0.0
Bernoulli(0.5),100000,Square-root feedback,40,1.0,0.008306946818180692,0.00808665962132664,0.00849542841215679,2.6268872347339753,2.5572263065906995,2.6864903481323417,2.6268872347339607,2.6268872347339753,0.02979291166739127,31.0,0.0
Bernoulli(0.5),100000,Squared-hinge feedback,40,1.0,0.008351389776117647,0.008021523191256418,0.00861389898496452,2.6409413320375563,2.536628358823274,2.7239540327100573,2.6409413320375434,2.6409413320375563,0.02979291166739127,31.0,0.0
Bernoulli(0.5),100000,Target-capped feedback,40,1.0,0.008166929622622613,0.00816157911994746,0.00817127075337156,2.582609909778701,2.5809179322706717,2.5839826958574292,2.5826099097786863,2.582609909778701,0.02979291166739127,31.0,0.0
Bernoulli(0.5),300000,Capped original feedback,30,1.0,0.004803980055918683,0.0047709536496928304,0.0048386861040963704,2.6312482424316217,2.613158934748401,2.6502575279003837,2.631248242431592,2.6312482424316217,0.14525547739661607,31.0,0.0
Bernoulli(0.5),300000,Common-clock Efficient betting,30,1.0,0.00470310590849597,0.0047005512397810196,0.0047050804966529206,2.5759971964190984,2.5745979467369704,2.5770787228944414,2.575997196419071,2.5759971964190984,0.28168166318597887,123.0,0.0
Bernoulli(0.5),300000,Common-clock STaR betting,30,1.0,0.0047914417887821,0.00459917605442638,0.00488681152844394,2.6243807506888865,2.51907247094696,2.6766169084050793,2.62438075068886,2.6243807506888865,0.06705375605573252,123.0,0.0
Bernoulli(0.5),300000,Efficient betting,30,1.0,0.004703117980575696,0.004700597206549995,0.004705075353341093,2.5760038085694523,2.574623123773203,2.577075905786507,2.5760038085694523,2.5760038085694523,0.39852591027738526,31.0,0.0
Bernoulli(0.5),300000,Gaffke,30,1.0,0.0047060935710681795,0.00470607452166177,0.00470610259663442,2.5776336066041146,2.577623172814534,2.5776385501103447,2.577633606604084,2.5776336066041146,0.00029953920554053,0.0,0.0
Bernoulli(0.5),300000,Regularized Efficient betting,30,1.0,0.004741736524095476,0.00452493031381523,0.004930883046499901,2.5971560559932576,2.4784064040155678,2.7007558729878034,2.5971560559932314,2.5971560559932576,0.4072433532642511,31.0,0.0
Bernoulli(0.5),300000,STaR betting,30,1.0,0.004791503542040627,0.0045994421043290806,0.004886885353727811,2.624414574341584,2.5192181924800834,2.676657344178362,2.6244145743415546,2.624414574341584,0.09521333306717371,31.0,0.0
Bernoulli(0.5),300000,Square-root feedback,30,1.0,0.004791521650163953,0.0045994421043290806,0.00488690346185411,2.6244244925691995,2.5192181924800834,2.6766672624076095,2.624424492569174,2.6244244925691995,0.08657271006425916,31.0,0.0
Bernoulli(0.5),300000,Squared-hinge feedback,30,1.0,0.004809074416726858,0.004585118585985311,0.00493322242786044,2.6340385387623235,2.5113728783803966,2.7020372049295895,2.6340385387623,2.6340385387623235,0.08657271006425916,31.0,0.0
Bernoulli(0.5),300000,Target-capped feedback,30,1.0,0.004711526170397279,0.00470972018665881,0.00471317429965084,2.5806091638025475,2.579619985770491,2.5815118813724096,2.5806091638025195,2.5806091638025475,0.08657271006425916,31.0,0.0
Bernoulli(0.5),1000000,Capped original feedback,20,1.0,0.002620887727211375,0.00260392490053071,0.00264544622325412,2.6208877272114153,2.6039249005307354,2.6454462232541442,2.620887727211375,2.6208877272114153,0.4789580952987308,31.0,0.0
Bernoulli(0.5),1000000,Common-clock Efficient betting,30,1.0,0.0025758488000959066,0.00257529899197009,0.00257663993562326,2.5758488000959607,2.5752989919701155,2.576639935623299,2.5758488000959066,2.5758488000959607,0.9089969100663439,123.0,0.0
Bernoulli(0.5),1000000,Common-clock STaR betting,30,1.0,0.002649063492226823,0.00255806365591957,0.0026874178284802502,2.6490634922268663,2.558063655919602,2.687417828480298,2.6490634922268232,2.6490634922268663,0.22681382611238704,123.0,0.0
Bernoulli(0.5),1000000,Efficient betting,30,1.0,0.0025758485457852494,0.002575253978543246,0.002576663533052964,2.5758485457852496,2.575253978543246,2.5766635330529644,2.5758485457852496,2.5758485457852496,1.3194628140345837,31.0,0.0
Bernoulli(0.5),1000000,Gaffke,20,1.0,0.00257682306143164,0.00257682042462574,0.00257682434997792,2.5768230614316936,2.576820424625809,2.576824349977936,2.5768230614316403,2.5768230614316936,0.000569240207550985,0.0,0.0
Bernoulli(0.5),1000000,Regularized Efficient betting,20,1.0,0.00259165379966316,0.00252285676029841,0.00271967418251292,2.5916537996632045,2.5228567602984864,2.7196741825129434,2.59165379966316,2.5916537996632045,1.34364513050823,31.0,0.0
Bernoulli(0.5),1000000,STaR betting,30,1.0,0.0026490680698589603,0.00255801711659419,0.00268744910899919,2.649068069859008,2.5580171165942467,2.6874491089992287,2.64906806985896,2.649068069859008,0.3165974516111116,31.0,0.0
Bernoulli(0.5),1000000,Square-root feedback,20,1.0,0.00265613704503627,0.00260850093323583,0.00268646757991187,2.6561370450363135,2.6085009332358466,2.6864675799119224,2.65613704503627,2.6561370450363135,0.2805995092239754,31.0,0.0
Bernoulli(0.5),1000000,Squared-hinge feedback,20,1.0,0.0026801192816968554,0.00262342785049962,0.00272080444038557,2.680119281696902,2.623427850499649,2.720804440385627,2.6801192816968555,2.680119281696902,0.2805995092239754,31.0,0.0
Bernoulli(0.5),1000000,Target-capped feedback,20,1.0,0.0025793800022578,0.00257851805709203,0.00258003067763435,2.5793800022578526,2.578518057092122,2.5800306776343818,2.5793800022578,2.5793800022578526,0.2805995092239754,31.0,0.0
Bernoulli(0.5),3000000,Capped original feedback,15,1.0,0.0015119602095760066,0.00150143154953056,0.0015289748079022202,2.618791902008213,2.6005557278739366,2.648262050779619,2.618791902008131,2.618791902008213,1.426095185665569,31.0,0.0
Bernoulli(0.5),3000000,Common-clock Efficient betting,30,1.0,0.0014871773279257498,0.00148698199974391,0.00148741012518787,2.5758666918320037,2.5755283734968586,2.576269908517931,2.57586669183192,2.5758666918320037,2.6915677350324887,123.0,0.0
Bernoulli(0.5),3000000,Common-clock STaR betting,30,1.0,0.0015174244349169068,0.0014771813357010901,0.00154808036863791,2.628256217922659,2.5585531254268306,2.681353852680924,2.6282562179225755,2.628256217922659,0.6799149927993615,123.0,0.0
Bernoulli(0.5),3000000,Efficient betting,30,1.0,0.00148717483185322,0.001487001223165202,0.0014874076433459115,2.575862368507479,2.575561669439196,2.576265609841407,2.575862368507479,2.575862368507479,3.9359727669274434,31.0,0.0
Bernoulli(0.5),3000000,Gaffke,15,1.0,0.0014874879919688998,0.0014874878267272,0.0014874881256859201,2.576404777738808,2.5764044915318105,2.576405009343472,2.5764047777387407,2.576404777738808,0.00123990513772388,0.0,0.0
Bernoulli(0.5),3000000,Regularized Efficient betting,15,1.0,0.0014936017465631067,0.00145603357506614,0.0015447223204007,2.5869941113209927,2.521924129540823,2.675537542519729,2.586994111320914,2.5869941113209927,4.013259537137734,31.0,0.0
Bernoulli(0.5),3000000,STaR betting,30,1.0,0.00151742869292032,0.0014771857405343702,0.00154807199945036,2.628263593000918,2.55856075482193,2.681339356822901,2.628263593000826,2.628263593000918,0.9469766470293204,31.0,0.0
Bernoulli(0.5),3000000,Square-root feedback,15,1.0,0.0015227638000048103,0.0014820991798835425,0.0015479633047059127,2.63750426953505,2.567071081414522,2.681151092002864,2.6375042695349844,2.63750426953505,0.8270198348337241,31.0,0.0
Bernoulli(0.5),3000000,Squared-hinge feedback,15,1.0,0.0015302194217159174,0.00146752045122112,0.0015705936024723258,2.650417785140692,2.541819982661492,2.7203479175247227,2.6504177851406348,2.650417785140692,0.8270198348337241,31.0,0.0
Bernoulli(0.5),3000000,Target-capped feedback,15,1.0,0.0014886466023734668,0.00148827200688956,0.0014890627770711199,2.578411549825718,2.5777627314152687,2.579132385546915,2.5784115498256286,2.578411549825718,0.8270198348337241,31.0,0.0
Bernoulli(0.5),10000000,Capped original feedback,10,1.0,0.0008250212564072801,0.00081994654200943,0.00083135995537712,2.6089462883009205,2.5928986323290006,2.628991014447683,2.60894628830079,2.6089462883009205,4.733276034501614,31.0,0.0
Bernoulli(0.5),10000000,Common-clock Efficient betting,30,0.9666666666666667,0.00081455124286753,0.00081448340194976,0.0008146204128753901,2.575837198382525,2.575622666563814,2.5760559331530533,2.5758371983823785,2.575837198382525,9.012276482884772,123.0,0.0
Bernoulli(0.5),10000000,Common-clock STaR betting,30,0.9666666666666667,0.00083301491158618,0.0008126430380590699,0.00084799664050945,2.634224445496288,2.5698029249458365,2.6816008321810165,2.634224445496115,2.634224445496288,2.200290994299576,123.0,0.0
Bernoulli(0.5),10000000,Efficient betting,30,0.9666666666666667,0.0008145497952918542,0.0008144641073488668,0.000814620926516163,2.575832620746157,2.575561651678302,2.57605755742773,2.575832620746157,2.575832620746157,13.205736801264964,31.0,0.0
Bernoulli(0.5),10000000,Gaffke,10,1.0,0.0008146485689294001,0.00081464854127783,0.0008146485906534801,2.576144970413755,2.5761448829719362,2.5761450391113923,2.576144970413582,2.576144970413755,0.00337708590086545,0.0,0.0
Bernoulli(0.5),10000000,Regularized Efficient betting,10,1.0,0.00081454876854287,0.00079229590542916,0.00084116751916627,2.575829373880964,2.5054596419816986,2.660005254319049,2.575829373880782,2.575829373880964,13.390834054216976,31.0,0.0
Bernoulli(0.5),10000000,STaR betting,30,0.9666666666666667,0.00083301700252919,0.00081264496816028,0.0008479860249539301,2.634231057638661,2.5698090284615707,2.6815672628470395,2.6342310576384844,2.634231057638661,3.162924102181569,31.0,0.0
Bernoulli(0.5),10000000,Square-root feedback,10,1.0,0.0008361367091173327,0.0008257990132030157,0.0008456149574096073,2.644096436088527,2.6114057712409893,2.6740692889206366,2.6440964360884482,2.644096436088527,2.7351521934237097,31.0,0.0
Bernoulli(0.5),10000000,Squared-hinge feedback,10,1.0,0.0008421554883334198,0.0008295783921533518,0.0008538072718097978,2.6631294871450657,2.6233572168649473,2.6999756617334345,2.663129487144966,2.6631294871450657,2.7351521934237097,31.0,0.0
Bernoulli(0.5),10000000,Target-capped feedback,10,1.0,0.0008151980066508901,0.00081490318517649,0.0008154112867970201,2.57788244504603,2.5769501376837263,2.578556896087381,2.5778824450459035,2.57788244504603,2.7351521934237097,31.0,0.0
"Beta(0.5,0.5)",1000,Capped original feedback,50,1.0,0.06393744553418017,0.06117043029221165,0.06729058736571274,2.021879556609706,1.9343788517594809,2.1279152116620206,2.0218795566097048,2.859369490442346,0.0013415659929159479,31.14,0.0
"Beta(0.5,0.5)",1000,Common-clock Efficient betting,30,1.0,0.05762419285953342,0.056925062606743945,0.05852824551571544,1.822236977649369,1.800128537849929,1.8508256328319719,1.8222369776493677,2.577032247649496,0.00186679963953788,123.0,0.0
"Beta(0.5,0.5)",1000,Common-clock STaR betting,30,1.0,0.058559982250022576,0.05669334966271972,0.06004832480668505,1.8518292364910331,1.7928011311853327,1.8988947606671513,1.851829236491032,2.618882021444633,0.0005666668837268566,123.0,0.0
"Beta(0.5,0.5)",1000,Efficient betting,30,1.0,0.057854191338813414,0.05709144667271878,0.058827557844308355,1.829510168178366,1.8053900639983294,1.8602907197331942,1.829510168178366,2.587318092337327,0.00216738526166101,31.0,0.0
"Beta(0.5,0.5)",1000,Gaffke,50,1.0,0.05867176736093663,0.05794072688595285,0.059522030219386825,1.855364192080863,1.8322466624536609,1.8822518645063444,1.8553641920808617,2.623881203582157,0.015977853285148693,0.0,0.0
"Beta(0.5,0.5)",1000,Regularized Efficient betting,50,1.0,0.059648694180244224,0.05511632414506276,0.06481812248911381,1.8862573306440205,1.7429312055453106,2.0497290072138226,1.8862573306440193,2.6675706991224457,0.002254170279484192,31.06,0.0
"Beta(0.5,0.5)",1000,STaR betting,30,1.0,0.05858918804410127,0.05655460106892016,0.06010089595966795,1.852752804792659,1.7884135153998104,1.9005572064936207,1.8527528047926576,2.6201881442625696,0.00082588450362279,31.0,0.0
"Beta(0.5,0.5)",1000,Square-root feedback,50,0.98,0.05868451958574574,0.05655659683504006,0.060232532716121244,1.855767452837176,1.7884766270659715,1.9047199262355126,1.8557674528371746,2.624451500412907,0.000594297816278362,31.0,0.0
"Beta(0.5,0.5)",1000,Squared-hinge feedback,50,0.98,0.05880714783211536,0.05559649849426493,0.06073978230591076,1.859645298477179,1.7581156517199896,1.9207605666947247,1.8596452984771776,2.6299356023097884,0.000594297816278362,31.0,0.0
"Beta(0.5,0.5)",1000,Target-capped feedback,50,1.0,0.059569335804335294,0.05849577406253926,0.0605946063016432,1.8837477984511801,1.8497987953222503,1.9161696983438448,1.8837477984511788,2.664021684660119,0.000594297816278362,31.0,0.0
"Beta(0.5,0.5)",3000,Capped original feedback,50,0.98,0.03596454211331465,0.03476886930951218,0.03678843702491863,1.9698590985806985,1.9043694019768929,2.0149856813906197,1.9698590985806954,2.785801453176863,0.002258276692591564,31.04,0.0
"Beta(0.5,0.5)",3000,Common-clock Efficient betting,30,0.9666666666666667,0.03334253166235983,0.0330178555033839,0.033662496654765985,1.8262456715804731,1.8084624259649476,1.8437708759757558,1.8262456715804705,2.582701396974266,0.0038482890153924134,123.0,0.0
"Beta(0.5,0.5)",3000,Common-clock STaR betting,30,0.9666666666666667,0.03371925352692092,0.03280560661083728,0.03456107932485713,1.8468795778930243,1.7968370753396221,1.8929882757949699,1.846879577893022,2.611882147126212,0.00097756561202303,123.0,0.0
"Beta(0.5,0.5)",3000,Efficient betting,30,0.9666666666666667,0.033419361796367064,0.03308526468645445,0.03377038914155549,1.830453831329661,1.812154578980019,1.8496803908557462,1.830453831329661,2.5886526335642004,0.0048417409610312994,31.0,0.0
"Beta(0.5,0.5)",3000,Gaffke,50,0.98,0.033644958078791566,0.03337002181561025,0.03393883992850924,1.8428102486069842,1.827751369284924,1.8589068204401544,1.8428102486069817,2.6061272464601317,0.1449905351339839,0.0,0.0
"Beta(0.5,0.5)",3000,Regularized Efficient betting,50,0.98,0.033901946867873824,0.031189912637866562,0.036840348249591696,1.856886104287613,1.7083418718374985,2.0178289762647355,1.856886104287611,2.6260335124656837,0.005066490012686649,31.02,0.0
"Beta(0.5,0.5)",3000,STaR betting,30,0.9666666666666667,0.03370432606997783,0.032757309375773355,0.034583359368609505,1.846061967403632,1.7941917268286554,1.894208604049505,1.84606196740363,2.610725871283375,0.0014293135687087467,31.0,0.0
"Beta(0.5,0.5)",3000,Square-root feedback,50,0.98,0.03396724910284992,0.03314713294093658,0.03483259954546782,1.860462855002804,1.8155432428373557,1.9078600507596934,1.860462855002802,2.6310918018363343,0.001190875214233478,31.0,0.0
"Beta(0.5,0.5)",3000,Squared-hinge feedback,50,0.98,0.03413830706558457,0.03310349108394279,0.03516229833786487,1.8698320854858688,1.8131528798846641,1.9259183973375005,1.8698320854858668,2.6443418946544837,0.001190875214233478,31.0,0.0
"Beta(0.5,0.5)",3000,Target-capped feedback,50,0.98,0.03394240083023351,0.03357289908174936,0.03433217483518347,1.8591018590600996,1.8388634147918628,1.8804506605441242,1.8591018590600974,2.6291670629158266,0.001190875214233478,31.0,0.0
"Beta(0.5,0.5)",10000,Capped original feedback,50,1.0,0.01924545854100978,0.01881617518796914,0.01974280475616092,1.9245458541009837,1.8816175187969213,1.9742804756160939,1.924545854100978,2.721718848278522,0.005522219419944982,31.0,0.0
"Beta(0.5,0.5)",10000,Common-clock Efficient betting,30,1.0,0.018233698322270127,0.01813153778506407,0.01830776345191528,1.823369832227017,1.813153778506409,1.830776345191531,1.8233698322270127,2.5786343459574024,0.01112174690545842,123.0,0.0
"Beta(0.5,0.5)",10000,Common-clock STaR betting,30,1.0,0.01850782933962477,0.01768184883619229,0.01899147248182746,1.8507829339624828,1.7681848836192382,1.8991472481827516,1.850782933962477,2.617402326218411,0.0024742823715010764,123.0,0.0
"Beta(0.5,0.5)",10000,Efficient betting,30,1.0,0.01825619366448726,0.01815537193301464,0.018331017445944,1.8256193664487261,1.8155371933014641,1.8331017445943998,1.8256193664487261,2.5818156677627657,0.014643723676757233,31.0,0.0
"Beta(0.5,0.5)",10000,Gaffke,50,1.0,0.018317560237870605,0.01824000963154856,0.0183878893685542,1.8317560237870645,1.824000963154865,1.8387889368554222,1.8317560237870603,2.5904942117982803,0.000214706782717208,0.0,0.0
"Beta(0.5,0.5)",10000,Regularized Efficient betting,50,1.0,0.018570427855576884,0.01731577495770008,0.02002860991321543,1.8570427855576934,1.7315774957700167,2.002860991321546,1.8570427855576883,2.6262550932428015,0.01492087851511309,31.0,0.0
"Beta(0.5,0.5)",10000,STaR betting,30,1.0,0.018508352625331556,0.01766841039973374,0.01898569811808647,1.8508352625331608,1.7668410399733825,1.89856981180865,1.8508352625331557,2.6174763299927637,0.00354220399167384,31.0,0.0
"Beta(0.5,0.5)",10000,Square-root feedback,50,1.0,0.0185619892576464,0.01786805288429143,0.01899397783531428,1.8561989257646445,1.7868052884291514,1.8993977835314313,1.8561989257646403,2.62506169527873,0.0033458209666422977,31.0,0.0
"Beta(0.5,0.5)",10000,Squared-hinge feedback,50,1.0,0.018657511466611678,0.01773909866223727,0.019246811615609517,1.8657511466611725,1.7739098662237303,1.9246811615609587,1.8657511466611678,2.638570575621383,0.0033458209666422977,31.0,0.0
"Beta(0.5,0.5)",10000,Target-capped feedback,50,1.0,0.01842227010701519,0.01831315011454242,0.018545778898075647,1.8422270107015237,1.8313150114542487,1.854577889807567,1.8422270107015188,2.6053024235041398,0.0033458209666422977,31.0,0.0
"Beta(0.5,0.5)",30000,Capped original feedback,40,1.0,0.010968324640947161,0.01074243912021063,0.011236505111259041,1.8997695552030236,1.8606450353420452,1.9462197752208081,1.8997695552030145,2.686679870351618,0.015144268950098147,31.0,0.0
"Beta(0.5,0.5)",30000,Common-clock Efficient betting,30,1.0,0.010525708507834613,0.01049516723080084,0.01055541611941179,1.8231061921229625,1.817816287767903,1.8282517013852857,1.8231061921229543,2.5782615025466624,0.030343608434001565,123.0,0.0
"Beta(0.5,0.5)",30000,Common-clock STaR betting,30,1.0,0.010731710617302848,0.01035022429401387,0.010940139419598571,1.8587868041294968,1.7927114346965796,1.8948877316631922,1.858786804129489,2.628721507960076,0.006710881832987033,123.0,0.0
"Beta(0.5,0.5)",30000,Efficient betting,30,1.0,0.010533203096026702,0.010503495224388681,0.010561712959675423,1.8244042928760047,1.8192587385698262,1.8293423461116494,1.8244042928760047,2.580097294236942,0.04131014854647214,31.0,0.0
"Beta(0.5,0.5)",30000,Gaffke,40,1.0,0.01055122538990587,0.01052479433165397,0.01057003497208351,1.8275258457427774,1.8229478521637668,1.8307837609428539,1.8275258457427703,2.5845118366367963,0.000233043634216255,0.0,0.0
"Beta(0.5,0.5)",30000,Regularized Efficient betting,40,1.0,0.010745046108284282,0.01018453458487137,0.011339611554798859,1.8610965789218703,1.7640131352439683,1.9640783351006816,1.8610965789218614,2.6319880227974783,0.042262461820791894,31.0,0.0
"Beta(0.5,0.5)",30000,STaR betting,30,1.0,0.010729880291506445,0.01034449695355278,0.01093973310564105,1.8584697824021192,1.791719430229489,1.8948173560213626,1.8584697824021115,2.628273171533652,0.009789437505726957,31.0,0.0
"Beta(0.5,0.5)",30000,Square-root feedback,40,1.0,0.010741692816563304,0.01034449695355278,0.010954342109106183,1.8605157717585346,1.791719430229489,1.8973477096463185,1.860515771758528,2.631166637429965,0.009356431074775125,31.0,0.0
"Beta(0.5,0.5)",30000,Squared-hinge feedback,40,1.0,0.010797781047417635,0.01033226985157464,0.011086686349475879,1.87023053831317,1.789601634043955,1.9202704044872627,1.8702305383131634,2.6449053920468195,0.009356431074775125,31.0,0.0
"Beta(0.5,0.5)",30000,Target-capped feedback,40,1.0,0.010592867557328668,0.010553161581126359,0.01062916469412859,1.8347384807141363,1.8278612038994777,1.841025329224811,1.8347384807141278,2.5947120428337387,0.009356431074775125,31.0,0.0
"Beta(0.5,0.5)",100000,Capped original feedback,40,1.0,0.0059334308344048655,0.00584911362719195,0.00604315633246319,1.8763155775792875,1.8496521355055733,1.9110138267053562,1.8763155775792733,2.653510937104535,0.04917081620369567,31.025,0.0
"Beta(0.5,0.5)",100000,Common-clock Efficient betting,30,1.0,0.005760674906101863,0.00575206834927656,0.00577063135665993,1.8216853563058686,1.8189637240679162,1.8248338624233047,1.82168535630585,2.576252137264223,0.09864995428360994,123.0,0.0
"Beta(0.5,0.5)",100000,Common-clock STaR betting,30,1.0,0.005866487309571183,0.00573340358166639,0.00600978628772857,1.855146176271841,1.8130614063033246,1.9004612920070558,1.8551461762718255,2.6235728826682263,0.02239164432200288,123.0,0.0
"Beta(0.5,0.5)",100000,Efficient betting,30,1.0,0.0057629519415997475,0.005754311544372242,0.005773028524143115,1.822405418154487,1.819673084641735,1.8255919133412604,1.822405418154487,2.5772704584962867,0.13417757060766838,31.0,0.0
"Beta(0.5,0.5)",100000,Gaffke,40,1.0,0.005769073226960587,0.0057617798745296395,0.00577607487256064,1.8243411385493118,1.8220347780032893,1.8265552532958511,1.824341138549297,2.5800079805316103,0.0002747604477917225,0.0,0.0
"Beta(0.5,0.5)",100000,Regularized Efficient betting,40,0.975,0.00578402778095275,0.00548298261540182,0.006019340238403489,1.8290701837500325,1.7338713435777002,1.9034825164856006,1.8290701837500165,2.5866958603915444,0.13770169829804213,31.0,0.0
"Beta(0.5,0.5)",100000,STaR betting,30,1.0,0.0058656402147053,0.00574012683937301,0.00601001136127062,1.8548783013547996,1.815187487068231,1.9005324665104348,1.854878301354783,2.6231940503275264,0.03198118163272733,31.0,0.0
"Beta(0.5,0.5)",100000,Square-root feedback,40,1.0,0.005855558698728394,0.00565605694101371,0.00601021070794431,1.8516902460793574,1.7886022509208186,1.9005955054637118,1.8516902460793427,2.6186854593194004,0.029910978931366062,31.0,0.0
"Beta(0.5,0.5)",100000,Squared-hinge feedback,40,1.0,0.005879357380491614,0.00562746118344151,0.00608574780632787,1.8592160500474826,1.7795594783861948,1.924482433336941,1.8592160500474713,2.629328553358885,0.029910978931366062,31.0,0.0
"Beta(0.5,0.5)",100000,Target-capped feedback,40,1.0,0.005780945118737845,0.005769067367200839,0.00579088028984326,1.8280953603644285,1.8243392855305913,1.8312371373280905,1.8280953603644128,2.5853172519387053,0.029910978931366062,31.0,0.0
"Beta(0.5,0.5)",300000,Capped original feedback,30,1.0,0.00341470282825089,0.00337030478089839,0.0034637986668697197,1.8703097662097325,1.8459919541656014,1.8972006645009176,1.8703097662097015,2.6450174372126565,0.1450076008312559,31.0,0.0
"Beta(0.5,0.5)",300000,Common-clock Efficient betting,30,1.0,0.0033261350043851433,0.00332361528607185,0.00332811220147985,1.8217991712093147,1.820419064650575,1.8228821266587405,1.8217991712092878,2.5764130958442766,0.2850745427267005,123.0,0.0
"Beta(0.5,0.5)",300000,Common-clock STaR betting,30,1.0,0.0033701262827231034,0.00331011444732219,0.0034487467402236002,1.8458941866885064,1.8130243507221568,1.8889563847428972,1.8458941866884768,2.610488593520539,0.06775763217980658,123.0,0.0
"Beta(0.5,0.5)",300000,Efficient betting,30,1.0,0.003326905003812915,0.0033244304153139947,0.0033288494462820283,1.8222209172651445,1.820865529323743,1.8232859322672488,1.8222209172651445,2.5770095348363085,0.4025961800827645,31.0,0.0
"Beta(0.5,0.5)",300000,Gaffke,30,1.0,0.0033291123300614933,0.00332746917853487,0.00333049181337307,1.8234299196432895,1.8225299284867422,1.8241854937707473,1.823429919643264,2.578719322396423,0.0003949916940958033,0.0,0.0
"Beta(0.5,0.5)",300000,Regularized Efficient betting,30,1.0,0.0033611100557118466,0.00321308752926345,0.00352461467326821,1.8409557957708527,1.759880519016137,1.9305109630627213,1.8409557957708242,2.603504654108493,0.4099721082990679,31.0,0.0
"Beta(0.5,0.5)",300000,STaR betting,30,1.0,0.0033701463894069833,0.00330852501915921,0.00344943214175117,1.8459051995728184,1.812153785063744,1.889331794620479,1.8459051995727944,2.6105041680908943,0.09493279171486692,31.0,0.0
"Beta(0.5,0.5)",300000,Square-root feedback,30,1.0,0.0033701720240134,0.0033085250191592685,0.00344943214175117,1.8459192402250018,1.812153785063744,1.889331794620479,1.8459192402249818,2.6105240245716366,0.08783487705998895,31.0,0.0
"Beta(0.5,0.5)",300000,Squared-hinge feedback,30,1.0,0.003380680802146987,0.0032880264161284176,0.00349159129521439,1.8516751350605893,1.8009262377864343,1.9124233139776508,1.8516751350605645,2.618664089111718,0.08783487705998895,31.0,0.0
"Beta(0.5,0.5)",300000,Target-capped feedback,30,1.0,0.0033333550100954567,0.00333090557282003,0.00333682847427301,1.8257537312021677,1.824412119153198,1.827656225884894,1.8257537312021423,2.5820056882193883,0.08783487705998895,31.0,0.0
"Beta(0.5,0.5)",1000000,Capped original feedback,20,1.0,0.0018592576602844298,0.0018381870343775698,0.00189351701818906,1.8592576602844801,1.8381870343776578,1.8935170181890726,1.85925766028443,2.62938739912038,0.4789955373009434,31.0,0.0
"Beta(0.5,0.5)",1000000,Common-clock Efficient betting,30,1.0,0.0018213949754702266,0.00182021812570176,0.00182231480493514,1.821394975470277,1.8202181257017724,1.8223148049351654,1.8213949754702268,2.575841476748276,0.9142536848861104,123.0,0.0
"Beta(0.5,0.5)",1000000,Common-clock STaR betting,30,1.0,0.00185901989481213,0.00180524808386183,0.0019000959192040899,1.859019894812175,1.8052480838618545,1.9000959192041147,1.85901989481213,2.6290511479647822,0.22156489347107705,123.0,0.0
"Beta(0.5,0.5)",1000000,Efficient betting,30,1.0,0.0018216233594900008,0.001820410636156744,0.001822548532810392,1.8216233594900006,1.820410636156744,1.8225485328103919,1.8216233594900006,2.576164460526399,1.3196442629947949,31.0,0.0
"Beta(0.5,0.5)",1000000,Gaffke,20,1.0,0.0018225293852903099,0.00182177847005301,0.00182327676873625,1.8225293852903501,1.821778470053076,1.8232767687363152,1.82252938529031,2.577445774501113,0.0007454257487551749,0.0,0.0
"Beta(0.5,0.5)",1000000,Regularized Efficient betting,20,1.0,0.001822227714860325,0.00173959214358021,0.0018742346428782801,1.8222277148603752,1.7395921435802764,1.8742346428782974,1.822227714860325,2.577019148087675,1.3475993841508171,31.0,0.0
"Beta(0.5,0.5)",1000000,STaR betting,30,1.0,0.00185910220277477,0.00180565644970285,0.0019000716451548902,1.8591022027748185,1.8056564497028524,1.9000716451549555,1.8591022027747701,2.6291675490018442,0.31547624692320825,31.0,0.0
"Beta(0.5,0.5)",1000000,Square-root feedback,20,1.0,0.001867904046157812,0.0018176911843932253,0.0018955572533398898,1.8679040461578533,1.8176911843933108,1.8955572533399523,1.8679040461578122,2.6416152352880156,0.2832196738992934,31.0,0.0
"Beta(0.5,0.5)",1000000,Squared-hinge feedback,20,1.0,0.001878920430304536,0.0018147435368292125,0.00191688686069246,1.8789204303045814,1.8147435368292442,1.916886860692513,1.878920430304536,2.6571947551566306,0.2832196738992934,31.0,0.0
"Beta(0.5,0.5)",1000000,Target-capped feedback,20,1.0,0.0018244988303966502,0.00182333208120807,0.00182565524836713,1.8244988303967034,1.8233320812081235,1.8256552483672084,1.82449883039665,2.5802309904808673,0.2832196738992934,31.0,0.0
"Beta(0.5,0.5)",3000000,Capped original feedback,15,0.9333333333333333,0.0010699923882930265,0.0010603233833691799,0.00108138937320852,1.8532811802355622,1.836533972448786,1.8730213371622557,1.8532811802354885,2.6209353799799477,1.428132227404664,31.0,0.0
"Beta(0.5,0.5)",3000000,Common-clock Efficient betting,30,0.9666666666666667,0.00105160340777401,0.00105135773428396,0.00105198015716527,1.8214305316772406,1.8210050127103634,1.8220830807645534,1.8214305316771573,2.575891760818391,2.694944841042161,123.0,0.0
"Beta(0.5,0.5)",3000000,Common-clock STaR betting,30,0.9666666666666667,0.0010675015656525233,0.001041705787308,0.00109455740487998,1.8489669488695706,1.8042873501560144,1.895829037052904,1.8489669488694938,2.614834135470948,0.6724385170266032,123.0,0.0
"Beta(0.5,0.5)",3000000,Efficient betting,30,0.9666666666666667,0.0010516783672960253,0.0010514358951289715,0.0010520465128785017,1.821560365377799,1.8211403912650403,1.82219801223123,1.821560365377799,2.5760753733985737,3.9421935155017613,31.0,0.0
"Beta(0.5,0.5)",3000000,Gaffke,15,0.9333333333333333,0.0010519051541679134,0.00105162591974326,0.00105215260223574,1.8219531717624942,1.8214695235518303,1.8223817643882334,1.8219531717623985,2.5766308855151956,0.0018202222068793533,0.0,0.0
"Beta(0.5,0.5)",3000000,Regularized Efficient betting,15,0.9333333333333333,0.0010556624593479667,0.00101976337199608,0.00108320789194188,1.828461015233892,1.7662819719950769,1.8761711040030367,1.8284610152337926,2.585834366014249,4.019625947934886,31.0,0.0
"Beta(0.5,0.5)",3000000,STaR betting,30,0.9666666666666667,0.0010675077870771499,0.00104150112499255,0.00109447114023973,1.8489777246931305,1.8039328646273554,1.8956796223130794,1.8489777246930428,2.6148493747867714,0.947803160121354,31.0,0.0
"Beta(0.5,0.5)",3000000,Square-root feedback,15,0.9333333333333333,0.0010666827558665874,0.0010464846912333712,0.00109249940830792,1.8475487287185834,1.8125646545592509,1.8922644824283552,1.8475487287185182,2.6128284692989907,0.8366506950483502,31.0,0.0
"Beta(0.5,0.5)",3000000,Squared-hinge feedback,15,0.9333333333333333,0.001069173575030596,0.0010381679493132092,0.00110608033012198,1.8518629540631024,1.7981596350001225,1.9157873290238894,1.8518629540630471,2.6189297052923433,0.8366506950483502,31.0,0.0
"Beta(0.5,0.5)",3000000,Target-capped feedback,15,0.9333333333333333,0.0010525940335035066,0.00105204565549028,0.0010530587042567598,1.8231463457720267,1.822196527191413,1.8239511791255099,1.8231463457719306,2.5783182883817477,0.8366506950483502,31.0,0.0
"Beta(0.5,0.5)",10000000,Capped original feedback,10,1.0,0.0005864729444062499,0.00058210748964349,0.00059167392322897,1.854590290389239,1.8407855103165531,1.8710372295314128,1.8545902903890563,2.622786741313918,4.736991499597207,31.0,0.0
"Beta(0.5,0.5)",10000000,Common-clock Efficient betting,30,1.0,0.0005759630146552267,0.00057588622702956,0.00057604127085217,1.821354974327632,1.8211121505344423,1.821602442151094,1.8213549743274562,2.5757849065898375,8.77747655872566,123.0,0.0
"Beta(0.5,0.5)",10000000,Common-clock STaR betting,30,0.9666666666666667,0.0005810968786154099,0.00054411336225426,0.0005997074201445301,1.83758967763925,1.720637530056002,1.8964413773605218,1.8375896776390876,2.5987442441942306,2.1843453424129016,123.0,0.0
"Beta(0.5,0.5)",10000000,Efficient betting,30,1.0,0.0005759860452168475,0.0005758981664135243,0.0005760646606285891,1.821427803357971,1.8211499061814198,1.8216764071182663,1.821427803357971,2.575887902392277,13.134537636174354,31.0,0.0
"Beta(0.5,0.5)",10000000,Gaffke,10,1.0,0.00057606066515554,0.0005760145274765201,0.00057611091552727,1.8216637723232487,1.8215178721715335,1.8218226779512565,1.8216637723231013,2.5762216129032725,0.00538128798943938,0.0,0.0
"Beta(0.5,0.5)",10000000,Regularized Efficient betting,10,1.0,0.0005787654550816,0.00055655844077352,0.00059106788145475,1.830217069081863,1.7599923238363862,1.869120757167562,1.8302170690817294,2.5883178011823067,13.426783118990716,31.0,0.0
"Beta(0.5,0.5)",10000000,STaR betting,30,0.9666666666666667,0.0005811108098508134,0.00054412598835608,0.00059970759074726,1.837633732073741,1.720677457295686,1.8964419168536768,1.837633732073582,2.598806546572971,3.1426700552226974,31.0,0.0
"Beta(0.5,0.5)",10000000,Square-root feedback,10,0.9,0.0005810898876606208,0.0005621775935405864,0.0005941927847296635,1.8375675702989973,1.7777616451006846,1.8790025689838539,1.8375675702989345,2.5987129796938175,2.7629181478754616,31.0,0.0
"Beta(0.5,0.5)",10000000,Squared-hinge feedback,10,0.9,0.0005805197549016738,0.000549560675699432,0.0005979332152876344,1.835764652212081,1.7378634476715535,1.8908308489767485,1.8357646522119857,2.596163268483453,2.7629181478754616,31.0,0.0
"Beta(0.5,0.5)",10000000,Target-capped feedback,10,1.0,0.00057639098521891,0.00057613042278522,0.00057674159460599,1.8227083360803622,1.8218843653170835,1.8238170603127069,1.8227083360802017,2.577698849135346,2.7629181478754616,31.0,0.0
"Beta(1,5)",1000,Capped original feedback,50,1.0,0.02742347209446709,0.02547726250076749,0.02989277558404622,0.8672063316858437,0.8056617804842268,0.9452925642985618,0.8672063316858423,3.07827710799756,0.00138333406415763,31.68,0.0
"Beta(1,5)",1000,Common-clock Efficient betting,30,1.0,0.023157808548839788,0.022252135366954532,0.024318022907463422,0.732314206324525,0.7036743056196317,0.769003405797347,0.7323142063245237,2.5994575625478986,0.0018632597988470902,123.0,0.0
"Beta(1,5)",1000,Common-clock STaR betting,30,1.0,0.023728166894814894,0.02214683197001877,0.02493047513883347,0.7503505208822019,0.7003443198229349,0.7883708458891647,0.7503505208822004,2.6634801280976763,0.0005827098308751434,123.0,0.0
"Beta(1,5)",1000,Efficient betting,30,1.0,0.023897786819401426,0.022536049556695033,0.025339680131945777,0.7557143738645948,0.712652460615842,0.8013110439706467,0.7557143738645948,2.6825199174108714,0.002167499864784337,31.066666666666666,0.0
"Beta(1,5)",1000,Gaffke,50,1.0,0.024088241693340593,0.02351344193963485,0.02477952191500203,0.7617370857958763,0.7435603215937379,0.7835972858146396,0.7617370857958748,2.703898423988521,0.018249186320463143,0.0,0.0
"Beta(1,5)",1000,Regularized Efficient betting,50,1.0,0.02489051152714008,0.02155024444718199,0.02816689066005486,0.7871070855243876,0.6814785658649153,0.89071529090697,0.787107085524386,2.793952989483174,0.002305501381633754,31.3,0.0
"Beta(1,5)",1000,STaR betting,30,1.0,0.024328722592607772,0.02299456546323842,0.0256210591387251,0.7693417595503742,0.7271520066967831,0.8102090294424331,0.769341759550373,2.7308923379821533,0.00084038326361522,31.066666666666666,0.0
"Beta(1,5)",1000,Square-root feedback,50,1.0,0.024470922940895055,0.02305154413401276,0.02579151143685393,0.7738385293969448,0.7289538304737407,0.8155992043874064,0.7738385293969433,2.746854287489282,0.000595283724542188,31.18,0.0
"Beta(1,5)",1000,Squared-hinge feedback,50,1.0,0.024663291949891256,0.023245473097286178,0.02615017174800886,0.7799217715935188,0.7350864027559334,0.82694103928295,0.7799217715935175,2.7684476551941923,0.000595283724542188,31.2,0.0
"Beta(1,5)",1000,Target-capped feedback,50,1.0,0.024971237354318374,0.02375379715085378,0.02638596010707756,0.7896598603232329,0.7511610207431648,0.8343973218870568,0.7896598603232314,2.803014441110127,0.000595283724542188,31.22,0.0
"Beta(1,5)",3000,Capped original feedback,50,1.0,0.014914567700693458,0.01403917811780922,0.015634782756565612,0.8169045165107793,0.768957454395704,0.8563523197463807,0.8169045165107767,2.899723376911313,0.0023005916853434897,31.38,0.0
"Beta(1,5)",3000,Common-clock Efficient betting,30,1.0,0.013279816323151953,0.012888576629898459,0.01377096386673156,0.7273654959715664,0.7059364154329306,0.7542667548397451,0.727365495971564,2.5818913833849653,0.003783168356555153,123.0,0.0
"Beta(1,5)",3000,Common-clock STaR betting,30,0.9666666666666667,0.013419591475268482,0.012509146113843682,0.01405318399987674,0.7350212963508603,0.6851541501680294,0.7697245881503179,0.7350212963508579,2.6090667788933986,0.0009724872574830533,123.0,0.0
"Beta(1,5)",3000,Efficient betting,30,1.0,0.013522986757636938,0.013100691325598915,0.01405767566115714,0.7406844892001399,0.7175544157942783,0.7699706065707117,0.7406844892001399,2.6291691193274507,0.004822508420329486,31.0,0.0
"Beta(1,5)",3000,Gaffke,50,1.0,0.013593415677543725,0.013292266322033659,0.01387030018823919,0.7445420400135099,0.7280474104944088,0.7597076292466796,0.744542040013507,2.6428620663550033,0.1667097849654965,0.0,0.0
"Beta(1,5)",3000,Regularized Efficient betting,50,0.98,0.013887648637872181,0.012337027183204171,0.015260863539154729,0.7606578429668517,0.6757268080795368,0.8358719207403222,0.7606578429668488,2.7000674919794125,0.005108457342721472,31.12,0.0
"Beta(1,5)",3000,STaR betting,30,0.9666666666666667,0.0135988813504942,0.012950222938061631,0.01427753880276191,0.7448414072502011,0.7093129227897218,0.7820130067928047,0.7448414072501991,2.64392471462903,0.0014530689145127432,31.0,0.0
"Beta(1,5)",3000,Square-root feedback,50,0.98,0.013689822584367586,0.01303177138578173,0.014301906645091171,0.7498224637701818,0.7137795152243045,0.7833476884849482,0.7498224637701797,2.661605711294831,0.001163233609986436,31.02,0.0
"Beta(1,5)",3000,Squared-hinge feedback,50,0.98,0.013765198898170947,0.01299760041434511,0.01444658151361129,0.753950994507351,0.711907894037534,0.7912718573842064,0.7539509945073486,2.676260541631674,0.001163233609986436,31.02,0.0
"Beta(1,5)",3000,Target-capped feedback,50,1.0,0.013849923754940223,0.013425424151499079,0.01429302986925134,0.758591566030744,0.7353407651850735,0.7828614874484108,0.7585915660307413,2.692732936454617,0.001163233609986436,31.02,0.0
"Beta(1,5)",10000,Capped original feedback,50,1.0,0.007808167970411648,0.00755235292804234,0.00809420571289422,0.7808167970411697,0.7552352928042364,0.8094205712894298,0.7808167970411648,2.771624680367916,0.005588445003377224,31.06,0.0
"Beta(1,5)",10000,Common-clock Efficient betting,30,1.0,0.007226631425428177,0.00708812158725899,0.00738581064443034,0.7226631425428224,0.7088121587259066,0.7385810644430402,0.7226631425428176,2.565199684553297,0.010606585590479226,123.0,0.0
"Beta(1,5)",10000,Common-clock STaR betting,30,1.0,0.00740487383460536,0.00723940304446407,0.00755640715832356,0.7404873834605402,0.7239403044464132,0.7556407158323573,0.740487383460536,2.628469463358741,0.0024331088100249033,123.0,0.0
"Beta(1,5)",10000,Efficient betting,30,1.0,0.007289594535213386,0.00709124105215331,0.0075007579354013,0.7289594535213386,0.7091241052153311,0.7500757935401301,0.7289594535213386,2.5875493714061637,0.01433778993862986,31.0,0.0
"Beta(1,5)",10000,Gaffke,50,1.0,0.0073554718035374654,0.00726378488815717,0.007439305294157351,0.735547180353752,0.7263784888157238,0.743930529415742,0.7355471803537467,2.610933481924056,0.00021657598321320402,0.0,0.0
"Beta(1,5)",10000,Regularized Efficient betting,50,0.98,0.007470396696191805,0.00687143526777741,0.0082284699670727,0.7470396696191851,0.6871435267777501,0.8228469967072755,0.7470396696191806,2.6517277719644867,0.014627272783545723,31.0,0.0
"Beta(1,5)",10000,STaR betting,30,0.9666666666666667,0.00744854756076238,0.00726932049490521,0.00767425582992815,0.7448547560762431,0.7269320494905244,0.7674255829928184,0.744854756076238,2.6439720982609547,0.003502308274619237,31.0,0.0
"Beta(1,5)",10000,Square-root feedback,50,0.98,0.007476144812462123,0.00727507370782305,0.00767275192360938,0.7476144812462163,0.727507370782308,0.7672751923609444,0.7476144812462124,2.653768150831949,0.0033143497744458224,31.0,0.0
"Beta(1,5)",10000,Squared-hinge feedback,50,0.98,0.0075223099852141624,0.007267927938828916,0.0077514794351251195,0.7522309985214212,0.726792793882892,0.7751479435125197,0.7522309985214163,2.6701551615440504,0.0033143497744458224,31.0,0.0
"Beta(1,5)",10000,Target-capped feedback,50,1.0,0.007429522012582438,0.00725070284454576,0.00759235729556173,0.7429522012582491,0.7250702844545796,0.7592357295561808,0.7429522012582439,2.637218698603971,0.0033143497744458224,31.0,0.0
"Beta(1,5)",30000,Capped original feedback,40,1.0,0.004462945025762633,0.004339998116624551,0.0045824244615669096,0.7730047536007755,0.7517097242747024,0.7936991989280495,0.7730047536007671,2.743894677010469,0.015245023551688016,31.075,0.0
"Beta(1,5)",30000,Common-clock Efficient betting,30,1.0,0.00418374078852466,0.004149471584077901,0.00422794740242637,0.7246451611423069,0.7187095608186368,0.732301971273141,0.7246451611422988,2.572235152652979,0.031048373746064763,123.0,0.0
"Beta(1,5)",30000,Common-clock STaR betting,30,1.0,0.00423953518407449,0.00407804091137161,0.004389543857902771,0.7343090339292989,0.7063374053840268,0.7602912983939637,0.7343090339292889,2.6065384981059214,0.006753851527658553,123.0,0.0
"Beta(1,5)",30000,Efficient betting,30,1.0,0.004204773229395649,0.004153513271878001,0.004277336746851379,0.7282880867618731,0.7194096016804341,0.7408564566627965,0.7282880867618731,2.5851662558185327,0.04178022494306781,31.0,0.0
"Beta(1,5)",30000,Gaffke,40,1.0,0.004223458453147999,0.004200111879987339,0.00425233494523855,0.731524462450869,0.7274807173611813,0.7365260175953909,0.7315244624508594,2.5966542498890406,0.000233817796106405,0.0,0.0
"Beta(1,5)",30000,Regularized Efficient betting,40,1.0,0.004250031286463682,0.0040113588885091304,0.00455353493121599,0.7361270121912513,0.6947877402290974,0.7886953854905783,0.7361270121912415,2.6129916807709117,0.04232806957443239,31.0,0.0
"Beta(1,5)",30000,STaR betting,30,1.0,0.004252066688228843,0.00400468447272805,0.00437427615173012,0.7364795541183562,0.6936316975047285,0.7576468541133569,0.736479554118349,2.6142430804714962,0.009826250661474913,31.0,0.0
"Beta(1,5)",30000,Square-root feedback,40,1.0,0.004248613243443878,0.00408091417954412,0.004363038825781588,0.7358813999354844,0.7068350700298763,0.7557004921649456,0.7358813999354796,2.612119843750418,0.009298021319045752,31.0,0.0
"Beta(1,5)",30000,Squared-hinge feedback,40,1.0,0.004264529206245066,0.0040801016003691095,0.00441567260341795,0.7386381255577908,0.7066943271882524,0.7648169298709986,0.738638125557783,2.621905248983426,0.009298021319045752,31.0,0.0
"Beta(1,5)",30000,Target-capped feedback,40,1.0,0.00425045989712137,0.0041915841117620796,0.00433411932687267,0.7362012497348268,0.7260036645770446,0.7506914880209731,0.7362012497348196,2.6132551979093286,0.009298021319045752,31.0,0.0
"Beta(1,5)",100000,Capped original feedback,40,0.975,0.0023918091151991323,0.00233985938931164,0.00244326510002316,0.7563564532381479,0.7399285074755517,0.772628264367257,0.7563564532381315,2.6847990730914826,0.04929583083285247,31.025,0.0
"Beta(1,5)",100000,Common-clock Efficient betting,30,1.0,0.0022953814275669267,0.00228426612745111,0.00230764305850047,0.7258633409960449,0.7223483744718225,0.7297408091538939,0.7258633409960296,2.576559262175907,0.09964279345391934,123.0,0.0
"Beta(1,5)",100000,Common-clock STaR betting,30,1.0,0.0023472961894289,0.0022903348413531102,0.00240120122116409,0.7422802301629527,0.7242674703116366,0.7593264979256392,0.7422802301629375,2.634833437836945,0.023361127179426396,123.0,0.0
"Beta(1,5)",100000,Efficient betting,30,1.0,0.002301743511281659,0.002271366301322161,0.0023300640661460398,0.7278752085163516,0.7182690912730351,0.7368309543134719,0.7278752085163516,2.5837006834338054,0.13522158019089447,31.0,0.0
"Beta(1,5)",100000,Gaffke,40,0.975,0.002304432155844265,0.00229915735882112,0.0023111814835613197,0.7287254325800119,0.727057395301183,0.7308597574060907,0.7287254325799977,2.5867186794702786,0.00027801820251620996,0.0,0.0
"Beta(1,5)",100000,Regularized Efficient betting,40,0.975,0.002329692919285275,0.00220981360958369,0.0024681234560849402,0.736713587370845,0.6988044210722583,0.780489166771509,0.7367135873708281,2.615073816107669,0.13799859737628134,31.0,0.0
"Beta(1,5)",100000,STaR betting,30,1.0,0.0023522977420498132,0.00227637177103029,0.0024078615521442898,0.7438618599748796,0.7198519597767109,0.7614326795124359,0.7438618599748646,2.640447666729758,0.03213245281949635,31.0,0.0
"Beta(1,5)",100000,Square-root feedback,40,0.975,0.00235108541468145,0.00228640328153107,0.0024078703726888697,0.743478488399499,0.7230242019321627,0.7614354688135411,0.743478488399486,2.639086832633844,0.02939831602379849,31.0,0.0
"Beta(1,5)",100000,Squared-hinge feedback,40,0.975,0.002362919085836224,0.0022856604769970084,0.0024354625670409886,0.7472206237925507,0.7227893065137453,0.7701608867930158,0.7472206237925383,2.6523700955605163,0.02939831602379849,31.0,0.0
"Beta(1,5)",100000,Target-capped feedback,40,0.975,0.0023135479275355375,0.0022962542606625,0.00234046497637122,0.731608092697464,0.726139355055952,0.740120010918533,0.7316080926974483,2.5969511078157224,0.02939831602379849,31.0,0.0
"Beta(1,5)",300000,Capped original feedback,30,1.0,0.0013641413571414934,0.00134756706985497,0.00138969193115143,0.7471709929321303,0.7380928819107169,0.7611656186745649,0.747170992932107,2.6521939234825456,0.14551318029989485,31.0,0.0
"Beta(1,5)",300000,Common-clock Efficient betting,30,1.0,0.0013253127360318233,0.00132176176327993,0.00133025335762777,0.7259036812735492,0.7239587333962699,0.7286097711697287,0.7259036812735195,2.576702455956019,0.2864775872168441,123.0,0.0
"Beta(1,5)",300000,Common-clock STaR betting,30,1.0,0.0013528442772186534,0.00132476339807397,0.00137758622835269,0.74098332742446,0.7256027964823303,0.7545350521772629,0.7409833274244287,2.630229889793839,0.06854250288257992,123.0,0.0
"Beta(1,5)",300000,Efficient betting,30,1.0,0.0013271920174178155,0.0013161308930351196,0.001336975323858769,0.7269330060805269,0.7208745787447539,0.7322915437052226,0.7269330060805269,2.580356196564504,0.4019313469102295,31.0,0.0
"Beta(1,5)",300000,Gaffke,30,1.0,0.0013280705535560168,0.0013262727798783,0.00133039204012729,0.7274142001410344,0.7264295189444782,0.7286857307030684,0.7274142001410032,2.582064266036371,0.0003870400018058133,0.0,0.0
"Beta(1,5)",300000,Regularized Efficient betting,30,1.0,0.0013422166366284967,0.0012820199905563,0.00139788242335658,0.7351623289401731,0.7021912680002831,0.7656517360124269,0.7351623289401424,2.609567394923632,0.40736319130131354,31.0,0.0
"Beta(1,5)",300000,STaR betting,30,1.0,0.00135385408782739,0.00132343812148922,0.0013802549108602,0.7415364234736731,0.7248769126019436,0.7559967497854253,0.7415364234736419,2.6321931860067562,0.09469900718734905,31.0,0.0
"Beta(1,5)",300000,Square-root feedback,30,1.0,0.0013539170741909698,0.001323483971606371,0.0013802549108602208,0.7415709225258151,0.7249020257453497,0.7559967497854253,0.7415709225257898,2.632315645493705,0.08632500109185148,31.0,0.0
"Beta(1,5)",300000,Squared-hinge feedback,30,1.0,0.001360127597631014,0.0013208120500001622,0.00139543444397615,0.7449725663078393,0.7234385540097525,0.7643109224854551,0.7449725663078165,2.6443902830985886,0.08632500109185148,31.0,0.0
"Beta(1,5)",300000,Target-capped feedback,30,1.0,0.0013313142215945868,0.0013217700114463399,0.00134069421488884,0.7291908302948127,0.7239632511030545,0.7343284642113316,0.7291908302947865,2.5883706774772586,0.08632500109185148,31.0,0.0
"Beta(1,5)",1000000,Capped original feedback,20,1.0,0.00074473570598379,0.00073498551060805,0.0007575521384661601,0.7447357059838386,0.734985510608066,0.7575521384662304,0.74473570598379,2.6435495123540447,0.48088096074352504,31.0,0.0
"Beta(1,5)",1000000,Common-clock Efficient betting,30,0.9666666666666667,0.00072547816869988,0.00072459148824629,0.0007264244863517401,0.7254781686999362,0.7245914882463095,0.7264244863517677,0.72547816869988,2.575192036155495,0.9201820639815802,123.0,0.0
"Beta(1,5)",1000000,Common-clock STaR betting,30,0.9666666666666667,0.0007412404056431134,0.00071928305388051,0.00075387958659057,0.7412404056431648,0.7192830538805456,0.7538795865906611,0.7412404056431133,2.631142426945252,0.22541293879815685,123.0,0.0
"Beta(1,5)",1000000,Efficient betting,30,0.9666666666666667,0.000726077236068462,0.0007229191712322281,0.00072907209799708,0.726077236068462,0.722919171232228,0.72907209799708,0.726077236068462,2.5773185143640878,1.3285527427331545,31.0,0.0
"Beta(1,5)",1000000,Gaffke,20,0.95,0.0007266456785847149,0.00072601280870013,0.0007274847203501701,0.7266456785847614,0.7260128087001355,0.7274847203502494,0.726645678584715,2.5793362851312054,0.00074490000260988,0.0,0.0
"Beta(1,5)",1000000,Regularized Efficient betting,20,0.95,0.0007268093943259451,0.00069782891908239,0.00076131597959875,0.7268093943259959,0.697828919082405,0.7613159795988422,0.7268093943259449,2.5799174183633413,1.3467529036919585,31.0,0.0
"Beta(1,5)",1000000,STaR betting,30,0.9666666666666667,0.00074175869350022,0.00072025214581694,0.00075650262650001,0.7417586935002672,0.7202521458170019,0.756502626500094,0.74175869350022,2.6329821663331896,0.31544325639648985,31.0,0.0
"Beta(1,5)",1000000,Square-root feedback,20,0.95,0.0007417212403533456,0.0007216595758882299,0.0007520759968092201,0.7417212403533824,0.7216595758882893,0.7520759968092428,0.7417212403533456,2.632849220850131,0.2826634242490399,31.0,0.0
"Beta(1,5)",1000000,Squared-hinge feedback,20,0.95,0.0007457879950178651,0.00071845440566303,0.00076170482388988,0.7457879950179088,0.7184544056631187,0.7617048238899526,0.7457879950178651,2.6472847678823097,0.2826634242490399,31.0,0.0
"Beta(1,5)",1000000,Target-capped feedback,20,0.95,0.000727483968378745,0.00072392031532812,0.00073052485361623,0.7274839683787976,0.7239203153282081,0.730524853616274,0.727483968378745,2.5823119187129313,0.2826634242490399,31.0,0.0
"Beta(1,5)",3000000,Capped original feedback,15,1.0,0.0004276709271491733,0.00042148514615884,0.00043401283226108,0.7407477747425318,0.7300336877828105,0.7517322766131214,0.7407477747424561,2.6293937607181928,1.431433161534369,31.0,0.0
"Beta(1,5)",3000000,Common-clock Efficient betting,30,1.0,0.00041899642703954667,0.00041846280795913,0.00041941811849073005,0.7257230998223895,0.7247988444632957,0.7264534908409702,0.725723099822321,2.5760614553925745,2.692536037454071,123.0,0.0
"Beta(1,5)",3000000,Common-clock STaR betting,30,1.0,0.0004298798411737733,0.00042385161410349,0.0004369220497196,0.7445737260626973,0.7341325304973947,0.7567711890615664,0.7445737260626147,2.6429745406720055,0.6725447383398812,123.0,0.0
"Beta(1,5)",3000000,Efficient betting,30,1.0,0.00041923269383963756,0.00041783947543202473,0.00042066528930227167,0.7261323259242201,0.7237192008561945,0.728613654052195,0.7261323259242201,2.57751406395323,3.930792370023361,31.0,0.0
"Beta(1,5)",3000000,Gaffke,15,1.0,0.00041938665735215995,0.0004190113605468,0.00041968274582644,0.7263989985505217,0.7257489654156581,0.7269118388315317,0.7263989985504207,2.5784606578731295,0.0017470727364221666,0.0,0.0
"Beta(1,5)",3000000,Regularized Efficient betting,15,1.0,0.00042790148434851334,0.00041776510212926,0.00043774708892663997,0.7411471115258356,0.7235903825171052,0.7582001988864522,0.7411471115257638,2.630811265680404,3.999642868801796,31.0,0.0
"Beta(1,5)",3000000,STaR betting,30,1.0,0.0004300310041613233,0.00042423358254807,0.00043823707572844,0.7448355480373601,0.734794119250352,0.7590488809221108,0.7448355480372754,2.6439039164866496,0.9444250126214077,31.0,0.0
"Beta(1,5)",3000000,Square-root feedback,15,1.0,0.0004286277696945062,0.00041407272146906,0.00043622244039012,0.7424050746458707,0.717194991612749,0.7555594301574919,0.7424050746458162,2.635276591789799,0.8285562097502407,31.0,0.0
"Beta(1,5)",3000000,Squared-hinge feedback,15,1.0,0.0004313906186021348,0.00041264382523356,0.00044155764404605767,0.7471904693275155,0.7147200707342052,0.7648002739582545,0.7471904693274651,2.652263057827938,0.8285562097502407,31.0,0.0
"Beta(1,5)",3000000,Target-capped feedback,15,1.0,0.0004195768420529467,0.00041767474935182,0.0004213858023923,0.7267284081150894,0.7234338869160551,0.7298616193316985,0.7267284081150055,2.5796299458323086,0.8285562097502407,31.0,0.0
"Beta(1,5)",10000000,Capped original feedback,10,1.0,0.00023295102231158998,0.00023150853045926,0.00023380271867511998,0.7366558137695092,0.7320942540098063,0.7393491141532246,0.7366558137693268,2.614868740166753,4.749117939313874,31.0,0.0
"Beta(1,5)",10000000,Common-clock Efficient betting,30,1.0,0.00022946415208259334,0.00022933378551281999,0.00022960910877259998,0.7256293619404078,0.7252171066491769,0.726087755242894,0.7256293619402644,2.5757287189194726,8.98070851645898,123.0,0.0
"Beta(1,5)",10000000,Common-clock STaR betting,30,1.0,0.00023568167342212667,0.00023083336332073,0.00023904293484721003,0.7452908907740381,0.7299591880507419,0.7559201326886408,0.7452908907738909,2.6455202228619545,2.2155591243024295,123.0,0.0
"Beta(1,5)",10000000,Efficient betting,30,1.0,0.0002295308598278395,0.0002290505020685618,0.0002300327781014605,0.7258403103528166,0.7243212857417642,0.7274275152967186,0.7258403103528166,2.5764775115022323,13.2162117437964,31.0,0.0
"Beta(1,5)",10000000,Gaffke,10,1.0,0.00022957767741840998,0.0002294847140588,0.00022965620594123,0.7259883605737402,0.7256943846185532,0.7262366895671679,0.7259883605735806,2.5770030376535633,0.00528999370289961,0.0,0.0
"Beta(1,5)",10000000,Regularized Efficient betting,10,1.0,0.00022927521555282998,0.00022558500080468002,0.00023161540864472,0.7250318921732128,0.7133624085139127,0.7324322325080377,0.7250318921730041,2.573607911633043,13.40367500889115,31.0,0.0
"Beta(1,5)",10000000,STaR betting,30,1.0,0.00023570368493024333,0.00023072048748130002,0.00023905571241265999,0.7453604972744351,0.7296022433054247,0.7559605388983098,0.7453604972742748,2.6457673014278176,3.158431034589497,31.0,0.0
"Beta(1,5)",10000000,Square-root feedback,10,1.0,0.00023556991134802236,0.00022853509762592918,0.00023897546189,0.7449374680637904,0.7226914337871111,0.75570676446331,0.7449374680636968,2.644265696691365,2.731100215349579,31.0,0.0
"Beta(1,5)",10000000,Squared-hinge feedback,10,0.9,0.00023700132665161917,0.00022592700789472958,0.00024215445877362,0.74946400070074,0.71444392989419,0.7657596352900331,0.7494640007006841,2.6603332936239648,2.731100215349579,31.0,0.0
"Beta(1,5)",10000000,Target-capped feedback,10,1.0,0.00022961712688454,0.00022923731776285,0.0002302847594327,0.7261131107391532,0.7249120488384538,0.7282243502315403,0.7261131107390291,2.5774458568124863,2.731100215349579,31.0,0.0
"Beta(2,2)",1000,Capped original feedback,50,1.0,0.0415895298239632,0.03914755812999831,0.04416899766007896,1.3151764105922552,1.2379544852463684,1.3967463457249718,1.3151764105922537,2.9408238564884575,0.009046409517759412,31.28,0.0
"Beta(2,2)",1000,Common-clock Efficient betting,30,1.0,0.03665922426863964,0.03520809656899521,0.03786193923335699,1.1592664594382183,1.113377772371848,1.1972996460829768,1.1592664594382165,2.5921986073393586,0.023800760926678717,123.0,0.0
"Beta(2,2)",1000,Common-clock STaR betting,30,1.0,0.03733253301326914,0.03522299173141018,0.03887913725871669,1.1805583514535969,1.1138487987653416,1.2294662719986,1.180558351453595,2.63980872525533,0.0005977613152935601,123.0,0.0
"Beta(2,2)",1000,Efficient betting,30,1.0,0.03717207034037274,0.03577277228507499,0.03832538349108679,1.175484076195683,1.131234386393832,1.2119550403124977,1.175484076195683,2.6284623008420898,0.02565880218753587,31.0,0.0
"Beta(2,2)",1000,Gaffke,50,1.0,0.0375034027044026,0.036821226652872206,0.038291996059544975,1.1859617255243087,1.1643894246437438,1.210899237023549,1.1859617255243071,2.651891036985301,0.01644217884866516,0.0,0.0
"Beta(2,2)",1000,Regularized Efficient betting,50,1.0,0.03892288896372451,0.03363008534169106,0.04415404767397272,1.2308498223920055,1.0634766758558578,1.396273585654137,1.230849822392004,2.752263872962067,0.00224904296454038,31.16,0.0
"Beta(2,2)",1000,STaR betting,30,1.0,0.037683097900123766,0.03595645521535597,0.0391622646579394,1.1916441865549947,1.1370429506636504,1.2384195464940355,1.1916441865549932,2.6645974061294093,0.00086015016616627,31.0,0.0
"Beta(2,2)",1000,Square-root feedback,50,1.0,0.03764000152579195,0.03615652788366944,0.0389926819035054,1.190281359537157,1.14336980395783,1.23305686893507,1.190281359537156,2.661550032275951,0.000581486939045082,31.0,0.0
"Beta(2,2)",1000,Squared-hinge feedback,50,1.0,0.0378000408744303,0.0356000589520142,0.03935986945002984,1.1953422481066267,1.1257727112463185,1.2446683586897345,1.1953422481066254,2.6728665231438367,0.000581486939045082,31.0,0.0
"Beta(2,2)",1000,Target-capped feedback,50,1.0,0.03853558584119017,0.037352971476262105,0.03991338154872783,1.2186022222709672,1.1812046724029062,1.2621719481331903,1.2186022222709656,2.7248774065301906,0.000581486939045082,31.0,0.0
"Beta(2,2)",3000,Capped original feedback,50,1.0,0.023118251103862786,0.022249649160499728,0.02410101067052206,1.2662387619654383,1.2186634741781635,1.3200667202917669,1.2662387619654356,2.8313959474998955,0.0022774910810403077,31.18,0.0
"Beta(2,2)",3000,Common-clock Efficient betting,30,1.0,0.02114464199159439,0.020931925078115723,0.02143010653061422,1.1581397389167238,1.1464887537292117,1.1737752756556228,1.1581397389167207,2.589679183661653,0.0038954337360337034,123.0,0.0
"Beta(2,2)",3000,Common-clock STaR betting,30,1.0,0.021501502418779548,0.02072518228118748,0.02206471066308562,1.1776857895017476,1.1351649843812779,1.208533975499681,1.177685789501745,2.633385481461416,0.0009826796206955735,123.0,0.0
"Beta(2,2)",3000,Efficient betting,30,1.0,0.021315374750468852,0.021098657285902052,0.02156064938988329,1.167491157250784,1.1556210528559279,1.1809254025299076,1.167491157250784,2.6105895907426495,0.004862317858108577,31.0,0.0
"Beta(2,2)",3000,Gaffke,50,1.0,0.02141232365805905,0.02114537840970108,0.02165683214647084,1.17280126761205,1.158180074197602,1.186193549072514,1.1728012676120476,2.622463358478467,0.1444955007836688,0.0,0.0
"Beta(2,2)",3000,Regularized Efficient betting,50,1.0,0.02211181461074454,0.02031736710958755,0.02379248237606629,1.2111139649677127,1.1128280275034679,1.3031679296415632,1.21111396496771,2.7081331541671045,0.005087315881391929,31.04,0.0
"Beta(2,2)",3000,STaR betting,30,1.0,0.02158038405553921,0.02069760980054739,0.02214745135792636,1.1820063146843676,1.1336547774199812,1.213065869998474,1.1820063146843647,2.6430464694682536,0.0014785496518015366,31.0,0.0
"Beta(2,2)",3000,Square-root feedback,50,1.0,0.02165882250554915,0.02090418820688133,0.02218446631151281,1.1863025655289854,1.1449695427242383,1.2150932625029034,1.186302565528983,2.6526531784052105,0.001161182319919992,31.0,0.0
"Beta(2,2)",3000,Squared-hinge feedback,50,1.0,0.021736933146798885,0.02075993801246223,0.022379062060863708,1.1905808615483529,1.1370686341834568,1.2257517106543143,1.1905808615483506,2.6622197391323827,0.001161182319919992,31.0,0.0
"Beta(2,2)",3000,Target-capped feedback,50,1.0,0.021727409653204046,0.02144010391629589,0.02205106513863981,1.190059238321538,1.1743228550210147,1.207786579344883,1.1900592383215356,2.661053354138582,0.001161182319919992,31.0,0.0
"Beta(2,2)",10000,Capped original feedback,50,1.0,0.012326236698205323,0.01195329375971361,0.01288992000091025,1.2326236698205373,1.1953293759713701,1.2889920000910293,1.2326236698205322,2.7562303163939776,0.005576047275680998,31.06,0.0
"Beta(2,2)",10000,Common-clock Efficient betting,30,1.0,0.011529944668196682,0.0114334827426797,0.01163274387735074,1.1529944668196725,1.1433482742679753,1.1632743877350822,1.1529944668196683,2.5781740054899136,0.011267296030806954,123.0,0.0
"Beta(2,2)",10000,Common-clock STaR betting,30,1.0,0.011691332243009993,0.01124522044990278,0.01204427176557295,1.1691332243010035,1.1245220449902815,1.2044271765572963,1.1691332243009993,2.6142613642905532,0.0025281034021948203,123.0,0.0
"Beta(2,2)",10000,Efficient betting,30,1.0,0.011579940761768484,0.011475704998011038,0.011685879485099077,1.1579940761768484,1.1475704998011038,1.1685879485099078,1.1579940761768484,2.5893534718735025,0.014610795443877526,31.0,0.0
"Beta(2,2)",10000,Gaffke,50,1.0,0.011614811242412126,0.01154309707212865,0.0116924039059567,1.161481124241217,1.1543097072128734,1.1692403905956776,1.1614811242412126,2.5971507483862406,0.000206349941436154,0.0,0.0
"Beta(2,2)",10000,Regularized Efficient betting,50,1.0,0.011727670661328835,0.01085049748162472,0.01275892044375547,1.1727670661328886,1.0850497481624728,1.2758920443755528,1.1727670661328835,2.6223868816461304,0.014989453265443401,31.02,0.0
"Beta(2,2)",10000,STaR betting,30,1.0,0.011712351688483663,0.011224972011680141,0.01207334568119367,1.171235168848372,1.1224972011680179,1.2073345681193726,1.1712351688483662,2.6189614551834035,0.00354852525827781,31.0,0.0
"Beta(2,2)",10000,Square-root feedback,50,1.0,0.011749664578198274,0.011280725035792681,0.01205105918013631,1.1749664578198316,1.1280725035792705,1.2051059180136352,1.1749664578198273,2.627304870967283,0.003305514140520196,31.0,0.0
"Beta(2,2)",10000,Squared-hinge feedback,50,1.0,0.011785831298199012,0.0112382256907808,0.012209867964481688,1.1785831298199059,1.1238225690780868,1.220986796448169,1.1785831298199012,2.6353919954117693,0.003305514140520196,31.0,0.0
"Beta(2,2)",10000,Target-capped feedback,50,1.0,0.011722878875976596,0.011615917370207141,0.01183632088740999,1.1722878875976646,1.161591737020717,1.1836320887410023,1.1722878875976597,2.621315405868011,0.003305514140520196,31.0,0.0
"Beta(2,2)",30000,Capped original feedback,40,1.0,0.006971504259632435,0.0068450752628036,0.00716850540757846,1.2074999582866321,1.185601813680875,1.241621558025819,1.2074999582866226,2.7000519895570703,0.015111735757091033,31.0,0.0
"Beta(2,2)",30000,Common-clock Efficient betting,30,1.0,0.006656215395830274,0.00661380816493414,0.00670109461455564,1.152890325170031,1.1455451773179912,1.1606636338736678,1.152890325170022,2.5779411376820263,0.03178380828661218,123.0,0.0
"Beta(2,2)",30000,Common-clock STaR betting,30,1.0,0.006827457688980127,0.00672047613332651,0.00693647623911883,1.1825503603840462,1.164020611397565,1.2014329271648256,1.1825503603840368,2.6442629926356016,0.006952730853420947,123.0,0.0
"Beta(2,2)",30000,Efficient betting,30,1.0,0.006672807383801027,0.0066299473985677706,0.006717829908567929,1.1557641417864135,1.1483405745828483,1.163562271824544,1.1557641417864135,2.584367186991126,0.04231355430092657,31.0,0.0
"Beta(2,2)",30000,Gaffke,40,1.0,0.0066839255738287695,0.00666329691902963,0.00671274266916423,1.1576898687880481,1.1541168809676534,1.162681136112801,1.1576898687880393,2.5886732434728876,0.0002271743738674025,0.0,0.0
"Beta(2,2)",30000,Regularized Efficient betting,40,1.0,0.006673133284802105,0.00625614877701479,0.00710544973430752,1.1558205894956328,1.083596754149963,1.2306999950447524,1.155820589495624,2.584493407906115,0.042565258346439754,31.0,0.0
"Beta(2,2)",30000,STaR betting,30,1.0,0.006835992736318146,0.0067325316946413305,0.00694208972751374,1.1840286739474915,1.1661086958686684,1.2024052118755906,1.1840286739474826,2.6475686022555256,0.009937564244804244,31.0,0.0
"Beta(2,2)",30000,Square-root feedback,40,1.0,0.006821595882087432,0.00671876212786159,0.00693677253598956,1.181535065647814,1.1637237369426026,1.2014842472882452,1.1815350656478063,2.641992724588189,0.009345068806942388,31.0,0.0
"Beta(2,2)",30000,Squared-hinge feedback,40,1.0,0.006864744727441162,0.006714679470108799,0.00702227804637028,1.189008664891873,1.163016599876822,1.2162942361188973,1.1890086648918659,2.6587042005344963,0.009345068806942388,31.0,0.0
"Beta(2,2)",30000,Target-capped feedback,40,1.0,0.006715858289537276,0.00668482513772294,0.00675820875841279,1.1632207773911263,1.1578456778249842,1.1705560937728081,1.1632207773911176,2.601040731086709,0.009345068806942388,31.0,0.0
"Beta(2,2)",100000,Capped original feedback,40,1.0,0.0037605442434990354,0.0037054990699538198,0.0038220144715006297,1.1891885051291962,1.1717816928689733,1.2086270980066922,1.1891885051291797,2.65910633553024,0.04922026495332825,31.025,0.0
"Beta(2,2)",100000,Common-clock Efficient betting,30,1.0,0.0036418381191274034,0.00363007466459304,0.00365144172006631,1.1516503326066398,1.1479304016586047,1.1546872578772729,1.1516503326066219,2.5751684300186897,0.10067494948549813,123.0,0.0
"Beta(2,2)",100000,Common-clock STaR betting,30,1.0,0.0037264908003150836,0.00365321915127801,0.0038002553345917903,1.1784198608659533,1.155249330978586,1.201746254751552,1.1784198608659373,2.635026914932116,0.022935363246748792,123.0,0.0
"Beta(2,2)",100000,Efficient betting,30,1.0,0.0036468362279120574,0.0036349900259718794,0.003656662604563882,1.1532308733819019,1.1494847754065751,1.1563382465185486,1.1532308733819019,2.578702626633386,0.1374521880682247,31.0,0.0
"Beta(2,2)",100000,Gaffke,40,1.0,0.0036530319169743274,0.0036456643385223203,0.0036583992034904,1.1551901222930177,1.1528602894181859,1.1568874073175741,1.1551901222929986,2.583083640383483,0.00027288885030424747,0.0,0.0
"Beta(2,2)",100000,Regularized Efficient betting,40,1.0,0.003643800143950395,0.00348679440174309,0.00381740944607592,1.1522707793332798,1.1026212042232582,1.2071708611041858,1.152270779333266,2.5765557910758736,0.13749389777658502,31.0,0.0
"Beta(2,2)",100000,STaR betting,30,1.0,0.00372908933207618,0.00365916338187409,0.00380307247817597,1.179241588759689,1.1571290617406793,1.2026371137737306,1.1792415887596728,2.6368643543615167,0.03230088284083948,31.0,0.0
"Beta(2,2)",100000,Square-root feedback,40,1.0,0.003732246651072405,0.0036730614287834,0.00380307247817597,1.1802400206924673,1.1615240100668185,1.2026371137737306,1.1802400206924517,2.6390969160341156,0.02979620450678334,31.0,0.0
"Beta(2,2)",100000,Squared-hinge feedback,40,1.0,0.0037548930820441714,0.00367422614069204,0.00385439347334742,1.1874014509669222,1.1618923243117323,1.2188662374265589,1.1874014509669077,2.6551103609439215,0.02979620450678334,31.0,0.0
"Beta(2,2)",100000,Target-capped feedback,40,1.0,0.0036634861336788177,0.0036532328118554897,0.0036741399868625902,1.158496035886932,1.155253650832499,1.1618650800787034,1.1584960358869154,2.590475887907216,0.02979620450678334,31.0,0.0
"Beta(2,2)",300000,Capped original feedback,30,1.0,0.00216530045444512,0.00213903912978012,0.00218969242614788,1.185983902675809,1.1715999827668158,1.1993439357994407,1.1859839026757797,2.651940626603604,0.14547032816335556,31.033333333333335,0.0
"Beta(2,2)",300000,Common-clock Efficient betting,30,1.0,0.0021031807015501236,0.00210072259081935,0.0021056109023903902,1.15195951274857,1.1506131500524766,1.1532905885680722,1.1519595127485431,2.575859777833338,0.28932503963199757,123.0,0.0
"Beta(2,2)",300000,Common-clock STaR betting,30,1.0,0.0021464912317868735,0.00208778155231248,0.0021962778234988303,1.1756816671367492,1.1435250513447028,1.2029509064786756,1.1756816671367207,2.6289041276180516,0.06700343220339461,123.0,0.0
"Beta(2,2)",300000,Efficient betting,30,1.0,0.0021048701753652497,0.0021023004546618373,0.0021073241668953246,1.1528848756674022,1.1514773816716553,1.1542289821843508,1.1528848756674022,2.577928952223704,0.40275401071024436,31.0,0.0
"Beta(2,2)",300000,Gaffke,30,1.0,0.002106240443437017,0.00210395294439263,0.0021081374982489,1.1536354024001685,1.1523824875732949,1.1546744621134313,1.153635402400138,2.579607181017101,0.00038312830147329,0.0,0.0
"Beta(2,2)",300000,Regularized Efficient betting,30,1.0,0.00210974431945505,0.0020574087464897,0.0021614066914643197,1.1555545543339434,1.1268891804608747,1.1838512008576556,1.1555545543339163,2.5838985352001718,0.4088282418049251,31.0,0.0
"Beta(2,2)",300000,STaR betting,30,1.0,0.002147322284415677,0.00208626466200879,0.00219709245732148,1.1761368534080172,1.1426942163081273,1.2033970997994652,1.1761368534079901,2.6299219550630317,0.09494459542135394,31.0,0.0
"Beta(2,2)",300000,Square-root feedback,30,1.0,0.0021473685004380215,0.0020862646620087946,0.00219716537326426,1.1761621669659683,1.1426942163081273,1.2034370375061296,1.1761621669659468,2.6299785578993626,0.08662333733276073,31.0,0.0
"Beta(2,2)",300000,Squared-hinge feedback,30,1.0,0.002156771884102242,0.0020829503135316773,0.00222017096083075,1.1813126123157407,1.1408788728837769,1.2160377167649676,1.1813126123157156,2.6414953038158515,0.08662333733276073,31.0,0.0
"Beta(2,2)",300000,Target-capped feedback,30,1.0,0.0021101741273355664,0.00210689928183225,0.002113122122574,1.1557899698054945,1.1539962630509717,1.15740465329702,1.1557899698054688,2.5844249401975157,0.08662333733276073,31.0,0.0
"Beta(2,2)",1000000,Capped original feedback,20,1.0,0.0011811181434331149,0.00116774789208422,0.00119514943059038,1.1811181434331601,1.167747892084231,1.1951494305904586,1.181118143433115,2.641060458174893,0.478777207506937,31.0,0.0
"Beta(2,2)",1000000,Common-clock Efficient betting,30,1.0,0.0011520158646579233,0.0011511366984506498,0.00115296760462302,1.1520158646579755,1.1511366984507108,1.1529676046230342,1.1520158646579233,2.575985784533431,0.92298759749004,123.0,0.0
"Beta(2,2)",1000000,Common-clock STaR betting,30,1.0,0.00117642337425539,0.00114749510329381,0.00120040252088825,1.1764233742554364,1.147495103293883,1.2004025208882774,1.17642337425539,2.630562635154832,0.22191615649498997,123.0,0.0
"Beta(2,2)",1000000,Efficient betting,30,1.0,0.0011525230180450966,0.0011516594821552983,0.0011534820465872397,1.1525230180450967,1.1516594821552983,1.1534820465872397,1.1525230180450967,2.577119813982053,1.3266471682543246,31.0,0.0
"Beta(2,2)",1000000,Gaffke,20,1.0,0.0011527395399350449,0.00115219710430503,0.0011532737741624202,1.1527395399350993,1.1521971043050805,1.1532737741624943,1.152739539935045,2.577603971646716,0.0007824775559128701,0.0,0.0
"Beta(2,2)",1000000,Regularized Efficient betting,20,1.0,0.0011604296747196549,0.0011272034765525802,0.0012002106714574402,1.1604296747197096,1.1272034765526184,1.2002106714574967,1.160429674719655,2.59479963578124,1.3465231027948903,31.0,0.0
"Beta(2,2)",1000000,STaR betting,30,1.0,0.00117658185767624,0.00114786165051084,0.00120061305504913,1.1765818576762845,1.1478616505108508,1.2006130550491492,1.1765818576762401,2.6309170148571543,0.3131269982472683,31.0,0.0
"Beta(2,2)",1000000,Square-root feedback,20,1.0,0.0011763331102038078,0.00114649144279409,0.0012006237292666478,1.1763331102038366,1.1464914427941286,1.2006237292666477,1.176333110203808,2.63036079859953,0.2816509929354652,31.0,0.0
"Beta(2,2)",1000000,Squared-hinge feedback,20,1.0,0.001181419993100029,0.0011450220401359,0.0012135436700352054,1.181419993100072,1.1450220401359845,1.2135436700352054,1.1814199931000289,2.6417354145490934,0.2816509929354652,31.0,0.0
"Beta(2,2)",1000000,Target-capped feedback,20,1.0,0.001154186674052945,0.00115357623783402,0.0011551354933918801,1.15418667405299,1.1535762378341086,1.1551354933919178,1.154186674052945,2.5808398619068784,0.2816509929354652,31.0,0.0
"Beta(2,2)",3000000,Capped original feedback,15,0.9333333333333333,0.0006778664863822667,0.00067053078584244,0.00068641111052514,1.1740991951623565,1.1613933891182464,1.1888989183094383,1.1740991951622821,2.6253656127108216,1.4322533583307329,31.0,0.0
"Beta(2,2)",3000000,Common-clock Efficient betting,30,0.9666666666666667,0.0006650692831887767,0.0006648143043811001,0.00066536439971173,1.1519337890364598,1.151492152786684,1.1524449458483637,1.1519337890363748,2.575802257864426,2.7127679648033034,123.0,0.0
"Beta(2,2)",3000000,Common-clock STaR betting,30,0.9666666666666667,0.0006780210689787333,0.0006644869659963301,0.00069017321020179,1.1743669400734205,1.1509251860730716,1.1954150660925569,1.1743669400733283,2.6259643085325903,0.6755584047331165,123.0,0.0
"Beta(2,2)",3000000,Efficient betting,30,0.9666666666666667,0.0006652400143802102,0.0006649828062697316,0.0006655308998288923,1.1522295041343746,1.151784006618907,1.1527333325106743,1.1522295041343746,2.576463496925337,3.975853374627574,31.0,0.0
"Beta(2,2)",3000000,Gaffke,15,0.9333333333333333,0.0006653398352998867,0.0006650847023994001,0.0006655474741292801,1.1524023990389958,1.1519604958927006,1.152762040041084,1.1524023990389125,2.5768501016850327,0.00176818706483264,0.0,0.0
"Beta(2,2)",3000000,Regularized Efficient betting,15,0.9333333333333333,0.00067147611463258,0.00065988593057434,0.00068750927327668,1.1630307466126777,1.1429559589546907,1.1908009919900937,1.1630307466125722,2.6006158093482807,4.024962618004065,31.0,0.0
"Beta(2,2)",3000000,STaR betting,30,0.9666666666666667,0.0006781131321642867,0.00066443712619796,0.00069026538042855,1.174526398188295,1.1508388610100433,1.1955747096082636,1.1745263981882135,2.6263208677170136,0.9429680869060879,31.0,0.0
"Beta(2,2)",3000000,Square-root feedback,15,0.9333333333333333,0.0006757005912720226,0.0006557665887163506,0.00068819530008652,1.1703477547875112,1.1358210495628513,1.1919892252800095,1.1703477547874745,2.6169771370191297,0.8335730676005672,31.0,0.0
"Beta(2,2)",3000000,Squared-hinge feedback,15,0.9333333333333333,0.0006780781109037186,0.0006483972553427861,0.0006948758367302622,1.1744657395856117,1.1230569897419456,1.2035602541688382,1.1744657395855644,2.626185230957994,0.8335730676005672,31.0,0.0
"Beta(2,2)",3000000,Target-capped feedback,15,0.9333333333333333,0.0006659307891005933,0.00066540716069102,0.0006664077470481401,1.153425961046737,1.1525190100370575,1.1542520764449582,1.1534259610466622,2.5791388559135284,0.8335730676005672,31.0,0.0
"Beta(2,2)",10000000,Capped original feedback,10,1.0,0.00037036624103822,0.0003664693724343,0.0003733566447866,1.171200890115919,1.158877909584974,1.1806573770843634,1.1712008901157005,2.6188848056074563,4.753910707088653,31.0,0.0
"Beta(2,2)",10000000,Common-clock Efficient betting,30,1.0,0.00036425967900667334,0.00036416185499527,0.00036433808612437,1.151890245423054,1.1515808987371094,1.152138190499674,1.151890245422908,2.5757048913848646,9.071301623503677,123.0,0.0
"Beta(2,2)",10000000,Common-clock STaR betting,30,1.0,0.0003704881420742133,0.00036117749708537,0.00037806832346235,1.1715863750387387,1.1421435303887668,1.195557013302511,1.1715863750385733,2.619746776099183,2.232463071681559,123.0,0.0
"Beta(2,2)",10000000,Efficient betting,30,1.0,0.0003643099190581626,0.0003642148108888632,0.00036438696443606423,1.152049118415378,1.1517483599763032,1.1522927572927357,1.152049118415378,2.57606014219549,13.325264687036785,31.0,0.0
"Beta(2,2)",10000000,Gaffke,10,1.0,0.00036434567367567,0.00036428196528233,0.00036442543827502,1.1521621844436927,1.1519607208147256,1.1524144222543176,1.1521621844435697,2.576312965520748,0.005354156403336629,0.0,0.0
"Beta(2,2)",10000000,Regularized Efficient betting,10,1.0,0.00036672761575865,0.00035700543301612,0.0003735387365804,1.159694546680514,1.1289503053856567,1.181233201895818,1.159694546680392,2.5931558395134324,13.427381040994078,31.0,0.0
"Beta(2,2)",10000000,STaR betting,30,1.0,0.00037053226649489334,0.00036108059312882004,0.00037808904051781,1.1717259087085121,1.1418370931718638,1.1956225263840714,1.1717259087083576,2.620058782869946,3.1609564443584532,31.0,0.0
"Beta(2,2)",10000000,Square-root feedback,10,1.0,0.000368425188271647,0.0003558794752878088,0.00037874386626028,1.165062742314833,1.1253897144152698,1.197693267200924,1.1650627423147586,2.605159489868287,2.7524138774475433,31.0,0.0
"Beta(2,2)",10000000,Squared-hinge feedback,10,1.0,0.0003696484073098817,0.00035147038611996006,0.00038345553151795,1.1689309005529271,1.1114469502380682,1.2125928609873844,1.168930900552861,2.6138089546363914,2.7524138774475433,31.0,0.0
"Beta(2,2)",10000000,Target-capped feedback,10,1.0,0.00036460469512965,0.00036434378197339,0.00036479192259469,1.1529812822011176,1.1521562023559266,1.1535733474310872,1.152981282200995,2.578144523786568,2.7524138774475433,31.0,0.0
"Beta(20,80)",1000,Capped original feedback,50,1.0,0.010922044261219946,0.010279661040595271,0.01179659146441932,0.3453853657062625,0.3250714246277767,0.3730409765406634,0.3453853657062609,4.338849958379114,0.001454297944437658,32.9,0.0
"Beta(20,80)",1000,Common-clock Efficient betting,30,1.0,0.008215808954097206,0.00760857597787967,0.00898355467180518,0.2598066911575311,0.2406042984054291,0.28408494247551097,0.25980669115752936,3.2637811645851955,0.0019044199880832967,123.2,0.0
"Beta(20,80)",1000,Common-clock STaR betting,30,1.0,0.008023793342832746,0.0072709815320048604,0.00886025377030283,0.2537346243784791,0.2299286246615604,0.28018582561251404,0.2537346243784776,3.18750176971943,0.0005686888859296333,123.16666666666667,0.0
"Beta(20,80)",1000,Efficient betting,30,1.0,0.009022948410557488,0.008375572244756945,0.009681233236348941,0.2853306818755773,0.26485885000721215,0.3061474758618587,0.2853306818755773,3.5844223296740507,0.00228629662500069,32.266666666666666,0.0
"Beta(20,80)",1000,Gaffke,50,1.0,0.008692874802548009,0.00854544634555842,0.00885322423706757,0.27489283790738356,0.27023074074727077,0.27996353225340287,0.2748928379073818,3.4532985376326883,0.01886297468445259,0.0,0.0
"Beta(20,80)",1000,Regularized Efficient betting,50,0.98,0.009335094224012129,0.00811620223507931,0.01063999679816299,0.295201599201606,0.25665685013400164,0.33646624179093976,0.2952015992016042,3.7084241939151514,0.002393685958813828,32.54,0.0
"Beta(20,80)",1000,STaR betting,30,1.0,0.00872946707785729,0.00783417007661689,0.00940867341380772,0.276049987254836,0.24773821019245212,0.2975283774830448,0.27604998725483454,3.4678350464038865,0.0008901907751957,32.2,0.0
"Beta(20,80)",1000,Square-root feedback,50,1.0,0.009391068834852863,0.008961106039918261,0.00970248758111542,0.29697167181558826,0.28337505440433614,0.3068195972582256,0.296971671815587,3.730660455928753,0.0007853878533932821,32.2,0.0
"Beta(20,80)",1000,Squared-hinge feedback,50,1.0,0.009410241747507592,0.008978233551157561,0.009748343286618121,0.2975779725492721,0.2839166738659978,0.3082696819892507,0.29757797254927104,3.7382770146318993,0.0007853878533932821,32.2,0.0
"Beta(20,80)",1000,Target-capped feedback,50,1.0,0.00996116073815228,0.00961977138046677,0.01022893411930715,0.3149995607160549,0.3042038813237733,0.323467298528193,0.31499956071605323,3.9571330073800874,0.0007853878533932821,32.42,0.0
"Beta(20,80)",3000,Capped original feedback,50,1.0,0.004958346425820106,0.00470115078989134,0.00529511403632676,0.27157981853468155,0.25749263338567224,0.2900253402258405,0.27157981853467883,3.4116792468501647,0.002373730324907182,32.12,0.0
"Beta(20,80)",3000,Common-clock Efficient betting,30,1.0,0.003941557300439357,0.00370994078963178,0.00423035120450645,0.21588798451498253,0.20320182574899007,0.23170587808773382,0.21588798451498029,2.7120592405875596,0.00383259231845534,123.0,0.0
"Beta(20,80)",3000,Common-clock STaR betting,30,1.0,0.003969151711229253,0.0036466661371858103,0.00422488301075926,0.21739939264005176,0.1997361303026929,0.2314063727813206,0.21739939264004932,2.731046070174681,0.0009434624187026866,123.0,0.0
"Beta(20,80)",3000,Efficient betting,30,1.0,0.004241679730649889,0.003886114734023449,0.004495030215289025,0.2323263670189381,0.2128512700877832,0.24620294455811026,0.2323263670189381,2.918563865059091,0.005076824741748417,31.566666666666666,0.0
"Beta(20,80)",3000,Gaffke,50,1.0,0.004286664338360678,0.00421881082829758,0.00434345886948691,0.2347902754573125,0.23107378565056463,0.23790104004139193,0.23479027545731015,2.94951633174338,0.17534467131830747,0.0,0.0
"Beta(20,80)",3000,Regularized Efficient betting,50,1.0,0.0043057365023291124,0.00380289410519643,0.00477656111624841,0.23583490089990744,0.20829308852195208,0.2616230270671323,0.23583490089990497,2.9626392764543015,0.005346444200258652,31.58,0.0
"Beta(20,80)",3000,STaR betting,30,1.0,0.004226128402660776,0.00393564200136084,0.00449705492285886,0.2314745857050613,0.21556399024101303,0.24631384235894635,0.2314745857050583,2.907863494732943,0.00151014118455345,31.533333333333335,0.0
"Beta(20,80)",3000,Square-root feedback,50,1.0,0.004412906854588607,0.00422763625720093,0.0045603247847258,0.24170486284273757,0.23155717429956876,0.24977927541442213,0.241704862842735,3.0363797607370047,0.00157070966670285,31.66,0.0
"Beta(20,80)",3000,Squared-hinge feedback,50,1.0,0.004431643266514715,0.00423646337590021,0.0045976861887449295,0.2427310983886009,0.2320406555025078,0.25182564379055616,0.2427310983885988,3.0492716852293795,0.00157070966670285,31.72,0.0
"Beta(20,80)",3000,Target-capped feedback,50,1.0,0.0045917721682090604,0.00442954063194204,0.00474874387795245,0.25150171954525324,0.2426159323500379,0.26009941417691357,0.2515017195452508,3.1594512499097807,0.00157070966670285,31.9,0.0
"Beta(20,80)",10000,Capped original feedback,50,1.0,0.002404146153343818,0.00230951939259475,0.00249717249820925,0.24041461533438702,0.23095193925948299,0.24971724982092763,0.2404146153343818,3.0201712270127667,0.00578957056161011,31.64,0.0
"Beta(20,80)",10000,Common-clock Efficient betting,30,1.0,0.0020706414489320233,0.00196438131090333,0.00217018098077904,0.20706414489320746,0.19643813109033872,0.21701809807790906,0.20706414489320232,2.601211127213112,0.010723020004418942,123.0,0.0
"Beta(20,80)",10000,Common-clock STaR betting,30,1.0,0.00207568983783245,0.00196987344648053,0.00215986178141608,0.20756898378324976,0.1969873446480605,0.2159861781416128,0.20756898378324498,2.6075530872801496,0.0024446016565585634,123.0,0.0
"Beta(20,80)",10000,Efficient betting,30,1.0,0.0021550994095734196,0.0020125946687676254,0.0022722927873441295,0.21550994095734197,0.20125946687676255,0.22722927873441295,0.21550994095734197,2.707310127170564,0.01471802529801299,31.066666666666666,0.0
"Beta(20,80)",10000,Gaffke,50,1.0,0.002178776164633544,0.00216318524984963,0.0021945937050033997,0.21787761646335926,0.21631852498496468,0.21945937050034442,0.2178776164633544,2.7370536826038028,0.000198145724134472,0.0,0.0
"Beta(20,80)",10000,Regularized Efficient betting,50,1.0,0.0022189279122873957,0.00203506277558257,0.00238453586799542,0.22189279122874483,0.20350627755825795,0.2384535867995499,0.2218927912287396,2.787493691340288,0.01664409479824821,31.24,0.0
"Beta(20,80)",10000,STaR betting,30,1.0,0.00214216804912585,0.00197685108466323,0.00226622079887686,0.2142168049125899,0.19768510846632828,0.22662207988769192,0.214216804912585,2.6910653066568098,0.0035595635417848366,31.1,0.0
"Beta(20,80)",10000,Square-root feedback,50,1.0,0.002194512445377437,0.00208296291488823,0.00230201660979801,0.21945124453774803,0.20829629148882917,0.23020166097980846,0.2194512445377437,2.7568221406306987,0.0050036293209995576,31.22,0.0
"Beta(20,80)",10000,Squared-hinge feedback,50,1.0,0.002199874082887906,0.0020712741932505303,0.00232705591634264,0.21998740828879534,0.20712741932505432,0.23270559163426624,0.21998740828879057,2.763557614393923,0.0050036293209995576,31.2,0.0
"Beta(20,80)",10000,Target-capped feedback,50,1.0,0.00226151567686574,0.00220160834789904,0.0023242094029623803,0.2261515676865785,0.22016083478990806,0.23242094029624127,0.226151567686574,2.8409939084645206,0.0050036293209995576,31.28,0.0
"Beta(20,80)",30000,Capped original feedback,40,1.0,0.0013022765254485501,0.00124475569552216,0.00135324408488675,0.2255609107581245,0.21559801076551735,0.23438875100659176,0.22556091075811527,2.8335738726323756,0.015329859596386036,31.125,0.0
"Beta(20,80)",30000,Common-clock Efficient betting,30,1.0,0.00119039864183123,0.00116492433692158,0.00121453701451868,0.2061830928912759,0.201770813852181,0.21036398168194057,0.20618309289126766,2.5901430484191725,0.03245367928563302,123.0,0.0
"Beta(20,80)",30000,Common-clock STaR betting,30,1.0,0.0012115602952309534,0.00117455175639438,0.00123878814476728,0.209848398777326,0.20343833181944376,0.21456440065510535,0.209848398777316,2.6361878837543804,0.0071450972386325005,123.0,0.0
"Beta(20,80)",30000,Efficient betting,30,1.0,0.0012111892895129623,0.0011592200793572483,0.0012596768495430261,0.20978413870197007,0.20078280746007798,0.21818243045268174,0.20978413870197007,2.6353806265485358,0.04313309401428944,31.0,0.0
"Beta(20,80)",30000,Gaffke,40,1.0,0.0012215022719373175,0.0012159138661230599,0.00122626719832129,0.211570399655632,0.21060245937526914,0.21239570911477207,0.2115703996556249,2.6578202520624252,0.0002180089475586575,0.0,0.0
"Beta(20,80)",30000,Regularized Efficient betting,40,1.0,0.00123831749859366,0.00115106263079756,0.00130911720351097,0.21448288234659238,0.19936989592353635,0.22674575095435873,0.21448288234658208,2.6944078630534496,0.043194842625234695,31.075,0.0
"Beta(20,80)",30000,STaR betting,30,1.0,0.00122715977943201,0.00117415571542096,0.00127384763124102,0.21255030869813324,0.2033697355106564,0.2206368818410749,0.21255030869812583,2.6701302070588615,0.009991991256053203,31.0,0.0
"Beta(20,80)",30000,Square-root feedback,40,1.0,0.0012283415088614894,0.00117510429273424,0.00127265036202468,0.21275499023939837,0.20353403392080352,0.2204295087297699,0.21275499023939157,2.6727014870984376,0.012067009589615384,31.025,0.0
"Beta(20,80)",30000,Squared-hinge feedback,40,1.0,0.0012355061202002702,0.0011684722061807,0.0012841938623465,0.2139959373249248,0.20238532283371818,0.2224289016352375,0.21399593732491687,2.6882906919258547,0.012067009589615384,31.025,0.0
"Beta(20,80)",30000,Target-capped feedback,40,1.0,0.0012393239990999025,0.00120431551638609,0.00127686239710923,0.21465721334805546,0.2085935662724342,0.2211590546067436,0.21465721334804763,2.696597869155461,0.012067009589615384,31.05,0.0
"Beta(20,80)",100000,Capped original feedback,40,1.0,0.0006918181943673725,0.0006739027332117,0.00071394701308015,0.2187721220946121,0.21310675583618083,0.2257698690007455,0.2187721220945968,2.748290770524407,0.04977941240213109,31.125,0.0
"Beta(20,80)",100000,Common-clock Efficient betting,30,1.0,0.0006489970526010433,0.0006415177459000401,0.00065577956736708,0.2052308880955577,0.20286572364614253,0.20737570758800442,0.20523088809554021,2.5781811237156687,0.10088770159054544,123.0,0.0
"Beta(20,80)",100000,Common-clock STaR betting,30,1.0,0.0006609451270727933,0.00064107688693364,0.00067689389379715,0.209009200993961,0.20272631180006162,0.21405264386592138,0.20900920099394452,2.625645592073957,0.02404741141945119,123.0,0.0
"Beta(20,80)",100000,Efficient betting,30,1.0,0.0006557955394634135,0.0006425865558796929,0.0006710393658279745,0.20738075840832237,0.20320371103828927,0.21220127956513604,0.20738075840832237,2.605188535271769,0.13963284156440442,31.0,0.0
"Beta(20,80)",100000,Gaffke,40,1.0,0.0006588730833208175,0.00065662678977512,0.00066084903589638,0.20835396322718255,0.20764362283740698,0.20897881429590212,0.2083539632271681,2.6174142695009763,0.00026988049794448497,0.0,0.0
"Beta(20,80)",100000,Regularized Efficient betting,40,1.0,0.00066351797680692,0.00063180055138164,0.0006919068389062001,0.20982280751768184,0.1997928769316345,0.21880015395909663,0.2098228075176644,2.635866397533865,0.14476407054753507,31.025,0.0
"Beta(20,80)",100000,STaR betting,30,1.0,0.0006657094545958899,0.00064551230737992,0.0006855730415368799,0.210515813643162,0.20412891489914484,0.21679723136660267,0.2105158136431459,2.6445721792410533,0.0323057835300763,31.0,0.0
"Beta(20,80)",100000,Square-root feedback,40,1.0,0.0006679312349163476,0.0006413186536236283,0.0006859309984075,0.21121840227047883,0.2028027651403336,0.21691042726812737,0.21121840227046446,2.6533983396377474,0.039929848331666976,31.025,0.0
"Beta(20,80)",100000,Squared-hinge feedback,40,1.0,0.0006701325726514225,0.00063586293432347,0.00069272808019834,0.211914526384686,0.2010775152140291,0.21905985325828048,0.2119145263846757,2.662143290593553,0.039929848331666976,31.025,0.0
"Beta(20,80)",100000,Target-capped feedback,40,1.0,0.0006654474852423674,0.0006514751543038101,0.0006793442667200001,0.21043297165973168,0.2060145326609879,0.21482751982122655,0.21043297165971664,2.6435314897039515,0.039929848331666976,31.0,0.0
"Beta(20,80)",300000,Capped original feedback,30,1.0,0.00039050496519169665,0.00038433047912343,0.00039535981690686,0.21388837825328938,0.21050647295270236,0.21654749005103271,0.21388837825326198,2.686939497811021,0.14597070960056344,31.0,0.0
"Beta(20,80)",300000,Common-clock Efficient betting,30,1.0,0.00037434456689889,0.00037168734019329,0.00037634126077021004,0.2050369635700488,0.20358154056299263,0.20613059784378585,0.2050369635700238,2.5757449770141077,0.3015548495963836,123.0,0.0
"Beta(20,80)",300000,Common-clock STaR betting,30,1.0,0.00038284691635861665,0.00037440989164352,0.00038876751650175,0.20969389216093667,0.2050727434062623,0.2129367384133072,0.20969389216090795,2.6342469184076887,0.06880756692650412,123.0,0.0
"Beta(20,80)",300000,Efficient betting,30,1.0,0.0003764139744683296,0.0003718067538976022,0.0003813563385134444,0.20617042477647782,0.2036469461424886,0.20887746905138968,0.20617042477647782,2.5899839071966473,0.4073833650676534,31.0,0.0
"Beta(20,80)",300000,Gaffke,30,1.0,0.00037776354409511335,0.00037727219124885996,0.00037844473523286,0.20690961450401563,0.20664048946641542,0.20728271825614894,0.2069096145039911,2.599269863224286,0.0003770766003677834,0.0,0.0
"Beta(20,80)",300000,Regularized Efficient betting,30,1.0,0.0003773835852918033,0.00035717662121200004,0.00039347061838003,0.20670150249652347,0.19563369245132814,0.21551273340228372,0.20670150249649552,2.596655488486088,0.4396481237025,31.0,0.0
"Beta(20,80)",300000,STaR betting,30,1.0,0.00038424190793443663,0.00037131808879807,0.00039253426122685,0.21045796051454677,0.20337929324442136,0.21499986946761446,0.21045796051451424,2.6438454083074583,0.096442994607302,31.0,0.0
"Beta(20,80)",300000,Square-root feedback,30,1.0,0.00038436202740864677,0.00037131808879807,0.00039349120433805,0.21052375266015655,0.20337929324442136,0.21552400879583866,0.2105237526601348,2.6446719119077513,0.11512325532126444,31.0,0.0
"Beta(20,80)",300000,Squared-hinge feedback,30,1.0,0.00038666171385025387,0.00036977614539353,0.00039750803889984,0.21178334279941416,0.20253473605935854,0.21772411969513555,0.21178334279939176,2.6604953171991634,0.11512325532126444,31.0,0.0
"Beta(20,80)",300000,Target-capped feedback,30,1.0,0.0003795048197379267,0.00037464735387308,0.00038498899872321,0.20786335045242357,0.2052028068259312,0.21086715899207667,0.20786335045239426,2.6112510227954,0.11512325532126444,31.0,0.0
"Beta(20,80)",1000000,Capped original feedback,20,1.0,0.000212071669927355,0.00020846559210855,0.00021488570930341998,0.21207166992740914,0.20846559210862536,0.21488570930349166,0.212071669927355,2.664117381917332,0.482053067049128,31.0,0.0
"Beta(20,80)",1000000,Common-clock Efficient betting,30,1.0,0.00020521389619911667,0.00020457176088983,0.00020565903863899,0.20521389619916988,0.20457176088984055,0.20565903863899718,0.20521389619911667,2.577967665659088,0.9331919226795435,123.0,0.0
"Beta(20,80)",1000000,Common-clock STaR betting,30,0.9666666666666667,0.00020809671197730001,0.00019735787227947,0.00021367856717885,0.20809671197735316,0.19735787227952153,0.21367856717889877,0.2080967119773,2.6141825906707723,0.22413901998661456,123.0,0.0
"Beta(20,80)",1000000,Efficient betting,30,1.0,0.00020572240111481251,0.00020414885173495044,0.0002074249047364446,0.20572240111481252,0.20414885173495045,0.2074249047364446,0.20572240111481252,2.5843556796028277,1.3494731295621023,31.0,0.0
"Beta(20,80)",1000000,Gaffke,20,1.0,0.00020607500930586498,0.00020588787208617,0.00020628718161427,0.206075009305913,0.2058878720861828,0.20628718161430637,0.20607500930586503,2.588785265182195,0.00075985190051137,0.0,0.0
"Beta(20,80)",1000000,Regularized Efficient betting,20,1.0,0.00020609838448689,0.00019890882331152,0.00021386937453693,0.20609838448694823,0.19890882331161644,0.21386937453696797,0.20609838448689,2.589078912259726,1.3938362240529387,31.0,0.0
"Beta(20,80)",1000000,STaR betting,30,0.9666666666666667,0.00020834574746391666,0.00019671728859041,0.00021486715607809,0.20834574746396253,0.1967172885904589,0.21486715607814677,0.20834574746391665,2.6173110602528586,0.3156809123931453,31.0,0.0
"Beta(20,80)",1000000,Square-root feedback,20,0.95,0.00020755355632428606,0.00019671728859041,0.0002142148749728945,0.2075535563243302,0.1967172885904589,0.21421487497290392,0.20755355632428607,2.607359282226053,0.383155753116201,31.0,0.0
"Beta(20,80)",1000000,Squared-hinge feedback,20,0.95,0.00020866737460075384,0.00019468296858434,0.0002166569320002396,0.20866737460078638,0.1946829685844281,0.2166569320002476,0.20866737460075385,2.6213514511546974,0.383155753116201,31.0,0.0
"Beta(20,80)",1000000,Target-capped feedback,20,1.0,0.00020623266946837498,0.00020457717921973002,0.00020800513538269,0.2062326694684188,0.2045771792197559,0.20800513538272164,0.206232669468375,2.5907658464616814,0.383155753116201,31.0,0.0
"Beta(20,80)",3000000,Capped original feedback,15,1.0,0.00012130088964659333,0.00011963661401212,0.00012417891267478,0.2100993038712953,0.20721669391459405,0.21508418598144985,0.21009930387120523,2.6393398399882515,1.4359863926734155,31.0,0.0
"Beta(20,80)",3000000,Common-clock Efficient betting,30,1.0,0.00011836302352794667,0.00011803259656178,0.00011856892758304,0.20501077048795668,0.204438454194324,0.2053674067728769,0.20501077048787403,2.575415930492658,2.7556226529801884,123.0,0.0
"Beta(20,80)",3000000,Common-clock STaR betting,30,1.0,0.00012117262916626666,0.00011655934388731,0.00012362073506629,0.20987715020275083,0.20188670570982858,0.2141173940039275,0.20987715020267625,2.636549069066192,0.6721939250904446,123.0,0.0
"Beta(20,80)",3000000,Efficient betting,30,1.0,0.0001184807373216773,0.00011773920404503646,0.00011934401733676436,0.20521465675936718,0.20393028344872222,0.2067099016066568,0.20521465675936718,2.5779772200783877,3.9834985214169136,31.0,0.0
"Beta(20,80)",3000000,Gaffke,15,1.0,0.00011871667312322667,0.00011865731725221999,0.00011877504920714,0.2056233095550667,0.2055205021707965,0.20572441989834145,0.20562330955497515,2.5831108572895745,0.0017549236033421733,0.0,0.0
"Beta(20,80)",3000000,Regularized Efficient betting,15,1.0,0.00011979175487606668,0.00011499546002721999,0.00012360442708286,0.2074854057732759,0.1991779794070406,0.21408914774798987,0.20748540577318425,2.6065031515240267,4.033165882337683,31.0,0.0
"Beta(20,80)",3000000,STaR betting,30,1.0,0.00012116055114477667,0.00011686343860252,0.00012384908689356,0.20985623045588905,0.202413413206898,0.21451291097080744,0.20985623045580065,2.6362862679987087,0.9453043948160484,31.0,0.0
"Beta(20,80)",3000000,Square-root feedback,15,1.0,0.00012121954585146672,0.00011797555815854,0.0001240107588789,0.20995841228522522,0.204339660781974,0.2147929350635351,0.20995841228516546,2.637569911343191,1.096745401667431,31.0,0.0
"Beta(20,80)",3000000,Squared-hinge feedback,15,1.0,0.00012211146911512784,0.00011786077966428,0.00012590469657174,0.21150326869433225,0.20414085859829148,0.21807333137387988,0.2115032686942792,2.656976929798213,1.096745401667431,31.0,0.0
"Beta(20,80)",3000000,Target-capped feedback,15,1.0,0.00011888087677759333,0.00011846724574658,0.0001196326747788,0.20590771862720786,0.20519128866595654,0.20720987096232635,0.2059077186271267,2.5866837020402462,1.096745401667431,31.0,0.0
"Beta(20,80)",10000000,Capped original feedback,10,1.0,6.626804581147394e-05,6.590353756662504e-05,6.655385556208481e-05,0.20955796085263872,0.2084052845730059,0.2104617706420538,0.20955796085263878,2.632539302480926,4.769861667690566,31.0,0.0
"Beta(20,80)",10000000,Common-clock Efficient betting,30,1.0,6.485323477877595e-05,6.478368196815575e-05,6.490032174407967e-05,0.20508393553057813,0.20486399023135202,0.20523283758904326,0.2050839355305782,2.5763350549653574,8.835285649549526,123.0,0.0
"Beta(20,80)",10000000,Common-clock STaR betting,30,1.0,6.629108031160439e-05,6.447213814506081e-05,6.737653770008678e-05,0.20963080233781445,0.20387880215941537,0.21306331998847697,0.20963080233781448,2.6334543623135174,2.201099816670952,123.0,0.0
"Beta(20,80)",10000000,Efficient betting,30,1.0,6.486790898210896e-05,6.460487768823464e-05,6.52450391783993e-05,0.20513033943595893,0.204298561451415,0.20632292983066278,0.20513033943595893,2.5769179968121896,13.17397709195114,31.0,0.0
"Beta(20,80)",10000000,Gaffke,10,1.0,6.494256825966826e-05,6.49307023269513e-05,6.495848484093792e-05,0.205366432801509,0.2053289094275611,0.20541676545088428,0.205366432801509,2.579883883010559,0.005233488901285411,0.0,0.0
"Beta(20,80)",10000000,Regularized Efficient betting,10,1.0,6.548251126494154e-05,6.4238332989211e-05,6.732202883692195e-05,0.20707388250484882,0.20313944533823936,0.2128909478282097,0.20707388250484887,2.6013334544454154,13.513619097991613,31.0,0.0
"Beta(20,80)",10000000,STaR betting,30,1.0,6.62795441629079e-05,6.432231162393221e-05,6.739445298889201e-05,0.2095943218325071,0.20340500909874962,0.21311997310604128,0.20959432183250717,2.6329960816373497,3.142973810224794,31.0,0.0
"Beta(20,80)",10000000,Square-root feedback,10,1.0,6.609312672520851e-05,6.324308090884523e-05,6.77648588802121e-05,0.20900481813380453,0.19999218191826254,0.2142912993813576,0.20900481813380453,2.625590533074695,3.6698803022309825,31.0,0.0
"Beta(20,80)",10000000,Squared-hinge feedback,10,1.0,6.633626653801128e-05,6.24832079890475e-05,6.862899617023633e-05,0.20977369373212826,0.19758925275941927,0.2170239414289196,0.20977369373212826,2.635249413238781,3.6698803022309825,31.0,0.0
"Beta(20,80)",10000000,Target-capped feedback,10,1.0,6.504010962277983e-05,6.482608208757123e-05,6.527510581557649e-05,0.2056748856750191,0.20499807118176802,0.20641800888572462,0.20567488567501915,2.5837587742777517,3.6698803022309825,31.0,0.0
"Beta(50,50)",1000,Capped original feedback,50,1.0,0.011968702311883166,0.0111864042575041,0.01313251125795394,0.37848359942073917,0.35374516281117696,0.4152864697293776,0.3784835994207377,3.8037130988125716,0.009043678460875476,32.72,0.0
"Beta(50,50)",1000,Common-clock Efficient betting,30,1.0,0.0087095882138564,0.007585497867802791,0.00942463808591296,0.2754213623794411,0.2398745044860783,0.298033224742547,0.2754213623794391,2.7679504353130477,0.0018618596640104631,123.0,0.0
"Beta(50,50)",1000,Common-clock STaR betting,30,1.0,0.008705210467702161,0.00767769763264459,0.009457521595081201,0.2752829258907861,0.24279011705239795,0.29907309260685355,0.2752829258907847,2.7665591658206408,0.0005588937162731566,123.0,0.0
"Beta(50,50)",1000,Efficient betting,30,0.9666666666666667,0.009625116534077676,0.008109120153051107,0.010427966540582635,0.3043729099223113,0.2564328950361471,0.329761256322678,0.3043729099223113,3.0589098871579075,0.0022321979825694767,31.833333333333332,0.0
"Beta(50,50)",1000,Gaffke,50,1.0,0.009689552369302024,0.00943397158066577,0.00992410955850259,0.3064105499447551,0.29832837576202803,0.3138278995391626,0.3064105499447538,3.0793879159440394,0.018602544337045356,0.0,0.0
"Beta(50,50)",1000,Regularized Efficient betting,50,0.98,0.010085218420344474,0.00798329105106485,0.01139632579392214,0.3189226090857414,0.2524538294540462,0.36038346466120946,0.31892260908573966,3.2051325540750604,0.006966017760569178,31.94,0.0
"Beta(50,50)",1000,STaR betting,30,0.9666666666666667,0.00947269594038852,0.00802623638787541,0.010387447209977481,0.29955294753858447,0.25381188024609125,0.32847992258290193,0.29955294753858314,3.0104698647029253,0.0008486069661254168,31.633333333333333,0.0
"Beta(50,50)",1000,Square-root feedback,50,0.98,0.01026598783266155,0.009881359236761629,0.010666740306251008,0.32463903982786163,0.3124760156650995,0.3373119457727538,0.32463903982786013,3.2625819720301252,0.000787043699917018,32.02,0.0
"Beta(50,50)",1000,Squared-hinge feedback,50,0.98,0.010302967723407027,0.00983689979442259,0.01075418931639067,0.3258084466516602,0.3110700846521766,0.3400773262844378,0.32580844665165903,3.274334365159791,0.000787043699917018,32.02,0.0
"Beta(50,50)",1000,Target-capped feedback,50,1.0,0.010851065469721416,0.0104880187911148,0.01121190661830729,0.34314081923924716,0.3316602752256869,0.3545516182696739,0.3431408192392454,3.448522553883961,0.000787043699917018,32.32,0.0
"Beta(50,50)",3000,Capped original feedback,50,1.0,0.00580054107121607,0.0055465983129465,0.00620517365841083,0.3177087190440248,0.3037997013420939,0.3398713585948506,0.3177087190440222,3.1929331101380916,0.002319976827129682,31.78,0.0
"Beta(50,50)",3000,Common-clock Efficient betting,30,1.0,0.004709842441439043,0.0045421680581315405,0.00490009384711839,0.2579686947471398,0.2487847905418121,0.26838919339590267,0.25796869474713685,2.592553296351657,0.00388018503629907,123.0,0.0
"Beta(50,50)",3000,Common-clock STaR betting,30,1.0,0.00474718684478049,0.0044997069344428695,0.004935285481165039,0.2600141319578078,0.2464590990156816,0.27031671857618766,0.260014131957805,2.613109685909683,0.00096284256627157,123.0,0.0
"Beta(50,50)",3000,Efficient betting,30,1.0,0.004976283874550644,0.004708573902949697,0.005218886297665037,0.27256229306405966,0.25789921403256905,0.2858501750285762,0.27256229306405966,2.739217144301342,0.00491785299576193,31.266666666666666,0.0
"Beta(50,50)",3000,Gaffke,50,1.0,0.005103571899439148,0.00504714060695619,0.00517181879997388,0.2795341453172332,0.27644327613302366,0.28327218200750265,0.27953414531723086,2.8092833922945264,0.16803791641956192,0.0,0.0
"Beta(50,50)",3000,Regularized Efficient betting,50,1.0,0.005171229988766104,0.0045798233686469,0.00578946244646887,0.283239931489441,0.25084725683972237,0.3171019177760084,0.2832399314894382,2.846526082403684,0.005252259919652664,31.46,0.0
"Beta(50,50)",3000,STaR betting,30,1.0,0.00495362710240517,0.0046533236539284895,0.00520497671518586,0.2713213305456291,0.2548730332629044,0.285088315819648,0.2713213305456265,2.7267456253406004,0.0014331847584495333,31.2,0.0
"Beta(50,50)",3000,Square-root feedback,50,1.0,0.005174316116630336,0.005069965042546171,0.00530981671673307,0.283408965674099,0.2776934219565189,0.29083063919727564,0.2834089656740967,2.8482248549352196,0.0015170708946728021,31.26,0.0
"Beta(50,50)",3000,Squared-hinge feedback,50,1.0,0.005197607404589011,0.00503453582570125,0.005387528030883311,0.2846846820549307,0.2757528838304498,0.2950870631706209,0.2846846820549282,2.861045645890404,0.0015170708946728021,31.36,0.0
"Beta(50,50)",3000,Target-capped feedback,50,1.0,0.005368148159671095,0.00527857337072843,0.00547186849611195,0.29402558390817274,0.28911937065940524,0.2997065807022404,0.29402558390817024,2.9549205477045803,0.0015170708946728021,31.42,0.0
"Beta(50,50)",10000,Capped original feedback,50,1.0,0.002956936172537966,0.00284582975031323,0.00311606351147593,0.2956936172538024,0.2845829750313233,0.31160635114760193,0.2956936172537966,2.9716840753600398,0.005711285301949785,31.44,0.0
"Beta(50,50)",10000,Common-clock Efficient betting,30,1.0,0.0025733806278070634,0.00251422228440748,0.0026083602215681103,0.25733806278071086,0.2514222284407541,0.2608360221568179,0.25733806278070637,2.5862155235263438,0.010581832495517985,123.0,0.0
"Beta(50,50)",10000,Common-clock STaR betting,30,1.0,0.0026170477292612035,0.00250593348262519,0.00268297368299133,0.26170477292612626,0.25059334826252444,0.26829736829913964,0.2617047729261203,2.6301004173612546,0.002414253796450737,123.0,0.0
"Beta(50,50)",10000,Efficient betting,30,1.0,0.002652009763966867,0.002589089443911513,0.002695733913958315,0.2652009763966867,0.2589089443911513,0.2695733913958315,0.2652009763966867,2.665236827386559,0.01435405891000599,31.0,0.0
"Beta(50,50)",10000,Gaffke,50,1.0,0.002675873388145894,0.00265958398879301,0.00269688165390665,0.267587338814593,0.2659583988793029,0.2696881653906657,0.2675873388145894,2.6892194728733942,0.000192104100715314,0.0,0.0
"Beta(50,50)",10000,Regularized Efficient betting,50,1.0,0.002716509789473572,0.00254100602028528,0.0029728874825115602,0.2716509789473625,0.25410060202853074,0.2972887482511649,0.2716509789473572,2.7300585507767234,0.015702671637991394,31.14,0.0
"Beta(50,50)",10000,STaR betting,30,1.0,0.0026781801608408234,0.00259012481518075,0.00274685046910944,0.26781801608408795,0.25901248151808326,0.27468504691094736,0.26781801608408234,2.691537750740438,0.0035044344219689032,31.033333333333335,0.0
"Beta(50,50)",10000,Square-root feedback,50,1.0,0.002706597435820321,0.0026228237858666502,0.00277086852221336,0.2706597435820365,0.2622823785866707,0.27708685222133933,0.2706597435820321,2.720096758643944,0.004230210807484836,31.06,0.0
"Beta(50,50)",10000,Squared-hinge feedback,50,1.0,0.002723537833296805,0.002620201315885359,0.00280822680493788,0.27235378332968563,0.2620201315885423,0.280822680493793,0.2723537833296805,2.737121647405053,0.004230210807484836,31.06,0.0
"Beta(50,50)",10000,Target-capped feedback,50,1.0,0.002750299510769576,0.00272117030396891,0.00278932284909425,0.2750299510769627,0.2721170303968989,0.27893228490942773,0.2750299510769576,2.7640168004064383,0.004230210807484836,31.06,0.0
"Beta(50,50)",30000,Capped original feedback,40,1.0,0.0016329487756400426,0.00158112107188702,0.0017141194631056002,0.2828350245566023,0.27385820294262075,0.2968942000341673,0.2828350245565945,2.842456818090526,0.015456431329948778,31.225,0.0
"Beta(50,50)",30000,Common-clock Efficient betting,30,1.0,0.0014918829234797234,0.00148017145059719,0.00150707957630806,0.2584017022411366,0.25637321563473264,0.26103383972150757,0.25840170224112724,2.5969049678093383,0.030525100238931624,123.0,0.0
"Beta(50,50)",30000,Common-clock STaR betting,30,1.0,0.0015082753131298633,0.00146530289232397,0.0015403345357927801,0.2612409474142872,0.2537979057982833,0.26679376766462043,0.2612409474142781,2.62543902865737,0.006666983113003223,123.0,0.0
"Beta(50,50)",30000,Efficient betting,30,1.0,0.001518584778155463,0.0015057733470801304,0.0015351105407933774,0.26302659913659737,0.26080759418258315,0.2658889451888665,0.26302659913659737,2.643384606369267,0.041912576544564165,31.0,0.0
"Beta(50,50)",30000,Gaffke,40,1.0,0.0015167791863147176,0.0015111606903933101,0.00152270314759534,0.26271386145601483,0.2617407094162189,0.26373992164801874,0.26271386145600706,2.640241631577335,0.00022343579767034,0.0,0.0
"Beta(50,50)",30000,Regularized Efficient betting,40,1.0,0.0015485325869070174,0.0014455610462687,0.0016329152904662001,0.26821371176991077,0.25037851775798814,0.2828292247543621,0.2682137117699022,2.695514443166772,0.04366912834811951,31.0,0.0
"Beta(50,50)",30000,STaR betting,30,1.0,0.0015271052650487732,0.0014784782161443302,0.0015636239406312,0.26450239075704907,0.25607993882459235,0.27082761091044116,0.26450239075704124,2.6582161285974593,0.00982061614437644,31.0,0.0
"Beta(50,50)",30000,Square-root feedback,40,1.0,0.0015304311465348115,0.0014836336288281426,0.0015632477669515299,0.26507845032842486,0.2569728824948134,0.27076245571786817,0.2650784503284183,2.6640054556401473,0.012119396392275375,31.0,0.0
"Beta(50,50)",30000,Squared-hinge feedback,40,1.0,0.0015367885645291282,0.0014825014194242592,0.00158165366415467,0.26617958742553705,0.2567767780735795,0.2739504506293436,0.26617958742552916,2.6750717465079266,0.012119396392275375,31.025,0.0
"Beta(50,50)",30000,Target-capped feedback,40,1.0,0.0015420555362140175,0.0015295623002120201,0.0015536794922607,0.26709185368156346,0.26492796173092586,0.26910518192734173,0.2670918536815547,2.6842399089143325,0.012119396392275375,31.0,0.0
"Beta(50,50)",100000,Capped original feedback,40,1.0,0.0008559210856115374,0.0008429944023465501,0.00087073566981643,0.27066601278965974,0.2665782366187639,0.27535079565723003,0.2706660127896432,2.7201597634007966,0.0493558417729218,31.0,0.0
"Beta(50,50)",100000,Common-clock Efficient betting,30,1.0,0.0008106788878214867,0.00080440810122444,0.0008161511562887499,0.25635917365281985,0.2543761768160602,0.2580896568852583,0.25635917365280353,2.576377809544171,0.09957679949390387,123.0,0.0
"Beta(50,50)",100000,Common-clock STaR betting,30,1.0,0.0008283170824355799,0.00080153772021082,0.000845512556097,0.26193686053220405,0.2534684826405253,0.26737454675374245,0.26193686053218845,2.6324328689355405,0.02265634899182861,123.0,0.0
"Beta(50,50)",100000,Efficient betting,30,1.0,0.0008183482996201289,0.0008120928673394923,0.0008238108462042037,0.25878445461255134,0.256806313236976,0.26051186351559624,0.25878445461255134,2.6007515815357847,0.13567231857450676,31.0,0.0
"Beta(50,50)",100000,Gaffke,40,1.0,0.0008210539333531801,0.00081893030005031,0.00082319305523833,0.2596400511236284,0.2589684993084164,0.26031650085860497,0.2596400511236139,2.609350220053935,0.000267212350445285,0.0,0.0
"Beta(50,50)",100000,Regularized Efficient betting,40,1.0,0.000823096985189265,0.0007849376174148,0.00087080856359105,0.2602861208416121,0.24821906921767364,0.275373846692744,0.26028612084159564,2.6158431403622435,0.13797677649854445,31.0,0.0
"Beta(50,50)",100000,STaR betting,30,1.0,0.0008336734496809366,0.00080531294136286,0.00085185719469907,0.2636306925801697,0.25466231239164255,0.2693808976450745,0.26363069258015337,2.6494556703406635,0.03217989020049567,31.0,0.0
"Beta(50,50)",100000,Square-root feedback,40,1.0,0.0008346452801320572,0.00080668429887834,0.0008514380847553446,0.26393801235267145,0.25509597371515863,0.2692483634438522,0.26393801235265835,2.6525441958302225,0.03833152297447664,31.0,0.0
"Beta(50,50)",100000,Squared-hinge feedback,40,1.0,0.000839290567663671,0.00080323628188526,0.0008642233216839899,0.2654069812513014,0.25400561500426655,0.27329141035578913,0.2654069812512864,2.6673071505527486,0.03833152297447664,31.0,0.0
"Beta(50,50)",100000,Target-capped feedback,40,1.0,0.00082736551920602,0.00082413637097184,0.00083050330521238,0.2616359498178956,0.26061480348565236,0.26262820487692934,0.26163594981788096,2.629408753683678,0.03833152297447664,31.0,0.0
"Beta(50,50)",300000,Capped original feedback,30,1.0,0.0004878303558665733,0.00048206239082519,0.0004932272718112,0.2671956901439172,0.26403644557984857,0.27015170274773087,0.2671956901438949,2.685283452445925,0.14559763506404122,31.0,0.0
"Beta(50,50)",300000,Common-clock Efficient betting,30,0.9666666666666667,0.00046820159441171664,0.00046586125973737,0.00046982032235432,0.2564445747192088,0.25516272062594053,0.2573311885278156,0.256444574719182,2.5772360796392912,0.28443416829686613,123.0,0.0
"Beta(50,50)",300000,Common-clock STaR betting,30,0.9666666666666667,0.00047598293149082996,0.00045673133281934,0.0004864454727487,0.2607065885649929,0.2501620537045814,0.2664371584207324,0.2607065885649637,2.6200687886849163,0.06718248986483857,123.0,0.0
"Beta(50,50)",300000,Efficient betting,30,1.0,0.00047075364945305397,0.0004683729534296355,0.00047240251512360444,0.2578423928333172,0.25653843191872805,0.2587455137553736,0.2578423928333172,2.5912839778270693,0.4027806076570414,31.0,0.0
"Beta(50,50)",300000,Gaffke,30,0.9666666666666667,0.00047149230042017003,0.00047074632273458,0.0004722276518645,0.2582469686301577,0.2578383798243656,0.25864973720389456,0.25824696863012964,2.595349914264594,0.00037186483192873664,0.0,0.0
"Beta(50,50)",300000,Regularized Efficient betting,30,1.0,0.00047137288886337663,0.00045600507293751,0.00048465924980088004,0.25818156422687866,0.2497642647846778,0.2654588038195057,0.2581815642268471,2.5946926081465653,0.4202176210315277,31.0,0.0
"Beta(50,50)",300000,STaR betting,30,0.9666666666666667,0.0004779643902415767,0.00045861076365605,0.0004883469735456101,0.26179187821954025,0.2511914603691151,0.2674786533003465,0.26179187821951366,2.630975814726007,0.09559650317144887,31.0,0.0
"Beta(50,50)",300000,Square-root feedback,30,0.9666666666666667,0.0004780472691744562,0.00045861076365605,0.0004885741622815314,0.26183727288061326,0.2511914603691151,0.2676030896957957,0.2618372728805938,2.6314320254236607,0.11253556002306539,31.0,0.0
"Beta(50,50)",300000,Squared-hinge feedback,30,0.9666666666666667,0.0004803230921675134,0.0004558639143526,0.0004932622704701041,0.26308379247080443,0.2496869490435494,0.27017087230269216,0.2630837924707801,2.6439593922643723,0.11253556002306539,31.0,0.0
"Beta(50,50)",300000,Target-capped feedback,30,1.0,0.00047359028809183665,0.00047255370879029004,0.00047467447188502,0.25939608380329476,0.2588283259372122,0.2599899157233091,0.25939608380326923,2.606898378828964,0.11253556002306539,31.0,0.0
"Beta(50,50)",1000000,Capped original feedback,20,0.95,0.00026438282541213,0.00026128244732258,0.00026730553095318,0.26438282541218494,0.2612824473226693,0.2673055309532102,0.26438282541213,2.657014511752978,0.48069048004399517,31.0,0.0
"Beta(50,50)",1000000,Common-clock Efficient betting,30,0.9666666666666667,0.00025656869893814335,0.00025614942072005,0.0002570172039788,0.2565686989381958,0.25614942072013086,0.25701720397883765,0.2565686989381433,2.578483512601679,0.9295917779750501,123.0,0.0
"Beta(50,50)",1000000,Common-clock STaR betting,30,0.9666666666666667,0.00026053696101693,0.00024559981417093,0.00026741592753797,0.26053696101697904,0.24559981417094923,0.26741592753800053,0.26053696101692997,2.618364052925462,0.22921690630416072,123.0,0.0
"Beta(50,50)",1000000,Efficient betting,30,0.9666666666666667,0.0002573361557837772,0.00025688939565723934,0.0002577787287798561,0.2573361557837772,0.25688939565723934,0.2577787287798561,0.2573361557837772,2.5861963584443894,1.3250008765918513,31.0,0.0
"Beta(50,50)",1000000,Gaffke,20,0.95,0.00025737699390310004,0.00025714227137522,0.00025760654173198,0.25737699390313284,0.25714227137522133,0.25760654173198616,0.2573769939031,2.5866067764644747,0.00074735920352391,0.0,0.0
"Beta(50,50)",1000000,Regularized Efficient betting,20,0.95,0.00026238772605555996,0.00025374798967315,0.00027411265768251004,0.26238772605560456,0.25374798967323636,0.2741126576825348,0.26238772605556,2.6369640113675668,1.3763509165961296,31.0,0.0
"Beta(50,50)",1000000,STaR betting,30,0.9666666666666667,0.00026104525621927665,0.00024459507279565,0.00026796358519493,0.26104525621932584,0.24459507279573356,0.2679635851949635,0.26104525621927666,2.6234723564878597,0.3148970421636477,31.0,0.0
"Beta(50,50)",1000000,Square-root feedback,20,0.95,0.00026099677096750836,0.00024459507279565,0.00026805744279458,0.2609967709675448,0.24459507279573356,0.2680574427946558,0.26099677096750834,2.6229850857380113,0.37328888676420313,31.0,0.0
"Beta(50,50)",1000000,Squared-hinge feedback,20,0.95,0.00026197281435908756,0.00024312118474054,0.00027183706556759,0.2619728143591238,0.24312118474056899,0.2718370655676261,0.26197281435908754,2.632794200424197,0.37328888676420313,31.0,0.0
"Beta(50,50)",1000000,Target-capped feedback,20,0.95,0.00025803643860703503,0.00025762558725224,0.00025844598347953,0.25803643860708714,0.25762558725230256,0.25844598347958825,0.258036438607035,2.593234113718222,0.37328888676420313,31.0,0.0
"Beta(50,50)",3000000,Capped original feedback,15,1.0,0.00015186786974414666,0.00015026584145526,0.00015384688403257999,0.26304286643418223,0.26026807204264873,0.2664706197306474,0.2630428664341143,2.643548090686647,1.4320963020669297,31.0,0.0
"Beta(50,50)",3000000,Common-clock Efficient betting,30,1.0,0.00014801515124641333,0.00014787726153576,0.00014818312245712002,0.2563697622488625,0.2561309302641571,0.2566606969199682,0.2563697622487797,2.576484223617402,2.6810482426468902,123.0,0.0
"Beta(50,50)",3000000,Common-clock STaR betting,30,1.0,0.00014927153755986002,0.00014452802116843,0.00015329052358709,0.2585458871776811,0.25032987578111615,0.26550697517178223,0.25854588717760346,2.59835400848805,0.6690580750194689,123.0,0.0
"Beta(50,50)",3000000,Efficient betting,30,1.0,0.00014826879794004136,0.00014813005066345862,0.00014843255843862145,0.25680909120931533,0.2565687738768622,0.2570927327131288,0.25680909120931533,2.5808994250267485,3.9773212915014784,31.0,0.0
"Beta(50,50)",3000000,Gaffke,15,1.0,0.00014832211642146667,0.00014824094280938,0.00014838153979826,0.2569014415282466,0.2567608447079026,0.2570043658360035,0.2569014415281264,2.58182753424554,0.0017350505959863002,0.0,0.0
"Beta(50,50)",3000000,Regularized Efficient betting,15,1.0,0.00014772496650318666,0.00014397247323364,0.00015210868725304,0.25586714753001805,0.2493676385321186,0.2634599745949442,0.2558671475299298,2.571433008207671,4.162667393657224,31.0,0.0
"Beta(50,50)",3000000,STaR betting,30,1.0,0.00014944365327975332,0.00014464335591269002,0.00015348332521654,0.258844000349314,0.25052964141816886,0.2658409173897727,0.25884400034924004,2.6013500087839776,0.9462253450571249,31.0,0.0
"Beta(50,50)",3000000,Square-root feedback,15,1.0,0.00014976823740233658,0.0001429363916721591,0.00015398851624613962,0.25940619654094244,0.24757309262677565,0.2667159339204593,0.25940619654088437,2.6070000105845255,1.0930233667294185,31.0,0.0
"Beta(50,50)",3000000,Squared-hinge feedback,15,1.0,0.00015012247980208813,0.0001400415885853605,0.0001558066734889871,0.26001976237551244,0.24255914660253983,0.2698650746412824,0.26001976237544916,2.6131662709073225,1.0930233667294185,31.0,0.0
"Beta(50,50)",3000000,Target-capped feedback,15,1.0,0.00014860078653091332,0.00014849933947146,0.00014868789538583998,0.2573841123163347,0.25720840085505176,0.2575349892788869,0.25738411231623876,2.586678315631773,1.0930233667294185,31.0,0.0
"Beta(50,50)",10000000,Capped original feedback,10,1.0,8.296188068052102e-05,8.20947505826508e-05,8.411381095657644e-05,0.2623485019215662,0.25960639578461175,0.2659912252996079,0.2623485019215663,2.636569813699136,4.746835276094498,31.0,0.0
"Beta(50,50)",10000000,Common-clock Efficient betting,30,1.0,8.105709706981434e-05,8.09921315262363e-05,8.110534087452104e-05,0.2563250472619737,0.25611960817483614,0.2564776075678392,0.2563250472619737,2.5760348435607696,8.720327771517137,123.0,0.0
"Beta(50,50)",10000000,Common-clock STaR betting,30,1.0,8.260541392338487e-05,8.107371409946107e-05,8.4099258116771e-05,0.26122125505888194,0.25637759492360385,0.2659452051793992,0.261221255058882,2.62524112293486,2.1796861971418062,123.0,0.0
"Beta(50,50)",10000000,Efficient betting,30,1.0,8.113321242349536e-05,8.106879858721939e-05,8.118304102290308e-05,0.256565745144515,0.25636205070905377,0.25672331701125956,0.256565745144515,2.578453827342616,13.125619409644665,31.0,0.0
"Beta(50,50)",10000000,Gaffke,10,1.0,8.115405331150516e-05,8.114209382605874e-05,8.117214742190404e-05,0.2566316498190864,0.2565938306054321,0.2566888684201814,0.2566316498190865,2.5791161611248703,0.0060628028993959995,0.0,0.0
"Beta(50,50)",10000000,Regularized Efficient betting,10,1.0,8.144199058768842e-05,7.996782225769272e-05,8.339595020035451e-05,0.2575421874350905,0.2528804578578174,0.2637211502670957,0.25754218743509055,2.588266950914063,13.839239942497807,31.0,0.0
"Beta(50,50)",10000000,STaR betting,30,1.0,8.268173508183171e-05,8.110638775216117e-05,8.426521547399979e-05,0.26146260375323654,0.2564809180856136,0.26647000842270435,0.26146260375323654,2.627666647294444,3.1464328549491865,31.0,0.0
"Beta(50,50)",10000000,Square-root feedback,10,1.0,8.227872511152313e-05,8.096361981068112e-05,8.38568059365108e-05,0.2601881743273046,0.25602944621368295,0.26517850406610316,0.2601881743273046,2.614858790075951,3.69036948843083,31.0,0.0
"Beta(50,50)",10000000,Squared-hinge feedback,10,1.0,8.270350649681734e-05,8.081257820610199e-05,8.464355797173084e-05,0.2615314510124759,0.25555181072176636,0.2676664324511716,0.26153145101247594,2.6283585536866743,3.69036948843083,31.0,0.0
"Beta(50,50)",10000000,Target-capped feedback,10,1.0,8.123435749934348e-05,8.11986570940948e-05,8.129155732979897e-05,0.25688559395830557,0.25677269936432867,0.25706647570432034,0.25688559395830557,2.581668268138735,3.69036948843083,31.0,0.0
"Uniform(0,1)",1000,Capped original feedback,50,1.0,0.053301808390459546,0.05040747513920059,0.05617607419135704,1.6855511791972586,1.5940243253818727,1.7764434445128992,1.6855511791972573,2.9194602811272854,0.001367774421814776,31.22,0.0
"Uniform(0,1)",1000,Common-clock Efficient betting,30,0.9666666666666667,0.04727964315868981,0.04616810376968986,0.048396811768233516,1.4951135934145765,1.4599636316322584,1.5304415667805922,1.4951135934145752,2.5896127068809234,0.0018201733318467467,123.0,0.0
"Uniform(0,1)",1000,Common-clock STaR betting,30,0.9666666666666667,0.04808725775668827,0.04650888364012902,0.04946075686565922,1.5206526094273407,1.4707400373455086,1.5640864649129411,1.5206526094273392,2.6338475801903463,0.00057142189082994,123.0,0.0
"Uniform(0,1)",1000,Efficient betting,30,0.9666666666666667,0.047702228052186275,0.04654792788729898,0.04888844179733942,1.5084769010968602,1.4719747248513426,1.545988273361685,1.5084769010968602,2.6127586347438148,0.00214979829809934,31.0,0.0
"Uniform(0,1)",1000,Gaffke,50,0.96,0.04791455967845728,0.04725067032259705,0.04876309700567509,1.5151914166799019,1.4941973918912994,1.5420245230167011,1.5151914166799005,2.624388516881856,0.016473068757913954,0.0,0.0
"Uniform(0,1)",1000,Regularized Efficient betting,50,0.96,0.05068898487117303,0.04712520345840238,0.05471758469083883,1.6029264447472358,1.4902297812739556,1.7303219568621118,1.6029264447472342,2.7763500430979593,0.002255428442731448,31.22,0.0
"Uniform(0,1)",1000,STaR betting,30,0.9666666666666667,0.048320826507783535,0.04685203880998758,0.049617761186543,1.5280387018643606,1.4815915566216582,1.5690513774777484,1.5280387018643589,2.646640667560665,0.0008056671048203634,31.0,0.0
"Uniform(0,1)",1000,Square-root feedback,50,0.98,0.04839879395544726,0.04719446498645468,0.04955684113349532,1.5305042490440337,1.4924200231026465,1.5671249162496588,1.5305042490440326,2.6509111205443174,0.000584436844510442,31.0,0.0
"Uniform(0,1)",1000,Squared-hinge feedback,50,0.98,0.04865580378570791,0.047114343152939435,0.05015440527389013,1.5386316134908031,1.4898863482604747,1.586021553566541,1.5386316134908018,2.664988128697751,0.000584436844510442,31.0,0.0
"Uniform(0,1)",1000,Target-capped feedback,50,0.98,0.04916941057675392,0.04808720945493338,0.050367244867397666,1.5548732863051589,1.5206510819917376,1.5927521324840215,1.5548732863051575,2.6931195312121248,0.000584436844510442,31.0,0.0
"Uniform(0,1)",3000,Capped original feedback,50,1.0,0.029398168244746392,0.0283700652443713,0.030468002373136602,1.6102039896979685,1.5538924692235512,1.6688012181887895,1.6102039896979656,2.788955120706995,0.002262973876204292,31.08,0.0
"Uniform(0,1)",3000,Common-clock Efficient betting,30,0.9666666666666667,0.027235279685560606,0.02696236357940241,0.0276144605471761,1.4917377043743774,1.4767894736094473,1.5125062955024822,1.4917377043743754,2.583765495542584,0.00393032364857688,123.0,0.0
"Uniform(0,1)",3000,Common-clock STaR betting,30,0.9666666666666667,0.027871713372073073,0.027547637840551052,0.02829059548255524,1.5265966130202828,1.5088462651252723,1.5495397311049275,1.5265966130202802,2.6441428964136944,0.0009937248425557733,123.0,0.0
"Uniform(0,1)",3000,Efficient betting,30,0.9666666666666667,0.027360136171602024,0.027097211056903343,0.027757492052207976,1.4985763757599464,1.4841753741344363,1.5203404536764675,1.4985763757599464,2.595610421838657,0.00491619097301731,31.0,0.0
"Uniform(0,1)",3000,Gaffke,50,0.98,0.027521617944691067,0.027256418743520888,0.02780217351228646,1.5074210967346295,1.4928955382633051,1.5227877580351945,1.5074210967346264,2.610929927945578,0.14691075792768968,0.0,0.0
"Uniform(0,1)",3000,Regularized Efficient betting,50,0.94,0.02852406766034909,0.0261244234843198,0.03082159006471867,1.562327528937683,1.4308936044179703,1.6881680136623556,1.5623275289376803,2.706030658183602,0.005077427516225672,31.02,0.0
"Uniform(0,1)",3000,STaR betting,30,0.9666666666666667,0.027937958945026504,0.027561300269538232,0.02838119039819382,1.5302250324844275,1.5095945871799346,1.5545018189939788,1.5302250324844249,2.6504275032767644,0.0014325974664339968,31.0,0.0
"Uniform(0,1)",3000,Square-root feedback,50,0.96,0.027925592519319968,0.027185664520732802,0.02841300130580213,1.5295476954529093,1.4890201698773256,1.5562441741611606,1.5295476954529068,2.649254321124327,0.001171645918511736,31.0,0.0
"Uniform(0,1)",3000,Squared-hinge feedback,50,0.98,0.02812733964629846,0.02706259691499357,0.028802468470071958,1.5405978406887073,1.4822794795011744,1.5775761692889765,1.5405978406887046,2.6683937341037445,0.001171645918511736,31.0,0.0
"Uniform(0,1)",3000,Target-capped feedback,50,0.98,0.02781501590819961,0.02742778690520526,0.02822624883705282,1.5234911650286,1.5022817590425759,1.5460153201807814,1.5234911650285972,2.6387641027118365,0.001171645918511736,31.0,0.0
"Uniform(0,1)",10000,Capped original feedback,50,0.98,0.01578820098657291,0.015337344890161302,0.016496290730030363,1.578820098657296,1.5337344890161348,1.6496290730030456,1.578820098657291,2.7345966268853443,0.005552327834302501,31.04,0.0
"Uniform(0,1)",10000,Common-clock Efficient betting,30,1.0,0.014903465803680273,0.014785549717354001,0.015024010093148571,1.4903465803680327,1.4785549717354074,1.5024010093148654,1.4903465803680274,2.581355998083966,0.011018597194924897,123.0,0.0
"Uniform(0,1)",10000,Common-clock STaR betting,30,1.0,0.015211528428982107,0.0147226462170223,0.01547696464843565,1.5211528428982157,1.4722646217022328,1.5476964648435685,1.5211528428982106,2.6347140099775483,0.0025194425756732202,123.0,0.0
"Uniform(0,1)",10000,Efficient betting,30,1.0,0.014940405153088464,0.014816339619540191,0.015068860088662917,1.4940405153088463,1.4816339619540193,1.5068860088662916,1.4940405153088463,2.5877540810813096,0.01451504377182569,31.0,0.0
"Uniform(0,1)",10000,Gaffke,50,0.98,0.014985938927007898,0.01489049767480498,0.01506959630326533,1.4985938927007945,1.4890497674804999,1.5069596303265342,1.49859389270079,2.5956407620701984,0.000211277095368084,0.0,0.0
"Uniform(0,1)",10000,Regularized Efficient betting,50,0.98,0.015411176944257053,0.01442642258787415,0.01660970241797257,1.5411176944257106,1.4426422587874177,1.660970241797264,1.541117694425705,2.6692941471887384,0.014924612815957462,31.0,0.0
"Uniform(0,1)",10000,STaR betting,30,1.0,0.0152170603915179,0.0146994962070093,0.01549431673882326,1.521706039151795,1.4699496207009317,1.5494316738823322,1.52170603915179,2.6356721739953044,0.0035038828306520565,31.0,0.0
"Uniform(0,1)",10000,Square-root feedback,50,1.0,0.015218848567845696,0.01470308853878898,0.01554187442307212,1.5218848567845746,1.4703088538789062,1.5541874423072195,1.5218848567845698,2.6359818952205676,0.0033057214191648536,31.0,0.0
"Uniform(0,1)",10000,Squared-hinge feedback,50,1.0,0.015303379560964362,0.01464946637573297,0.01575127373780705,1.5303379560964405,1.4649466375733011,1.5751273737807125,1.530337956096436,2.650623092710145,0.0033057214191648536,31.0,0.0
"Uniform(0,1)",10000,Target-capped feedback,50,0.98,0.015095211761478978,0.01494221037967452,0.01525684490599117,1.5095211761479035,1.4942210379674548,1.5256844905991211,1.509521176147898,2.6145673721892977,0.0033057214191648536,31.0,0.0
"Uniform(0,1)",30000,Capped original feedback,40,0.975,0.008992289340327543,0.00882220540369992,0.00921333671082372,1.5575102013807411,1.5280507994016994,1.5957967290386326,1.5575102013807327,2.6976868020982776,0.015148808281810444,31.0,0.0
"Uniform(0,1)",30000,Common-clock Efficient betting,30,0.9333333333333333,0.00858778693920017,0.00855522936005263,0.0086231605408762,1.4874483303271202,1.4818091922016203,1.4935752178620787,1.487448330327111,2.5763360817600667,0.031048107411091475,123.0,0.0
"Uniform(0,1)",30000,Common-clock STaR betting,30,0.9333333333333333,0.008716567157575458,0.00835348548028037,0.008952213084078809,1.5097537184507006,1.4468661272134553,1.5505687901807483,1.5097537184506924,2.614970147272652,0.006922102447909564,123.0,0.0
"Uniform(0,1)",30000,Efficient betting,30,0.9333333333333333,0.008600034050438018,0.008568830761446055,0.008634766496092905,1.489569592218101,1.4841650240283677,1.49558542827264,1.489569592218101,2.580010215131406,0.04169672344578425,31.0,0.0
"Uniform(0,1)",30000,Gaffke,40,0.95,0.008621955549899547,0.00859491502163064,0.008650517610320931,1.4933665073026563,1.4886829504201309,1.4983136012845237,1.4933665073026474,2.5865866649698797,0.000231680076103605,0.0,0.0
"Uniform(0,1)",30000,Regularized Efficient betting,40,0.95,0.008660575517170189,0.00805385039626332,0.00913472032296496,1.5000556818525959,1.394967808288686,1.5821799712307307,1.5000556818525874,2.5981726551510715,0.04258823510317593,31.0,0.0
"Uniform(0,1)",30000,STaR betting,30,0.9333333333333333,0.008724300806798296,0.00836074310791147,0.00895711241253301,1.5110932257888874,1.4481231851934135,1.5514173787613117,1.5110932257888796,2.6172902420395023,0.009837149875238486,31.0,0.0
"Uniform(0,1)",30000,Square-root feedback,40,0.95,0.008720675443313787,0.00836163563163559,0.008957112412533018,1.5104652944137782,1.4482777748371198,1.5514173787613117,1.510465294413772,2.6162026329941463,0.00931343501833903,31.0,0.0
"Uniform(0,1)",30000,Squared-hinge feedback,40,0.95,0.008745773199564835,0.00829733322940694,0.00905789275859401,1.514812353312059,1.4371402720662398,1.5688730467395158,1.5148123533120517,2.6237319598694633,0.00931343501833903,31.0,0.0
"Uniform(0,1)",30000,Target-capped feedback,40,0.95,0.008659220194091807,0.00861700981322039,0.00870467472303278,1.4998209330093526,1.4925098805817383,1.5076938883653384,1.4998209330093446,2.5977660582275566,0.00931343501833903,31.0,0.0
"Uniform(0,1)",100000,Capped original feedback,40,0.975,0.004870450361919092,0.00480444560812738,0.00494781566914001,1.540171637445591,1.5192991016075554,1.5646366957152762,1.5401716374455745,2.667655528432316,0.049279771681176456,31.0,0.0
"Uniform(0,1)",100000,Common-clock Efficient betting,30,0.9666666666666667,0.0047018165549839305,0.00469195079408892,0.00471437474917214,1.4868449454035682,1.4837251178756705,1.4908161950969177,1.4868449454035535,2.5752909884159534,0.09747040718793865,123.0,0.0
"Uniform(0,1)",100000,Common-clock STaR betting,30,0.9666666666666667,0.0047892437255630605,0.00468227285073894,0.00490881881266979,1.5144918442449788,1.480664683470482,1.5523048069120053,1.5144918442449646,2.623176821880994,0.022177596444574448,123.0,0.0
"Uniform(0,1)",100000,Efficient betting,30,0.9666666666666667,0.004705526523841879,0.004695523737415419,0.004717629502665072,1.4880181405674948,1.4848549817619117,1.4918454385229019,1.4880181405674948,2.5773230220470693,0.13445348627865308,31.0,0.0
"Uniform(0,1)",100000,Gaffke,40,0.975,0.004713632423690245,0.00470690159495989,0.00472293359649956,1.490581451168116,1.4884529762352732,1.4935227402669458,1.4905814511680995,2.5817628062429243,0.00027629662217800246,0.0,0.0
"Uniform(0,1)",100000,Regularized Efficient betting,40,0.975,0.004655603425290835,0.00444064286885438,0.00491154727747999,1.4722310706400745,1.4042545740964414,1.5531676232435987,1.4722310706400594,2.5499790148301344,0.13817765552812486,31.0,0.0
"Uniform(0,1)",100000,STaR betting,30,0.9666666666666667,0.00479218382028789,0.00469297680916667,0.0049099320583437505,1.5154215838316922,1.4840495723316085,1.5526568461045156,1.5154215838316754,2.62478717808299,0.03192870684433725,31.0,0.0
"Uniform(0,1)",100000,Square-root feedback,40,0.975,0.004801243479512087,0.004693139954403536,0.004910330625776565,1.518286499629031,1.4841011633854162,1.5527828841933975,1.5182864996290173,2.6297493578033877,0.02967670163125144,31.0,0.0
"Uniform(0,1)",100000,Squared-hinge feedback,40,0.975,0.004825170437322921,0.004664436876288304,0.004971656540164253,1.5258528680451302,1.4750244531152272,1.572175841099144,1.5258528680451164,2.642854692328856,0.02967670163125144,31.0,0.0
"Uniform(0,1)",100000,Target-capped feedback,40,0.975,0.0047256728399903605,0.00471641616012274,0.00473410122610534,1.4943889651166107,1.4914617459213408,1.4970542548288903,1.4943889651165976,2.588357613852245,0.02967670163125144,31.0,0.0
"Uniform(0,1)",300000,Capped original feedback,30,0.9666666666666667,0.0027928578685829167,0.00275797446778292,0.00282937489993916,1.529711254528688,1.5106048290280256,1.5497124563356233,1.5297112545286624,2.6495376137536146,0.14596169153034375,31.0,0.0
"Uniform(0,1)",300000,Common-clock Efficient betting,30,0.9666666666666667,0.0027165797694936266,0.0027130244962760798,0.00271925926079537,1.4879320190138674,1.4859847156745172,1.489399636842454,1.4879320190138439,2.577173855140559,0.2813684919771428,123.0,0.0
"Uniform(0,1)",300000,Common-clock STaR betting,30,0.9666666666666667,0.002789178832218833,0.00272892625011332,0.0028331677626540802,1.527696163322203,1.494694464955061,1.5517898928021017,1.5276961633221722,2.6460473734020975,0.06634111706322673,123.0,0.0
"Uniform(0,1)",300000,Efficient betting,30,0.9666666666666667,0.0027178185489094785,0.002714223016272321,0.0027205236088001018,1.488610526443679,1.486641172112062,1.490092148765176,1.488610526443679,2.5783490644823064,0.3988894759289299,31.0,0.0
"Uniform(0,1)",300000,Gaffke,30,0.9666666666666667,0.0027191692294808935,0.00271628210193058,0.00272142661397999,1.489350324660655,1.4877689797749674,1.4905867450717805,1.489350324660627,2.579630432581457,0.00039302089329183335,0.0,0.0
"Uniform(0,1)",300000,Regularized Efficient betting,30,0.9666666666666667,0.0027414546268018465,0.00261930169378292,0.00283380171896274,1.5015565394763053,1.4346506225964046,1.5521371249728515,1.5015565394762784,2.6007722168102636,0.4084495239677684,31.0,0.0
"Uniform(0,1)",300000,STaR betting,30,0.9666666666666667,0.00279018117285412,0.00273256053958611,0.00283342104535965,1.5282451678984545,1.4966850472798099,1.5519286214533925,1.5282451678984226,2.646998277221753,0.0948500600798676,31.0,0.0
"Uniform(0,1)",300000,Square-root feedback,30,0.9666666666666667,0.0027902020902833813,0.00273256053958611,0.0028335150931721098,1.5282566248463005,1.4966850472798099,1.551980133561749,1.5282566248462741,2.6470181212375223,0.08665966390835815,31.0,0.0
"Uniform(0,1)",300000,Squared-hinge feedback,30,0.9666666666666667,0.0028070946006465516,0.0027188251909240698,0.00287475794666904,1.5375090338250947,1.4891618869824508,1.5745697747578926,1.5375090338250723,2.6630437636811997,0.08665966390835815,31.0,0.0
"Uniform(0,1)",300000,Target-capped feedback,30,0.9666666666666667,0.00272484941821094,0.00272089629800744,0.0027299848613358702,1.4924614921589863,1.4902962790509957,1.4952742902013063,1.49246149215896,2.5850191327594234,0.08665966390835815,31.0,0.0
"Uniform(0,1)",1000000,Capped original feedback,20,1.0,0.001517922229767275,0.0015014940700574999,0.00153432824322969,1.5179222297673296,1.5014940700575519,1.5343282432297323,1.517922229767275,2.629118423895254,0.4804956693551503,31.0,0.0
"Uniform(0,1)",1000000,Common-clock Efficient betting,30,1.0,0.0014873793780511132,0.00148627416037556,0.00148886298723968,1.4873793780511586,1.4862741603755725,1.4888629872396917,1.4873793780511133,2.576216652914804,0.9180587669601664,123.0,0.0
"Uniform(0,1)",1000000,Common-clock STaR betting,30,1.0,0.0015144096596454266,0.00145672251274627,0.00155126497616683,1.514409659645477,1.4567225127463113,1.551264976166894,1.5144096596454266,2.623034473979057,0.22805234612120934,123.0,0.0
"Uniform(0,1)",1000000,Efficient betting,30,1.0,0.001487748527449817,0.001486640482850027,0.0014892448187572628,1.487748527449817,1.4866404828500268,1.4892448187572627,1.487748527449817,2.5768560384288643,1.3206750650967782,31.0,0.0
"Uniform(0,1)",1000000,Gaffke,20,1.0,0.001488401787550455,0.00148760878018465,0.00148958813697628,1.4884017875505084,1.4876087801846738,1.489588136976372,1.4884017875504552,2.5779875181138188,0.0007894652982940399,0.0,0.0
"Uniform(0,1)",1000000,Regularized Efficient betting,20,1.0,0.001501257731385295,0.0014696639453602501,0.0015336792164656,1.5012577313853415,1.4696639453602556,1.5336792164656885,1.5012577313852948,2.6002546660150014,1.3459219915006542,31.0,0.0
"Uniform(0,1)",1000000,STaR betting,30,1.0,0.0015147635760451698,0.0014572357372743898,0.0015513474309688498,1.5147635760452194,1.4572357372744593,1.5513474309688857,1.5147635760451699,2.623647475165043,0.313804162099647,31.0,0.0
"Uniform(0,1)",1000000,Square-root feedback,20,1.0,0.0015193540753731924,0.00148199270309786,0.0015513474309688498,1.519354075373236,1.481992703097923,1.5513474309688857,1.5193540753731924,2.6315984532332783,0.28373776971129694,31.0,0.0
"Uniform(0,1)",1000000,Squared-hinge feedback,20,1.0,0.0015282321106626874,0.00147609301922618,0.0015719063663166993,1.5282321106627195,1.4760930192262764,1.5719063663166999,1.5282321106626875,2.646975661426054,0.28373776971129694,31.0,0.0
"Uniform(0,1)",1000000,Target-capped feedback,20,1.0,0.0014900373641589851,0.0014885677682411299,0.00149189693368743,1.4900373641590385,1.4885677682411835,1.491896933687481,1.490037364158985,2.5808204198994646,0.28373776971129694,31.0,0.0
"Uniform(0,1)",3000000,Capped original feedback,15,1.0,0.0008820510745251667,0.0008647981519079,0.00090890634882402,1.5277572759483866,1.4978743373961845,1.5742719754852257,1.5277572759483107,2.6461532235756313,1.4409418480664802,31.066666666666666,0.0
"Uniform(0,1)",3000000,Common-clock Efficient betting,30,1.0,0.0008586889442083266,0.0008583329379675899,0.00085904103210835,1.487292879266572,1.4866762583697655,1.487902713398163,1.4872928792664988,2.576066832625107,2.6928087562012175,123.0,0.0
"Uniform(0,1)",3000000,Common-clock STaR betting,30,1.0,0.0008730525625639133,0.0008526273389474,0.0008958522183243199,1.5121713960389915,1.4767938709791824,1.5516615582110893,1.5121713960389038,2.619157687691892,0.6736927728479107,123.0,0.0
"Uniform(0,1)",3000000,Efficient betting,30,1.0,0.0008588126251130941,0.0008584417844372139,0.0008591583587982288,1.4875071008774823,1.4868647859853443,1.4881059291860232,1.4875071008774823,2.5764378753392827,3.93773496398159,31.0,0.0
"Uniform(0,1)",3000000,Gaffke,15,1.0,0.0008589747682693267,0.00085881794956104,0.000859115950823,1.4877879410622608,1.487516323091907,1.4880324764184107,1.4877879410621764,2.576924304808126,0.00181121918916076,0.0,0.0
"Uniform(0,1)",3000000,Regularized Efficient betting,15,1.0,0.0008686898796665266,0.0008408619233980399,0.00089229291039106,1.5046150076034117,1.4564155734755901,1.5454966560308911,1.5046150076033185,2.6060696389997418,4.0249423131967585,31.0,0.0
"Uniform(0,1)",3000000,STaR betting,30,1.0,0.0008731346732188533,0.00085267209233653,0.0008960661255098501,1.512313615865181,1.476871386123001,1.5520320563246104,1.5123136158651027,2.619404019656696,0.945620528779303,31.0,0.0
"Uniform(0,1)",3000000,Square-root feedback,15,1.0,0.0008680375226116116,0.0008208639211073443,0.0008961247429751,1.503485092039576,1.4217780174581616,1.5521335847525737,1.5034850920395295,2.6041125678349157,0.8289366825997907,31.0,0.0
"Uniform(0,1)",3000000,Squared-hinge feedback,15,1.0,0.0008707835302303602,0.00081505362509678,0.0009078909640901735,1.5082413167532058,1.411714289560884,1.572513277536873,1.5082413167531734,2.612350590691137,0.8289366825997907,31.0,0.0
"Uniform(0,1)",3000000,Target-capped feedback,15,1.0,0.0008594207247889534,0.00085844298309762,0.00086005495060254,1.4885603604122282,1.486866862126104,1.4896588717448558,1.4885603604121365,2.5782621743670187,0.8289366825997907,31.0,0.0
"Uniform(0,1)",10000000,Capped original feedback,10,1.0,0.00047639185313829997,0.00047359967991187,0.0004802529593679,1.5064833146656984,1.4976536876484061,1.5186932046391068,1.5064833146654615,2.609305641755762,4.7616067229944745,31.0,0.0
"Uniform(0,1)",10000000,Common-clock Efficient betting,30,1.0,0.00047028578074365335,0.00047020503015405,0.00047035754162537,1.48717421834068,1.4869188625550833,1.4874011461738763,1.4871742183404995,2.5758613058725883,8.742584608596129,123.0,0.0
"Uniform(0,1)",10000000,Common-clock STaR betting,30,1.0,0.00048008392883117,0.00047010423844559996,0.0004900806893785599,1.518158683148824,1.4866001311871164,1.5497712157019614,1.5181586831486753,2.6295279731656245,2.188412285844485,123.0,0.0
"Uniform(0,1)",10000000,Efficient betting,30,1.0,0.00047032403992330885,0.00047023823916942373,0.00047039410986621786,1.4872952044896206,1.4870238786823844,1.487516785104731,1.4872952044896206,2.5760708600295668,13.075670713519989,31.0,0.0
"Uniform(0,1)",10000000,Gaffke,10,1.0,0.00047038404195576006,0.00047032479666934,0.00047044282321621997,1.4874849475766065,1.4872975975309746,1.487670830243428,1.4874849475764056,2.576399504696611,0.0052955135935917,0.0,0.0
"Uniform(0,1)",10000000,Regularized Efficient betting,10,1.0,0.00046820129429785,0.00045954174242657003,0.00047762430007897995,1.480582493420218,1.4531985859906298,1.5103806540934481,1.480582493420012,2.564444103400831,13.398006568686105,31.0,0.0
"Uniform(0,1)",10000000,STaR betting,30,1.0,0.00048012766915726666,0.00047025345183695,0.00049018864567846,1.5182970022049105,1.4870719853613157,1.5501126034973554,1.518297002204739,2.6297675487984207,3.1398035660618917,31.0,0.0
"Uniform(0,1)",10000000,Square-root feedback,10,1.0,0.0004783228192825603,0.00047074375906780533,0.0004880899754081238,1.512589565766072,1.4886224729638562,1.5434760253852606,1.5125895657659976,2.619881978905383,2.7343592877979974,31.0,0.0
"Uniform(0,1)",10000000,Squared-hinge feedback,10,1.0,0.00047748095891619115,0.00045581151791514944,0.00049245103317277,1.5099273695365238,1.4414025803505535,1.5572669009291915,1.5099273695364472,2.6152709197760875,2.7343592877979974,31.0,0.0
"Uniform(0,1)",10000000,Target-capped feedback,10,1.0,0.00047082189586423003,0.00047062574660313,0.00047100083996071,1.4888695632097415,1.4882492847831477,1.4894354341285452,1.4888695632095776,2.5787977293221545,2.7343592877979974,31.0,0.0
"Uniform(0.45,0.55)",1000,Capped original feedback,50,1.0,0.009337630859374972,0.008725726318359401,0.010187624877929619,0.29528181465500497,0.2759316940529133,0.32216098561652673,0.29528181465500336,5.114431055336049,0.00139507918036538,33.4,0.0
"Uniform(0.45,0.55)",1000,Common-clock Efficient betting,30,1.0,0.006000874837239503,0.00463186035156249,0.00675930175781244,0.18976432439269178,0.14647228514765856,0.21374788947067222,0.1897643243926904,3.2868145131212425,0.0017975796246900667,123.0,0.0
"Uniform(0.45,0.55)",1000,Common-clock STaR betting,30,0.9666666666666667,0.005950895182291613,0.0045966064453124905,0.00658250732421866,0.18818382892964536,0.14535745874597683,0.20815715859271505,0.18818382892964403,3.2594395286899576,0.0005626533723746234,123.0,0.0
"Uniform(0.45,0.55)",1000,Efficient betting,30,1.0,0.007051667472607966,0.005177582554928706,0.00806413489933212,0.22299330515564186,0.16372953647128566,0.2550103364074215,0.22299330515564186,3.862357342772903,0.0022880684778404234,32.36666666666667,0.0
"Uniform(0.45,0.55)",1000,Gaffke,50,1.0,0.0069250238763484,0.00687424769188629,0.00698358612825021,0.21898848300309354,0.21738279906516256,0.22084038401227696,0.2189884830030918,3.792991788337915,0.01836581609677519,0.0,0.0
"Uniform(0.45,0.55)",1000,Regularized Efficient betting,50,1.0,0.007382885589599526,0.00525425262451156,0.00882822509765629,0.23346734167569785,0.1661540569537415,0.2791729900525642,0.23346734167569635,4.043772976903515,0.00231295067700552,32.5,0.0
"Uniform(0.45,0.55)",1000,STaR betting,30,1.0,0.006801822458902943,0.00509385528564453,0.00761553710937495,0.21509251210220456,0.16108184773924494,0.240824428711597,0.21509251210220331,3.72551159288642,0.0008684549946337433,32.233333333333334,0.0
"Uniform(0.45,0.55)",1000,Square-root feedback,50,1.0,0.00787762461828954,0.00757146850585943,0.008109504809554843,0.249112363456096,0.23943085710747783,0.2564450589428332,0.2491123634560947,4.314752702995236,0.00077701540042951,32.96,0.0
"Uniform(0.45,0.55)",1000,Squared-hinge feedback,50,1.0,0.007893839888597832,0.00753381103515629,0.008126269531249931,0.24962513532659109,0.2382400233240489,0.25697520599178797,0.24962513532658975,4.3236341723191325,0.00077701540042951,32.96,0.0
"Uniform(0.45,0.55)",1000,Target-capped feedback,50,1.0,0.008412812652587814,0.008215977783203139,0.00858523681640611,0.2660364951046047,0.2598120300026312,0.2714890259177619,0.2660364951046033,4.607887261887243,0.00077701540042951,32.98,0.0
"Uniform(0.45,0.55)",3000,Capped original feedback,50,1.0,0.003940354717375112,0.00372758640753455,0.00422179917575842,0.21582211632782705,0.20416831604563454,0.23123746418196292,0.21582211632782425,3.7381487087683705,0.00234960615518498,32.6,0.0
"Uniform(0.45,0.55)",3000,Common-clock Efficient betting,30,1.0,0.0029668002098376636,0.0025821104488699,0.00317040775360413,0.16249833985391754,0.1414280138815853,0.1736503843138297,0.16249833985391487,2.814553807725798,0.0038172487014283296,123.0,0.0
"Uniform(0.45,0.55)",3000,Common-clock STaR betting,30,1.0,0.0029574590875439564,0.00263684182811801,0.00314175090835266,0.16198670551465,0.14442577498334414,0.17208078425671447,0.16198670551464708,2.8056920410207145,0.0009550824450949433,123.0,0.0
"Uniform(0.45,0.55)",3000,Efficient betting,30,1.0,0.003291148460381084,0.002767813841259925,0.0035657185040653184,0.18026362518491176,0.15159940758330842,0.19530244583901513,0.18026362518491176,3.1222575757682605,0.005269718965670666,31.866666666666667,0.0
"Uniform(0.45,0.55)",3000,Gaffke,50,1.0,0.003255601089812514,0.00323192179868422,0.00327929684161829,0.17831661551287398,0.17701964732320527,0.17961448529097926,0.17831661551287162,3.0885343790202238,0.16249548653839152,0.0,0.0
"Uniform(0.45,0.55)",3000,Regularized Efficient betting,50,1.0,0.00339354900309357,0.00293253478255662,0.0038476400411293103,0.18587233389935404,0.16062154510747756,0.21074392436866604,0.1858723338993517,3.219403260350882,0.005208125121425789,32.02,0.0
"Uniform(0.45,0.55)",3000,STaR betting,30,1.0,0.0032235546830265633,0.00276815301467468,0.00344958104215151,0.17656136152450957,0.15161798487632988,0.18894133507285832,0.17656136152450644,3.0581324881398735,0.0015163368157420966,31.8,0.0
"Uniform(0.45,0.55)",3000,Square-root feedback,50,1.0,0.0034523294949119986,0.00335848090529791,0.00356224872708967,0.18909187403037384,0.18395157507820675,0.1951123983271081,0.18909187403037184,3.2751673311902203,0.001540751826638928,32.02,0.0
"Uniform(0.45,0.55)",3000,Squared-hinge feedback,50,1.0,0.003469321737686617,0.00335744496754309,0.0035947489992978598,0.19002257749740042,0.1838948344305562,0.1968925115484602,0.1900225774973981,3.2912875881069272,0.001540751826638928,32.04,0.0
"Uniform(0.45,0.55)",3000,Target-capped feedback,50,1.0,0.0036106373920230337,0.00353696113650488,0.0036927896645445302,0.19776275465826668,0.19372733994828584,0.20226241993929941,0.19776275465826396,3.4253513891289664,0.001540751826638928,32.32,0.0
"Uniform(0.45,0.55)",10000,Capped original feedback,50,1.0,0.00181259189988343,0.00175252374504193,0.00189123043079279,0.18125918998834753,0.17525237450419612,0.18912304307928227,0.181259189988343,3.1395012639859794,0.0058063465624581525,31.74,0.0
"Uniform(0.45,0.55)",10000,Common-clock Efficient betting,30,1.0,0.0015097222478606934,0.00141654498713361,0.00155751525954423,0.15097222478607433,0.14165449871336605,0.15575152595442615,0.15097222478606934,2.6149156386119015,0.011145499154614857,123.0,0.0
"Uniform(0.45,0.55)",10000,Common-clock STaR betting,30,1.0,0.00152126388729857,0.0014520915929048701,0.00158035753018386,0.1521263887298607,0.145209159290488,0.15803575301839062,0.152126388729857,2.634906344520922,0.002506260216856953,123.0,0.0
"Uniform(0.45,0.55)",10000,Efficient betting,30,1.0,0.0015916746382746594,0.0014739598166990386,0.0016552371997474945,0.15916746382746594,0.14739598166990386,0.16552371997474946,0.15916746382746594,2.7568613426105792,0.014897976598391876,31.166666666666668,0.0
"Uniform(0.45,0.55)",10000,Gaffke,50,0.98,0.0016148944188659582,0.00160695640932817,0.00162332957930229,0.16148944188660072,0.1606956409328191,0.16233295793023012,0.1614894418865958,2.7970791823353407,0.000187706864671734,0.0,0.0
"Uniform(0.45,0.55)",10000,Regularized Efficient betting,50,0.98,0.0016215392871088878,0.00147250970325766,0.00177569393826705,0.16215392871089404,0.1472509703257701,0.17756939382671194,0.1621539287108888,2.8085884317417023,0.015010846259538035,31.32,0.0
"Uniform(0.45,0.55)",10000,STaR betting,30,1.0,0.0015794004621048267,0.00148402870460714,0.00165333886809099,0.15794004621048774,0.14840287046072206,0.16533388680910246,0.15794004621048266,2.7356018458634113,0.00356441777354722,31.133333333333333,0.0
"Uniform(0.45,0.55)",10000,Square-root feedback,50,0.98,0.00163548543770877,0.00159366599646248,0.00166685610432986,0.16354854377088132,0.15936659964625002,0.16668561043299113,0.16354854377087696,2.8327438731506946,0.004195453444650968,31.18,0.0
"Uniform(0.45,0.55)",10000,Squared-hinge feedback,50,0.98,0.001645039492031132,0.0015994588355921502,0.0016836692278505104,0.1645039492031177,0.15994588355921657,0.1683669227850515,0.1645039492031132,2.8492919806553014,0.004195453444650968,31.2,0.0
"Uniform(0.45,0.55)",10000,Target-capped feedback,50,0.98,0.001692456575257176,0.00166702645327653,0.00172225940245447,0.16924565752572246,0.16670264532765924,0.17222594024544843,0.1692456575257176,2.931420777949533,0.004195453444650968,31.28,0.0
"Uniform(0.45,0.55)",30000,Capped original feedback,40,1.0,0.000970302538735875,0.00095072252760848,0.00099850624111353,0.1680613295803692,0.1646699721718312,0.1729463541283385,0.1680613295803604,2.9109076162077776,0.015377998098847403,31.2,0.0
"Uniform(0.45,0.55)",30000,Common-clock Efficient betting,30,1.0,0.0008644513609605333,0.00084168269417427,0.00088171028885469,0.14972736778557894,0.14578371901614123,0.15271670178526442,0.1497273677855707,2.5933540828817434,0.03078130054442828,123.0,0.0
"Uniform(0.45,0.55)",30000,Common-clock STaR betting,30,1.0,0.0008805653426814767,0.0008506184055277699,0.00089909902129186,0.15251839129087108,0.1473314296227401,0.15572851859130402,0.15251839129086167,2.641696028044593,0.00682983545120801,123.0,0.0
"Uniform(0.45,0.55)",30000,Efficient betting,30,1.0,0.0008909990848289084,0.0008651126855552249,0.0009101460439537579,0.15432556844210416,0.14984191256540075,0.15764191904357253,0.15432556844210416,2.672997254486779,0.04203617170763508,31.033333333333335,0.0
"Uniform(0.45,0.55)",30000,Gaffke,40,1.0,0.00089698960795627,0.00089491503938514,0.00089957275896499,0.1553631574841638,0.15500383166726436,0.15581057236323395,0.1553631574841548,2.6909688238689666,0.00021615862351604748,0.0,0.0
"Uniform(0.45,0.55)",30000,Regularized Efficient betting,40,1.0,0.0009057854299262325,0.0008362127937600399,0.00097541617673502,0.15688663853879284,0.1448363044731568,0.16894703766296512,0.15688663853878537,2.7173562897788273,0.04207207434519655,31.1,0.0
"Uniform(0.45,0.55)",30000,STaR betting,30,1.0,0.0009001432394449934,0.0008665327135111,0.00092150220756494,0.1559093824808455,0.1500878686221853,0.1596088642789452,0.1559093824808366,2.7004297183351342,0.009999594596835438,31.033333333333335,0.0
"Uniform(0.45,0.55)",30000,Square-root feedback,40,1.0,0.0009084271816177531,0.00088813253046353,0.000923389835228845,0.15734420335386207,0.1538290666617684,0.15993581098091167,0.15734420335385485,2.7252815448533916,0.011632306206350477,31.025,0.0
"Uniform(0.45,0.55)",30000,Squared-hinge feedback,40,1.0,0.0009143447809405114,0.00088982136770204,0.0009345086145503,0.15836916162244818,0.15412158185204136,0.1618616400511958,0.15836916162244008,2.7430343428216815,0.011632306206350477,31.025,0.0
"Uniform(0.45,0.55)",30000,Target-capped feedback,40,1.0,0.0009191749859627476,0.00091382252045895,0.00092581813866448,0.15920577767339728,0.15827870345356204,0.1603564054735785,0.1592057776733888,2.757524957888389,0.011632306206350477,31.025,0.0
"Uniform(0.45,0.55)",100000,Capped original feedback,40,1.0,0.0005094457431186,0.0005011177716493399,0.00052297592967987,0.161100889253199,0.15846735344002416,0.1653795099232722,0.16110088925318278,2.790349253310676,0.04967156127531776,31.125,0.0
"Uniform(0.45,0.55)",100000,Common-clock Efficient betting,30,1.0,0.00047020862948992,0.00046249193644005,0.00047554009832965,0.14869302446545138,0.14625279186126522,0.15037898294623084,0.14869302446543647,2.5754387310524396,0.10076813339255745,123.0,0.0
"Uniform(0.45,0.55)",100000,Common-clock STaR betting,30,1.0,0.00047799016849086,0.00045959776822878,0.00048891249733956,0.1511537631598908,0.1453375755133154,0.1546077068114201,0.1511537631598766,2.618059975481637,0.023797347039605135,123.0,0.0
"Uniform(0.45,0.55)",100000,Efficient betting,30,1.0,0.00047792036365942127,0.00046960435717108837,0.00048371458132313584,0.1511316889339736,0.14850193677998655,0.15296398144158535,0.1511316889339736,2.6176776386734253,0.14142223535260803,31.0,0.0
"Uniform(0.45,0.55)",100000,Gaffke,40,1.0,0.0004810062872239675,0.00048009380636133,0.00048187262478115,0.15210754364890314,0.151818991864187,0.15238150363922848,0.15210754364888873,2.63457993814401,0.00026210864598392753,0.0,0.0
"Uniform(0.45,0.55)",100000,Regularized Efficient betting,40,1.0,0.00047431207884145247,0.00045116425670142004,0.00049632297547372,0.1499906490868495,0.14267066500334583,0.15695110575689408,0.14999064908683485,2.597914248786578,0.1368471956258872,31.0,0.0
"Uniform(0.45,0.55)",100000,STaR betting,30,1.0,0.00048327650684551997,0.00046506675915628003,0.00049499252307369,0.1528254501281969,0.14706702229669336,0.15653037976663794,0.15282545012817988,2.647014443116207,0.03260749129888908,31.0,0.0
"Uniform(0.45,0.55)",100000,Square-root feedback,40,1.0,0.00048576920037431213,0.00046506675915628003,0.00049611092849448,0.1536137090341669,0.14706702229669336,0.1568840506143612,0.15361370903415447,2.6606674878628,0.037773552265328615,31.025,0.0
"Uniform(0.45,0.55)",100000,Squared-hinge feedback,40,1.0,0.0004879924387286252,0.00046167063717466,0.0005022468008203901,0.1543167587322754,0.14599307422933402,0.15882438381254393,0.1543167587322618,2.6728446658364993,0.037773552265328615,31.025,0.0
"Uniform(0.45,0.55)",100000,Target-capped feedback,40,1.0,0.0004872632616874,0.00048519218420715003,0.00048929416019277,0.15408617270550143,0.15343124050067306,0.15472839920286593,0.15408617270548441,2.668850798697613,0.037773552265328615,31.0,0.0
"Uniform(0.45,0.55)",300000,Capped original feedback,30,1.0,0.0002864176634469533,0.0002830616484327,0.00029029615729869,0.15687741513784326,0.15503925001121263,0.15900175370960698,0.15687741513781922,2.7171965357881946,0.14611034996729963,31.033333333333335,0.0
"Uniform(0.45,0.55)",300000,Common-clock Efficient betting,30,1.0,0.0002716907740070166,0.00027025982561723,0.00027329066949453,0.1488111655897023,0.1480274028779849,0.14968746443785233,0.1488111655896813,2.5774849953490984,0.30543420549947764,123.0,0.0
"Uniform(0.45,0.55)",300000,Common-clock STaR betting,30,1.0,0.00027748464854850997,0.00027019942736688,0.00028273668322322,0.15198460137143505,0.14799432139383384,0.15486125923560004,0.15198460137141206,2.6324505154342797,0.0712145635237296,123.0,0.0
"Uniform(0.45,0.55)",300000,Efficient betting,30,1.0,0.0002742787959849687,0.00027278379147290254,0.00027597264674212305,0.15022868360632474,0.14940983591149412,0.1511564438750654,0.15022868360632474,2.6020371276034937,0.41473731041963524,31.0,0.0
"Uniform(0.45,0.55)",300000,Gaffke,30,1.0,0.0002749903098423033,0.00027475781332856003,0.00027529723785358,0.1506183957959914,0.15049105221085077,0.15078650719127878,0.15061839579596445,2.6087871407317578,0.0003627016053845066,0.0,0.0
"Uniform(0.45,0.55)",300000,Regularized Efficient betting,30,1.0,0.00027665649130315995,0.00026773178584175,0.00028551077440567,0.15153100096700106,0.1466427384667122,0.15638069155278606,0.15153100096697256,2.6245939259661455,0.4040455216988145,31.0,0.0
"Uniform(0.45,0.55)",300000,STaR betting,30,1.0,0.00027930472668631336,0.00027132390057829,0.00028461631585539003,0.15298149922393642,0.14861022073705527,0.15589077642803698,0.15298149922390897,2.649717292739167,0.09679172205893939,31.0,0.0
"Uniform(0.45,0.55)",300000,Square-root feedback,30,1.0,0.00027956413718618954,0.00027152174206093,0.00028574115067389,0.15312358420636277,0.14871858297988372,0.1565068738315784,0.15312358420634484,2.6521782768247255,0.11043853356839257,31.0,0.0
"Uniform(0.45,0.55)",300000,Squared-hinge feedback,30,1.0,0.00028113005943834984,0.0002707724732074055,0.00028912284329758,0.15398127514717183,0.1483081915271642,0.15835910316412444,0.15398127514715235,2.667033919691454,0.11043853356839257,31.0,0.0
"Uniform(0.45,0.55)",300000,Target-capped feedback,30,1.0,0.00027703339497198333,0.00027641839713024,0.00027763302723234,0.15173743960841793,0.15140059141767515,0.1520658717236067,0.15173743960839353,2.6281695481219405,0.11043853356839257,31.0,0.0
"Uniform(0.45,0.55)",1000000,Capped original feedback,20,1.0,0.00015478010033075,0.00015250030234506,0.00015765702198586,0.15478010033079243,0.15250030234513212,0.15765702198589637,0.15478010033075001,2.6808699777354095,0.4816841081017628,31.0,0.0
"Uniform(0.45,0.55)",1000000,Common-clock Efficient betting,30,1.0,0.00014874475323213665,0.00014801801935845001,0.00014922315155553999,0.14874475323218467,0.14801801935854228,0.14922315155558855,0.14874475323213668,2.5763346995743883,0.9421162664579849,123.0,0.0
"Uniform(0.45,0.55)",1000000,Common-clock STaR betting,30,1.0,0.00015067845232765332,0.00014444813536818,0.00015458334225236,0.1506784523277071,0.14444813536819695,0.15458334225241233,0.1506784523276533,2.6098273503743377,0.22799354624003168,123.0,0.0
"Uniform(0.45,0.55)",1000000,Efficient betting,30,1.0,0.0001495206001716043,0.0001487668519305485,0.00015000835330359342,0.1495206001716043,0.1487668519305485,0.1500083533035934,0.1495206001716043,2.5897727627541562,1.3423937026644126,31.0,0.0
"Uniform(0.45,0.55)",1000000,Gaffke,20,1.0,0.00014973662689981,0.00014967077356241,0.00014983089374718,0.1497366268998545,0.14967077356246022,0.149830893747227,0.14973662689981,2.5935144554453275,0.000742340795113655,0.0,0.0
"Uniform(0.45,0.55)",1000000,Regularized Efficient betting,20,1.0,0.00015024107669513,0.00014679662382428,0.00015527616797212,0.15024107669517336,0.14679662382430236,0.15527616797217364,0.15024107669513,2.602251782198927,1.3458269283990376,31.0,0.0
"Uniform(0.45,0.55)",1000000,STaR betting,30,1.0,0.00015123624886937998,0.00014565676549866,0.00015537066375285002,0.1512362488694259,0.14565676549875833,0.1553706637528684,0.15123624886938,2.6194886698797695,0.3150872637052089,31.0,0.0
"Uniform(0.45,0.55)",1000000,Square-root feedback,20,1.0,0.00015037092391168851,0.0001430021579158003,0.00015511558496895,0.15037092391172455,0.1430021579158003,0.15511558496897337,0.15037092391168852,2.6045008019618203,0.36450791989724773,31.0,0.0
"Uniform(0.45,0.55)",1000000,Squared-hinge feedback,20,1.0,0.0001506487910233907,0.00014157806726662338,0.00015706479951389002,0.15064879102341663,0.14157806726662336,0.15706479951396726,0.15064879102339068,2.6093136015138514,0.36450791989724773,31.0,0.0
"Uniform(0.45,0.55)",1000000,Target-capped feedback,20,1.0,0.000150618805124,0.00015016860610498999,0.00015060830142818,0.1506188051240531,0.15016860610508323,0.15060830142827325,0.150618805124,2.6087942305017555,0.36450791989724773,31.0,0.0
"Uniform(0.45,0.55)",3000000,Capped original feedback,15,1.0,8.861623392176406e-05,8.765929673921757e-05,9.03001614389165e-05,0.15348781952790394,0.15183035570808165,0.1564044675438753,0.15348781952790397,2.658487017652922,1.4382629452001614,31.0,0.0
"Uniform(0.45,0.55)",3000000,Common-clock Efficient betting,30,1.0,8.592238087362277e-05,8.581082104084925e-05,8.602673316811527e-05,0.1488219291803989,0.14862870188195132,0.14900267265634634,0.14882192918039897,2.5776714262086826,2.7906272031133996,123.0,0.0
"Uniform(0.45,0.55)",3000000,Common-clock STaR betting,30,1.0,8.789038745453485e-05,8.645835779218514e-05,8.92581721317176e-05,0.15223061656816855,0.1497502684350331,0.15459968912286332,0.15223061656816858,2.636711623636045,0.6748157157407453,123.0,0.0
"Uniform(0.45,0.55)",3000000,Efficient betting,30,1.0,8.618200345307803e-05,8.606647739903273e-05,8.628773316847193e-05,0.14927160867880757,0.14907151168360316,0.1494547379177396,0.14927160867880757,2.5854601035923923,3.9951512388923827,31.0,0.0
"Uniform(0.45,0.55)",3000000,Gaffke,15,1.0,8.61969566465448e-05,8.617313675632899e-05,8.622669225514246e-05,0.14929750836962738,0.14925625110954283,0.14934901195451253,0.14929750836962744,2.585908699396344,0.00179211518649628,0.0,0.0
"Uniform(0.45,0.55)",3000000,Regularized Efficient betting,15,1.0,8.713323492819392e-05,8.483367553171472e-05,8.857950999572318e-05,0.15091918992346692,0.14693623621374258,0.1534242118221477,0.15091918992346695,2.613997047845817,4.017638082728566,31.0,0.0
"Uniform(0.45,0.55)",3000000,STaR betting,30,1.0,8.807888327170647e-05,8.678915266225884e-05,8.949243630880232e-05,0.15255710090052402,0.1503232219568839,0.15500544657996734,0.15255710090052407,2.6423664981511936,0.9507014443011333,31.0,0.0
"Uniform(0.45,0.55)",3000000,Square-root feedback,15,1.0,8.807253113863877e-05,8.720685741328004e-05,8.938105796836293e-05,0.15254609868331434,0.15104670780821564,0.1548125336354636,0.1525460986833144,2.642175934159181,1.0713289547763352,31.0,0.0
"Uniform(0.45,0.55)",3000000,Squared-hinge feedback,15,1.0,8.866232311304974e-05,8.729236569067211e-05,9.040668198917468e-05,0.1535676483488905,0.15119481248912633,0.15658896654897264,0.15356764834889053,2.6598696933915096,1.0713289547763352,31.0,0.0
"Uniform(0.45,0.55)",3000000,Target-capped feedback,15,1.0,8.643600655846202e-05,8.636466153926215e-05,8.649308823007739e-05,0.14971155496261287,0.1495879817644917,0.1498104233180317,0.14971155496261293,2.5930801967538604,1.0713289547763352,31.0,0.0
"Uniform(0.45,0.55)",10000000,Capped original feedback,10,1.0,4.815894849773406e-05,4.772252664603238e-05,4.842125069774994e-05,0.15229196697158393,0.1509118798995384,0.1531214393589071,0.15229196697158395,2.637774243793847,4.771319608693011,31.0,0.0
"Uniform(0.45,0.55)",10000000,Common-clock Efficient betting,30,1.0,4.70270936880642e-05,4.6970905656695816e-05,4.707879691001615e-05,0.1487127277924108,0.14853504563604567,0.1488762277361482,0.14871272779241085,2.575780002686158,8.912858394587722,123.0,0.0
"Uniform(0.45,0.55)",10000000,Common-clock STaR betting,30,1.0,4.76948880998936e-05,4.653847518754084e-05,4.880526115412787e-05,0.1508244791425242,0.14716758042386083,0.15433578704638215,0.15082447914252425,2.6123566089996433,2.211292779740567,123.0,0.0
"Uniform(0.45,0.55)",10000000,Efficient betting,30,1.0,4.710466187421621e-05,4.7047260055205206e-05,4.7158193327756505e-05,0.14895801993461913,0.1487764994447076,0.14912730125426593,0.14895801993461913,2.580028587216231,13.258288721359955,31.0,0.0
"Uniform(0.45,0.55)",10000000,Gaffke,10,1.0,4.712668239039708e-05,4.712078076244408e-05,4.7131727837096406e-05,0.1490276549210032,0.1490089923347688,0.14904361002438607,0.14902765492100326,2.5812347005601963,0.00524324799771416,0.0,0.0
"Uniform(0.45,0.55)",10000000,Regularized Efficient betting,10,1.0,4.702349312363241e-05,4.651588342046154e-05,4.790843025013203e-05,0.14870134180794414,0.1470961389835222,0.15149975871372748,0.1487013418079442,2.5755827916502536,13.61588161229738,31.0,0.0
"Uniform(0.45,0.55)",10000000,STaR betting,30,1.0,4.7743091685749826e-05,4.655965990726374e-05,4.8859967423336983e-05,0.1509769122652173,0.14723457238977747,0.15450878345937324,0.1509769122652174,2.6149968281322526,3.1426414445353053,31.0,0.0
"Uniform(0.45,0.55)",10000000,Square-root feedback,10,1.0,4.764600454935097e-05,4.656635938224962e-05,4.8744245970283596e-05,0.15066989578269355,0.14725575798986018,0.15414284009358034,0.15066989578269357,2.6096791466673555,3.614838834465869,31.0,0.0
"Uniform(0.45,0.55)",10000000,Squared-hinge feedback,10,1.0,4.775916936929914e-05,4.6228028382244714e-05,4.910067508072102e-05,0.15102775436473256,0.14618586142680218,0.15526996790695033,0.15102775436473262,2.6158774391275177,3.614838834465869,31.0,0.0
"Uniform(0.45,0.55)",10000000,Target-capped feedback,10,1.0,4.7202890897440895e-05,4.718695217363344e-05,4.722723331089806e-05,0.14926864738034268,0.14921824471011474,0.14934562485061287,0.14926864738034268,2.585408812398365,3.614838834465869,31.0,0.0
